date,action,operation_executed,previous_exposure,desired_position,exposure_change,direction_probability,risk_probability,risk_raw_probability,risk_agent_active,risk_tier,rationale,technical_probability,technical_raw_probability,technical_weight,technical_active,technical_model,momentum_probability,momentum_raw_probability,momentum_weight,momentum_active,momentum_model,regime_probability,regime_raw_probability,regime_weight,regime_active,regime_model,risk_model
2020-01-03,HOLD,False,1.0,1.0,0.0,0.5,0.04118292652671631,0.011124273355233165,True,normal,No sufficiently strong evidence justifies abandoning the structural QQQ exposure.,0.6622439923871107,0.41560282629132916,0.0,False,random_forest,0.6468949855089816,0.6638364503714385,0.0,False,random_forest,0.6425909286436132,0.5191280019741854,0.0,False,random_forest,histogram_gradient_boosting
2020-01-10,HOLD,False,1.0,1.0,0.0,0.5,0.056546971143455874,0.026884172997887288,True,normal,No sufficiently strong evidence justifies abandoning the structural QQQ exposure.,0.6343897908577932,0.656533025511685,0.0,False,random_forest,0.6449206717422965,0.7330325936725781,0.0,False,random_forest,0.6438847676481052,0.5068936810886203,0.0,False,random_forest,histogram_gradient_boosting
2020-01-17,SELL,True,1.0,0.5,-0.5,0.5,0.21707723453109812,0.6320979976186637,True,moderate,Calibrated downside risk calls for partial rather than binary de-risking.,0.6343897908577932,0.656533025511685,0.0,False,random_forest,0.6472791079208509,0.6493558922371847,0.0,False,random_forest,0.6337962296035502,0.6004646473180741,0.0,False,random_forest,histogram_gradient_boosting
2020-01-24,BUY,True,0.5,1.0,0.5,0.5,0.07421626855898585,0.05706645593320198,True,normal,No sufficiently strong evidence justifies abandoning the structural QQQ exposure.,0.6572118374308007,0.46020990372806353,0.0,False,random_forest,0.6469844095956915,0.6604921812896176,0.0,False,random_forest,0.632204365062887,0.6146548492757798,0.0,False,random_forest,histogram_gradient_boosting
2020-01-31,HOLD,False,1.0,1.0,0.0,0.5,0.07654176798177999,0.06210554301786815,True,normal,No sufficiently strong evidence justifies abandoning the structural QQQ exposure.,0.665449778539439,0.38768047644132636,0.0,False,random_forest,0.6497976553046068,0.548420414594032,0.0,False,random_forest,0.630260850304923,0.6316830378197503,0.0,False,random_forest,histogram_gradient_boosting
2020-02-07,HOLD,False,1.0,1.0,0.0,0.5,0.09129760950719763,0.10010945713582015,True,normal,No sufficiently strong evidence justifies abandoning the structural QQQ exposure.,0.6604386776692478,0.4315231102577415,0.0,False,random_forest,0.6483716018204861,0.6066756160189235,0.0,False,random_forest,0.6425394129749614,0.5196143402543015,0.0,False,random_forest,histogram_gradient_boosting
2020-02-14,HOLD,False,1.0,1.0,0.0,0.5,0.10291045971091056,0.13723307031076265,True,normal,No sufficiently strong evidence justifies abandoning the structural QQQ exposure.,0.6343897908577932,0.656533025511685,0.0,False,random_forest,0.6473539441811017,0.6465005553977738,0.0,False,random_forest,0.6310834604479819,0.6245175018330413,0.0,False,random_forest,histogram_gradient_boosting
2020-02-21,HOLD,False,1.0,1.0,0.0,0.5,0.08232119276421823,0.07574674748153455,True,normal,No sufficiently strong evidence justifies abandoning the structural QQQ exposure.,0.6591092635800045,0.44331314357714613,0.0,False,random_forest,0.6469414924673362,0.6620992613044367,0.0,False,random_forest,0.6419077603817936,0.5255716904628261,0.0,False,random_forest,histogram_gradient_boosting
2020-02-28,HOLD,False,1.0,1.0,0.0,0.5,0.10349433138472687,0.13925964518525977,True,normal,No sufficiently strong evidence justifies abandoning the structural QQQ exposure.,0.64376156710951,0.579119643769695,0.0,False,random_forest,0.6489747620326565,0.5823183963480477,0.0,False,random_forest,0.6200498405429954,0.714624655835575,0.0,False,random_forest,histogram_gradient_boosting
2020-03-06,HOLD,False,1.0,1.0,0.0,0.5,0.10349433138472687,0.13925964518525977,True,normal,No sufficiently strong evidence justifies abandoning the structural QQQ exposure.,0.6355732220400698,0.6471591262582249,0.0,False,random_forest,0.6474643395678787,0.6422688677619073,0.0,False,random_forest,0.6217241184630212,0.7018595556760914,0.0,False,random_forest,histogram_gradient_boosting
2020-03-13,HOLD,False,1.0,1.0,0.0,0.5,0.10349433138472687,0.13925964518525977,True,normal,No sufficiently strong evidence justifies abandoning the structural QQQ exposure.,0.6390682795416505,0.6187498152184158,0.0,False,random_forest,0.6472925952608872,0.6488420928767308,0.0,False,random_forest,0.6217149357584383,0.7019305182075143,0.0,False,random_forest,histogram_gradient_boosting
2020-03-20,HOLD,False,1.0,1.0,0.0,0.5,0.10349433138472687,0.13925964518525977,True,normal,No sufficiently strong evidence justifies abandoning the structural QQQ exposure.,0.6376775625293354,0.6301784275768332,0.0,False,random_forest,0.6472724666786891,0.6496087595433975,0.0,False,random_forest,0.6230049318015115,0.6918606357725228,0.0,False,random_forest,histogram_gradient_boosting
2020-03-27,HOLD,False,1.0,1.0,0.0,0.5,0.10349433138472687,0.13925964518525977,True,normal,No sufficiently strong evidence justifies abandoning the structural QQQ exposure.,0.637529373236213,0.6313867977101821,0.0,False,random_forest,0.646040130162677,0.6949287783640304,0.0,False,random_forest,0.6230049318015115,0.6918606357725228,0.0,False,random_forest,histogram_gradient_boosting
2020-04-03,HOLD,False,1.0,1.0,0.0,0.5,0.10349433138472687,0.13925964518525977,True,normal,No sufficiently strong evidence justifies abandoning the structural QQQ exposure.,0.6362705025225553,0.6415757882267452,0.0,False,random_forest,0.6464724332236165,0.6794087645465031,0.0,False,random_forest,0.6289539317047264,0.6429343452536976,0.0,False,random_forest,histogram_gradient_boosting
2020-04-09,HOLD,False,1.0,1.0,0.0,0.5,0.10349433138472687,0.13925964518525977,True,normal,No sufficiently strong evidence justifies abandoning the structural QQQ exposure.,0.6413319781018885,0.5998258008209818,0.0,False,random_forest,0.6479776572498763,0.6223003446562397,0.0,False,random_forest,0.6201913645049413,0.7135592532234156,0.0,False,random_forest,histogram_gradient_boosting
2020-04-17,HOLD,False,1.0,1.0,0.0,0.5,0.15526442430441037,0.3618523313820891,True,normal,No sufficiently strong evidence justifies abandoning the structural QQQ exposure.,0.6294106554851214,0.6944620250119845,0.0,False,random_forest,0.6480449195918127,0.6196500633888337,0.0,False,random_forest,0.6211885264361954,0.7059810991636999,0.0,False,random_forest,histogram_gradient_boosting
2020-04-24,HOLD,False,1.0,1.0,0.0,0.5,0.1920161266830436,0.5313284958993654,True,normal,No sufficiently strong evidence justifies abandoning the structural QQQ exposure.,0.6291957105763822,0.6960414073688836,0.0,False,random_forest,0.6470609440899763,0.6576168624210815,0.0,False,random_forest,0.6228399312050624,0.6931599157179469,0.0,False,random_forest,histogram_gradient_boosting
2020-05-01,HOLD,False,1.0,1.0,0.0,0.5,0.18962154070068055,0.5209028236306225,True,normal,No sufficiently strong evidence justifies abandoning the structural QQQ exposure.,0.6266888837911171,0.7140883983820902,0.0,False,random_forest,0.6470660923286284,0.6574230194002456,0.0,False,random_forest,0.6270899408183281,0.6586828518182098,0.0,False,random_forest,histogram_gradient_boosting
2020-05-08,HOLD,False,1.0,1.0,0.0,0.5,0.1040806178517139,0.14130944368020432,True,normal,No sufficiently strong evidence justifies abandoning the structural QQQ exposure.,0.6640751199943608,0.39959111356993837,0.0,False,random_forest,0.6480449195918127,0.6196500633888337,0.0,False,random_forest,0.6296334833894244,0.6371048661358377,0.0,False,random_forest,histogram_gradient_boosting
2020-05-15,HOLD,False,1.0,1.0,0.0,0.5,0.10492898986654385,0.14430169515279165,True,normal,No sufficiently strong evidence justifies abandoning the structural QQQ exposure.,0.6467475958298956,0.5532037234931443,0.0,False,random_forest,0.6468813695695615,0.6643441963574217,0.0,False,random_forest,0.6441242550612648,0.5046256109851257,0.0,False,random_forest,histogram_gradient_boosting
2020-05-22,HOLD,False,1.0,1.0,0.0,0.5,0.09483450379731663,0.11075983586719212,True,normal,No sufficiently strong evidence justifies abandoning the structural QQQ exposure.,0.6637098959969124,0.4027721896480582,0.0,False,random_forest,0.648135651625218,0.6160633538757704,0.0,False,random_forest,0.6293915467686958,0.639185531297492,0.0,False,random_forest,histogram_gradient_boosting
2020-05-29,HOLD,False,1.0,1.0,0.0,0.5,0.09483450379731663,0.11075983586719212,True,normal,No sufficiently strong evidence justifies abandoning the structural QQQ exposure.,0.6613761901927716,0.42324092618209913,0.0,False,random_forest,0.6498792543075032,0.5450270469204974,0.0,False,random_forest,0.6259314456359929,0.6682841019412534,0.0,False,random_forest,histogram_gradient_boosting
2020-06-05,HOLD,False,1.0,1.0,0.0,0.5,0.10291045971091056,0.13723307031076265,True,normal,No sufficiently strong evidence justifies abandoning the structural QQQ exposure.,0.6584024542940417,0.4495994242578621,0.0,False,random_forest,0.647975179025882,0.6223978492201471,0.0,False,random_forest,0.626942880920611,0.6599097493979268,0.0,False,random_forest,histogram_gradient_boosting
2020-06-12,HOLD,False,1.0,1.0,0.0,0.5,0.1040806178517139,0.14130944368020432,True,normal,No sufficiently strong evidence justifies abandoning the structural QQQ exposure.,0.6601138238495955,0.43439953610991106,0.0,False,random_forest,0.647311707153347,0.6481134203995824,0.0,False,random_forest,0.6251507048358217,0.6746705437882169,0.0,False,random_forest,histogram_gradient_boosting
2020-06-19,HOLD,False,1.0,1.0,0.0,0.5,0.09483450379731663,0.11075983586719212,True,normal,No sufficiently strong evidence justifies abandoning the structural QQQ exposure.,0.6627991613374205,0.4107323453295425,0.0,False,random_forest,0.6482198866670452,0.6127217465264382,0.0,False,random_forest,0.6278658666454119,0.6521711988441274,0.0,False,random_forest,histogram_gradient_boosting
2020-06-26,HOLD,False,1.0,1.0,0.0,0.5,0.10817156242613388,0.15601814832851016,True,normal,No sufficiently strong evidence justifies abandoning the structural QQQ exposure.,0.6603923122093953,0.4319334581984662,0.0,False,random_forest,0.6469178578987874,0.6629826539089967,0.0,False,random_forest,0.6288993132251858,0.6434008904855639,0.0,False,random_forest,histogram_gradient_boosting
2020-07-02,HOLD,False,1.0,1.0,0.0,0.5,0.11815051623146244,0.19468096345234395,True,normal,No sufficiently strong evidence justifies abandoning the structural QQQ exposure.,0.6627991613374205,0.4107323453295425,0.0,False,random_forest,0.6472980923425801,0.6486325802775643,0.0,False,random_forest,0.6274019818293496,0.65607185566278,0.0,False,random_forest,histogram_gradient_boosting
2020-07-10,HOLD,False,1.0,1.0,0.0,0.5,0.10291045971091056,0.13723307031076265,True,normal,No sufficiently strong evidence justifies abandoning the structural QQQ exposure.,0.6346837455250107,0.6542168490410967,0.0,False,random_forest,0.6482198866670452,0.6127217465264382,0.0,False,random_forest,0.6221391785629244,0.6986412119909087,0.0,False,random_forest,histogram_gradient_boosting
2020-07-17,HOLD,False,1.0,1.0,0.0,0.5,0.10817156242613388,0.15601814832851016,True,normal,No sufficiently strong evidence justifies abandoning the structural QQQ exposure.,0.6637098959969124,0.4027721896480582,0.0,False,random_forest,0.647292957469383,0.6488282896806281,0.0,False,random_forest,0.6321593544737683,0.6150530137049762,0.0,False,random_forest,histogram_gradient_boosting
2020-07-24,HOLD,False,1.0,1.0,0.0,0.5,0.10492898986654385,0.14430169515279165,True,normal,No sufficiently strong evidence justifies abandoning the structural QQQ exposure.,0.6579949474314127,0.4532283514333914,0.0,False,random_forest,0.6466107976385287,0.6743522774537829,0.0,False,random_forest,0.62052964124968,0.711002433840113,0.0,False,random_forest,histogram_gradient_boosting
2020-07-31,HOLD,False,1.0,1.0,0.0,0.5,0.10501923936908657,0.1446218186263509,True,normal,No sufficiently strong evidence justifies abandoning the structural QQQ exposure.,0.6636558738647832,0.4032432759444911,0.0,False,random_forest,0.6483421414233073,0.6078523846907704,0.0,False,random_forest,0.6258025162083839,0.6693434695997863,0.0,False,random_forest,histogram_gradient_boosting
2020-08-07,HOLD,False,1.0,1.0,0.0,0.5,0.09483450379731663,0.11075983586719212,True,normal,No sufficiently strong evidence justifies abandoning the structural QQQ exposure.,0.6635388680927327,0.4042640780700937,0.0,False,random_forest,0.6449965493577775,0.7305491646394258,0.0,False,random_forest,0.6164647861293838,0.7407546097736682,0.0,False,random_forest,histogram_gradient_boosting
2020-08-14,HOLD,False,1.0,1.0,0.0,0.5,0.09483450379731663,0.11075983586719212,True,normal,No sufficiently strong evidence justifies abandoning the structural QQQ exposure.,0.6624187765801254,0.41406804713420037,0.0,False,random_forest,0.6469070240609426,0.6633872030593522,0.0,False,random_forest,0.6213484074442219,0.7047544877064309,0.0,False,random_forest,histogram_gradient_boosting
2020-08-21,HOLD,False,1.0,1.0,0.0,0.5,0.10291045971091056,0.13723307031076265,True,normal,No sufficiently strong evidence justifies abandoning the structural QQQ exposure.,0.6605031064148366,0.43095300790812263,0.0,False,random_forest,0.6482198866670452,0.6127217465264382,0.0,False,random_forest,0.6253422856655247,0.6731097949541772,0.0,False,random_forest,histogram_gradient_boosting
2020-08-28,HOLD,False,1.0,1.0,0.0,0.5,0.10291045971091056,0.13723307031076265,True,normal,No sufficiently strong evidence justifies abandoning the structural QQQ exposure.,0.6343897908577932,0.656533025511685,0.0,False,random_forest,0.6482198866670452,0.6127217465264382,0.0,False,random_forest,0.6337337978789822,0.6010250282066784,0.0,False,random_forest,histogram_gradient_boosting
2020-09-04,HOLD,False,1.0,1.0,0.0,0.5,0.1040806178517139,0.14130944368020432,True,normal,No sufficiently strong evidence justifies abandoning the structural QQQ exposure.,0.6598901898099976,0.43638151543214493,0.0,False,random_forest,0.6479761076835068,0.622361312816629,0.0,False,random_forest,0.6321474692902128,0.615158121155347,0.0,False,random_forest,histogram_gradient_boosting
2020-09-11,HOLD,False,1.0,1.0,0.0,0.5,0.10349433138472687,0.13925964518525977,True,normal,No sufficiently strong evidence justifies abandoning the structural QQQ exposure.,0.6699249471337454,0.34972536303265794,0.0,False,random_forest,0.6503502182248635,0.525362304302065,0.0,False,random_forest,0.6324398818984598,0.6125686374328901,0.0,False,random_forest,histogram_gradient_boosting
2020-09-18,HOLD,False,1.0,1.0,0.0,0.5,0.10349433138472687,0.13925964518525977,True,normal,No sufficiently strong evidence justifies abandoning the structural QQQ exposure.,0.6598510037030775,0.43672895236713316,0.0,False,random_forest,0.6485442745071781,0.5997529334953465,0.0,False,random_forest,0.6278288727662097,0.6524830996194829,0.0,False,random_forest,histogram_gradient_boosting
2020-09-25,HOLD,False,1.0,1.0,0.0,0.5,0.10349433138472687,0.13925964518525977,True,normal,No sufficiently strong evidence justifies abandoning the structural QQQ exposure.,0.6638555187220049,0.40150303333541304,0.0,False,random_forest,0.6476301900939997,0.6358685910423434,0.0,False,random_forest,0.6281223698870911,0.6500046543066657,0.0,False,random_forest,histogram_gradient_boosting
2020-10-02,HOLD,False,1.0,1.0,0.0,0.5,0.1920161266830436,0.5313284958993654,True,normal,No sufficiently strong evidence justifies abandoning the structural QQQ exposure.,0.6594868419078633,0.4399597293753668,0.0,False,random_forest,0.6480496189520324,0.6194646209302827,0.0,False,random_forest,0.6310749010949891,0.6245923819478381,0.0,False,random_forest,histogram_gradient_boosting
2020-10-09,HOLD,False,1.0,1.0,0.0,0.5,0.0860289639472065,0.08534237053546664,True,normal,No sufficiently strong evidence justifies abandoning the structural QQQ exposure.,0.6666830198452347,0.3770873522685909,0.0,False,random_forest,0.6487478483753419,0.59153810236178,0.0,False,random_forest,0.6286755249770903,0.6453093254483346,0.0,False,random_forest,histogram_gradient_boosting
2020-10-16,HOLD,False,1.0,1.0,0.0,0.5,0.0860289639472065,0.08534237053546664,True,normal,No sufficiently strong evidence justifies abandoning the structural QQQ exposure.,0.6667548624231074,0.3764731462929874,0.0,False,random_forest,0.6456573438049865,0.7083054097614813,0.0,False,random_forest,0.6294600477048576,0.6385970032048551,0.0,False,random_forest,histogram_gradient_boosting
2020-10-23,HOLD,False,1.0,1.0,0.0,0.5,0.0860289639472065,0.08534237053546664,True,normal,No sufficiently strong evidence justifies abandoning the structural QQQ exposure.,0.6681030354291374,0.3650104419559159,0.0,False,random_forest,0.6488542613265634,0.5872223873581743,0.0,False,random_forest,0.6254624118212178,0.6721290397092471,0.0,False,random_forest,histogram_gradient_boosting
2020-10-30,HOLD,False,1.0,1.0,0.0,0.5,0.10265622851875406,0.1363552856755265,True,normal,No sufficiently strong evidence justifies abandoning the structural QQQ exposure.,0.6587282092182396,0.4467008527863118,0.0,False,random_forest,0.6496044174788891,0.5564364418186281,0.0,False,random_forest,0.6371209274387527,0.5702168955331077,0.0,False,random_forest,histogram_gradient_boosting
2020-11-06,HOLD,False,1.0,1.0,0.0,0.5,0.10817156242613388,0.15601814832851016,True,normal,No sufficiently strong evidence justifies abandoning the structural QQQ exposure.,0.6682249662316956,0.3639798812834844,0.0,False,random_forest,0.6501290795237799,0.5346108622231718,0.0,False,random_forest,0.6395851024790252,0.5473627167578696,0.0,False,random_forest,histogram_gradient_boosting
2020-11-13,HOLD,False,1.0,1.0,0.0,0.5,0.10855966861193686,0.15744966375243494,True,normal,No sufficiently strong evidence justifies abandoning the structural QQQ exposure.,0.6601208761908212,0.4343370575045058,0.0,False,random_forest,0.6478111412301462,0.6288287985990898,0.0,False,random_forest,0.6249125659937861,0.6766047486915608,0.0,False,random_forest,histogram_gradient_boosting
2020-11-20,HOLD,False,1.0,1.0,0.0,0.5,0.0944020034052904,0.10942607400438077,True,normal,No sufficiently strong evidence justifies abandoning the structural QQQ exposure.,0.6650243452368911,0.39135559997844643,0.0,False,random_forest,0.6463946806088788,0.6822315415240893,0.0,False,random_forest,0.623680182722647,0.6865094854444042,0.0,False,random_forest,histogram_gradient_boosting
2020-11-27,HOLD,False,1.0,1.0,0.0,0.5,0.09483450379731663,0.11075983586719212,True,normal,No sufficiently strong evidence justifies abandoning the structural QQQ exposure.,0.6711575210147575,0.33953105231921443,0.0,False,random_forest,0.6461330835078053,0.6916279957131941,0.0,False,random_forest,0.6156952832503134,0.7461443775226319,0.0,False,random_forest,histogram_gradient_boosting
2020-12-04,HOLD,False,1.0,1.0,0.0,0.5,0.10478744063303348,0.14380030545218786,True,normal,No sufficiently strong evidence justifies abandoning the structural QQQ exposure.,0.6604372697658154,0.4315355696365177,0.0,False,random_forest,0.644600670362259,0.7433420795557382,0.0,False,random_forest,0.6222706158385173,0.6976176580204079,0.0,False,random_forest,histogram_gradient_boosting
2020-12-11,HOLD,False,1.0,1.0,0.0,0.5,0.13585297907933405,0.2711632546729891,True,normal,No sufficiently strong evidence justifies abandoning the structural QQQ exposure.,0.6587071794079804,0.4468879092944624,0.0,False,random_forest,0.6472895115970065,0.6489595961136597,0.0,False,random_forest,0.6252098161201934,0.6741894281909049,0.0,False,random_forest,histogram_gradient_boosting
2020-12-18,SELL,True,1.0,0.5,-0.5,0.5,0.22075808893241858,0.6454903136198376,True,moderate,Calibrated downside risk calls for partial rather than binary de-risking.,0.6605066394377593,0.4309217494609359,0.0,False,random_forest,0.6481644596598282,0.6149217941413976,0.0,False,random_forest,0.6315921099029549,0.6200557773839006,0.0,False,random_forest,histogram_gradient_boosting
2020-12-24,HOLD,False,0.5,0.5,0.0,0.5,0.25173256096456315,0.7432052476326894,True,moderate,Calibrated downside risk calls for partial rather than binary de-risking.,0.666403658053689,0.37947881727389593,0.0,False,random_forest,0.6480074667985076,0.6211267039630541,0.0,False,random_forest,0.6330863505088175,0.6068182521538547,0.0,False,random_forest,histogram_gradient_boosting
2020-12-31,BUY,True,0.5,1.0,0.5,0.5,0.10822379828071015,0.15621046049930967,True,normal,No sufficiently strong evidence justifies abandoning the structural QQQ exposure.,0.661524363333315,0.42193472895911605,0.0,False,random_forest,0.6439618974513807,0.7631160931790287,0.0,False,random_forest,0.6310599827988288,0.6247228762791931,0.0,False,random_forest,histogram_gradient_boosting
2021-01-08,HOLD,False,1.0,1.0,0.0,0.6211537789911491,0.10522165141782627,0.14221082220882836,False,normal,No sufficiently strong evidence justifies abandoning the structural QQQ exposure.,0.6211537789911491,0.5735324208308156,1.0,True,logistic,0.6156977844892084,0.648306555907036,0.0,False,random_forest,0.5952180760017749,0.6737245926363548,0.0,False,random_forest,random_forest
2021-01-15,HOLD,False,1.0,1.0,0.0,0.6101581943235151,0.0976404019591997,0.09397797530580358,False,normal,No sufficiently strong evidence justifies abandoning the structural QQQ exposure.,0.6101581943235151,0.5309571261465429,1.0,True,logistic,0.6323737041358757,0.5239011049457709,0.0,False,random_forest,0.608009674334602,0.6224885847178956,0.0,False,random_forest,random_forest
2021-01-22,HOLD,False,1.0,1.0,0.0,0.617168517514924,0.09999016415234159,0.10742718797051322,False,normal,No sufficiently strong evidence justifies abandoning the structural QQQ exposure.,0.617168517514924,0.5581401846730887,1.0,True,logistic,0.6260171233117452,0.5728332500117144,0.0,False,random_forest,0.5942956200562027,0.677260466564093,0.0,False,random_forest,random_forest
2021-01-29,HOLD,False,1.0,1.0,0.0,0.6032097165627298,0.10101071857262685,0.11368170674139698,False,normal,No sufficiently strong evidence justifies abandoning the structural QQQ exposure.,0.6032097165627298,0.5040059913550298,1.0,True,logistic,0.6330564971536287,0.5185796649956301,0.0,False,random_forest,0.6200561479747345,0.5709872522544456,0.0,False,random_forest,random_forest
2021-02-05,HOLD,False,1.0,1.0,0.0,0.6150947447334019,0.1069128950622343,0.15491950909419303,False,normal,No sufficiently strong evidence justifies abandoning the structural QQQ exposure.,0.6150947447334019,0.5501086766805081,1.0,True,logistic,0.6285876912317803,0.5532031678848883,0.0,False,random_forest,0.6225005871489477,0.5602296084494277,0.0,False,random_forest,random_forest
2021-02-12,HOLD,False,1.0,1.0,0.0,0.6131234929961588,0.10540495724250744,0.14355349101030157,False,normal,No sufficiently strong evidence justifies abandoning the structural QQQ exposure.,0.6131234929961588,0.5424649364921541,1.0,True,logistic,0.6077867496510354,0.70126898471316,0.0,False,random_forest,0.5981986990157497,0.6621470839317123,0.0,False,random_forest,random_forest
2021-02-19,HOLD,False,1.0,1.0,0.0,0.6081138999689865,0.09245424225551747,0.06876159271275167,False,normal,No sufficiently strong evidence justifies abandoning the structural QQQ exposure.,0.6081138999689865,0.5230221134264893,1.0,True,logistic,0.6265128637386332,0.5690676349902966,0.0,False,random_forest,0.6382897760208699,0.48911448337990976,0.0,False,random_forest,random_forest
2021-02-26,HOLD,False,1.0,1.0,0.0,0.6105709320316021,0.10707971572045784,0.15621202706162668,False,normal,No sufficiently strong evidence justifies abandoning the structural QQQ exposure.,0.6105709320316021,0.532559228623819,1.0,True,logistic,0.6324869613556773,0.5230190490105083,0.0,False,random_forest,0.6380610180421759,0.4901578944353222,0.0,False,random_forest,random_forest
2021-03-05,HOLD,False,1.0,1.0,0.0,0.6232725068076884,0.1173997820952112,0.2492444842926435,False,normal,No sufficiently strong evidence justifies abandoning the structural QQQ exposure.,0.6232725068076884,0.5816852379985281,1.0,True,logistic,0.6106055882503879,0.6829616263573215,0.0,False,random_forest,0.6394458594090926,0.48383860853803884,0.0,False,random_forest,random_forest
2021-03-12,HOLD,False,1.0,1.0,0.0,0.6324486672195511,0.11712758637654407,0.24648185091045022,False,normal,No sufficiently strong evidence justifies abandoning the structural QQQ exposure.,0.6324486672195511,0.6166384793670434,1.0,True,logistic,0.6185310170425915,0.6282175837725216,0.0,False,random_forest,0.6503138323773638,0.43421042127569576,0.0,False,random_forest,random_forest
2021-03-19,HOLD,False,1.0,1.0,0.0,0.622903313675009,0.11512254210736636,0.22660969703699516,False,normal,No sufficiently strong evidence justifies abandoning the structural QQQ exposure.,0.622903313675009,0.5802663734572328,1.0,True,logistic,0.6201373770242289,0.616596501728848,0.0,False,random_forest,0.6466089974665833,0.4511080224304798,0.0,False,random_forest,random_forest
2021-03-26,HOLD,False,1.0,1.0,0.0,0.6262905557496685,0.11284207528830373,0.2050845411342678,False,normal,No sufficiently strong evidence justifies abandoning the structural QQQ exposure.,0.6262905557496685,0.5932520769125648,1.0,True,logistic,0.6163364882504038,0.643825404956077,0.0,False,random_forest,0.6240935031431538,0.5531733521599931,0.0,False,random_forest,random_forest
2021-04-01,HOLD,False,1.0,1.0,0.0,0.6302712931250234,0.1025876390269543,0.12384832790227368,False,normal,No sufficiently strong evidence justifies abandoning the structural QQQ exposure.,0.6302712931250234,0.6084067649281805,1.0,True,logistic,0.6438588365320981,0.43405833124056015,0.0,False,random_forest,0.612485639501992,0.6036767484727444,0.0,False,random_forest,random_forest
2021-04-09,HOLD,False,1.0,1.0,0.0,0.624100377309411,0.10528657208766955,0.14268538308337012,False,normal,No sufficiently strong evidence justifies abandoning the structural QQQ exposure.,0.624100377309411,0.584863923869178,1.0,True,logistic,0.6401285240525748,0.46318744252170885,0.0,False,random_forest,0.6121630343164102,0.6050463063691166,0.0,False,random_forest,random_forest
2021-04-16,HOLD,False,1.0,1.0,0.0,0.6181220431325392,0.1059689156427628,0.14773735373858082,False,normal,No sufficiently strong evidence justifies abandoning the structural QQQ exposure.,0.6181220431325392,0.5618286755073472,1.0,True,logistic,0.6237187660535323,0.5901491181157192,0.0,False,random_forest,0.6311307661855865,0.5216345292615503,0.0,False,random_forest,random_forest
2021-04-23,HOLD,False,1.0,1.0,0.0,0.6194651066976424,0.0923883466393318,0.0684786432279821,False,normal,No sufficiently strong evidence justifies abandoning the structural QQQ exposure.,0.6194651066976424,0.5670183016672804,1.0,True,logistic,0.6332822373965378,0.5168184256263051,0.0,False,random_forest,0.6071187147001856,0.6261824155533819,0.0,False,random_forest,random_forest
2021-04-30,HOLD,False,1.0,1.0,0.0,0.6217698347354726,0.09010804109511357,0.05922964060980301,False,normal,No sufficiently strong evidence justifies abandoning the structural QQQ exposure.,0.6217698347354726,0.5759054684270548,1.0,True,logistic,0.6282296152357141,0.5559523310518149,0.0,False,random_forest,0.6100797463855951,0.6138400939483638,0.0,False,random_forest,random_forest
2021-05-07,HOLD,False,1.0,1.0,0.0,0.629918512533952,0.0976391687296721,0.0939712591762993,False,normal,No sufficiently strong evidence justifies abandoning the structural QQQ exposure.,0.629918512533952,0.6070689973955625,1.0,True,logistic,0.6162501569856125,0.6444327653302335,0.0,False,random_forest,0.6150842477343192,0.5925716498258926,0.0,False,random_forest,random_forest
2021-05-14,HOLD,False,1.0,1.0,0.0,0.6373401233525129,0.09232238336754492,0.06819630338268341,False,normal,No sufficiently strong evidence justifies abandoning the structural QQQ exposure.,0.6373401233525129,0.6349564594261489,1.0,True,logistic,0.607962755757386,0.7001451012864531,0.0,False,random_forest,0.6155381958406647,0.590618746141929,0.0,False,random_forest,random_forest
2021-05-21,HOLD,False,1.0,1.0,0.0,0.6367529082997456,0.09011763863943965,0.059266408260875106,False,normal,No sufficiently strong evidence justifies abandoning the structural QQQ exposure.,0.6367529082997456,0.6327712522077236,1.0,True,logistic,0.6275867621850744,0.5608765020656771,0.0,False,random_forest,0.6171008943573203,0.5838677368774211,0.0,False,random_forest,random_forest
2021-05-28,HOLD,False,1.0,1.0,0.0,0.6326946449906812,0.0970158133176837,0.09062169630635061,False,normal,No sufficiently strong evidence justifies abandoning the structural QQQ exposure.,0.6326946449906812,0.6175655935756583,1.0,True,logistic,0.6242402673564981,0.5862417557562691,0.0,False,random_forest,0.6206860637702596,0.5682236500123029,0.0,False,random_forest,random_forest
2021-06-04,HOLD,False,1.0,1.0,0.0,0.6307622259724269,0.09633711922469922,0.08707655573164524,False,normal,No sufficiently strong evidence justifies abandoning the structural QQQ exposure.,0.6307622259724269,0.6102665808567399,1.0,True,logistic,0.6386967169477915,0.4744107286852269,0.0,False,random_forest,0.6277225233831941,0.5369767590202371,0.0,False,random_forest,random_forest
2021-06-11,HOLD,False,1.0,1.0,0.0,0.628138030335114,0.09610959852213438,0.08591161928902702,False,normal,No sufficiently strong evidence justifies abandoning the structural QQQ exposure.,0.628138030335114,0.600301160983558,1.0,True,logistic,0.6220877340426747,0.6022806889803478,0.0,False,random_forest,0.6205421758991957,0.5688554608703916,0.0,False,random_forest,random_forest
2021-06-18,HOLD,False,1.0,1.0,0.0,0.6224455399071657,0.1036110824177404,0.13077674040645568,False,normal,No sufficiently strong evidence justifies abandoning the structural QQQ exposure.,0.6224455399071657,0.5785060004305221,1.0,True,logistic,0.6174466266998021,0.6359699718256364,0.0,False,random_forest,0.6328588324036419,0.5138156843565908,0.0,False,random_forest,random_forest
2021-06-25,HOLD,False,1.0,1.0,0.0,0.6257850296616384,0.1073133502722428,0.1580339558862217,False,normal,No sufficiently strong evidence justifies abandoning the structural QQQ exposure.,0.6257850296616384,0.5913188543318332,1.0,True,logistic,0.620312690557812,0.6153186826830447,0.0,False,random_forest,0.6403173874002898,0.479858768155963,0.0,False,random_forest,random_forest
2021-07-02,HOLD,False,1.0,1.0,0.0,0.629140382210352,0.11225842444146472,0.1997682058219722,False,normal,No sufficiently strong evidence justifies abandoning the structural QQQ exposure.,0.629140382210352,0.6041144771751296,1.0,True,logistic,0.636786425161675,0.48939290852595596,0.0,False,random_forest,0.6406997256497329,0.4781122620114416,0.0,False,random_forest,random_forest
2021-07-09,HOLD,False,1.0,1.0,0.0,0.6272178393455734,0.10656110556043963,0.15221677422634364,False,normal,No sufficiently strong evidence justifies abandoning the structural QQQ exposure.,0.6272178393455734,0.5967933749254865,1.0,True,logistic,0.6231202965463389,0.5946165224850671,0.0,False,random_forest,0.6121713697640797,0.6050109457400078,0.0,False,random_forest,random_forest
2021-07-16,HOLD,False,1.0,1.0,0.0,0.6215416009545154,0.09957056329543483,0.1049289019761851,False,normal,No sufficiently strong evidence justifies abandoning the structural QQQ exposure.,0.6215416009545154,0.5750265375507346,1.0,True,logistic,0.6281445806076152,0.5566045371987633,0.0,False,random_forest,0.6194764268967097,0.5735251719786546,0.0,False,random_forest,random_forest
2021-07-23,HOLD,False,1.0,1.0,0.0,0.632981269277463,0.11851594197099309,0.2607278201620471,False,normal,No sufficiently strong evidence justifies abandoning the structural QQQ exposure.,0.632981269277463,0.6186451576500316,1.0,True,logistic,0.629989733682022,0.5423985253063678,0.0,False,random_forest,0.6120961551624747,0.6053299711618038,0.0,False,random_forest,random_forest
2021-07-30,HOLD,False,1.0,1.0,0.0,0.6235477279480127,0.11051017353479387,0.18432953462455123,False,normal,No sufficiently strong evidence justifies abandoning the structural QQQ exposure.,0.6235477279480127,0.5827424341492083,1.0,True,logistic,0.6181549335465996,0.6309149007711976,0.0,False,random_forest,0.623688836653172,0.5549692002455234,0.0,False,random_forest,random_forest
2021-08-06,HOLD,False,1.0,1.0,0.0,0.6253639031651633,0.10628799935014879,0.15013999656398846,False,normal,No sufficiently strong evidence justifies abandoning the structural QQQ exposure.,0.6253639031651633,0.5897070320257697,1.0,True,logistic,0.6158616293860445,0.6471597373565365,0.0,False,random_forest,0.6078431834413037,0.6231801617845948,0.0,False,random_forest,random_forest
2021-08-13,HOLD,False,1.0,1.0,0.0,0.6259305747128424,0.10077722601882497,0.11222834433098285,False,normal,No sufficiently strong evidence justifies abandoning the structural QQQ exposure.,0.6259305747128424,0.5918756293109185,1.0,True,logistic,0.612874733311742,0.6677613894677872,0.0,False,random_forest,0.5930359246587616,0.6820523239583764,0.0,False,random_forest,random_forest
2021-08-20,HOLD,False,1.0,1.0,0.0,0.6267889882514057,0.10389081215625126,0.1327159620434146,False,normal,No sufficiently strong evidence justifies abandoning the structural QQQ exposure.,0.6267889882514057,0.5951563792644136,1.0,True,logistic,0.6355179862083131,0.4993345812837301,0.0,False,random_forest,0.613329376918616,0.6000851885476546,0.0,False,random_forest,random_forest
2021-08-27,HOLD,False,1.0,1.0,0.0,0.6270492205992345,0.11131956062295029,0.19138580046807946,False,normal,No sufficiently strong evidence justifies abandoning the structural QQQ exposure.,0.6270492205992345,0.5961498932650741,1.0,True,logistic,0.6185685376984016,0.6279479831480811,0.0,False,random_forest,0.6149712852406264,0.5930570337397071,0.0,False,random_forest,random_forest
2021-09-03,HOLD,False,1.0,1.0,0.0,0.6239946782865349,0.10698884695213258,0.1555071140934319,False,normal,No sufficiently strong evidence justifies abandoning the structural QQQ exposure.,0.6239946782865349,0.5844583154047124,1.0,True,logistic,0.6110469022466534,0.680037071146198,0.0,False,random_forest,0.6193998404773952,0.5738600562567896,0.0,False,random_forest,random_forest
2021-09-10,HOLD,False,1.0,1.0,0.0,0.6166096138214651,0.07519356292080963,0.020300365461900532,False,normal,No sufficiently strong evidence justifies abandoning the structural QQQ exposure.,0.6166096138214651,0.5559768099726661,1.0,True,logistic,0.6203002125549821,0.6154096923114316,0.0,False,random_forest,0.6189463980548274,0.5758408650820199,0.0,False,random_forest,random_forest
2021-09-17,HOLD,False,1.0,1.0,0.0,0.6180872496180952,0.10136215396875763,0.11589437822507181,False,normal,No sufficiently strong evidence justifies abandoning the structural QQQ exposure.,0.6180872496180952,0.5616941408100815,1.0,True,logistic,0.6272093626462485,0.5637602164723244,0.0,False,random_forest,0.6173643664313336,0.5827253026242999,0.0,False,random_forest,random_forest
2021-09-24,HOLD,False,1.0,1.0,0.0,0.627798284379628,0.10739772292166358,0.15869527537041742,False,normal,No sufficiently strong evidence justifies abandoning the structural QQQ exposure.,0.627798284379628,0.5990068089959989,1.0,True,logistic,0.6295972470615486,0.5454293311786268,0.0,False,random_forest,0.6202156915134984,0.5702878733377934,0.0,False,random_forest,random_forest
2021-10-01,HOLD,False,1.0,1.0,0.0,0.6269319892679482,0.09426440373719681,0.0768917738098613,False,normal,No sufficiently strong evidence justifies abandoning the structural QQQ exposure.,0.6269319892679482,0.5957023902917072,1.0,True,logistic,0.6195748612004166,0.620684075329527,0.0,False,random_forest,0.6042694225000722,0.6378757619464375,0.0,False,random_forest,random_forest
2021-10-08,HOLD,False,1.0,1.0,0.0,0.6341071023389373,0.09232423764642567,0.06820422788726398,False,normal,No sufficiently strong evidence justifies abandoning the structural QQQ exposure.,0.6341071023389373,0.6228775840821752,1.0,True,logistic,0.6134238234722391,0.6640235478207182,0.0,False,random_forest,0.6440689346473504,0.4627142476989139,0.0,False,random_forest,random_forest
2021-10-15,HOLD,False,1.0,1.0,0.0,0.6384143080998073,0.10029470579754446,0.10926706984525403,False,normal,No sufficiently strong evidence justifies abandoning the structural QQQ exposure.,0.6384143080998073,0.6389433534316645,1.0,True,logistic,0.617283000394668,0.6371330324144072,0.0,False,random_forest,0.6261026105208622,0.5442260852661305,0.0,False,random_forest,random_forest
2021-10-22,HOLD,False,1.0,1.0,0.0,0.6276680986645644,0.09557815459746197,0.08323610112716652,False,normal,No sufficiently strong evidence justifies abandoning the structural QQQ exposure.,0.6276680986645644,0.5985105924718176,1.0,True,logistic,0.623380437676225,0.5926768665401598,0.0,False,random_forest,0.6233453400927635,0.5564918613586307,0.0,False,random_forest,random_forest
2021-10-29,HOLD,False,1.0,1.0,0.0,0.6283216011753501,0.10363197278816483,0.13092088580481503,False,normal,No sufficiently strong evidence justifies abandoning the structural QQQ exposure.,0.6283216011753501,0.6010001419031492,1.0,True,logistic,0.6396330294445276,0.4670699621233943,0.0,False,random_forest,0.6025738153371358,0.6447451333008302,0.0,False,random_forest,random_forest
2021-11-05,HOLD,False,1.0,1.0,0.0,0.6264470328660896,0.11212896098524675,0.19859984291196073,False,normal,No sufficiently strong evidence justifies abandoning the structural QQQ exposure.,0.6264470328660896,0.5938501048398861,1.0,True,logistic,0.6331727495353582,0.5176727685389925,0.0,False,random_forest,0.6123117051850154,0.6044154083452398,0.0,False,random_forest,random_forest
2021-11-12,HOLD,False,1.0,1.0,0.0,0.6221833109693248,0.11172898494960025,0.19501535759529182,False,normal,No sufficiently strong evidence justifies abandoning the structural QQQ exposure.,0.6221833109693248,0.5774970729938403,1.0,True,logistic,0.6271011718141276,0.5645858998273041,0.0,False,random_forest,0.6068623762144275,0.627241924774816,0.0,False,random_forest,random_forest
2021-11-19,HOLD,False,1.0,1.0,0.0,0.6293800509269126,0.11217245222850648,0.19899189335713652,False,normal,No sufficiently strong evidence justifies abandoning the structural QQQ exposure.,0.6293800509269126,0.6050250358127662,1.0,True,logistic,0.628389719012785,0.5547236657462523,0.0,False,random_forest,0.6366195016497352,0.4967280019577939,0.0,False,random_forest,random_forest
2021-11-26,HOLD,False,1.0,1.0,0.0,0.6184262055941852,0.10774216955567412,0.16141357996076766,False,normal,No sufficiently strong evidence justifies abandoning the structural QQQ exposure.,0.6184262055941852,0.5630045787290663,1.0,True,logistic,0.6200520387920335,0.6172178482696842,0.0,False,random_forest,0.6067099510337688,0.627871241794014,0.0,False,random_forest,random_forest
2021-12-03,HOLD,False,1.0,1.0,0.0,0.621566706303442,0.09275849196002842,0.07007971247483911,False,normal,No sufficiently strong evidence justifies abandoning the structural QQQ exposure.,0.621566706303442,0.5751232317049269,1.0,True,logistic,0.6163164214832171,0.6439666252650167,0.0,False,random_forest,0.6038324437946619,0.6396525770334808,0.0,False,random_forest,random_forest
2021-12-10,HOLD,False,1.0,1.0,0.0,0.6324705664212628,0.10126002226252347,0.11524822271288786,False,normal,No sufficiently strong evidence justifies abandoning the structural QQQ exposure.,0.6324705664212628,0.6167210435592742,1.0,True,logistic,0.6321519777120709,0.5256271616055187,0.0,False,random_forest,0.6113960194842101,0.6082942029033179,0.0,False,random_forest,random_forest
2021-12-17,HOLD,False,1.0,1.0,0.0,0.6243392835684208,0.1062535435489899,0.14987931720214343,False,normal,No sufficiently strong evidence justifies abandoning the structural QQQ exposure.,0.6243392835684208,0.5857804432201006,1.0,True,logistic,0.625082581094387,0.5799033154277627,0.0,False,random_forest,0.617168448216083,0.5835749322176708,0.0,False,random_forest,random_forest
2021-12-23,HOLD,False,1.0,1.0,0.0,0.6336608665948076,0.09529960418327861,0.08185904882285457,False,normal,No sufficiently strong evidence justifies abandoning the structural QQQ exposure.,0.6336608665948076,0.6212015626606473,1.0,True,logistic,0.6285713963266244,0.553328369129932,0.0,False,random_forest,0.6162109507051933,0.5877176800349887,0.0,False,random_forest,random_forest
2021-12-31,HOLD,False,1.0,1.0,0.0,0.6227888254655218,0.09610402782921015,0.0858832437575047,False,normal,No sufficiently strong evidence justifies abandoning the structural QQQ exposure.,0.6227888254655218,0.5798262187868913,1.0,True,logistic,0.6228181852986386,0.596864747662418,0.0,False,random_forest,0.5990074206678775,0.6589663653941811,0.0,False,random_forest,random_forest
2022-01-07,HOLD,False,1.0,1.0,0.0,0.6106235222301429,0.12678213917095765,0.14391228201860404,True,normal,No sufficiently strong evidence justifies abandoning the structural QQQ exposure.,0.6106235222301429,0.5827343801603244,1.0,True,logistic,0.6294337116149954,0.5209016705706334,0.0,False,random_forest,0.6027108651942602,0.6157223598551367,0.0,False,random_forest,random_forest
2022-01-14,HOLD,False,1.0,1.0,0.0,0.625734998693242,0.14442421005292344,0.18197201495217474,True,normal,No sufficiently strong evidence justifies abandoning the structural QQQ exposure.,0.625734998693242,0.6276589934722479,1.0,True,logistic,0.625201818652228,0.5456898509432889,0.0,False,random_forest,0.6285006668807286,0.5533523055934938,0.0,False,random_forest,random_forest
2022-01-21,HOLD,False,1.0,1.0,0.0,0.6319860105285886,0.1663474542235435,0.2328861418004607,True,normal,No sufficiently strong evidence justifies abandoning the structural QQQ exposure.,0.6319860105285886,0.6458627293445879,1.0,True,logistic,0.6001655271626928,0.6822285109677068,0.0,False,random_forest,0.6025357083700174,0.6161305946085869,0.0,False,random_forest,random_forest
2022-01-28,HOLD,False,1.0,1.0,0.0,0.666137714364606,0.1716233549322685,0.24559550556755813,True,normal,No sufficiently strong evidence justifies abandoning the structural QQQ exposure.,0.666137714364606,0.7391990067049586,1.0,True,logistic,0.6001388562575289,0.6823610951802851,0.0,False,random_forest,0.5927537565922509,0.638563743651554,0.0,False,random_forest,random_forest
2022-02-04,HOLD,False,1.0,1.0,0.0,0.6547583402479507,0.16578430634481375,0.2315384543436041,True,normal,No sufficiently strong evidence justifies abandoning the structural QQQ exposure.,0.6547583402479507,0.7094405246168,1.0,True,logistic,0.5877358209806661,0.7403282092396473,0.0,False,random_forest,0.5992061278886086,0.6238476859255477,0.0,False,random_forest,random_forest
2022-02-11,HOLD,False,1.0,1.0,0.0,0.6415769594112366,0.15689382914724423,0.21051746770503177,True,normal,No sufficiently strong evidence justifies abandoning the structural QQQ exposure.,0.6415769594112366,0.6732183924703646,1.0,True,logistic,0.5991371270431268,0.687317153953811,0.0,False,random_forest,0.5959106292226003,0.6314037723933561,0.0,False,random_forest,random_forest
2022-02-18,HOLD,False,1.0,1.0,0.0,0.6461224487624145,0.1466086717061006,0.18688399710718168,True,normal,No sufficiently strong evidence justifies abandoning the structural QQQ exposure.,0.6461224487624145,0.6859034404016301,1.0,True,logistic,0.612954434758974,0.6151703292116453,0.0,False,random_forest,0.603199333691605,0.6145827105488945,0.0,False,random_forest,random_forest
2022-02-25,HOLD,False,1.0,1.0,0.0,0.6646980433646608,0.1519171098785734,0.19898193668658506,True,normal,No sufficiently strong evidence justifies abandoning the structural QQQ exposure.,0.6646980433646608,0.7355185953543045,1.0,True,logistic,0.6017643548362569,0.6742216010068357,0.0,False,random_forest,0.6337997245519198,0.5400441353481455,0.0,False,random_forest,random_forest
2022-03-04,HOLD,False,1.0,1.0,0.0,0.6543800756134005,0.15712617654392294,0.2110603203876568,True,normal,No sufficiently strong evidence justifies abandoning the structural QQQ exposure.,0.6543800756134005,0.7084259819575115,1.0,True,logistic,0.5903561576181147,0.7287134315421335,0.0,False,random_forest,0.5674227135381111,0.693077600191149,0.0,False,random_forest,random_forest
2022-03-11,HOLD,False,1.0,1.0,0.0,0.6647886165295862,0.15757024559883828,0.2120988642971243,True,normal,No sufficiently strong evidence justifies abandoning the structural QQQ exposure.,0.6647886165295862,0.7357508841585466,1.0,True,logistic,0.6027748855078843,0.6691018449388313,0.0,False,random_forest,0.5705922247955716,0.6865532803980362,0.0,False,random_forest,random_forest
2022-03-18,HOLD,False,1.0,1.0,0.0,0.6761965827892594,0.15050369508038708,0.19573916302150224,True,normal,No sufficiently strong evidence justifies abandoning the structural QQQ exposure.,0.6761965827892594,0.7641855836701007,1.0,True,logistic,0.6093985270544153,0.6344708467207631,0.0,False,random_forest,0.6056094847350385,0.6089342468178209,0.0,False,random_forest,random_forest
2022-03-25,HOLD,False,1.0,1.0,0.0,0.6507440015812919,0.14604412464757988,0.1856107275468065,True,normal,No sufficiently strong evidence justifies abandoning the structural QQQ exposure.,0.6507440015812919,0.6985953863735689,1.0,True,logistic,0.6023486546877199,0.6712668147777084,0.0,False,random_forest,0.6248410644719974,0.5624547181640932,0.0,False,random_forest,random_forest
2022-04-01,HOLD,False,1.0,1.0,0.0,0.6325576764335262,0.17110823579778556,0.24434825783654707,True,normal,No sufficiently strong evidence justifies abandoning the structural QQQ exposure.,0.6325576764335262,0.6475137695226263,1.0,True,logistic,0.5969945282868472,0.6977608528677136,0.0,False,random_forest,0.6500403199300984,0.49845033707880076,0.0,False,random_forest,random_forest
2022-04-08,HOLD,False,1.0,1.0,0.0,0.6313248877856641,0.15524021409439942,0.20666482508016001,True,normal,No sufficiently strong evidence justifies abandoning the structural QQQ exposure.,0.6313248877856641,0.6439503241451119,1.0,True,logistic,0.6113754473238714,0.6237974579808924,0.0,False,random_forest,0.6299679332281055,0.5496821180140402,0.0,False,random_forest,random_forest
2022-04-14,HOLD,False,1.0,1.0,0.0,0.6483464134252211,0.17262539555446288,0.24802545447746846,True,normal,No sufficiently strong evidence justifies abandoning the structural QQQ exposure.,0.6483464134252211,0.6920377580000383,1.0,True,logistic,0.6214592848363109,0.5673363339544154,0.0,False,random_forest,0.6171599079785979,0.5813046121458822,0.0,False,random_forest,random_forest
2022-04-22,HOLD,False,1.0,1.0,0.0,0.6572168521148551,0.15816661245935953,0.21349569329170776,True,normal,No sufficiently strong evidence justifies abandoning the structural QQQ exposure.,0.6572168521148551,0.7159960738351115,1.0,True,logistic,0.60026644266326,0.6817265539880681,0.0,False,random_forest,0.6182650984451512,0.5786147099302074,0.0,False,random_forest,random_forest
2022-04-29,HOLD,False,1.0,1.0,0.0,0.6757653187768483,0.1610600297785549,0.22030613912509162,True,normal,No sufficiently strong evidence justifies abandoning the structural QQQ exposure.,0.6757653187768483,0.76314118997346,1.0,True,logistic,0.6025927856869552,0.6700277708647572,0.0,False,random_forest,0.6221304632046305,0.5691472832640474,0.0,False,random_forest,random_forest
2022-05-06,HOLD,False,1.0,1.0,0.0,0.6799921636478606,0.15548473035645513,0.2072332966940449,True,normal,No sufficiently strong evidence justifies abandoning the structural QQQ exposure.,0.6799921636478606,0.7732702427758857,1.0,True,logistic,0.5941760923233728,0.7111658234461532,0.0,False,random_forest,0.6186830900641921,0.5775953653839536,0.0,False,random_forest,random_forest
2022-05-13,HOLD,False,1.0,1.0,0.0,0.703515830820511,0.15548473035645513,0.2072332966940449,True,normal,No sufficiently strong evidence justifies abandoning the structural QQQ exposure.,0.703515830820511,0.8250892272934945,1.0,True,logistic,0.5907557534290176,0.7269118019989448,0.0,False,random_forest,0.581262609731991,0.663955924937604,0.0,False,random_forest,random_forest
2022-05-20,HOLD,False,1.0,1.0,0.0,0.6950805903027171,0.15548473035645513,0.2072332966940449,True,normal,No sufficiently strong evidence justifies abandoning the structural QQQ exposure.,0.6950805903027171,0.8074173807003379,1.0,True,logistic,0.6026725991938366,0.6696221214029934,0.0,False,random_forest,0.5747167423870483,0.6779333037833325,0.0,False,random_forest,random_forest
2022-05-27,HOLD,False,1.0,1.0,0.0,0.6994197332719725,0.15665324384443743,0.2099557599033502,True,normal,No sufficiently strong evidence justifies abandoning the structural QQQ exposure.,0.6994197332719725,0.8166372416281265,1.0,True,logistic,0.6125452176249458,0.617414619622684,0.0,False,random_forest,0.5647362317521752,0.6985391207791166,0.0,False,random_forest,random_forest
2022-06-03,HOLD,False,1.0,1.0,0.0,0.6706749421826745,0.15320804989480577,0.20195690596642252,True,normal,No sufficiently strong evidence justifies abandoning the structural QQQ exposure.,0.6706749421826745,0.7506298531677164,1.0,True,logistic,0.6102650749418471,0.6298103122743193,0.0,False,random_forest,0.5608680458158848,0.7062917641826458,0.0,False,random_forest,random_forest
2022-06-10,HOLD,False,1.0,1.0,0.0,0.6564122274261414,0.15320804989480577,0.20195690596642252,True,normal,No sufficiently strong evidence justifies abandoning the structural QQQ exposure.,0.6564122274261414,0.7138579559627064,1.0,True,logistic,0.6186608350768048,0.5833066564788815,0.0,False,random_forest,0.5978568319052009,0.6269513952821657,0.0,False,random_forest,random_forest
2022-06-17,HOLD,False,1.0,1.0,0.0,0.6908374716090181,0.156776713083648,0.21024398045472864,True,normal,No sufficiently strong evidence justifies abandoning the structural QQQ exposure.,0.6908374716090181,0.7981391500826973,1.0,True,logistic,0.6024584045214055,0.6707101243678616,0.0,False,random_forest,0.614410775976816,0.5879617817960678,0.0,False,random_forest,random_forest
2022-06-24,HOLD,False,1.0,1.0,0.0,0.7054284913619016,0.1567475862202696,0.21017597863749943,True,normal,No sufficiently strong evidence justifies abandoning the structural QQQ exposure.,0.7054284913619016,0.8289517076387557,1.0,True,logistic,0.6096001743055108,0.6333888738339467,0.0,False,random_forest,0.6307699634924607,0.5476710844468203,0.0,False,random_forest,random_forest
2022-07-01,HOLD,False,1.0,1.0,0.0,0.6899620501647519,0.1539150269585774,0.20359136220723084,True,normal,No sufficiently strong evidence justifies abandoning the structural QQQ exposure.,0.6899620501647519,0.7961929127185624,1.0,True,logistic,0.6026725991938366,0.6696221214029934,0.0,False,random_forest,0.5911419134351467,0.6421894509731914,0.0,False,random_forest,random_forest
2022-07-08,HOLD,False,1.0,1.0,0.0,0.6889662671260002,0.14588753152987538,0.1852580193045602,True,normal,No sufficiently strong evidence justifies abandoning the structural QQQ exposure.,0.6889662671260002,0.7939658738038446,1.0,True,logistic,0.6077500811567998,0.643256805853085,0.0,False,random_forest,0.6026466584476421,0.6158720314025341,0.0,False,random_forest,random_forest
2022-07-15,HOLD,False,1.0,1.0,0.0,0.6841012116573829,0.15529208366982028,0.2067853803135066,True,normal,No sufficiently strong evidence justifies abandoning the structural QQQ exposure.,0.6841012116573829,0.7828848574240781,1.0,True,logistic,0.5970770008691085,0.6973628595483947,0.0,False,random_forest,0.6052723865045078,0.609726790131535,0.0,False,random_forest,random_forest
2022-07-22,HOLD,False,1.0,1.0,0.0,0.6709761336350084,0.15974741960152386,0.2172097916914946,True,normal,No sufficiently strong evidence justifies abandoning the structural QQQ exposure.,0.6709761336350084,0.7513794609678588,1.0,True,logistic,0.6181299966708614,0.5863124327342821,0.0,False,random_forest,0.6142362820288457,0.5883826714143495,0.0,False,random_forest,random_forest
2022-07-29,HOLD,False,1.0,1.0,0.0,0.6695735404160178,0.1611927989883888,0.22061994401623744,True,normal,No sufficiently strong evidence justifies abandoning the structural QQQ exposure.,0.6695735404160178,0.7478788366668612,1.0,True,logistic,0.6178521353899784,0.5878825910882983,0.0,False,random_forest,0.6308910388806582,0.5473672025002617,0.0,False,random_forest,random_forest
2022-08-05,HOLD,False,1.0,1.0,0.0,0.6491089980190146,0.16860075275791167,0.23829619628638601,True,normal,No sufficiently strong evidence justifies abandoning the structural QQQ exposure.,0.6491089980190146,0.6941298446068027,1.0,True,logistic,0.6299957580022049,0.5175903578247252,0.0,False,random_forest,0.6291544102328185,0.5517184770730953,0.0,False,random_forest,random_forest
2022-08-12,HOLD,False,1.0,1.0,0.0,0.6509200240056057,0.17253627834193244,0.24780914826074582,True,normal,No sufficiently strong evidence justifies abandoning the structural QQQ exposure.,0.6509200240056057,0.6990744987151788,1.0,True,logistic,0.6429695472048631,0.4407262654336884,0.0,False,random_forest,0.6166405544990744,0.5825659813696588,0.0,False,random_forest,random_forest
2022-08-19,HOLD,False,1.0,1.0,0.0,0.6390345160132465,0.16236017706835534,0.2233838404624641,True,normal,No sufficiently strong evidence justifies abandoning the structural QQQ exposure.,0.6390345160132465,0.666041307286701,1.0,True,logistic,0.6225440857380006,0.5610933321824382,0.0,False,random_forest,0.6276427201404702,0.5554929444821741,0.0,False,random_forest,random_forest
2022-08-26,HOLD,False,1.0,1.0,0.0,0.6460956385983391,0.15596554484421202,0.20835236570908877,True,normal,No sufficiently strong evidence justifies abandoning the structural QQQ exposure.,0.6460956385983391,0.6858291946306203,1.0,True,logistic,0.6265066742839136,0.5380772030730012,0.0,False,random_forest,0.5905987337445304,0.6434066636931778,0.0,False,random_forest,random_forest
2022-09-02,HOLD,False,1.0,1.0,0.0,0.6645856883474289,0.17117941887218407,0.24452053350598627,True,normal,No sufficiently strong evidence justifies abandoning the structural QQQ exposure.,0.6645856883474289,0.7352303052292898,1.0,True,logistic,0.6041358529534787,0.6621358967450991,0.0,False,random_forest,0.618693521541388,0.577569912459488,0.0,False,random_forest,random_forest
2022-09-09,HOLD,False,1.0,1.0,0.0,0.6827040101785425,0.17256978042947196,0.24789046040140117,True,normal,No sufficiently strong evidence justifies abandoning the structural QQQ exposure.,0.6827040101785425,0.7796415957509042,1.0,True,logistic,0.5987520148336073,0.6892101571606778,0.0,False,random_forest,0.6103276532560437,0.5977573929979436,0.0,False,random_forest,random_forest
2022-09-16,HOLD,False,1.0,1.0,0.0,0.6685885217466317,0.1495902910562153,0.19365175397980725,True,normal,No sufficiently strong evidence justifies abandoning the structural QQQ exposure.,0.6685885217466317,0.7454055067827249,1.0,True,logistic,0.608615245021642,0.6386588471433292,0.0,False,random_forest,0.6231838319414738,0.5665516055761012,0.0,False,random_forest,random_forest
2022-09-23,HOLD,False,1.0,1.0,0.0,0.6708372206674873,0.15717378902417364,0.21117160715758368,True,normal,No sufficiently strong evidence justifies abandoning the structural QQQ exposure.,0.6708372206674873,0.751033877245207,1.0,True,logistic,0.600456127297915,0.6807817990610956,0.0,False,random_forest,0.6219597613100948,0.5695672998820239,0.0,False,random_forest,random_forest
2022-09-30,HOLD,False,1.0,1.0,0.0,0.678127311845333,0.16185437804538216,0.22218526288373502,True,normal,No sufficiently strong evidence justifies abandoning the structural QQQ exposure.,0.678127311845333,0.7688309041885723,1.0,True,logistic,0.5991371270431268,0.687317153953811,0.0,False,random_forest,0.628161148495487,0.5541999103624203,0.0,False,random_forest,random_forest
2022-10-07,HOLD,False,1.0,1.0,0.0,0.6703774896560039,0.1601033836911093,0.21804838883784272,True,normal,No sufficiently strong evidence justifies abandoning the structural QQQ exposure.,0.6703774896560039,0.7498884144352991,1.0,True,logistic,0.5943447519115819,0.7103744658970079,0.0,False,random_forest,0.6227165893694626,0.567703781705982,0.0,False,random_forest,random_forest
2022-10-14,HOLD,False,1.0,1.0,0.0,0.6778586931298335,0.16290929204977192,0.22468684530729646,True,normal,No sufficiently strong evidence justifies abandoning the structural QQQ exposure.,0.6778586931298335,0.7681875919056587,1.0,True,logistic,0.5991371270431268,0.687317153953811,0.0,False,random_forest,0.6176806328866763,0.5800381907548816,0.0,False,random_forest,random_forest
2022-10-21,HOLD,False,1.0,1.0,0.0,0.681303993304879,0.15653074811971301,0.20966991610204533,True,normal,No sufficiently strong evidence justifies abandoning the structural QQQ exposure.,0.681303993304879,0.7763648665545732,1.0,True,logistic,0.6132626916744098,0.6134759130957887,0.0,False,random_forest,0.6464152048238094,0.5078266844087025,0.0,False,random_forest,random_forest
2022-10-28,HOLD,False,1.0,1.0,0.0,0.668756173897702,0.1550329893378496,0.20618338441035947,True,normal,No sufficiently strong evidence justifies abandoning the structural QQQ exposure.,0.668756173897702,0.745827335463501,1.0,True,logistic,0.5959747187491513,0.7026554101919116,0.0,False,random_forest,0.6373816353566335,0.5309686344393225,0.0,False,random_forest,random_forest
2022-11-04,HOLD,False,1.0,1.0,0.0,0.6662423678822321,0.15127060094582995,0.19749676803420538,True,normal,No sufficiently strong evidence justifies abandoning the structural QQQ exposure.,0.6662423678822321,0.7394655555797449,1.0,True,logistic,0.6221909641819573,0.5631285330540173,0.0,False,random_forest,0.6243736444556286,0.5636118550291577,0.0,False,random_forest,random_forest
2022-11-11,HOLD,False,1.0,1.0,0.0,0.6807249057852178,0.15075807898777033,0.19632166200400122,True,normal,No sufficiently strong evidence justifies abandoning the structural QQQ exposure.,0.6807249057852178,0.7750016792394135,1.0,True,logistic,0.6232997250553997,0.5567288828523109,0.0,False,random_forest,0.5958344469895235,0.6315774666381031,0.0,False,random_forest,random_forest
2022-11-18,HOLD,False,1.0,1.0,0.0,0.6537425454930297,0.1406117783444148,0.17349780843943752,True,normal,No sufficiently strong evidence justifies abandoning the structural QQQ exposure.,0.6537425454930297,0.7067125463250435,1.0,True,logistic,0.5994822923473253,0.6856146671284975,0.0,False,random_forest,0.5829118691142943,0.6603776772225006,0.0,False,random_forest,random_forest
2022-11-25,HOLD,False,1.0,1.0,0.0,0.65224727665612,0.15900878126823084,0.21547230914377916,True,normal,No sufficiently strong evidence justifies abandoning the structural QQQ exposure.,0.65224727665612,0.7026766974063916,1.0,True,logistic,0.6083207939334588,0.6402270320255934,0.0,False,random_forest,0.5806360546637043,0.6653093821878594,0.0,False,random_forest,random_forest
2022-12-02,HOLD,False,1.0,1.0,0.0,0.6527080290922626,0.14991491241056404,0.1943928678423685,True,normal,No sufficiently strong evidence justifies abandoning the structural QQQ exposure.,0.6527080290922626,0.7039228485977815,1.0,True,logistic,0.5947965438342667,0.7082478094137521,0.0,False,random_forest,0.6362955145635576,0.5337270178645268,0.0,False,random_forest,random_forest
2022-12-09,HOLD,False,1.0,1.0,0.0,0.6518636628499844,0.15840146299063368,0.214046424650312,True,normal,No sufficiently strong evidence justifies abandoning the structural QQQ exposure.,0.6518636628499844,0.7016374606743231,1.0,True,logistic,0.6162204702080422,0.5970572219062071,0.0,False,random_forest,0.590629011906319,0.6433388748951556,0.0,False,random_forest,random_forest
2022-12-16,HOLD,False,1.0,1.0,0.0,0.6502685146977567,0.16319695116170865,0.22537017037649434,True,normal,No sufficiently strong evidence justifies abandoning the structural QQQ exposure.,0.6502685146977567,0.6972995625131161,1.0,True,logistic,0.5957697865795056,0.7036329664501216,0.0,False,random_forest,0.5717624276088932,0.684122485866719,0.0,False,random_forest,random_forest
2022-12-23,HOLD,False,1.0,1.0,0.0,0.6652381942341588,0.16031177831705043,0.2185397149651519,True,normal,No sufficiently strong evidence justifies abandoning the structural QQQ exposure.,0.6652381942341588,0.7369024181564844,1.0,True,logistic,0.5824470531505413,0.7627053112345861,0.0,False,random_forest,0.556225832386049,0.7154211234556292,0.0,False,random_forest,random_forest
2022-12-30,HOLD,False,1.0,1.0,0.0,0.6754012806382258,0.16649164740236777,0.23323150300255086,True,normal,No sufficiently strong evidence justifies abandoning the structural QQQ exposure.,0.6754012806382258,0.7622576826231421,1.0,True,logistic,0.5987336191863979,0.6893004076548804,0.0,False,random_forest,0.6186620014599441,0.5776468197464969,0.0,False,random_forest,random_forest
2023-01-06,SELL,True,1.0,0.5,-0.5,0.525483217238788,0.307122475498455,0.33581634165462954,True,moderate,Calibrated downside risk calls for partial rather than binary de-risking.,0.525483217238788,0.401294032717158,1.0,True,random_forest,0.572309710909156,0.588314583037441,0.0,False,logistic,0.5719636245670823,0.5921022656690059,0.0,False,random_forest,random_forest
2023-01-13,HOLD,False,0.5,0.5,0.0,0.5814028956198619,0.3491597670359182,0.40567681341378353,True,moderate,Calibrated downside risk calls for partial rather than binary de-risking.,0.5814028956198619,0.6259011295498684,1.0,True,random_forest,0.5741909160550283,0.5750293871966573,0.0,False,logistic,0.5720886240238107,0.5916302548073441,0.0,False,random_forest,random_forest
2023-01-20,SELL,True,0.5,0.0,-0.5,0.5702808153276242,0.35589640634092284,0.4169133482118895,True,severe,Calibrated downside risk reached the preregistered severe threshold.,0.5702808153276242,0.58194724227606,1.0,True,random_forest,0.5758081789685087,0.5635078729296464,0.0,False,logistic,0.5540722581434102,0.6572339862382671,0.0,False,random_forest,random_forest
2023-01-27,BUY,True,0.0,0.5,0.5,0.5997322313595465,0.34600160996698426,0.4004080717661655,True,moderate,Calibrated downside risk calls for partial rather than binary de-risking.,0.5997322313595465,0.6944145678123289,1.0,True,random_forest,0.5798440652926915,0.5344300675863158,0.0,False,logistic,0.5973415402950539,0.49315581362896155,0.0,False,random_forest,random_forest
2023-02-03,SELL,True,0.5,0.0,-0.5,0.558222260001039,0.35306636181303136,0.41219357816526775,True,severe,Calibrated downside risk reached the preregistered severe threshold.,0.558222260001039,0.5331271865162421,1.0,True,random_forest,0.5799071707480274,0.5339724105548943,0.0,False,logistic,0.6006376904321492,0.4800372066402388,0.0,False,random_forest,random_forest
2023-02-10,BUY,True,0.0,0.5,0.5,0.5724075135663804,0.3229657381129781,0.3620376314819779,True,moderate,Calibrated downside risk calls for partial rather than binary de-risking.,0.5724075135663804,0.590453355663192,1.0,True,random_forest,0.5753930405202848,0.5664735115417674,0.0,False,logistic,0.6100894986111691,0.4424293367779063,0.0,False,random_forest,random_forest
2023-02-17,HOLD,False,0.5,0.5,0.0,0.5773576682215784,0.33035437065069556,0.3743243259536569,True,moderate,Calibrated downside risk calls for partial rather than binary de-risking.,0.5773576682215784,0.6100774183223012,1.0,True,random_forest,0.5757283143274732,0.5640788236475387,0.0,False,logistic,0.5941438071789407,0.5058584698663365,0.0,False,random_forest,random_forest
2023-02-24,SELL,True,0.5,0.0,-0.5,0.544169284784273,0.35580015750524147,0.41675285322344485,True,severe,Calibrated downside risk reached the preregistered severe threshold.,0.544169284784273,0.4758381248415618,1.0,True,random_forest,0.572063640949723,0.5900422058243621,0.0,False,logistic,0.6070068876153262,0.45467811860715984,0.0,False,random_forest,random_forest
2023-03-03,BUY,True,0.0,0.5,0.5,0.6065407742091673,0.34723497733311504,0.40246569000720495,True,moderate,Calibrated downside risk calls for partial rather than binary de-risking.,0.6065407742091673,0.7182325583286262,1.0,True,random_forest,0.5727464263615959,0.5852425032681872,0.0,False,logistic,0.6133988391983536,0.42931891333466676,0.0,False,random_forest,random_forest
2023-03-10,HOLD,False,0.5,0.5,0.0,0.5477016161189696,0.2696963865639084,0.27507042412881805,True,moderate,Calibrated downside risk calls for partial rather than binary de-risking.,0.5477016161189696,0.49020692103765706,1.0,True,random_forest,0.5708270626875497,0.5986859083889692,0.0,False,logistic,0.5721856152180572,0.5912638655676831,0.0,False,random_forest,random_forest
2023-03-17,SELL,True,0.5,0.0,-0.5,0.5898461790529912,0.3601788556291197,0.4240521949498224,True,severe,Calibrated downside risk reached the preregistered severe threshold.,0.5898461790529912,0.6581780408379495,1.0,True,random_forest,0.5746915052524809,0.571472464253205,0.0,False,logistic,0.5786444267903422,0.5666066607215989,0.0,False,random_forest,random_forest
2023-03-24,BUY,True,0.0,0.5,0.5,0.5908264114765968,0.27890588760740687,0.2898124755334411,True,moderate,Calibrated downside risk calls for partial rather than binary de-risking.,0.5908264114765968,0.6618510325849521,1.0,True,random_forest,0.5753205592361758,0.5669907389297162,0.0,False,logistic,0.5912365530284318,0.5173736059086432,0.0,False,random_forest,random_forest
2023-03-31,HOLD,False,0.5,0.5,0.0,0.5728402190891678,0.2501974455868944,0.24444120858466514,True,moderate,Calibrated downside risk calls for partial rather than binary de-risking.,0.5728402190891678,0.5921789014698122,1.0,True,random_forest,0.5756893445270322,0.5643573461387753,0.0,False,logistic,0.589699736230388,0.5234437604652483,0.0,False,random_forest,random_forest
2023-04-06,HOLD,False,0.5,0.5,0.0,0.5680517455452806,0.21892743644200605,0.19739436143996117,True,moderate,Calibrated downside risk calls for partial rather than binary de-risking.,0.5680517455452806,0.5729903600983466,1.0,True,random_forest,0.5758616135776453,0.5631257600623923,0.0,False,logistic,0.5831971185900371,0.5489559406967587,0.0,False,random_forest,random_forest
2023-04-14,BUY,True,0.5,1.0,0.5,0.5905842999541158,0.15896966536108836,0.11689522841831898,True,normal,No sufficiently strong evidence justifies abandoning the structural QQQ exposure.,0.5905842999541158,0.6609453675648393,1.0,True,random_forest,0.5740268781556817,0.5761930497631357,0.0,False,logistic,0.555402107934459,0.6525774638786143,0.0,False,random_forest,random_forest
2023-04-21,HOLD,False,1.0,1.0,0.0,0.6095810534336188,0.13841628679181192,0.09297610328833018,True,normal,No sufficiently strong evidence justifies abandoning the structural QQQ exposure.,0.6095810534336188,0.728540263107552,1.0,True,random_forest,0.5735054083228469,0.579885853736442,0.0,False,logistic,0.5480119131522591,0.6780315756284921,0.0,False,random_forest,random_forest
2023-04-28,SELL,True,1.0,0.5,-0.5,0.5509403311280975,0.2193615745971307,0.1980271399781239,True,moderate,Calibrated downside risk calls for partial rather than binary de-risking.,0.5509403311280975,0.5034133346424028,1.0,True,random_forest,0.5745110351452064,0.5727557862765678,0.0,False,logistic,0.5607742125441846,0.6334456538409545,0.0,False,random_forest,random_forest
2023-05-05,HOLD,False,0.5,0.5,0.0,0.5683609794288401,0.21327029523817947,0.18920672056054622,True,moderate,Calibrated downside risk calls for partial rather than binary de-risking.,0.5683609794288401,0.5742352602447784,1.0,True,random_forest,0.5738030014454857,0.5777796495026525,0.0,False,logistic,0.5848262853046026,0.5425939530443114,0.0,False,random_forest,random_forest
2023-05-12,BUY,True,0.5,1.0,0.5,0.5612926429717582,0.18046663429583845,0.14405384824815753,True,normal,No sufficiently strong evidence justifies abandoning the structural QQQ exposure.,0.5612926429717582,0.5456275831356455,1.0,True,random_forest,0.5742457825515127,0.5746399595563548,0.0,False,logistic,0.5818747240189467,0.5541031170372999,0.0,False,random_forest,random_forest
2023-05-19,HOLD,False,1.0,1.0,0.0,0.5697022546243553,0.16799068397426445,0.1280378767497015,True,normal,No sufficiently strong evidence justifies abandoning the structural QQQ exposure.,0.5697022546243553,0.579626315711054,1.0,True,random_forest,0.5760424732197492,0.561831778289203,0.0,False,logistic,0.5859567234763002,0.5381669629654691,0.0,False,random_forest,random_forest
2023-05-26,HOLD,False,1.0,1.0,0.0,0.4943713911097915,0.19234560826345634,0.15991986684892187,True,normal,No sufficiently strong evidence justifies abandoning the structural QQQ exposure.,0.4943713911097915,0.2884339071973282,1.0,True,random_forest,0.5762432131698854,0.5603944048603402,0.0,False,logistic,0.6224933634772769,0.39363558408264626,0.0,False,random_forest,random_forest
2023-06-02,SELL,True,1.0,0.5,-0.5,0.5041855529806523,0.20207957035507293,0.17334086236362434,True,moderate,Calibrated downside risk calls for partial rather than binary de-risking.,0.5041855529806523,0.32202882411678524,1.0,True,random_forest,0.5780299665219853,0.5475505991784009,0.0,False,logistic,0.5716548905212011,0.5932671994092239,0.0,False,random_forest,random_forest
2023-06-09,HOLD,False,0.5,0.5,0.0,0.5026392437799034,0.20018487400887586,0.1707000217634384,True,moderate,Calibrated downside risk calls for partial rather than binary de-risking.,0.5026392437799034,0.31659955980047894,1.0,True,random_forest,0.5753818145436272,0.5665536312797045,0.0,False,logistic,0.5697963436292055,0.600253020681752,0.0,False,random_forest,random_forest
2023-06-16,BUY,True,0.5,1.0,0.5,0.5016173786412996,0.18090695381862454,0.14463147835189694,True,normal,No sufficiently strong evidence justifies abandoning the structural QQQ exposure.,0.5016173786412996,0.31303889125112766,1.0,True,random_forest,0.576613215716196,0.5577419354296375,0.0,False,logistic,0.5711041591569551,0.5953421207080223,0.0,False,random_forest,random_forest
2023-06-23,HOLD,False,1.0,1.0,0.0,0.5376687960971003,0.19476210246439427,0.16321739856981649,True,normal,No sufficiently strong evidence justifies abandoning the structural QQQ exposure.,0.5376687960971003,0.44956259996017894,1.0,True,random_forest,0.575128354359023,0.5683614941121339,0.0,False,logistic,0.5813272005652999,0.5562295808618798,0.0,False,random_forest,random_forest
2023-06-30,HOLD,False,1.0,1.0,0.0,0.5308676856816253,0.18245086988148893,0.14666334602612796,True,normal,No sufficiently strong evidence justifies abandoning the structural QQQ exposure.,0.5308676856816253,0.4224265139076548,1.0,True,random_forest,0.5748846131946805,0.5700980526642421,0.0,False,logistic,0.5556879924458492,0.6515722057153676,0.0,False,random_forest,random_forest
2023-07-07,HOLD,False,1.0,1.0,0.0,0.5857215791707625,0.16369091402544475,0.12267971217244124,True,normal,No sufficiently strong evidence justifies abandoning the structural QQQ exposure.,0.5857215791707625,0.642547716613492,1.0,True,random_forest,0.5745033619326839,0.5728103257506624,0.0,False,logistic,0.5739923137268391,0.5844169546183642,0.0,False,random_forest,random_forest
2023-07-14,HOLD,False,1.0,1.0,0.0,0.49764014960942654,0.16372469258859293,0.12272147329966271,True,normal,No sufficiently strong evidence justifies abandoning the structural QQQ exposure.,0.49764014960942654,0.29939156683691,1.0,True,random_forest,0.5746206976292842,0.5719761093561473,0.0,False,logistic,0.5802342126866241,0.5604659663995057,0.0,False,random_forest,random_forest
2023-07-21,HOLD,False,1.0,1.0,0.0,0.5470146238134956,0.19600256865504764,0.1649190368775376,True,normal,No sufficiently strong evidence justifies abandoning the structural QQQ exposure.,0.5470146238134956,0.4874088813017328,1.0,True,random_forest,0.5726161282218923,0.5861598758229029,0.0,False,logistic,0.569019136788071,0.603160284464917,0.0,False,random_forest,random_forest
2023-07-28,HOLD,False,1.0,1.0,0.0,0.5631914095453996,0.16785486970703115,0.12786733711986698,True,normal,No sufficiently strong evidence justifies abandoning the structural QQQ exposure.,0.5631914095453996,0.5533397794450224,1.0,True,random_forest,0.5747023202406263,0.5713955237150572,0.0,False,logistic,0.5642101433980857,0.6209532428156475,0.0,False,random_forest,random_forest
2023-08-04,HOLD,False,1.0,1.0,0.0,0.5337583272940698,0.17421208438288413,0.13593893944210722,True,normal,No sufficiently strong evidence justifies abandoning the structural QQQ exposure.,0.5337583272940698,0.43390649811178944,1.0,True,random_forest,0.5720561583101034,0.5900947019021431,0.0,False,logistic,0.5805043946034493,0.5594198303810675,0.0,False,random_forest,random_forest
2023-08-11,HOLD,False,1.0,1.0,0.0,0.5634678925014264,0.14052018307579256,0.09532690267257753,True,normal,No sufficiently strong evidence justifies abandoning the structural QQQ exposure.,0.5634678925014264,0.5544613390789738,1.0,True,random_forest,0.570953777297388,0.5978031763253003,0.0,False,logistic,0.5932014648648594,0.5095950211323357,0.0,False,random_forest,random_forest
2023-08-18,HOLD,False,1.0,1.0,0.0,0.57518327187692,0.1633729966189122,0.12228692399536205,True,normal,No sufficiently strong evidence justifies abandoning the structural QQQ exposure.,0.57518327187692,0.6014898478489958,1.0,True,random_forest,0.5706515247648601,0.5999075937090226,0.0,False,logistic,0.6149648675943564,0.42313382173035224,0.0,False,random_forest,random_forest
2023-08-25,HOLD,False,1.0,1.0,0.0,0.5740001432139669,0.12015555282046657,0.07355880013275237,True,normal,No sufficiently strong evidence justifies abandoning the structural QQQ exposure.,0.5740001432139669,0.5967953390407611,1.0,True,random_forest,0.571941249126936,0.5909005846421517,0.0,False,logistic,0.5971916960698875,0.49375170979845034,0.0,False,random_forest,random_forest
2023-09-01,HOLD,False,1.0,1.0,0.0,0.5657215422346611,0.19508620246259253,0.16366141043951854,True,normal,No sufficiently strong evidence justifies abandoning the structural QQQ exposure.,0.5657215422346611,0.5635876679354003,1.0,True,random_forest,0.5747438534626313,0.5711000091778131,0.0,False,logistic,0.5573587279663172,0.6456679578747891,0.0,False,random_forest,random_forest
2023-09-08,HOLD,False,1.0,1.0,0.0,0.5562342014181214,0.19047342906839507,0.15738104628448416,True,normal,No sufficiently strong evidence justifies abandoning the structural QQQ exposure.,0.5562342014181214,0.5250197559511676,1.0,True,random_forest,0.5734571019421371,0.5802274326333958,0.0,False,logistic,0.5663838451249834,0.6129535331079946,0.0,False,random_forest,random_forest
2023-09-15,HOLD,False,1.0,1.0,0.0,0.5644512933194923,0.14412192251627007,0.09940410261519919,True,normal,No sufficiently strong evidence justifies abandoning the structural QQQ exposure.,0.5644512933194923,0.5584472577904879,1.0,True,random_forest,0.5746475012163131,0.5717854790921834,0.0,False,logistic,0.5667559744374314,0.6115768109559179,0.0,False,random_forest,random_forest
2023-09-22,HOLD,False,1.0,1.0,0.0,0.6101999971654681,0.13391823232626254,0.08802751710131416,True,normal,No sufficiently strong evidence justifies abandoning the structural QQQ exposure.,0.6101999971654681,0.7306129485744204,1.0,True,random_forest,0.5725344826485423,0.5867343665888853,0.0,False,logistic,0.5858558673939773,0.5385623312401913,0.0,False,random_forest,random_forest
2023-09-29,HOLD,False,1.0,1.0,0.0,0.5784301740174668,0.16084579386310774,0.11918132682058151,True,normal,No sufficiently strong evidence justifies abandoning the structural QQQ exposure.,0.5784301740174668,0.6142928404627898,1.0,True,random_forest,0.5720544214341257,0.5901068870049034,0.0,False,logistic,0.6140265146056059,0.4268382407215549,0.0,False,random_forest,random_forest
2023-10-06,HOLD,False,1.0,1.0,0.0,0.5737873333545437,0.11683076714133742,0.07021973283832604,True,normal,No sufficiently strong evidence justifies abandoning the structural QQQ exposure.,0.5737873333545437,0.5959493832851083,1.0,True,random_forest,0.5738575233884737,0.5773934223178755,0.0,False,logistic,0.6081347759847493,0.45019326738029464,0.0,False,random_forest,random_forest
2023-10-13,HOLD,False,1.0,1.0,0.0,0.6002197214196409,0.11675794347515484,0.07014729172118739,True,normal,No sufficiently strong evidence justifies abandoning the structural QQQ exposure.,0.6002197214196409,0.6961524082847131,1.0,True,random_forest,0.573515828743033,0.5798121586323126,0.0,False,logistic,0.617444339551177,0.4133717045750695,0.0,False,random_forest,random_forest
2023-10-20,HOLD,False,1.0,1.0,0.0,0.5923911508035408,0.1743926489964545,0.13617082436766298,True,normal,No sufficiently strong evidence justifies abandoning the structural QQQ exposure.,0.5923911508035408,0.6676794088504725,1.0,True,random_forest,0.5729466609221305,0.5838314492557534,0.0,False,logistic,0.609583103593282,0.44443947259070693,0.0,False,random_forest,random_forest
2023-10-27,SELL,True,1.0,0.5,-0.5,0.57091078663915,0.2423692346916677,0.23240195395682514,True,moderate,Calibrated downside risk calls for partial rather than binary de-risking.,0.57091078663915,0.5844711555662445,1.0,True,random_forest,0.5721825725637516,0.5892075095296907,0.0,False,logistic,0.6122011943378806,0.4340578236850937,0.0,False,random_forest,random_forest
2023-11-03,BUY,True,0.5,1.0,0.5,0.6282324515385356,0.0979401863002347,0.052454876285279374,True,normal,No sufficiently strong evidence justifies abandoning the structural QQQ exposure.,0.6282324515385356,0.7869476932485727,1.0,True,random_forest,0.576068749855162,0.56164369643211,0.0,False,logistic,0.5648318284783311,0.6186727375394265,0.0,False,random_forest,random_forest
2023-11-10,SELL,True,1.0,0.5,-0.5,0.5663280320561132,0.21709859722888403,0.19473562581512024,True,moderate,Calibrated downside risk calls for partial rather than binary de-risking.,0.5663280320561132,0.5660384791254849,1.0,True,random_forest,0.5754993483484017,0.5657145938606509,0.0,False,logistic,0.5594191573975879,0.6383187126537689,0.0,False,random_forest,random_forest
2023-11-17,BUY,True,0.5,1.0,0.5,0.5908901367877657,0.19192255978165798,0.15934495596864562,True,normal,No sufficiently strong evidence justifies abandoning the structural QQQ exposure.,0.5908901367877657,0.6620892400372402,1.0,True,random_forest,0.5770827328634506,0.5543704490445853,0.0,False,logistic,0.5766653551467777,0.5742135868529543,0.0,False,random_forest,random_forest
2023-11-24,HOLD,False,1.0,1.0,0.0,0.5505115879379657,0.12591210785058327,0.07948534332658186,True,normal,No sufficiently strong evidence justifies abandoning the structural QQQ exposure.,0.5505115879379657,0.5016639481123247,1.0,True,random_forest,0.5787056856481056,0.5426719684703522,0.0,False,logistic,0.5939261852188241,0.50672169525466,0.0,False,random_forest,random_forest
2023-12-01,HOLD,False,1.0,1.0,0.0,0.5527207605347169,0.11585639591820392,0.06925296191618853,True,normal,No sufficiently strong evidence justifies abandoning the structural QQQ exposure.,0.5527207605347169,0.510679919689066,1.0,True,random_forest,0.5760716957771687,0.561622608931285,0.0,False,logistic,0.5461177837840988,0.6843843389836025,0.0,False,random_forest,random_forest
2023-12-08,HOLD,False,1.0,1.0,0.0,0.5567739980980426,0.15889219989879028,0.11680119344555207,True,normal,No sufficiently strong evidence justifies abandoning the structural QQQ exposure.,0.5567739980980426,0.5272218289044872,1.0,True,random_forest,0.5757944596409993,0.5636059661589499,0.0,False,logistic,0.5394462361726635,0.7061743329774416,0.0,False,random_forest,random_forest
2023-12-15,SELL,True,1.0,0.5,-0.5,0.5217670830309586,0.22704985132519195,0.20933454126215606,True,moderate,Calibrated downside risk calls for partial rather than binary de-risking.,0.5217670830309586,0.3869290277003571,1.0,True,random_forest,0.5755402184608955,0.5654227319833811,0.0,False,logistic,0.5377476929081877,0.7115722335219891,0.0,False,random_forest,random_forest
2023-12-22,HOLD,False,0.5,0.5,0.0,0.4990087977527039,0.22374394780202375,0.20444922464536697,True,moderate,Calibrated downside risk calls for partial rather than binary de-risking.,0.4990087977527039,0.3040494822016253,1.0,True,random_forest,0.5747135220884805,0.5713158267845129,0.0,False,logistic,0.5558006521039097,0.651175652430987,0.0,False,random_forest,random_forest
2023-12-29,BUY,True,0.5,1.0,0.5,0.5232591783538424,0.12380179562162286,0.07729151956566037,True,normal,No sufficiently strong evidence justifies abandoning the structural QQQ exposure.,0.5232591783538424,0.3926735481715914,1.0,True,random_forest,0.5747810701644649,0.5708351578100956,0.0,False,logistic,0.5550010988180484,0.6539850285746711,0.0,False,random_forest,random_forest
2024-01-05,HOLD,False,1.0,1.0,0.0,0.5650414176019767,0.11034161354615023,0.05416242805451022,True,normal,No sufficiently strong evidence justifies abandoning the structural QQQ exposure.,0.5650414176019767,0.4901502267880129,1.0,True,random_forest,0.5877993378101648,0.5910533782339984,0.0,False,logistic,0.5877768442307699,0.5997689832800394,0.0,False,random_forest,random_forest
2024-01-12,HOLD,False,1.0,1.0,0.0,0.5933903673525422,0.1094952860321306,0.05324305213286998,True,normal,No sufficiently strong evidence justifies abandoning the structural QQQ exposure.,0.5933903673525422,0.5993051943092145,1.0,True,random_forest,0.5902208798710189,0.5804669917571773,0.0,False,logistic,0.5979697638841565,0.5466828798624348,0.0,False,random_forest,random_forest
2024-01-19,HOLD,False,1.0,1.0,0.0,0.5551443543582486,0.136056149661602,0.08622528424808815,True,normal,No sufficiently strong evidence justifies abandoning the structural QQQ exposure.,0.5551443543582486,0.4521480563238907,1.0,True,random_forest,0.5908936984195235,0.5775085624059968,0.0,False,logistic,0.6030901824444435,0.5193611317501388,0.0,False,random_forest,random_forest
2024-01-26,HOLD,False,1.0,1.0,0.0,0.5764422221504396,0.12983892158396482,0.07774132259419729,True,normal,No sufficiently strong evidence justifies abandoning the structural QQQ exposure.,0.5764422221504396,0.5342894159969167,1.0,True,random_forest,0.5899417834263053,0.5816920798969832,0.0,False,logistic,0.6059539920083692,0.5039665956041309,0.0,False,random_forest,random_forest
2024-02-02,HOLD,False,1.0,1.0,0.0,0.5741134381339316,0.14229798755129106,0.09520774685652134,True,normal,No sufficiently strong evidence justifies abandoning the structural QQQ exposure.,0.5741134381339316,0.525270358534295,1.0,True,random_forest,0.5926131610869166,0.5699162642952301,0.0,False,logistic,0.6004728343545844,0.5333663781873716,0.0,False,random_forest,random_forest
2024-02-09,HOLD,False,1.0,1.0,0.0,0.5405952916279388,0.1391351126137873,0.09059820490224757,True,normal,No sufficiently strong evidence justifies abandoning the structural QQQ exposure.,0.5405952916279388,0.3976841321210808,1.0,True,random_forest,0.5921793456549815,0.571835968033911,0.0,False,logistic,0.5954488422368811,0.559999908859186,0.0,False,random_forest,random_forest
2024-02-16,HOLD,False,1.0,1.0,0.0,0.5776638544022962,0.13874887538861605,0.09004344826943766,True,normal,No sufficiently strong evidence justifies abandoning the structural QQQ exposure.,0.5776638544022962,0.5390172758217637,1.0,True,random_forest,0.5882945883643657,0.5888963085293081,0.0,False,logistic,0.5880465565348063,0.5983935917648415,0.0,False,random_forest,random_forest
2024-02-23,HOLD,False,1.0,1.0,0.0,0.562721818724941,0.1585371283575589,0.12071699108957454,True,normal,No sufficiently strong evidence justifies abandoning the structural QQQ exposure.,0.562721818724941,0.48120024590210486,1.0,True,random_forest,0.5893740400443813,0.5841802732398746,0.0,False,logistic,0.5833290245622998,0.6221722776548778,0.0,False,random_forest,random_forest
2024-03-01,HOLD,False,1.0,1.0,0.0,0.5581396197368642,0.15001341512154925,0.10694662894359382,True,normal,No sufficiently strong evidence justifies abandoning the structural QQQ exposure.,0.5581396197368642,0.46359161454724407,1.0,True,random_forest,0.5916812786561124,0.574036546221385,0.0,False,logistic,0.5910719673175948,0.5828451075866868,0.0,False,random_forest,random_forest
2024-03-08,HOLD,False,1.0,1.0,0.0,0.5757265478291684,0.1561625082197264,0.11679734079986735,True,normal,No sufficiently strong evidence justifies abandoning the structural QQQ exposure.,0.5757265478291684,0.5315184387958996,1.0,True,random_forest,0.5879369716176235,0.5904543382666992,0.0,False,logistic,0.5789657383924403,0.6435908707971442,0.0,False,random_forest,random_forest
2024-03-15,HOLD,False,1.0,1.0,0.0,0.537076314367203,0.17604419920940254,0.15153417665739136,True,normal,No sufficiently strong evidence justifies abandoning the structural QQQ exposure.,0.537076314367203,0.38487234075452514,1.0,True,random_forest,0.5871893926105256,0.5937041238694548,0.0,False,logistic,0.5773738982348817,0.651254288364881,0.0,False,random_forest,random_forest
2024-03-22,HOLD,False,1.0,1.0,0.0,0.5544037130704033,0.1405587148560758,0.09265825946087025,True,normal,No sufficiently strong evidence justifies abandoning the structural QQQ exposure.,0.5544037130704033,0.4493280967908851,1.0,True,random_forest,0.5903514876945148,0.5798932619205754,0.0,False,logistic,0.5884536955938189,0.596313952581004,0.0,False,random_forest,random_forest
2024-03-28,HOLD,False,1.0,1.0,0.0,0.5607177082460658,0.12228310273306056,0.06805784926137466,True,normal,No sufficiently strong evidence justifies abandoning the structural QQQ exposure.,0.5607177082460658,0.4734855597509595,1.0,True,random_forest,0.5883194074465222,0.5887880975430596,0.0,False,logistic,0.5810439674122195,0.6334625308224543,0.0,False,random_forest,random_forest
2024-04-05,HOLD,False,1.0,1.0,0.0,0.5505752158447731,0.13633632184148442,0.08661851992907423,True,normal,No sufficiently strong evidence justifies abandoning the structural QQQ exposure.,0.5505752158447731,0.4348213036731,1.0,True,random_forest,0.5870019679251379,0.594517326959041,0.0,False,logistic,0.5836501399309482,0.6205732649662058,0.0,False,random_forest,random_forest
2024-04-12,HOLD,False,1.0,1.0,0.0,0.5627161634895694,0.15084792090228863,0.10825795111422488,True,normal,No sufficiently strong evidence justifies abandoning the structural QQQ exposure.,0.5627161634895694,0.4811784511297563,1.0,True,random_forest,0.5875578534499086,0.5921036210886965,0.0,False,logistic,0.5875828547412046,0.6007570921360083,0.0,False,random_forest,random_forest
2024-04-19,HOLD,False,1.0,1.0,0.0,0.6197084823118547,0.16814203680307555,0.13721329733365736,True,normal,No sufficiently strong evidence justifies abandoning the structural QQQ exposure.,0.6197084823118547,0.6945775632445957,1.0,True,random_forest,0.5816615865343258,0.6174109552236593,0.0,False,logistic,0.5948362513175373,0.5632196991364481,0.0,False,random_forest,random_forest
2024-04-26,HOLD,False,1.0,1.0,0.0,0.6258686364327908,0.15022430674061676,0.10727725698985431,True,normal,No sufficiently strong evidence justifies abandoning the structural QQQ exposure.,0.6258686364327908,0.7152901872662112,1.0,True,random_forest,0.5880851707227382,0.5898089464724413,0.0,False,logistic,0.6061596526848364,0.5028589262400286,0.0,False,random_forest,random_forest
2024-05-03,HOLD,False,1.0,1.0,0.0,0.6261569722368288,0.14935485042219343,0.10591747782744752,True,normal,No sufficiently strong evidence justifies abandoning the structural QQQ exposure.,0.6261569722368288,0.716241962296053,1.0,True,random_forest,0.587553581547617,0.5921221908849301,0.0,False,logistic,0.584202218518858,0.6178172133002927,0.0,False,random_forest,random_forest
2024-05-10,HOLD,False,1.0,1.0,0.0,0.5796811926814721,0.15234206307025627,0.11062592494921153,True,normal,No sufficiently strong evidence justifies abandoning the structural QQQ exposure.,0.5796811926814721,0.5468169248679859,1.0,True,random_forest,0.5887703357941012,0.5868202257503802,0.0,False,logistic,0.5950618983683923,0.562034479725941,0.0,False,random_forest,random_forest
2024-05-17,HOLD,False,1.0,1.0,0.0,0.5934958737791981,0.13513073163322142,0.08493308779609286,True,normal,No sufficiently strong evidence justifies abandoning the structural QQQ exposure.,0.5934958737791981,0.5997040331755479,1.0,True,random_forest,0.593015479113739,0.5681334875130922,0.0,False,logistic,0.5764514847395349,0.6556562139085029,0.0,False,random_forest,random_forest
2024-05-24,HOLD,False,1.0,1.0,0.0,0.6021095109622957,0.082056909252166,0.028060002000546327,True,normal,No sufficiently strong evidence justifies abandoning the structural QQQ exposure.,0.6021095109622957,0.6318877164593248,1.0,True,random_forest,0.5913725931152402,0.5753985103263737,0.0,False,logistic,0.5830512127973106,0.6235532344998715,0.0,False,random_forest,random_forest
2024-05-31,HOLD,False,1.0,1.0,0.0,0.5629380089562582,0.1318777991953963,0.0804723717160286,True,normal,No sufficiently strong evidence justifies abandoning the structural QQQ exposure.,0.5629380089562582,0.48203352380752174,1.0,True,random_forest,0.5900787076530238,0.5810912105595025,0.0,False,logistic,0.581333465975898,0.6320408903279744,0.0,False,random_forest,random_forest
2024-06-07,HOLD,False,1.0,1.0,0.0,0.6041465329759763,0.18582751025155322,0.17015542845011533,True,normal,No sufficiently strong evidence justifies abandoning the structural QQQ exposure.,0.6041465329759763,0.6393745873047388,1.0,True,random_forest,0.5913947907781366,0.575300619667086,0.0,False,logistic,0.5866923615099844,0.6052805326656673,0.0,False,random_forest,random_forest
2024-06-14,HOLD,False,1.0,1.0,0.0,0.5247650653688518,0.19427001722291723,0.18697233145635384,True,normal,No sufficiently strong evidence justifies abandoning the structural QQQ exposure.,0.5247650653688518,0.34147898240952695,1.0,True,random_forest,0.5923339010118185,0.5711523533662379,0.0,False,logistic,0.5913461885972489,0.5814253822301316,0.0,False,random_forest,random_forest
2024-06-21,HOLD,False,1.0,1.0,0.0,0.5052953551266038,0.170266885902543,0.14099893232469926,True,normal,No sufficiently strong evidence justifies abandoning the structural QQQ exposure.,0.5052953551266038,0.27831208563479665,1.0,True,random_forest,0.5907606585439812,0.5780941145958128,0.0,False,logistic,0.5902901263976891,0.5868837207659818,0.0,False,random_forest,random_forest
2024-06-28,HOLD,False,1.0,1.0,0.0,0.5935129956567415,0.16194526163890946,0.12645351233165045,True,normal,No sufficiently strong evidence justifies abandoning the structural QQQ exposure.,0.5935129956567415,0.5997687484900482,1.0,True,random_forest,0.5908419413626376,0.5777363951549757,0.0,False,logistic,0.5768412328196066,0.6537997827332312,0.0,False,random_forest,random_forest
2024-07-05,HOLD,False,1.0,1.0,0.0,0.5166838226085266,0.18203910960263894,0.16283108659544315,True,normal,No sufficiently strong evidence justifies abandoning the structural QQQ exposure.,0.5166838226085266,0.3143812089106823,1.0,True,random_forest,0.5928096687332259,0.5690457797859955,0.0,False,logistic,0.5901817208258755,0.5874425967990434,0.0,False,random_forest,random_forest
2024-07-12,HOLD,False,1.0,1.0,0.0,0.5626502325672985,0.11468428425856118,0.0590160125945552,True,normal,No sufficiently strong evidence justifies abandoning the structural QQQ exposure.,0.5626502325672985,0.48092436918118303,1.0,True,random_forest,0.5900850797101855,0.5810632404750069,0.0,False,logistic,0.59199733022174,0.5780476756707211,0.0,False,random_forest,random_forest
2024-07-19,HOLD,False,1.0,1.0,0.0,0.5443737792105261,0.11975955822920233,0.06497753860050817,True,normal,No sufficiently strong evidence justifies abandoning the structural QQQ exposure.,0.5443737792105261,0.4116148701376888,1.0,True,random_forest,0.5855742772779972,0.6006909698456687,0.0,False,logistic,0.5893294225351126,0.5918270311715743,0.0,False,random_forest,random_forest
2024-07-26,SELL,True,1.0,0.5,-0.5,0.6334931019528514,0.263272075375932,0.34368855507820084,True,moderate,Calibrated downside risk calls for partial rather than binary de-risking.,0.6334931019528514,0.7398957783753191,1.0,True,random_forest,0.584801803155121,0.6040155723993192,0.0,False,logistic,0.5862390317034001,0.6075753539638071,0.0,False,random_forest,random_forest
2024-08-02,HOLD,False,0.5,0.5,0.0,0.6138048783483551,0.2383659361963425,0.28408658844593876,True,moderate,Calibrated downside risk calls for partial rather than binary de-risking.,0.6138048783483551,0.6740873393040187,1.0,True,random_forest,0.5816158161744255,0.6176047313254258,0.0,False,logistic,0.5909631746818621,0.5834078992794146,0.0,False,random_forest,random_forest
2024-08-09,HOLD,False,0.5,0.5,0.0,0.5955113746053299,0.2520374004058973,0.31653122476087087,True,moderate,Calibrated downside risk calls for partial rather than binary de-risking.,0.5955113746053299,0.607303443791645,1.0,True,random_forest,0.5834527490760784,0.6097942657585536,0.0,False,logistic,0.5814785595524672,0.6313274097134095,0.0,False,random_forest,random_forest
2024-08-16,BUY,True,0.5,1.0,0.5,0.6279773750538803,0.17919586698495815,0.15742774220526512,True,normal,No sufficiently strong evidence justifies abandoning the structural QQQ exposure.,0.6279773750538803,0.7222131503986384,1.0,True,random_forest,0.5902012669207745,0.5805531233215575,0.0,False,logistic,0.5778773487194173,0.6488396494268034,0.0,False,random_forest,random_forest
2024-08-23,HOLD,False,1.0,1.0,0.0,0.5891774847908532,0.17154427600933833,0.14329799230459417,True,normal,No sufficiently strong evidence justifies abandoning the structural QQQ exposure.,0.5891774847908532,0.5833036847632898,1.0,True,random_forest,0.5900063381805138,0.5814088297459229,0.0,False,logistic,0.5777698398201129,0.6493559915455477,0.0,False,random_forest,random_forest
2024-08-30,HOLD,False,1.0,1.0,0.0,0.6190270987620272,0.1455098484495398,0.10000973058723828,True,normal,No sufficiently strong evidence justifies abandoning the structural QQQ exposure.,0.6190270987620272,0.6922435000104797,1.0,True,random_forest,0.5902905860317411,0.5801608227074667,0.0,False,logistic,0.5788082359290343,0.6443528308594164,0.0,False,random_forest,random_forest
2024-09-06,SELL,True,1.0,0.5,-0.5,0.5885234008325877,0.2617822091200142,0.3400674460192114,True,moderate,Calibrated downside risk calls for partial rather than binary de-risking.,0.5885234008325877,0.5808071380483537,1.0,True,random_forest,0.5854158512422588,0.6013737246183705,0.0,False,logistic,0.583162446292696,0.6230005820437082,0.0,False,random_forest,random_forest
2024-09-13,HOLD,False,0.5,0.5,0.0,0.6456263035403853,0.20797057011315576,0.21561389486874286,True,moderate,Calibrated downside risk calls for partial rather than binary de-risking.,0.6456263035403853,0.7764985165595026,1.0,True,random_forest,0.5903562530036908,0.5798723238728941,0.0,False,logistic,0.591862748015319,0.5787465489900926,0.0,False,random_forest,random_forest
2024-09-20,HOLD,False,0.5,0.5,0.0,0.6193044099736845,0.2042064699430988,0.20758777062785452,True,moderate,Calibrated downside risk calls for partial rather than binary de-risking.,0.6193044099736845,0.6931944245354918,1.0,True,random_forest,0.5890679285162581,0.5855196358712197,0.0,False,logistic,0.5890439674611299,0.5932916425524953,0.0,False,random_forest,random_forest
2024-09-27,BUY,True,0.5,1.0,0.5,0.6260558104063882,0.1937439589984873,0.18590512127818057,True,normal,No sufficiently strong evidence justifies abandoning the structural QQQ exposure.,0.6260558104063882,0.715908219824282,1.0,True,random_forest,0.5897753282164205,0.5824221322274369,0.0,False,logistic,0.5912697716161266,0.581821181922571,0.0,False,random_forest,random_forest
2024-10-04,HOLD,False,1.0,1.0,0.0,0.6339969838182381,0.17632975417646443,0.15206395471654144,True,normal,No sufficiently strong evidence justifies abandoning the structural QQQ exposure.,0.6339969838182381,0.7414796385648147,1.0,True,random_forest,0.591863596667687,0.5732314541497255,0.0,False,logistic,0.6002018785537716,0.5348118579701752,0.0,False,random_forest,random_forest
2024-10-11,HOLD,False,1.0,1.0,0.0,0.6036027847927562,0.11597575812328685,0.06050342518327286,True,normal,No sufficiently strong evidence justifies abandoning the structural QQQ exposure.,0.6036027847927562,0.6373812565906767,1.0,True,random_forest,0.5901549408429166,0.5807565428499016,0.0,False,logistic,0.6126262834725553,0.4679667924638491,0.0,False,random_forest,random_forest
2024-10-18,HOLD,False,1.0,1.0,0.0,0.6168022492144835,0.19478684946200311,0.18802326545739956,True,normal,No sufficiently strong evidence justifies abandoning the structural QQQ exposure.,0.6168022492144835,0.6845652880727067,1.0,True,random_forest,0.5892047396405182,0.5849212238257416,0.0,False,logistic,0.6090249199593841,0.4874075443549999,0.0,False,random_forest,random_forest
2024-10-25,HOLD,False,1.0,1.0,0.0,0.6223750827369593,0.11682691373721463,0.061494752807628464,True,normal,No sufficiently strong evidence justifies abandoning the structural QQQ exposure.,0.6223750827369593,0.7036309147788671,1.0,True,random_forest,0.5887525728217123,0.586897809398401,0.0,False,logistic,0.6112356203071453,0.47547328857571614,0.0,False,random_forest,random_forest
2024-11-01,HOLD,False,1.0,1.0,0.0,0.5850210860668454,0.1702454425953542,0.14096048695183463,True,normal,No sufficiently strong evidence justifies abandoning the structural QQQ exposure.,0.5850210860668454,0.5673920540008583,1.0,True,random_forest,0.5871331113794337,0.5939483840434575,0.0,False,logistic,0.5993064305316411,0.5395822380544069,0.0,False,random_forest,random_forest
2024-11-08,HOLD,False,1.0,1.0,0.0,0.6107578789769608,0.15855244834294563,0.12074248586418766,True,normal,No sufficiently strong evidence justifies abandoning the structural QQQ exposure.,0.6107578789769608,0.6632862398524192,1.0,True,random_forest,0.5923777023306842,0.5709585513082808,0.0,False,logistic,0.5808771158152785,0.6342807121943707,0.0,False,random_forest,random_forest
2024-11-15,HOLD,False,1.0,1.0,0.0,0.6011140433682667,0.15496995150632398,0.11485300553624303,True,normal,No sufficiently strong evidence justifies abandoning the structural QQQ exposure.,0.6011140433682667,0.62821024538659,1.0,True,random_forest,0.586373229472701,0.5972407093943285,0.0,False,logistic,0.5937624058977043,0.5688471352264977,0.0,False,random_forest,random_forest
2024-11-22,HOLD,False,1.0,1.0,0.0,0.5966709293701452,0.15855783406275872,0.1207514491455769,True,normal,No sufficiently strong evidence justifies abandoning the structural QQQ exposure.,0.5966709293701452,0.611657794804725,1.0,True,random_forest,0.5896852465337229,0.5828170315631046,0.0,False,logistic,0.5811572202939439,0.6329066876914117,0.0,False,random_forest,random_forest
2024-11-29,HOLD,False,1.0,1.0,0.0,0.597611937644582,0.1242526081570577,0.07051544692704557,True,normal,No sufficiently strong evidence justifies abandoning the structural QQQ exposure.,0.597611937644582,0.6151814054393129,1.0,True,random_forest,0.5909181761521192,0.5774007977030787,0.0,False,logistic,0.5713297267705891,0.6795559016529215,0.0,False,random_forest,random_forest
2024-12-06,HOLD,False,1.0,1.0,0.0,0.6050070297836573,0.14240880505530432,0.09537140070339972,True,normal,No sufficiently strong evidence justifies abandoning the structural QQQ exposure.,0.6050070297836573,0.6425211966369831,1.0,True,random_forest,0.5906402615346563,0.5786237818424166,0.0,False,logistic,0.5877537717596907,0.5998865556694679,0.0,False,random_forest,random_forest
2024-12-13,HOLD,False,1.0,1.0,0.0,0.6110423880835132,0.12335509778984792,0.06938968944352998,True,normal,No sufficiently strong evidence justifies abandoning the structural QQQ exposure.,0.6110423880835132,0.6643009281149335,1.0,True,random_forest,0.5903058226947475,0.5800938886522267,0.0,False,logistic,0.6034601819297515,0.5173757892647747,0.0,False,random_forest,random_forest
2024-12-20,HOLD,False,1.0,1.0,0.0,0.5788880587256957,0.152359076333464,0.11065303650217494,True,normal,No sufficiently strong evidence justifies abandoning the structural QQQ exposure.,0.5788880587256957,0.5437517395697631,1.0,True,random_forest,0.5880541653737006,0.5899440029780538,0.0,False,logistic,0.5818827285735058,0.62933656627651,0.0,False,random_forest,random_forest
2024-12-27,HOLD,False,1.0,1.0,0.0,0.5712542975857381,0.1541387721791719,0.11350745612625189,True,normal,No sufficiently strong evidence justifies abandoning the structural QQQ exposure.,0.5712542975857381,0.5141927308011203,1.0,True,random_forest,0.5903944940657782,0.5797042853264122,0.0,False,logistic,0.6126557309807883,0.4678078792777502,0.0,False,random_forest,random_forest
2024-12-31,HOLD,False,1.0,1.0,0.0,0.6076366782363894,0.12853591793122424,0.07602219928929528,True,normal,No sufficiently strong evidence justifies abandoning the structural QQQ exposure.,0.6076366782363894,0.6520749830846077,1.0,True,random_forest,0.5864191881587054,0.5970418814279886,0.0,False,logistic,0.6072337882543416,0.49707022075858637,0.0,False,random_forest,random_forest
