date,trend_score,forecast_volatility,drawdown_252,relative_strength_20,trend_vote,volatility_risk,drawdown_risk,relative_strength_vote,risk_score,committee_score,conservative_profile,conservative_profile_label,conservative_desired_position,conservative_policy_state,conservative_signal_strength,conservative_explanation,conservative_action,balanced_profile,balanced_profile_label,balanced_desired_position,balanced_policy_state,balanced_signal_strength,balanced_explanation,balanced_action,aggressive_profile,aggressive_profile_label,aggressive_desired_position,aggressive_policy_state,aggressive_signal_strength,aggressive_explanation,aggressive_action
2004-01-02,1.0,0.1737439638866379,-0.0054703211057486,-0.0109926063324279,1.0,0.0,0.0,-1.0,0.0,0.6,conservative,Conservador,1.15,GROWTH,1.0,Estado GROWTH; tendencia 100%; volatilidad anualizada 17.4%; drawdown a 252 sesiones -0.5%; exposición propuesta 115%.,HOLD,balanced,Equilibrado,1.5,VOLATILITY_MANAGED,1.0,Estado VOLATILITY_MANAGED; tendencia 100%; volatilidad anualizada 17.4%; drawdown a 252 sesiones -0.5%; exposición propuesta 150%.,HOLD,aggressive,Agresivo,1.75,GROWTH,1.0,Estado GROWTH; tendencia 100%; volatilidad anualizada 17.4%; drawdown a 252 sesiones -0.5%; exposición propuesta 175%.,HOLD
2004-01-09,1.0,0.1458708856687875,-0.0065821724926378,0.0341442112419143,1.0,0.0,0.0,1.0,0.0,0.7999999999999999,conservative,Conservador,1.15,GROWTH,1.0,Estado GROWTH; tendencia 100%; volatilidad anualizada 14.6%; drawdown a 252 sesiones -0.7%; exposición propuesta 115%.,HOLD,balanced,Equilibrado,1.5,VOLATILITY_MANAGED,1.0,Estado VOLATILITY_MANAGED; tendencia 100%; volatilidad anualizada 14.6%; drawdown a 252 sesiones -0.7%; exposición propuesta 150%.,HOLD,aggressive,Agresivo,1.75,GROWTH,1.0,Estado GROWTH; tendencia 100%; volatilidad anualizada 14.6%; drawdown a 252 sesiones -0.7%; exposición propuesta 175%.,HOLD
2004-01-16,1.0,0.1326619356882562,0.0,0.0474866025164513,1.0,0.0,0.0,1.0,0.0,0.7999999999999999,conservative,Conservador,1.15,GROWTH,1.0,Estado GROWTH; tendencia 100%; volatilidad anualizada 13.3%; drawdown a 252 sesiones 0.0%; exposición propuesta 115%.,HOLD,balanced,Equilibrado,1.5,VOLATILITY_MANAGED,1.0,Estado VOLATILITY_MANAGED; tendencia 100%; volatilidad anualizada 13.3%; drawdown a 252 sesiones 0.0%; exposición propuesta 150%.,HOLD,aggressive,Agresivo,1.75,GROWTH,1.0,Estado GROWTH; tendencia 100%; volatilidad anualizada 13.3%; drawdown a 252 sesiones 0.0%; exposición propuesta 175%.,HOLD
2004-01-23,1.0,0.1314570891413038,-0.0145190692639904,0.0181290465919798,1.0,0.0,0.0,1.0,0.0,0.7999999999999999,conservative,Conservador,1.15,GROWTH,1.0,Estado GROWTH; tendencia 100%; volatilidad anualizada 13.1%; drawdown a 252 sesiones -1.5%; exposición propuesta 115%.,HOLD,balanced,Equilibrado,1.5,VOLATILITY_MANAGED,1.0,Estado VOLATILITY_MANAGED; tendencia 100%; volatilidad anualizada 13.1%; drawdown a 252 sesiones -1.5%; exposición propuesta 150%.,HOLD,aggressive,Agresivo,1.75,GROWTH,1.0,Estado GROWTH; tendencia 100%; volatilidad anualizada 13.1%; drawdown a 252 sesiones -1.5%; exposición propuesta 175%.,HOLD
2004-01-30,1.0,0.1712830293002669,-0.0393880379143914,-0.0030382972180742,1.0,0.0,0.0,-1.0,0.0,0.6,conservative,Conservador,1.15,GROWTH,1.0,Estado GROWTH; tendencia 100%; volatilidad anualizada 17.1%; drawdown a 252 sesiones -3.9%; exposición propuesta 115%.,HOLD,balanced,Equilibrado,1.5,VOLATILITY_MANAGED,1.0,Estado VOLATILITY_MANAGED; tendencia 100%; volatilidad anualizada 17.1%; drawdown a 252 sesiones -3.9%; exposición propuesta 150%.,HOLD,aggressive,Agresivo,1.75,GROWTH,1.0,Estado GROWTH; tendencia 100%; volatilidad anualizada 17.1%; drawdown a 252 sesiones -3.9%; exposición propuesta 175%.,HOLD
2004-02-06,0.8,0.1714769049049649,-0.0378331581298243,-0.0318171515489745,0.6000000000000001,0.0,0.0,-1.0,0.0,0.32000000000000006,conservative,Conservador,1.15,GROWTH,0.8,Estado GROWTH; tendencia 80%; volatilidad anualizada 17.1%; drawdown a 252 sesiones -3.8%; exposición propuesta 115%.,HOLD,balanced,Equilibrado,1.5,VOLATILITY_MANAGED,0.8,Estado VOLATILITY_MANAGED; tendencia 80%; volatilidad anualizada 17.1%; drawdown a 252 sesiones -3.8%; exposición propuesta 150%.,HOLD,aggressive,Agresivo,1.75,GROWTH,0.8,Estado GROWTH; tendencia 80%; volatilidad anualizada 17.1%; drawdown a 252 sesiones -3.8%; exposición propuesta 175%.,HOLD
2004-02-13,0.8,0.1645181307296656,-0.0427572864997038,-0.0443436936814729,0.6000000000000001,0.0,0.0,-1.0,0.0,0.32000000000000006,conservative,Conservador,1.15,GROWTH,0.8,Estado GROWTH; tendencia 80%; volatilidad anualizada 16.5%; drawdown a 252 sesiones -4.3%; exposición propuesta 115%.,HOLD,balanced,Equilibrado,1.5,VOLATILITY_MANAGED,0.8,Estado VOLATILITY_MANAGED; tendencia 80%; volatilidad anualizada 16.5%; drawdown a 252 sesiones -4.3%; exposición propuesta 150%.,HOLD,aggressive,Agresivo,1.75,GROWTH,0.8,Estado GROWTH; tendencia 80%; volatilidad anualizada 16.5%; drawdown a 252 sesiones -4.3%; exposición propuesta 175%.,HOLD
2004-02-20,0.8,0.1750906511571745,-0.0448302638969838,-0.0345116395302411,0.6000000000000001,0.0,0.0,-1.0,0.0,0.32000000000000006,conservative,Conservador,1.15,GROWTH,0.8,Estado GROWTH; tendencia 80%; volatilidad anualizada 17.5%; drawdown a 252 sesiones -4.5%; exposición propuesta 115%.,HOLD,balanced,Equilibrado,1.5,VOLATILITY_MANAGED,0.8,Estado VOLATILITY_MANAGED; tendencia 80%; volatilidad anualizada 17.5%; drawdown a 252 sesiones -4.5%; exposición propuesta 150%.,HOLD,aggressive,Agresivo,1.75,GROWTH,0.8,Estado GROWTH; tendencia 80%; volatilidad anualizada 17.5%; drawdown a 252 sesiones -4.5%; exposición propuesta 175%.,HOLD
2004-02-27,0.6,0.1409581114922425,-0.0523451151089989,-0.0315625101573696,0.19999999999999996,0.0,0.0,-1.0,0.0,0.03999999999999995,conservative,Conservador,1.15,GROWTH,0.6,Estado GROWTH; tendencia 60%; volatilidad anualizada 14.1%; drawdown a 252 sesiones -5.2%; exposición propuesta 115%.,HOLD,balanced,Equilibrado,1.5,VOLATILITY_MANAGED,0.6,Estado VOLATILITY_MANAGED; tendencia 60%; volatilidad anualizada 14.1%; drawdown a 252 sesiones -5.2%; exposición propuesta 150%.,HOLD,aggressive,Agresivo,1.75,GROWTH,0.6,Estado GROWTH; tendencia 60%; volatilidad anualizada 14.1%; drawdown a 252 sesiones -5.2%; exposición propuesta 175%.,HOLD
2004-03-05,0.8,0.147494697621569,-0.0507897657672886,-0.0238857743818245,0.6000000000000001,0.0,0.0,-1.0,0.0,0.32000000000000006,conservative,Conservador,1.15,GROWTH,0.8,Estado GROWTH; tendencia 80%; volatilidad anualizada 14.7%; drawdown a 252 sesiones -5.1%; exposición propuesta 115%.,HOLD,balanced,Equilibrado,1.5,VOLATILITY_MANAGED,0.8,Estado VOLATILITY_MANAGED; tendencia 80%; volatilidad anualizada 14.7%; drawdown a 252 sesiones -5.1%; exposición propuesta 150%.,HOLD,aggressive,Agresivo,1.75,GROWTH,0.8,Estado GROWTH; tendencia 80%; volatilidad anualizada 14.7%; drawdown a 252 sesiones -5.1%; exposición propuesta 175%.,HOLD
2004-03-12,0.6,0.1693941032301383,-0.0798132101684946,-0.0201664284948174,0.19999999999999996,0.0,0.0,-1.0,0.0,0.03999999999999995,conservative,Conservador,1.15,GROWTH,0.6,Estado GROWTH; tendencia 60%; volatilidad anualizada 16.9%; drawdown a 252 sesiones -8.0%; exposición propuesta 115%.,HOLD,balanced,Equilibrado,1.5,VOLATILITY_MANAGED,0.6,Estado VOLATILITY_MANAGED; tendencia 60%; volatilidad anualizada 16.9%; drawdown a 252 sesiones -8.0%; exposición propuesta 150%.,HOLD,aggressive,Agresivo,1.75,GROWTH,0.6,Estado GROWTH; tendencia 60%; volatilidad anualizada 16.9%; drawdown a 252 sesiones -8.0%; exposición propuesta 175%.,HOLD
2004-03-19,0.4,0.1805866311784452,-0.0995073758622976,-0.0273807404571403,-0.19999999999999996,0.0,0.0,-1.0,0.0,-0.23999999999999996,conservative,Conservador,0.7,DEFENSIVE,0.6,Estado DEFENSIVE; tendencia 40%; volatilidad anualizada 18.1%; drawdown a 252 sesiones -10.0%; exposición propuesta 70%.,REDUCE,balanced,Equilibrado,0.7,DEFENSIVE,0.6,Estado DEFENSIVE; tendencia 40%; volatilidad anualizada 18.1%; drawdown a 252 sesiones -10.0%; exposición propuesta 70%.,REDUCE,aggressive,Agresivo,0.7,DEFENSIVE,0.6,Estado DEFENSIVE; tendencia 40%; volatilidad anualizada 18.1%; drawdown a 252 sesiones -10.0%; exposición propuesta 70%.,REDUCE
2004-03-26,0.4,0.2143719513854598,-0.0873284722430098,-0.0056099771587367,-0.19999999999999996,0.0,0.0,-1.0,0.0,-0.23999999999999996,conservative,Conservador,0.7,DEFENSIVE,0.6,Estado DEFENSIVE; tendencia 40%; volatilidad anualizada 21.4%; drawdown a 252 sesiones -8.7%; exposición propuesta 70%.,HOLD,balanced,Equilibrado,0.7,DEFENSIVE,0.6,Estado DEFENSIVE; tendencia 40%; volatilidad anualizada 21.4%; drawdown a 252 sesiones -8.7%; exposición propuesta 70%.,HOLD,aggressive,Agresivo,0.7,DEFENSIVE,0.6,Estado DEFENSIVE; tendencia 40%; volatilidad anualizada 21.4%; drawdown a 252 sesiones -8.7%; exposición propuesta 70%.,HOLD
2004-04-02,0.8,0.2335963368361249,-0.0386108034533579,0.0243282568259672,0.6000000000000001,0.0,0.0,1.0,0.0,0.52,conservative,Conservador,1.15,GROWTH,0.8,Estado GROWTH; tendencia 80%; volatilidad anualizada 23.4%; drawdown a 252 sesiones -3.9%; exposición propuesta 115%.,INCREASE,balanced,Equilibrado,1.4983111667779956,VOLATILITY_MANAGED,0.8,Estado VOLATILITY_MANAGED; tendencia 80%; volatilidad anualizada 23.4%; drawdown a 252 sesiones -3.9%; exposición propuesta 150%.,INCREASE,aggressive,Agresivo,1.75,GROWTH,0.8,Estado GROWTH; tendencia 80%; volatilidad anualizada 23.4%; drawdown a 252 sesiones -3.9%; exposición propuesta 175%.,INCREASE
2004-04-09,0.8,0.2335963368361249,-0.0386108034533579,0.0243282568259672,0.6000000000000001,0.0,0.0,1.0,0.0,0.52,conservative,Conservador,1.15,GROWTH,0.8,Estado GROWTH; tendencia 80%; volatilidad anualizada 23.4%; drawdown a 252 sesiones -3.9%; exposición propuesta 115%.,HOLD,balanced,Equilibrado,1.4983111667779956,VOLATILITY_MANAGED,0.8,Estado VOLATILITY_MANAGED; tendencia 80%; volatilidad anualizada 23.4%; drawdown a 252 sesiones -3.9%; exposición propuesta 150%.,HOLD,aggressive,Agresivo,1.75,GROWTH,0.8,Estado GROWTH; tendencia 80%; volatilidad anualizada 23.4%; drawdown a 252 sesiones -3.9%; exposición propuesta 175%.,HOLD
2004-04-16,0.6,0.2065199307021628,-0.0647835664391075,0.0109721320937721,0.19999999999999996,0.0,0.0,1.0,0.0,0.23999999999999996,conservative,Conservador,1.15,GROWTH,0.6,Estado GROWTH; tendencia 60%; volatilidad anualizada 20.7%; drawdown a 252 sesiones -6.5%; exposición propuesta 115%.,HOLD,balanced,Equilibrado,1.5,VOLATILITY_MANAGED,0.6,Estado VOLATILITY_MANAGED; tendencia 60%; volatilidad anualizada 20.7%; drawdown a 252 sesiones -6.5%; exposición propuesta 150%.,HOLD,aggressive,Agresivo,1.75,GROWTH,0.6,Estado GROWTH; tendencia 60%; volatilidad anualizada 20.7%; drawdown a 252 sesiones -6.5%; exposición propuesta 175%.,HOLD
2004-04-23,1.0,0.2073986797448455,-0.0357608263736161,0.0226436334636592,1.0,0.0,0.0,1.0,0.0,0.7999999999999999,conservative,Conservador,1.15,GROWTH,1.0,Estado GROWTH; tendencia 100%; volatilidad anualizada 20.7%; drawdown a 252 sesiones -3.6%; exposición propuesta 115%.,HOLD,balanced,Equilibrado,1.5,VOLATILITY_MANAGED,1.0,Estado VOLATILITY_MANAGED; tendencia 100%; volatilidad anualizada 20.7%; drawdown a 252 sesiones -3.6%; exposición propuesta 150%.,HOLD,aggressive,Agresivo,1.75,GROWTH,1.0,Estado GROWTH; tendencia 100%; volatilidad anualizada 20.7%; drawdown a 252 sesiones -3.6%; exposición propuesta 175%.,HOLD
2004-04-30,0.2,0.2351633126090554,-0.0989889847763705,-0.0136552715118831,-0.6,0.0,0.0,-1.0,0.0,-0.52,conservative,Conservador,0.7,DEFENSIVE,0.8,Estado DEFENSIVE; tendencia 20%; volatilidad anualizada 23.5%; drawdown a 252 sesiones -9.9%; exposición propuesta 70%.,REDUCE,balanced,Equilibrado,0.7,DEFENSIVE,0.8,Estado DEFENSIVE; tendencia 20%; volatilidad anualizada 23.5%; drawdown a 252 sesiones -9.9%; exposición propuesta 70%.,REDUCE,aggressive,Agresivo,0.7,DEFENSIVE,0.8,Estado DEFENSIVE; tendencia 20%; volatilidad anualizada 23.5%; drawdown a 252 sesiones -9.9%; exposición propuesta 70%.,REDUCE
2004-05-07,0.2,0.2145691752209343,-0.0938061891153132,-0.0147700528551202,-0.6,0.0,0.0,-1.0,0.0,-0.52,conservative,Conservador,0.7,DEFENSIVE,0.8,Estado DEFENSIVE; tendencia 20%; volatilidad anualizada 21.5%; drawdown a 252 sesiones -9.4%; exposición propuesta 70%.,HOLD,balanced,Equilibrado,0.7,DEFENSIVE,0.8,Estado DEFENSIVE; tendencia 20%; volatilidad anualizada 21.5%; drawdown a 252 sesiones -9.4%; exposición propuesta 70%.,HOLD,aggressive,Agresivo,0.7,DEFENSIVE,0.8,Estado DEFENSIVE; tendencia 20%; volatilidad anualizada 21.5%; drawdown a 252 sesiones -9.4%; exposición propuesta 70%.,HOLD
2004-05-14,0.2,0.2109824894131252,-0.0995073758622976,-0.0038342751112102,-0.6,0.0,0.0,-1.0,0.0,-0.52,conservative,Conservador,0.7,DEFENSIVE,0.8,Estado DEFENSIVE; tendencia 20%; volatilidad anualizada 21.1%; drawdown a 252 sesiones -10.0%; exposición propuesta 70%.,HOLD,balanced,Equilibrado,0.7,DEFENSIVE,0.8,Estado DEFENSIVE; tendencia 20%; volatilidad anualizada 21.1%; drawdown a 252 sesiones -10.0%; exposición propuesta 70%.,HOLD,aggressive,Agresivo,0.7,DEFENSIVE,0.8,Estado DEFENSIVE; tendencia 20%; volatilidad anualizada 21.1%; drawdown a 252 sesiones -10.0%; exposición propuesta 70%.,HOLD
2004-05-21,0.2,0.1615044739663902,-0.0925107983469241,-0.0190684087717534,-0.6,0.0,0.0,-1.0,0.0,-0.52,conservative,Conservador,0.7,DEFENSIVE,0.8,Estado DEFENSIVE; tendencia 20%; volatilidad anualizada 16.2%; drawdown a 252 sesiones -9.3%; exposición propuesta 70%.,HOLD,balanced,Equilibrado,0.7,DEFENSIVE,0.8,Estado DEFENSIVE; tendencia 20%; volatilidad anualizada 16.2%; drawdown a 252 sesiones -9.3%; exposición propuesta 70%.,HOLD,aggressive,Agresivo,0.7,DEFENSIVE,0.8,Estado DEFENSIVE; tendencia 20%; volatilidad anualizada 16.2%; drawdown a 252 sesiones -9.3%; exposición propuesta 70%.,HOLD
2004-05-28,0.8,0.132782236687135,-0.0528634475002831,0.0340699837958748,0.6000000000000001,0.0,0.0,1.0,0.0,0.52,conservative,Conservador,1.15,GROWTH,0.8,Estado GROWTH; tendencia 80%; volatilidad anualizada 13.3%; drawdown a 252 sesiones -5.3%; exposición propuesta 115%.,INCREASE,balanced,Equilibrado,1.5,VOLATILITY_MANAGED,0.8,Estado VOLATILITY_MANAGED; tendencia 80%; volatilidad anualizada 13.3%; drawdown a 252 sesiones -5.3%; exposición propuesta 150%.,INCREASE,aggressive,Agresivo,1.75,GROWTH,0.8,Estado GROWTH; tendencia 80%; volatilidad anualizada 13.3%; drawdown a 252 sesiones -5.3%; exposición propuesta 175%.,INCREASE
2004-06-04,1.0,0.1352585762754512,-0.0621920805666146,0.0159114902104107,1.0,0.0,0.0,1.0,0.0,0.7999999999999999,conservative,Conservador,1.15,GROWTH,1.0,Estado GROWTH; tendencia 100%; volatilidad anualizada 13.5%; drawdown a 252 sesiones -6.2%; exposición propuesta 115%.,HOLD,balanced,Equilibrado,1.5,VOLATILITY_MANAGED,1.0,Estado VOLATILITY_MANAGED; tendencia 100%; volatilidad anualizada 13.5%; drawdown a 252 sesiones -6.2%; exposición propuesta 150%.,HOLD,aggressive,Agresivo,1.75,GROWTH,1.0,Estado GROWTH; tendencia 100%; volatilidad anualizada 13.5%; drawdown a 252 sesiones -6.2%; exposición propuesta 175%.,HOLD
2004-06-11,1.0,0.1352585762754512,-0.0621920805666146,0.0159114902104107,1.0,0.0,0.0,1.0,0.0,0.7999999999999999,conservative,Conservador,1.15,GROWTH,1.0,Estado GROWTH; tendencia 100%; volatilidad anualizada 13.5%; drawdown a 252 sesiones -6.2%; exposición propuesta 115%.,HOLD,balanced,Equilibrado,1.5,VOLATILITY_MANAGED,1.0,Estado VOLATILITY_MANAGED; tendencia 100%; volatilidad anualizada 13.5%; drawdown a 252 sesiones -6.2%; exposición propuesta 150%.,HOLD,aggressive,Agresivo,1.75,GROWTH,1.0,Estado GROWTH; tendencia 100%; volatilidad anualizada 13.5%; drawdown a 252 sesiones -6.2%; exposición propuesta 175%.,HOLD
2004-06-18,1.0,0.1592146325875036,-0.0557141289157396,0.006748967090195,1.0,0.0,0.0,1.0,0.0,0.7999999999999999,conservative,Conservador,1.15,GROWTH,1.0,Estado GROWTH; tendencia 100%; volatilidad anualizada 15.9%; drawdown a 252 sesiones -5.6%; exposición propuesta 115%.,HOLD,balanced,Equilibrado,1.5,VOLATILITY_MANAGED,1.0,Estado VOLATILITY_MANAGED; tendencia 100%; volatilidad anualizada 15.9%; drawdown a 252 sesiones -5.6%; exposición propuesta 150%.,HOLD,aggressive,Agresivo,1.75,GROWTH,1.0,Estado GROWTH; tendencia 100%; volatilidad anualizada 15.9%; drawdown a 252 sesiones -5.6%; exposición propuesta 175%.,HOLD
2004-06-25,1.0,0.1604871769457204,-0.0326511254991245,0.013542765190063,1.0,0.0,0.0,1.0,0.0,0.7999999999999999,conservative,Conservador,1.15,GROWTH,1.0,Estado GROWTH; tendencia 100%; volatilidad anualizada 16.0%; drawdown a 252 sesiones -3.3%; exposición propuesta 115%.,HOLD,balanced,Equilibrado,1.5,VOLATILITY_MANAGED,1.0,Estado VOLATILITY_MANAGED; tendencia 100%; volatilidad anualizada 16.0%; drawdown a 252 sesiones -3.3%; exposición propuesta 150%.,HOLD,aggressive,Agresivo,1.75,GROWTH,1.0,Estado GROWTH; tendencia 100%; volatilidad anualizada 16.0%; drawdown a 252 sesiones -3.3%; exposición propuesta 175%.,HOLD
2004-07-02,0.8,0.1781735814051761,-0.0458671047634811,0.0126219784128902,0.6000000000000001,0.0,0.0,1.0,0.0,0.52,conservative,Conservador,1.15,GROWTH,0.8,Estado GROWTH; tendencia 80%; volatilidad anualizada 17.8%; drawdown a 252 sesiones -4.6%; exposición propuesta 115%.,HOLD,balanced,Equilibrado,1.5,VOLATILITY_MANAGED,0.8,Estado VOLATILITY_MANAGED; tendencia 80%; volatilidad anualizada 17.8%; drawdown a 252 sesiones -4.6%; exposición propuesta 150%.,HOLD,aggressive,Agresivo,1.75,GROWTH,0.8,Estado GROWTH; tendencia 80%; volatilidad anualizada 17.8%; drawdown a 252 sesiones -4.6%; exposición propuesta 175%.,HOLD
2004-07-09,0.2,0.1704666439758497,-0.0735939845034403,-0.0081702381482491,-0.6,0.0,0.0,-1.0,0.0,-0.52,conservative,Conservador,0.7,DEFENSIVE,0.8,Estado DEFENSIVE; tendencia 20%; volatilidad anualizada 17.0%; drawdown a 252 sesiones -7.4%; exposición propuesta 70%.,REDUCE,balanced,Equilibrado,0.7,DEFENSIVE,0.8,Estado DEFENSIVE; tendencia 20%; volatilidad anualizada 17.0%; drawdown a 252 sesiones -7.4%; exposición propuesta 70%.,REDUCE,aggressive,Agresivo,0.7,DEFENSIVE,0.8,Estado DEFENSIVE; tendencia 20%; volatilidad anualizada 17.0%; drawdown a 252 sesiones -7.4%; exposición propuesta 70%.,REDUCE
2004-07-16,0.0,0.1570898368331429,-0.1015808815113635,-0.023407184625522,-1.0,0.0,0.0,-1.0,0.0,-0.7999999999999999,conservative,Conservador,0.7,DEFENSIVE,1.0,Estado DEFENSIVE; tendencia 0%; volatilidad anualizada 15.7%; drawdown a 252 sesiones -10.2%; exposición propuesta 70%.,HOLD,balanced,Equilibrado,0.7,DEFENSIVE,1.0,Estado DEFENSIVE; tendencia 0%; volatilidad anualizada 15.7%; drawdown a 252 sesiones -10.2%; exposición propuesta 70%.,HOLD,aggressive,Agresivo,0.7,DEFENSIVE,1.0,Estado DEFENSIVE; tendencia 0%; volatilidad anualizada 15.7%; drawdown a 252 sesiones -10.2%; exposición propuesta 70%.,HOLD
2004-07-23,0.0,0.2063664559359765,-0.1135006482823306,-0.0291838179120333,-1.0,0.0,0.0,-1.0,0.0,-0.7999999999999999,conservative,Conservador,0.7,DEFENSIVE,1.0,Estado DEFENSIVE; tendencia 0%; volatilidad anualizada 20.6%; drawdown a 252 sesiones -11.4%; exposición propuesta 70%.,HOLD,balanced,Equilibrado,0.7,DEFENSIVE,1.0,Estado DEFENSIVE; tendencia 0%; volatilidad anualizada 20.6%; drawdown a 252 sesiones -11.4%; exposición propuesta 70%.,HOLD,aggressive,Agresivo,0.7,DEFENSIVE,1.0,Estado DEFENSIVE; tendencia 0%; volatilidad anualizada 20.6%; drawdown a 252 sesiones -11.4%; exposición propuesta 70%.,HOLD
2004-07-30,0.0,0.2015302447362078,-0.0958795773750935,-0.0394519151889567,-1.0,0.0,0.0,-1.0,0.0,-0.7999999999999999,conservative,Conservador,0.7,DEFENSIVE,1.0,Estado DEFENSIVE; tendencia 0%; volatilidad anualizada 20.2%; drawdown a 252 sesiones -9.6%; exposición propuesta 70%.,HOLD,balanced,Equilibrado,0.7,DEFENSIVE,1.0,Estado DEFENSIVE; tendencia 0%; volatilidad anualizada 20.2%; drawdown a 252 sesiones -9.6%; exposición propuesta 70%.,HOLD,aggressive,Agresivo,0.7,DEFENSIVE,1.0,Estado DEFENSIVE; tendencia 0%; volatilidad anualizada 20.2%; drawdown a 252 sesiones -9.6%; exposición propuesta 70%.,HOLD
2004-08-06,0.0,0.2217807896688923,-0.1521115691249743,-0.0410784519798698,-1.0,0.0,0.5,-1.0,0.5,-0.8999999999999999,conservative,Conservador,0.7,DEFENSIVE,1.0,Estado DEFENSIVE; tendencia 0%; volatilidad anualizada 22.2%; drawdown a 252 sesiones -15.2%; exposición propuesta 70%.,HOLD,balanced,Equilibrado,0.7,DEFENSIVE,1.0,Estado DEFENSIVE; tendencia 0%; volatilidad anualizada 22.2%; drawdown a 252 sesiones -15.2%; exposición propuesta 70%.,HOLD,aggressive,Agresivo,0.7,DEFENSIVE,1.0,Estado DEFENSIVE; tendencia 0%; volatilidad anualizada 22.2%; drawdown a 252 sesiones -15.2%; exposición propuesta 70%.,HOLD
2004-08-13,0.0,0.2319120524978611,-0.1572944821753172,-0.030218666737824,-1.0,0.0,0.5,-1.0,0.5,-0.8999999999999999,conservative,Conservador,0.7,DEFENSIVE,1.0,Estado DEFENSIVE; tendencia 0%; volatilidad anualizada 23.2%; drawdown a 252 sesiones -15.7%; exposición propuesta 70%.,HOLD,balanced,Equilibrado,0.7,DEFENSIVE,1.0,Estado DEFENSIVE; tendencia 0%; volatilidad anualizada 23.2%; drawdown a 252 sesiones -15.7%; exposición propuesta 70%.,HOLD,aggressive,Agresivo,0.7,DEFENSIVE,1.0,Estado DEFENSIVE; tendencia 0%; volatilidad anualizada 23.2%; drawdown a 252 sesiones -15.7%; exposición propuesta 70%.,HOLD
2004-08-20,0.0,0.1987057600321505,-0.1186832091648163,-0.0197966865693746,-1.0,0.0,0.0,-1.0,0.0,-0.7999999999999999,conservative,Conservador,0.7,DEFENSIVE,1.0,Estado DEFENSIVE; tendencia 0%; volatilidad anualizada 19.9%; drawdown a 252 sesiones -11.9%; exposición propuesta 70%.,HOLD,balanced,Equilibrado,0.7,DEFENSIVE,1.0,Estado DEFENSIVE; tendencia 0%; volatilidad anualizada 19.9%; drawdown a 252 sesiones -11.9%; exposición propuesta 70%.,HOLD,aggressive,Agresivo,0.7,DEFENSIVE,1.0,Estado DEFENSIVE; tendencia 0%; volatilidad anualizada 19.9%; drawdown a 252 sesiones -11.9%; exposición propuesta 70%.,HOLD
2004-08-27,0.0,0.1939813694893335,-0.1044309759803913,-0.0149618833316725,-1.0,0.0,0.0,-1.0,0.0,-0.7999999999999999,conservative,Conservador,0.7,DEFENSIVE,1.0,Estado DEFENSIVE; tendencia 0%; volatilidad anualizada 19.4%; drawdown a 252 sesiones -10.4%; exposición propuesta 70%.,HOLD,balanced,Equilibrado,0.7,DEFENSIVE,1.0,Estado DEFENSIVE; tendencia 0%; volatilidad anualizada 19.4%; drawdown a 252 sesiones -10.4%; exposición propuesta 70%.,HOLD,aggressive,Agresivo,0.7,DEFENSIVE,1.0,Estado DEFENSIVE; tendencia 0%; volatilidad anualizada 19.4%; drawdown a 252 sesiones -10.4%; exposición propuesta 70%.,HOLD
2004-09-03,0.2,0.1695304018748308,-0.1153148409991471,-0.0059233797679334,-0.6,0.0,0.0,-1.0,0.0,-0.52,conservative,Conservador,0.7,DEFENSIVE,0.8,Estado DEFENSIVE; tendencia 20%; volatilidad anualizada 17.0%; drawdown a 252 sesiones -11.5%; exposición propuesta 70%.,HOLD,balanced,Equilibrado,0.7,DEFENSIVE,0.8,Estado DEFENSIVE; tendencia 20%; volatilidad anualizada 17.0%; drawdown a 252 sesiones -11.5%; exposición propuesta 70%.,HOLD,aggressive,Agresivo,0.7,DEFENSIVE,0.8,Estado DEFENSIVE; tendencia 20%; volatilidad anualizada 17.0%; drawdown a 252 sesiones -11.5%; exposición propuesta 70%.,HOLD
2004-09-10,0.4,0.1592811130048058,-0.0899194298637169,0.0247810679070101,-0.19999999999999996,0.0,0.0,1.0,0.0,-0.03999999999999995,conservative,Conservador,0.7,DEFENSIVE,0.6,Estado DEFENSIVE; tendencia 40%; volatilidad anualizada 15.9%; drawdown a 252 sesiones -9.0%; exposición propuesta 70%.,HOLD,balanced,Equilibrado,0.7,DEFENSIVE,0.6,Estado DEFENSIVE; tendencia 40%; volatilidad anualizada 15.9%; drawdown a 252 sesiones -9.0%; exposición propuesta 70%.,HOLD,aggressive,Agresivo,0.7,DEFENSIVE,0.6,Estado DEFENSIVE; tendencia 40%; volatilidad anualizada 15.9%; drawdown a 252 sesiones -9.0%; exposición propuesta 70%.,HOLD
2004-09-17,0.4,0.1542625059137177,-0.0818864223443461,0.016623727419065,-0.19999999999999996,0.0,0.0,1.0,0.0,-0.03999999999999995,conservative,Conservador,0.7,DEFENSIVE,0.6,Estado DEFENSIVE; tendencia 40%; volatilidad anualizada 15.4%; drawdown a 252 sesiones -8.2%; exposición propuesta 70%.,HOLD,balanced,Equilibrado,0.7,DEFENSIVE,0.6,Estado DEFENSIVE; tendencia 40%; volatilidad anualizada 15.4%; drawdown a 252 sesiones -8.2%; exposición propuesta 70%.,HOLD,aggressive,Agresivo,0.7,DEFENSIVE,0.6,Estado DEFENSIVE; tendencia 40%; volatilidad anualizada 15.4%; drawdown a 252 sesiones -8.2%; exposición propuesta 70%.,HOLD
2004-09-24,0.4,0.1602608532752444,-0.0982116916206941,0.0042112784965175,-0.19999999999999996,0.0,0.0,1.0,0.0,-0.03999999999999995,conservative,Conservador,0.7,DEFENSIVE,0.6,Estado DEFENSIVE; tendencia 40%; volatilidad anualizada 16.0%; drawdown a 252 sesiones -9.8%; exposición propuesta 70%.,HOLD,balanced,Equilibrado,0.7,DEFENSIVE,0.6,Estado DEFENSIVE; tendencia 40%; volatilidad anualizada 16.0%; drawdown a 252 sesiones -9.8%; exposición propuesta 70%.,HOLD,aggressive,Agresivo,0.7,DEFENSIVE,0.6,Estado DEFENSIVE; tendencia 40%; volatilidad anualizada 16.0%; drawdown a 252 sesiones -9.8%; exposición propuesta 70%.,HOLD
2004-10-01,1.0,0.1760053159583412,-0.0645239600336438,0.0242464673316302,1.0,0.0,0.0,1.0,0.0,0.7999999999999999,conservative,Conservador,1.15,GROWTH,1.0,Estado GROWTH; tendencia 100%; volatilidad anualizada 17.6%; drawdown a 252 sesiones -6.5%; exposición propuesta 115%.,INCREASE,balanced,Equilibrado,1.5,VOLATILITY_MANAGED,1.0,Estado VOLATILITY_MANAGED; tendencia 100%; volatilidad anualizada 17.6%; drawdown a 252 sesiones -6.5%; exposición propuesta 150%.,INCREASE,aggressive,Agresivo,1.75,GROWTH,1.0,Estado GROWTH; tendencia 100%; volatilidad anualizada 17.6%; drawdown a 252 sesiones -6.5%; exposición propuesta 175%.,INCREASE
2004-10-08,0.6,0.1717652577972625,-0.0779993109248925,0.0138201753555772,0.19999999999999996,0.0,0.0,1.0,0.0,0.23999999999999996,conservative,Conservador,1.15,GROWTH,0.6,Estado GROWTH; tendencia 60%; volatilidad anualizada 17.2%; drawdown a 252 sesiones -7.8%; exposición propuesta 115%.,HOLD,balanced,Equilibrado,1.5,VOLATILITY_MANAGED,0.6,Estado VOLATILITY_MANAGED; tendencia 60%; volatilidad anualizada 17.2%; drawdown a 252 sesiones -7.8%; exposición propuesta 150%.,HOLD,aggressive,Agresivo,1.75,GROWTH,0.6,Estado GROWTH; tendencia 60%; volatilidad anualizada 17.2%; drawdown a 252 sesiones -7.8%; exposición propuesta 175%.,HOLD
2004-10-15,0.6,0.1631930883932978,-0.0767035092940032,0.0223483367373911,0.19999999999999996,0.0,0.0,1.0,0.0,0.23999999999999996,conservative,Conservador,1.15,GROWTH,0.6,Estado GROWTH; tendencia 60%; volatilidad anualizada 16.3%; drawdown a 252 sesiones -7.7%; exposición propuesta 115%.,HOLD,balanced,Equilibrado,1.5,VOLATILITY_MANAGED,0.6,Estado VOLATILITY_MANAGED; tendencia 60%; volatilidad anualizada 16.3%; drawdown a 252 sesiones -7.7%; exposición propuesta 150%.,HOLD,aggressive,Agresivo,1.75,GROWTH,0.6,Estado GROWTH; tendencia 60%; volatilidad anualizada 16.3%; drawdown a 252 sesiones -7.7%; exposición propuesta 175%.,HOLD
2004-10-22,0.8,0.186548665656322,-0.0722987111243369,0.0419236605017256,0.6000000000000001,0.0,0.0,1.0,0.0,0.52,conservative,Conservador,1.15,GROWTH,0.8,Estado GROWTH; tendencia 80%; volatilidad anualizada 18.7%; drawdown a 252 sesiones -7.2%; exposición propuesta 115%.,HOLD,balanced,Equilibrado,1.5,VOLATILITY_MANAGED,0.8,Estado VOLATILITY_MANAGED; tendencia 80%; volatilidad anualizada 18.7%; drawdown a 252 sesiones -7.2%; exposición propuesta 150%.,HOLD,aggressive,Agresivo,1.75,GROWTH,0.8,Estado GROWTH; tendencia 80%; volatilidad anualizada 18.7%; drawdown a 252 sesiones -7.2%; exposición propuesta 175%.,HOLD
2004-10-29,1.0,0.1759453228869806,-0.0437934817251294,0.0261204337701883,1.0,0.0,0.0,1.0,0.0,0.7999999999999999,conservative,Conservador,1.15,GROWTH,1.0,Estado GROWTH; tendencia 100%; volatilidad anualizada 17.6%; drawdown a 252 sesiones -4.4%; exposición propuesta 115%.,HOLD,balanced,Equilibrado,1.5,VOLATILITY_MANAGED,1.0,Estado VOLATILITY_MANAGED; tendencia 100%; volatilidad anualizada 17.6%; drawdown a 252 sesiones -4.4%; exposición propuesta 150%.,HOLD,aggressive,Agresivo,1.75,GROWTH,1.0,Estado GROWTH; tendencia 100%; volatilidad anualizada 17.6%; drawdown a 252 sesiones -4.4%; exposición propuesta 175%.,HOLD
2004-11-05,1.0,0.1532965106769303,-0.0163253279709908,0.0244955331154406,1.0,0.0,0.0,1.0,0.0,0.7999999999999999,conservative,Conservador,1.15,GROWTH,1.0,Estado GROWTH; tendencia 100%; volatilidad anualizada 15.3%; drawdown a 252 sesiones -1.6%; exposición propuesta 115%.,HOLD,balanced,Equilibrado,1.5,VOLATILITY_MANAGED,1.0,Estado VOLATILITY_MANAGED; tendencia 100%; volatilidad anualizada 15.3%; drawdown a 252 sesiones -1.6%; exposición propuesta 150%.,HOLD,aggressive,Agresivo,1.75,GROWTH,1.0,Estado GROWTH; tendencia 100%; volatilidad anualizada 15.3%; drawdown a 252 sesiones -1.6%; exposición propuesta 175%.,HOLD
2004-11-12,1.0,0.1568504895038159,0.0,0.017361199738836,1.0,0.0,0.0,1.0,0.0,0.7999999999999999,conservative,Conservador,1.15,GROWTH,1.0,Estado GROWTH; tendencia 100%; volatilidad anualizada 15.7%; drawdown a 252 sesiones 0.0%; exposición propuesta 115%.,HOLD,balanced,Equilibrado,1.5,VOLATILITY_MANAGED,1.0,Estado VOLATILITY_MANAGED; tendencia 100%; volatilidad anualizada 15.7%; drawdown a 252 sesiones 0.0%; exposición propuesta 150%.,HOLD,aggressive,Agresivo,1.75,GROWTH,1.0,Estado GROWTH; tendencia 100%; volatilidad anualizada 15.7%; drawdown a 252 sesiones 0.0%; exposición propuesta 175%.,HOLD
2004-11-19,1.0,0.1364014667192341,-0.015526341154979,0.009731700078509,1.0,0.0,0.0,1.0,0.0,0.7999999999999999,conservative,Conservador,1.15,GROWTH,1.0,Estado GROWTH; tendencia 100%; volatilidad anualizada 13.6%; drawdown a 252 sesiones -1.6%; exposición propuesta 115%.,HOLD,balanced,Equilibrado,1.5,VOLATILITY_MANAGED,1.0,Estado VOLATILITY_MANAGED; tendencia 100%; volatilidad anualizada 13.6%; drawdown a 252 sesiones -1.6%; exposición propuesta 150%.,HOLD,aggressive,Agresivo,1.75,GROWTH,1.0,Estado GROWTH; tendencia 100%; volatilidad anualizada 13.6%; drawdown a 252 sesiones -1.6%; exposición propuesta 175%.,HOLD
2004-11-26,1.0,0.1136756469249092,-0.0030512480907383,0.0124691556472849,1.0,0.0,0.0,1.0,0.0,0.7999999999999999,conservative,Conservador,1.15,GROWTH,1.0,Estado GROWTH; tendencia 100%; volatilidad anualizada 11.4%; drawdown a 252 sesiones -0.3%; exposición propuesta 115%.,HOLD,balanced,Equilibrado,1.5,VOLATILITY_MANAGED,1.0,Estado VOLATILITY_MANAGED; tendencia 100%; volatilidad anualizada 11.4%; drawdown a 252 sesiones -0.3%; exposición propuesta 150%.,HOLD,aggressive,Agresivo,1.75,GROWTH,1.0,Estado GROWTH; tendencia 100%; volatilidad anualizada 11.4%; drawdown a 252 sesiones -0.3%; exposición propuesta 175%.,HOLD
2004-12-03,1.0,0.1299606474874888,0.0,0.0405211469462787,1.0,0.0,0.0,1.0,0.0,0.7999999999999999,conservative,Conservador,1.15,GROWTH,1.0,Estado GROWTH; tendencia 100%; volatilidad anualizada 13.0%; drawdown a 252 sesiones 0.0%; exposición propuesta 115%.,HOLD,balanced,Equilibrado,1.5,VOLATILITY_MANAGED,1.0,Estado VOLATILITY_MANAGED; tendencia 100%; volatilidad anualizada 13.0%; drawdown a 252 sesiones 0.0%; exposición propuesta 150%.,HOLD,aggressive,Agresivo,1.75,GROWTH,1.0,Estado GROWTH; tendencia 100%; volatilidad anualizada 13.0%; drawdown a 252 sesiones 0.0%; exposición propuesta 175%.,HOLD
2004-12-10,1.0,0.1413460437729276,-0.008442972699435,0.0273579153912846,1.0,0.0,0.0,1.0,0.0,0.7999999999999999,conservative,Conservador,1.15,GROWTH,1.0,Estado GROWTH; tendencia 100%; volatilidad anualizada 14.1%; drawdown a 252 sesiones -0.8%; exposición propuesta 115%.,HOLD,balanced,Equilibrado,1.5,VOLATILITY_MANAGED,1.0,Estado VOLATILITY_MANAGED; tendencia 100%; volatilidad anualizada 14.1%; drawdown a 252 sesiones -0.8%; exposición propuesta 150%.,HOLD,aggressive,Agresivo,1.75,GROWTH,1.0,Estado GROWTH; tendencia 100%; volatilidad anualizada 14.1%; drawdown a 252 sesiones -0.8%; exposición propuesta 175%.,HOLD
2004-12-17,1.0,0.1383648565640755,-0.0156123333740679,0.0035551208251107,1.0,0.0,0.0,1.0,0.0,0.7999999999999999,conservative,Conservador,1.15,GROWTH,1.0,Estado GROWTH; tendencia 100%; volatilidad anualizada 13.8%; drawdown a 252 sesiones -1.6%; exposición propuesta 115%.,HOLD,balanced,Equilibrado,1.5,VOLATILITY_MANAGED,1.0,Estado VOLATILITY_MANAGED; tendencia 100%; volatilidad anualizada 13.8%; drawdown a 252 sesiones -1.6%; exposición propuesta 150%.,HOLD,aggressive,Agresivo,1.75,GROWTH,1.0,Estado GROWTH; tendencia 100%; volatilidad anualizada 13.8%; drawdown a 252 sesiones -1.6%; exposición propuesta 175%.,HOLD
2004-12-24,1.0,0.1383648565640755,-0.0156123333740679,0.0035551208251107,1.0,0.0,0.0,1.0,0.0,0.7999999999999999,conservative,Conservador,1.15,GROWTH,1.0,Estado GROWTH; tendencia 100%; volatilidad anualizada 13.8%; drawdown a 252 sesiones -1.6%; exposición propuesta 115%.,HOLD,balanced,Equilibrado,1.5,VOLATILITY_MANAGED,1.0,Estado VOLATILITY_MANAGED; tendencia 100%; volatilidad anualizada 13.8%; drawdown a 252 sesiones -1.6%; exposición propuesta 150%.,HOLD,aggressive,Agresivo,1.75,GROWTH,1.0,Estado GROWTH; tendencia 100%; volatilidad anualizada 13.8%; drawdown a 252 sesiones -1.6%; exposición propuesta 175%.,HOLD
2004-12-31,1.0,0.1098697953166204,-0.0043890453367568,-0.011892509513699,1.0,0.0,0.0,-1.0,0.0,0.6,conservative,Conservador,1.15,GROWTH,1.0,Estado GROWTH; tendencia 100%; volatilidad anualizada 11.0%; drawdown a 252 sesiones -0.4%; exposición propuesta 115%.,HOLD,balanced,Equilibrado,1.5,VOLATILITY_MANAGED,1.0,Estado VOLATILITY_MANAGED; tendencia 100%; volatilidad anualizada 11.0%; drawdown a 252 sesiones -0.4%; exposición propuesta 150%.,HOLD,aggressive,Agresivo,1.75,GROWTH,1.0,Estado GROWTH; tendencia 100%; volatilidad anualizada 11.0%; drawdown a 252 sesiones -0.4%; exposición propuesta 175%.,HOLD
2005-01-07,0.6,0.1167232117703084,-0.0385569015891432,-0.0264675071776767,0.19999999999999996,0.0,0.0,-1.0,0.0,0.03999999999999995,conservative,Conservador,1.15,GROWTH,0.6,Estado GROWTH; tendencia 60%; volatilidad anualizada 11.7%; drawdown a 252 sesiones -3.9%; exposición propuesta 115%.,HOLD,balanced,Equilibrado,1.5,VOLATILITY_MANAGED,0.6,Estado VOLATILITY_MANAGED; tendencia 60%; volatilidad anualizada 11.7%; drawdown a 252 sesiones -3.9%; exposición propuesta 150%.,HOLD,aggressive,Agresivo,1.75,GROWTH,0.6,Estado GROWTH; tendencia 60%; volatilidad anualizada 11.7%; drawdown a 252 sesiones -3.9%; exposición propuesta 175%.,HOLD
2005-01-14,0.6,0.1259611289727389,-0.0415502260324776,-0.0121851443670049,0.19999999999999996,0.0,0.0,-1.0,0.0,0.03999999999999995,conservative,Conservador,1.15,GROWTH,0.6,Estado GROWTH; tendencia 60%; volatilidad anualizada 12.6%; drawdown a 252 sesiones -4.2%; exposición propuesta 115%.,HOLD,balanced,Equilibrado,1.5,VOLATILITY_MANAGED,0.6,Estado VOLATILITY_MANAGED; tendencia 60%; volatilidad anualizada 12.6%; drawdown a 252 sesiones -4.2%; exposición propuesta 150%.,HOLD,aggressive,Agresivo,1.75,GROWTH,0.6,Estado GROWTH; tendencia 60%; volatilidad anualizada 12.6%; drawdown a 252 sesiones -4.2%; exposición propuesta 175%.,HOLD
2005-01-21,0.6,0.1437029583412506,-0.0759672462176098,-0.0351382044900797,0.19999999999999996,0.0,0.0,-1.0,0.0,0.03999999999999995,conservative,Conservador,1.15,GROWTH,0.6,Estado GROWTH; tendencia 60%; volatilidad anualizada 14.4%; drawdown a 252 sesiones -7.6%; exposición propuesta 115%.,HOLD,balanced,Equilibrado,1.5,VOLATILITY_MANAGED,0.6,Estado VOLATILITY_MANAGED; tendencia 60%; volatilidad anualizada 14.4%; drawdown a 252 sesiones -7.6%; exposición propuesta 150%.,HOLD,aggressive,Agresivo,1.75,GROWTH,0.6,Estado GROWTH; tendencia 60%; volatilidad anualizada 14.4%; drawdown a 252 sesiones -7.6%; exposición propuesta 175%.,HOLD
2005-01-28,0.6,0.152829249616713,-0.0792093988686514,-0.0462230580598524,0.19999999999999996,0.0,0.0,-1.0,0.0,0.03999999999999995,conservative,Conservador,1.15,GROWTH,0.6,Estado GROWTH; tendencia 60%; volatilidad anualizada 15.3%; drawdown a 252 sesiones -7.9%; exposición propuesta 115%.,HOLD,balanced,Equilibrado,1.5,VOLATILITY_MANAGED,0.6,Estado VOLATILITY_MANAGED; tendencia 60%; volatilidad anualizada 15.3%; drawdown a 252 sesiones -7.9%; exposición propuesta 150%.,HOLD,aggressive,Agresivo,1.75,GROWTH,0.6,Estado GROWTH; tendencia 60%; volatilidad anualizada 15.3%; drawdown a 252 sesiones -7.9%; exposición propuesta 175%.,HOLD
2005-02-04,0.6,0.1679212507121635,-0.0585089287193074,-0.0293031767773714,0.19999999999999996,0.0,0.0,-1.0,0.0,0.03999999999999995,conservative,Conservador,1.15,GROWTH,0.6,Estado GROWTH; tendencia 60%; volatilidad anualizada 16.8%; drawdown a 252 sesiones -5.9%; exposición propuesta 115%.,HOLD,balanced,Equilibrado,1.5,VOLATILITY_MANAGED,0.6,Estado VOLATILITY_MANAGED; tendencia 60%; volatilidad anualizada 16.8%; drawdown a 252 sesiones -5.9%; exposición propuesta 150%.,HOLD,aggressive,Agresivo,1.75,GROWTH,0.6,Estado GROWTH; tendencia 60%; volatilidad anualizada 16.8%; drawdown a 252 sesiones -5.9%; exposición propuesta 175%.,HOLD
2005-02-11,0.4,0.1753683601311505,-0.0597565948707481,-0.0365002473980762,-0.19999999999999996,0.0,0.0,-1.0,0.0,-0.23999999999999996,conservative,Conservador,0.7,DEFENSIVE,0.6,Estado DEFENSIVE; tendencia 40%; volatilidad anualizada 17.5%; drawdown a 252 sesiones -6.0%; exposición propuesta 70%.,REDUCE,balanced,Equilibrado,0.7,DEFENSIVE,0.6,Estado DEFENSIVE; tendencia 40%; volatilidad anualizada 17.5%; drawdown a 252 sesiones -6.0%; exposición propuesta 70%.,REDUCE,aggressive,Agresivo,0.7,DEFENSIVE,0.6,Estado DEFENSIVE; tendencia 40%; volatilidad anualizada 17.5%; drawdown a 252 sesiones -6.0%; exposición propuesta 70%.,REDUCE
2005-02-18,0.6,0.1516905888419505,-0.0684853899177742,-0.0228156654548612,0.19999999999999996,0.0,0.0,-1.0,0.0,0.03999999999999995,conservative,Conservador,1.15,GROWTH,0.6,Estado GROWTH; tendencia 60%; volatilidad anualizada 15.2%; drawdown a 252 sesiones -6.8%; exposición propuesta 115%.,INCREASE,balanced,Equilibrado,1.5,VOLATILITY_MANAGED,0.6,Estado VOLATILITY_MANAGED; tendencia 60%; volatilidad anualizada 15.2%; drawdown a 252 sesiones -6.8%; exposición propuesta 150%.,INCREASE,aggressive,Agresivo,1.75,GROWTH,0.6,Estado GROWTH; tendencia 60%; volatilidad anualizada 15.2%; drawdown a 252 sesiones -6.8%; exposición propuesta 175%.,INCREASE
2005-02-25,0.6,0.1505155289094325,-0.0617521444996376,-0.0200475733869363,0.19999999999999996,0.0,0.0,-1.0,0.0,0.03999999999999995,conservative,Conservador,1.15,GROWTH,0.6,Estado GROWTH; tendencia 60%; volatilidad anualizada 15.1%; drawdown a 252 sesiones -6.2%; exposición propuesta 115%.,HOLD,balanced,Equilibrado,1.5,VOLATILITY_MANAGED,0.6,Estado VOLATILITY_MANAGED; tendencia 60%; volatilidad anualizada 15.1%; drawdown a 252 sesiones -6.2%; exposición propuesta 150%.,HOLD,aggressive,Agresivo,1.75,GROWTH,0.6,Estado GROWTH; tendencia 60%; volatilidad anualizada 15.1%; drawdown a 252 sesiones -6.2%; exposición propuesta 175%.,HOLD
2005-03-04,0.6,0.1507865395730869,-0.0642456862689802,-0.0217317134801833,0.19999999999999996,0.0,0.0,-1.0,0.0,0.03999999999999995,conservative,Conservador,1.15,GROWTH,0.6,Estado GROWTH; tendencia 60%; volatilidad anualizada 15.1%; drawdown a 252 sesiones -6.4%; exposición propuesta 115%.,HOLD,balanced,Equilibrado,1.5,VOLATILITY_MANAGED,0.6,Estado VOLATILITY_MANAGED; tendencia 60%; volatilidad anualizada 15.1%; drawdown a 252 sesiones -6.4%; exposición propuesta 150%.,HOLD,aggressive,Agresivo,1.75,GROWTH,0.6,Estado GROWTH; tendencia 60%; volatilidad anualizada 15.1%; drawdown a 252 sesiones -6.4%; exposición propuesta 175%.,HOLD
2005-03-11,0.6,0.1445546351737681,-0.072974313453487,-0.0048895531405699,0.19999999999999996,0.0,0.0,-1.0,0.0,0.03999999999999995,conservative,Conservador,1.15,GROWTH,0.6,Estado GROWTH; tendencia 60%; volatilidad anualizada 14.5%; drawdown a 252 sesiones -7.3%; exposición propuesta 115%.,HOLD,balanced,Equilibrado,1.5,VOLATILITY_MANAGED,0.6,Estado VOLATILITY_MANAGED; tendencia 60%; volatilidad anualizada 14.5%; drawdown a 252 sesiones -7.3%; exposición propuesta 150%.,HOLD,aggressive,Agresivo,1.75,GROWTH,0.6,Estado GROWTH; tendencia 60%; volatilidad anualizada 14.5%; drawdown a 252 sesiones -7.3%; exposición propuesta 175%.,HOLD
2005-03-18,0.2,0.1321391274678917,-0.0894352478165562,-0.0154369869065705,-0.6,0.0,0.0,-1.0,0.0,-0.52,conservative,Conservador,0.7,DEFENSIVE,0.8,Estado DEFENSIVE; tendencia 20%; volatilidad anualizada 13.2%; drawdown a 252 sesiones -8.9%; exposición propuesta 70%.,REDUCE,balanced,Equilibrado,0.7,DEFENSIVE,0.8,Estado DEFENSIVE; tendencia 20%; volatilidad anualizada 13.2%; drawdown a 252 sesiones -8.9%; exposición propuesta 70%.,REDUCE,aggressive,Agresivo,0.7,DEFENSIVE,0.8,Estado DEFENSIVE; tendencia 20%; volatilidad anualizada 13.2%; drawdown a 252 sesiones -8.9%; exposición propuesta 70%.,REDUCE
2005-03-25,0.2,0.1321391274678917,-0.0894352478165562,-0.0154369869065705,-0.6,0.0,0.0,-1.0,0.0,-0.52,conservative,Conservador,0.7,DEFENSIVE,0.8,Estado DEFENSIVE; tendencia 20%; volatilidad anualizada 13.2%; drawdown a 252 sesiones -8.9%; exposición propuesta 70%.,HOLD,balanced,Equilibrado,0.7,DEFENSIVE,0.8,Estado DEFENSIVE; tendencia 20%; volatilidad anualizada 13.2%; drawdown a 252 sesiones -8.9%; exposición propuesta 70%.,HOLD,aggressive,Agresivo,0.7,DEFENSIVE,0.8,Estado DEFENSIVE; tendencia 20%; volatilidad anualizada 13.2%; drawdown a 252 sesiones -8.9%; exposición propuesta 70%.,HOLD
2005-04-01,0.0,0.1342323454188965,-0.097166603774176,-0.0020304885738275,-1.0,0.0,0.0,-1.0,0.0,-0.7999999999999999,conservative,Conservador,0.7,DEFENSIVE,1.0,Estado DEFENSIVE; tendencia 0%; volatilidad anualizada 13.4%; drawdown a 252 sesiones -9.7%; exposición propuesta 70%.,HOLD,balanced,Equilibrado,0.7,DEFENSIVE,1.0,Estado DEFENSIVE; tendencia 0%; volatilidad anualizada 13.4%; drawdown a 252 sesiones -9.7%; exposición propuesta 70%.,HOLD,aggressive,Agresivo,0.7,DEFENSIVE,1.0,Estado DEFENSIVE; tendencia 0%; volatilidad anualizada 13.4%; drawdown a 252 sesiones -9.7%; exposición propuesta 70%.,HOLD
2005-04-08,0.4,0.1310960564011067,-0.0861928153946491,-0.0005525538855615,-0.19999999999999996,0.0,0.0,-1.0,0.0,-0.23999999999999996,conservative,Conservador,0.7,DEFENSIVE,0.6,Estado DEFENSIVE; tendencia 40%; volatilidad anualizada 13.1%; drawdown a 252 sesiones -8.6%; exposición propuesta 70%.,HOLD,balanced,Equilibrado,0.7,DEFENSIVE,0.6,Estado DEFENSIVE; tendencia 40%; volatilidad anualizada 13.1%; drawdown a 252 sesiones -8.6%; exposición propuesta 70%.,HOLD,aggressive,Agresivo,0.7,DEFENSIVE,0.6,Estado DEFENSIVE; tendencia 40%; volatilidad anualizada 13.1%; drawdown a 252 sesiones -8.6%; exposición propuesta 70%.,HOLD
2005-04-15,0.0,0.1587147648493575,-0.1335795093132363,-0.0137714215629757,-1.0,0.0,0.0,-1.0,0.0,-0.7999999999999999,conservative,Conservador,0.7,DEFENSIVE,1.0,Estado DEFENSIVE; tendencia 0%; volatilidad anualizada 15.9%; drawdown a 252 sesiones -13.4%; exposición propuesta 70%.,HOLD,balanced,Equilibrado,0.7,DEFENSIVE,1.0,Estado DEFENSIVE; tendencia 0%; volatilidad anualizada 15.9%; drawdown a 252 sesiones -13.4%; exposición propuesta 70%.,HOLD,aggressive,Agresivo,0.7,DEFENSIVE,1.0,Estado DEFENSIVE; tendencia 0%; volatilidad anualizada 15.9%; drawdown a 252 sesiones -13.4%; exposición propuesta 70%.,HOLD
2005-04-22,0.0,0.1940419508710944,-0.1248501547244793,-0.0191315509784422,-1.0,0.0,0.0,-1.0,0.0,-0.7999999999999999,conservative,Conservador,0.7,DEFENSIVE,1.0,Estado DEFENSIVE; tendencia 0%; volatilidad anualizada 19.4%; drawdown a 252 sesiones -12.5%; exposición propuesta 70%.,HOLD,balanced,Equilibrado,0.7,DEFENSIVE,1.0,Estado DEFENSIVE; tendencia 0%; volatilidad anualizada 19.4%; drawdown a 252 sesiones -12.5%; exposición propuesta 70%.,HOLD,aggressive,Agresivo,0.7,DEFENSIVE,1.0,Estado DEFENSIVE; tendencia 0%; volatilidad anualizada 19.4%; drawdown a 252 sesiones -12.5%; exposición propuesta 70%.,HOLD
2005-04-29,0.0,0.1853637059988248,-0.1275932521057792,-0.0193946743640858,-1.0,0.0,0.0,-1.0,0.0,-0.7999999999999999,conservative,Conservador,0.7,DEFENSIVE,1.0,Estado DEFENSIVE; tendencia 0%; volatilidad anualizada 18.5%; drawdown a 252 sesiones -12.8%; exposición propuesta 70%.,HOLD,balanced,Equilibrado,0.7,DEFENSIVE,1.0,Estado DEFENSIVE; tendencia 0%; volatilidad anualizada 18.5%; drawdown a 252 sesiones -12.8%; exposición propuesta 70%.,HOLD,aggressive,Agresivo,0.7,DEFENSIVE,1.0,Estado DEFENSIVE; tendencia 0%; volatilidad anualizada 18.5%; drawdown a 252 sesiones -12.8%; exposición propuesta 70%.,HOLD
2005-05-06,0.0,0.1839254207352889,-0.1056464027509757,-0.013577334662974,-1.0,0.0,0.0,-1.0,0.0,-0.7999999999999999,conservative,Conservador,0.7,DEFENSIVE,1.0,Estado DEFENSIVE; tendencia 0%; volatilidad anualizada 18.4%; drawdown a 252 sesiones -10.6%; exposición propuesta 70%.,HOLD,balanced,Equilibrado,0.7,DEFENSIVE,1.0,Estado DEFENSIVE; tendencia 0%; volatilidad anualizada 18.4%; drawdown a 252 sesiones -10.6%; exposición propuesta 70%.,HOLD,aggressive,Agresivo,0.7,DEFENSIVE,1.0,Estado DEFENSIVE; tendencia 0%; volatilidad anualizada 18.4%; drawdown a 252 sesiones -10.6%; exposición propuesta 70%.,HOLD
2005-05-13,0.4,0.1489807666969419,-0.0961686610972121,0.0294252893981044,-0.19999999999999996,0.0,0.0,1.0,0.0,-0.03999999999999995,conservative,Conservador,0.7,DEFENSIVE,0.6,Estado DEFENSIVE; tendencia 40%; volatilidad anualizada 14.9%; drawdown a 252 sesiones -9.6%; exposición propuesta 70%.,HOLD,balanced,Equilibrado,0.7,DEFENSIVE,0.6,Estado DEFENSIVE; tendencia 40%; volatilidad anualizada 14.9%; drawdown a 252 sesiones -9.6%; exposición propuesta 70%.,HOLD,aggressive,Agresivo,0.7,DEFENSIVE,0.6,Estado DEFENSIVE; tendencia 40%; volatilidad anualizada 14.9%; drawdown a 252 sesiones -9.6%; exposición propuesta 70%.,HOLD
2005-05-20,1.0,0.1045027521497219,-0.0607534744184234,0.0425231801759777,1.0,0.0,0.0,1.0,0.0,0.7999999999999999,conservative,Conservador,1.15,GROWTH,1.0,Estado GROWTH; tendencia 100%; volatilidad anualizada 10.5%; drawdown a 252 sesiones -6.1%; exposición propuesta 115%.,INCREASE,balanced,Equilibrado,1.5,VOLATILITY_MANAGED,1.0,Estado VOLATILITY_MANAGED; tendencia 100%; volatilidad anualizada 10.5%; drawdown a 252 sesiones -6.1%; exposición propuesta 150%.,INCREASE,aggressive,Agresivo,1.75,GROWTH,1.0,Estado GROWTH; tendencia 100%; volatilidad anualizada 10.5%; drawdown a 252 sesiones -6.1%; exposición propuesta 175%.,INCREASE
2005-05-27,1.0,0.08437987289496,-0.0470366446117698,0.0534616579287072,1.0,0.0,0.0,1.0,0.0,0.7999999999999999,conservative,Conservador,1.15,GROWTH,1.0,Estado GROWTH; tendencia 100%; volatilidad anualizada 8.4%; drawdown a 252 sesiones -4.7%; exposición propuesta 115%.,HOLD,balanced,Equilibrado,1.5,VOLATILITY_MANAGED,1.0,Estado VOLATILITY_MANAGED; tendencia 100%; volatilidad anualizada 8.4%; drawdown a 252 sesiones -4.7%; exposición propuesta 150%.,HOLD,aggressive,Agresivo,1.75,GROWTH,1.0,Estado GROWTH; tendencia 100%; volatilidad anualizada 8.4%; drawdown a 252 sesiones -4.7%; exposición propuesta 175%.,HOLD
2005-06-03,1.0,0.1075670945649799,-0.0497797419930697,0.0425357824011434,1.0,0.0,0.0,1.0,0.0,0.7999999999999999,conservative,Conservador,1.15,GROWTH,1.0,Estado GROWTH; tendencia 100%; volatilidad anualizada 10.8%; drawdown a 252 sesiones -5.0%; exposición propuesta 115%.,HOLD,balanced,Equilibrado,1.5,VOLATILITY_MANAGED,1.0,Estado VOLATILITY_MANAGED; tendencia 100%; volatilidad anualizada 10.8%; drawdown a 252 sesiones -5.0%; exposición propuesta 150%.,HOLD,aggressive,Agresivo,1.75,GROWTH,1.0,Estado GROWTH; tendencia 100%; volatilidad anualizada 10.8%; drawdown a 252 sesiones -5.0%; exposición propuesta 175%.,HOLD
2005-06-10,1.0,0.1195644269414177,-0.0634975230206659,0.0107660511314429,1.0,0.0,0.0,1.0,0.0,0.7999999999999999,conservative,Conservador,1.15,GROWTH,1.0,Estado GROWTH; tendencia 100%; volatilidad anualizada 12.0%; drawdown a 252 sesiones -6.3%; exposición propuesta 115%.,HOLD,balanced,Equilibrado,1.5,VOLATILITY_MANAGED,1.0,Estado VOLATILITY_MANAGED; tendencia 100%; volatilidad anualizada 12.0%; drawdown a 252 sesiones -6.3%; exposición propuesta 150%.,HOLD,aggressive,Agresivo,1.75,GROWTH,1.0,Estado GROWTH; tendencia 100%; volatilidad anualizada 12.0%; drawdown a 252 sesiones -6.3%; exposición propuesta 175%.,HOLD
2005-06-17,1.0,0.1033624378545789,-0.0546436144426225,-0.0109279176453813,1.0,0.0,0.0,-1.0,0.0,0.6,conservative,Conservador,1.15,GROWTH,1.0,Estado GROWTH; tendencia 100%; volatilidad anualizada 10.3%; drawdown a 252 sesiones -5.5%; exposición propuesta 115%.,HOLD,balanced,Equilibrado,1.5,VOLATILITY_MANAGED,1.0,Estado VOLATILITY_MANAGED; tendencia 100%; volatilidad anualizada 10.3%; drawdown a 252 sesiones -5.5%; exposición propuesta 150%.,HOLD,aggressive,Agresivo,1.75,GROWTH,1.0,Estado GROWTH; tendencia 100%; volatilidad anualizada 10.3%; drawdown a 252 sesiones -5.5%; exposición propuesta 175%.,HOLD
2005-06-24,0.6,0.1057919455789657,-0.0771105018820745,-0.026138153695804,0.19999999999999996,0.0,0.0,-1.0,0.0,0.03999999999999995,conservative,Conservador,1.15,GROWTH,0.6,Estado GROWTH; tendencia 60%; volatilidad anualizada 10.6%; drawdown a 252 sesiones -7.7%; exposición propuesta 115%.,HOLD,balanced,Equilibrado,1.5,VOLATILITY_MANAGED,0.6,Estado VOLATILITY_MANAGED; tendencia 60%; volatilidad anualizada 10.6%; drawdown a 252 sesiones -7.7%; exposición propuesta 150%.,HOLD,aggressive,Agresivo,1.75,GROWTH,0.6,Estado GROWTH; tendencia 60%; volatilidad anualizada 10.6%; drawdown a 252 sesiones -7.7%; exposición propuesta 175%.,HOLD
2005-07-01,0.2,0.0943847773867427,-0.0831014592400707,-0.0339225322409298,-0.6,0.0,0.0,-1.0,0.0,-0.52,conservative,Conservador,0.7,DEFENSIVE,0.8,Estado DEFENSIVE; tendencia 20%; volatilidad anualizada 9.4%; drawdown a 252 sesiones -8.3%; exposición propuesta 70%.,REDUCE,balanced,Equilibrado,0.7,DEFENSIVE,0.8,Estado DEFENSIVE; tendencia 20%; volatilidad anualizada 9.4%; drawdown a 252 sesiones -8.3%; exposición propuesta 70%.,REDUCE,aggressive,Agresivo,0.7,DEFENSIVE,0.8,Estado DEFENSIVE; tendencia 20%; volatilidad anualizada 9.4%; drawdown a 252 sesiones -8.3%; exposición propuesta 70%.,REDUCE
2005-07-08,0.8,0.1223122939093146,-0.0571399539206194,-0.0148597105779697,0.6000000000000001,0.0,0.0,-1.0,0.0,0.32000000000000006,conservative,Conservador,1.15,GROWTH,0.8,Estado GROWTH; tendencia 80%; volatilidad anualizada 12.2%; drawdown a 252 sesiones -5.7%; exposición propuesta 115%.,INCREASE,balanced,Equilibrado,1.5,VOLATILITY_MANAGED,0.8,Estado VOLATILITY_MANAGED; tendencia 80%; volatilidad anualizada 12.2%; drawdown a 252 sesiones -5.7%; exposición propuesta 150%.,INCREASE,aggressive,Agresivo,1.75,GROWTH,0.8,Estado GROWTH; tendencia 80%; volatilidad anualizada 12.2%; drawdown a 252 sesiones -5.7%; exposición propuesta 175%.,INCREASE
2005-07-15,1.0,0.1221128979124791,-0.0291809965303936,0.0111242622515346,1.0,0.0,0.0,1.0,0.0,0.7999999999999999,conservative,Conservador,1.15,GROWTH,1.0,Estado GROWTH; tendencia 100%; volatilidad anualizada 12.2%; drawdown a 252 sesiones -2.9%; exposición propuesta 115%.,HOLD,balanced,Equilibrado,1.5,VOLATILITY_MANAGED,1.0,Estado VOLATILITY_MANAGED; tendencia 100%; volatilidad anualizada 12.2%; drawdown a 252 sesiones -2.9%; exposición propuesta 150%.,HOLD,aggressive,Agresivo,1.75,GROWTH,1.0,Estado GROWTH; tendencia 100%; volatilidad anualizada 12.2%; drawdown a 252 sesiones -2.9%; exposición propuesta 175%.,HOLD
2005-07-22,1.0,0.1206939858826924,-0.0159506323045375,0.0235897976274679,1.0,0.0,0.0,1.0,0.0,0.7999999999999999,conservative,Conservador,1.15,GROWTH,1.0,Estado GROWTH; tendencia 100%; volatilidad anualizada 12.1%; drawdown a 252 sesiones -1.6%; exposición propuesta 115%.,HOLD,balanced,Equilibrado,1.5,VOLATILITY_MANAGED,1.0,Estado VOLATILITY_MANAGED; tendencia 100%; volatilidad anualizada 12.1%; drawdown a 252 sesiones -1.6%; exposición propuesta 150%.,HOLD,aggressive,Agresivo,1.75,GROWTH,1.0,Estado GROWTH; tendencia 100%; volatilidad anualizada 12.1%; drawdown a 252 sesiones -1.6%; exposición propuesta 175%.,HOLD
2005-07-29,1.0,0.1057231106913788,-0.0119563996130657,0.0378665967587901,1.0,0.0,0.0,1.0,0.0,0.7999999999999999,conservative,Conservador,1.15,GROWTH,1.0,Estado GROWTH; tendencia 100%; volatilidad anualizada 10.6%; drawdown a 252 sesiones -1.2%; exposición propuesta 115%.,HOLD,balanced,Equilibrado,1.5,VOLATILITY_MANAGED,1.0,Estado VOLATILITY_MANAGED; tendencia 100%; volatilidad anualizada 10.6%; drawdown a 252 sesiones -1.2%; exposición propuesta 150%.,HOLD,aggressive,Agresivo,1.75,GROWTH,1.0,Estado GROWTH; tendencia 100%; volatilidad anualizada 10.6%; drawdown a 252 sesiones -1.2%; exposición propuesta 175%.,HOLD
2005-08-05,1.0,0.0992670047669895,-0.0149706204677146,0.0324153235398478,1.0,0.0,0.0,1.0,0.0,0.7999999999999999,conservative,Conservador,1.15,GROWTH,1.0,Estado GROWTH; tendencia 100%; volatilidad anualizada 9.9%; drawdown a 252 sesiones -1.5%; exposición propuesta 115%.,HOLD,balanced,Equilibrado,1.5,VOLATILITY_MANAGED,1.0,Estado VOLATILITY_MANAGED; tendencia 100%; volatilidad anualizada 9.9%; drawdown a 252 sesiones -1.5%; exposición propuesta 150%.,HOLD,aggressive,Agresivo,1.75,GROWTH,1.0,Estado GROWTH; tendencia 100%; volatilidad anualizada 9.9%; drawdown a 252 sesiones -1.5%; exposición propuesta 175%.,HOLD
2005-08-12,1.0,0.1085394994274602,-0.0217070976842884,0.0064365037572815,1.0,0.0,0.0,1.0,0.0,0.7999999999999999,conservative,Conservador,1.15,GROWTH,1.0,Estado GROWTH; tendencia 100%; volatilidad anualizada 10.9%; drawdown a 252 sesiones -2.2%; exposición propuesta 115%.,HOLD,balanced,Equilibrado,1.5,VOLATILITY_MANAGED,1.0,Estado VOLATILITY_MANAGED; tendencia 100%; volatilidad anualizada 10.9%; drawdown a 252 sesiones -2.2%; exposición propuesta 150%.,HOLD,aggressive,Agresivo,1.75,GROWTH,1.0,Estado GROWTH; tendencia 100%; volatilidad anualizada 10.9%; drawdown a 252 sesiones -2.2%; exposición propuesta 175%.,HOLD
2005-08-19,0.8,0.1173706202357103,-0.0314372292261193,-0.0065593481585489,0.6000000000000001,0.0,0.0,-1.0,0.0,0.32000000000000006,conservative,Conservador,1.15,GROWTH,0.8,Estado GROWTH; tendencia 80%; volatilidad anualizada 11.7%; drawdown a 252 sesiones -3.1%; exposición propuesta 115%.,HOLD,balanced,Equilibrado,1.5,VOLATILITY_MANAGED,0.8,Estado VOLATILITY_MANAGED; tendencia 80%; volatilidad anualizada 11.7%; drawdown a 252 sesiones -3.1%; exposición propuesta 150%.,HOLD,aggressive,Agresivo,1.75,GROWTH,0.8,Estado GROWTH; tendencia 80%; volatilidad anualizada 11.7%; drawdown a 252 sesiones -3.1%; exposición propuesta 175%.,HOLD
2005-08-26,0.4,0.1087626270011512,-0.040419646246585,-0.0042143934618384,-0.19999999999999996,0.0,0.0,-1.0,0.0,-0.23999999999999996,conservative,Conservador,0.7,DEFENSIVE,0.6,Estado DEFENSIVE; tendencia 40%; volatilidad anualizada 10.9%; drawdown a 252 sesiones -4.0%; exposición propuesta 70%.,REDUCE,balanced,Equilibrado,0.7,DEFENSIVE,0.6,Estado DEFENSIVE; tendencia 40%; volatilidad anualizada 10.9%; drawdown a 252 sesiones -4.0%; exposición propuesta 70%.,REDUCE,aggressive,Agresivo,0.7,DEFENSIVE,0.6,Estado DEFENSIVE; tendencia 40%; volatilidad anualizada 10.9%; drawdown a 252 sesiones -4.0%; exposición propuesta 70%.,REDUCE
2005-09-02,0.8,0.1065131061895454,-0.0326847995733609,-0.013019497461773,0.6000000000000001,0.0,0.0,-1.0,0.0,0.32000000000000006,conservative,Conservador,1.15,GROWTH,0.8,Estado GROWTH; tendencia 80%; volatilidad anualizada 10.7%; drawdown a 252 sesiones -3.3%; exposición propuesta 115%.,INCREASE,balanced,Equilibrado,1.5,VOLATILITY_MANAGED,0.8,Estado VOLATILITY_MANAGED; tendencia 80%; volatilidad anualizada 10.7%; drawdown a 252 sesiones -3.3%; exposición propuesta 150%.,INCREASE,aggressive,Agresivo,1.75,GROWTH,0.8,Estado GROWTH; tendencia 80%; volatilidad anualizada 10.7%; drawdown a 252 sesiones -3.3%; exposición propuesta 175%.,INCREASE
2005-09-09,1.0,0.1080985086098613,-0.0114774458653568,-0.0014816702627069,1.0,0.0,0.0,-1.0,0.0,0.6,conservative,Conservador,1.15,GROWTH,1.0,Estado GROWTH; tendencia 100%; volatilidad anualizada 10.8%; drawdown a 252 sesiones -1.1%; exposición propuesta 115%.,HOLD,balanced,Equilibrado,1.5,VOLATILITY_MANAGED,1.0,Estado VOLATILITY_MANAGED; tendencia 100%; volatilidad anualizada 10.8%; drawdown a 252 sesiones -1.1%; exposición propuesta 150%.,HOLD,aggressive,Agresivo,1.75,GROWTH,1.0,Estado GROWTH; tendencia 100%; volatilidad anualizada 10.8%; drawdown a 252 sesiones -1.1%; exposición propuesta 175%.,HOLD
2005-09-16,1.0,0.0935108785289565,-0.0169659053363216,-0.0006054611596484,1.0,0.0,0.0,-1.0,0.0,0.6,conservative,Conservador,1.15,GROWTH,1.0,Estado GROWTH; tendencia 100%; volatilidad anualizada 9.4%; drawdown a 252 sesiones -1.7%; exposición propuesta 115%.,HOLD,balanced,Equilibrado,1.5,VOLATILITY_MANAGED,1.0,Estado VOLATILITY_MANAGED; tendencia 100%; volatilidad anualizada 9.4%; drawdown a 252 sesiones -1.7%; exposición propuesta 150%.,HOLD,aggressive,Agresivo,1.75,GROWTH,1.0,Estado GROWTH; tendencia 100%; volatilidad anualizada 9.4%; drawdown a 252 sesiones -1.7%; exposición propuesta 175%.,HOLD
2005-09-23,0.8,0.1056573956802691,-0.0331836487529105,0.0011287349704893,0.6000000000000001,0.0,0.0,1.0,0.0,0.52,conservative,Conservador,1.15,GROWTH,0.8,Estado GROWTH; tendencia 80%; volatilidad anualizada 10.6%; drawdown a 252 sesiones -3.3%; exposición propuesta 115%.,HOLD,balanced,Equilibrado,1.5,VOLATILITY_MANAGED,0.8,Estado VOLATILITY_MANAGED; tendencia 80%; volatilidad anualizada 10.6%; drawdown a 252 sesiones -3.3%; exposición propuesta 150%.,HOLD,aggressive,Agresivo,1.75,GROWTH,0.8,Estado GROWTH; tendencia 80%; volatilidad anualizada 10.6%; drawdown a 252 sesiones -3.3%; exposición propuesta 175%.,HOLD
2005-09-30,1.0,0.1085472529813779,-0.0154692459480807,0.0051085451585237,1.0,0.0,0.0,1.0,0.0,0.7999999999999999,conservative,Conservador,1.15,GROWTH,1.0,Estado GROWTH; tendencia 100%; volatilidad anualizada 10.9%; drawdown a 252 sesiones -1.5%; exposición propuesta 115%.,HOLD,balanced,Equilibrado,1.5,VOLATILITY_MANAGED,1.0,Estado VOLATILITY_MANAGED; tendencia 100%; volatilidad anualizada 10.9%; drawdown a 252 sesiones -1.5%; exposición propuesta 150%.,HOLD,aggressive,Agresivo,1.75,GROWTH,1.0,Estado GROWTH; tendencia 100%; volatilidad anualizada 10.9%; drawdown a 252 sesiones -1.5%; exposición propuesta 175%.,HOLD
2005-10-07,0.4,0.1150467171615435,-0.0434129650230667,0.003655238968052,-0.19999999999999996,0.0,0.0,1.0,0.0,-0.03999999999999995,conservative,Conservador,0.7,DEFENSIVE,0.6,Estado DEFENSIVE; tendencia 40%; volatilidad anualizada 11.5%; drawdown a 252 sesiones -4.3%; exposición propuesta 70%.,REDUCE,balanced,Equilibrado,0.7,DEFENSIVE,0.6,Estado DEFENSIVE; tendencia 40%; volatilidad anualizada 11.5%; drawdown a 252 sesiones -4.3%; exposición propuesta 70%.,REDUCE,aggressive,Agresivo,0.7,DEFENSIVE,0.6,Estado DEFENSIVE; tendencia 40%; volatilidad anualizada 11.5%; drawdown a 252 sesiones -4.3%; exposición propuesta 70%.,REDUCE
2005-10-14,0.4,0.1219781180577428,-0.0503988668294153,0.005100191004124,-0.19999999999999996,0.0,0.0,1.0,0.0,-0.03999999999999995,conservative,Conservador,0.7,DEFENSIVE,0.6,Estado DEFENSIVE; tendencia 40%; volatilidad anualizada 12.2%; drawdown a 252 sesiones -5.0%; exposición propuesta 70%.,HOLD,balanced,Equilibrado,0.7,DEFENSIVE,0.6,Estado DEFENSIVE; tendencia 40%; volatilidad anualizada 12.2%; drawdown a 252 sesiones -5.0%; exposición propuesta 70%.,HOLD,aggressive,Agresivo,0.7,DEFENSIVE,0.6,Estado DEFENSIVE; tendencia 40%; volatilidad anualizada 12.2%; drawdown a 252 sesiones -5.0%; exposición propuesta 70%.,HOLD
2005-10-21,0.4,0.1431217384625471,-0.0381734827435094,0.0220948738985431,-0.19999999999999996,0.0,0.0,1.0,0.0,-0.03999999999999995,conservative,Conservador,0.7,DEFENSIVE,0.6,Estado DEFENSIVE; tendencia 40%; volatilidad anualizada 14.3%; drawdown a 252 sesiones -3.8%; exposición propuesta 70%.,HOLD,balanced,Equilibrado,0.7,DEFENSIVE,0.6,Estado DEFENSIVE; tendencia 40%; volatilidad anualizada 14.3%; drawdown a 252 sesiones -3.8%; exposición propuesta 70%.,HOLD,aggressive,Agresivo,0.7,DEFENSIVE,0.6,Estado DEFENSIVE; tendencia 40%; volatilidad anualizada 14.3%; drawdown a 252 sesiones -3.8%; exposición propuesta 70%.,HOLD
2005-10-28,0.4,0.1640268625047143,-0.0439120379018,-0.0025567592164729,-0.19999999999999996,0.0,0.0,-1.0,0.0,-0.23999999999999996,conservative,Conservador,0.7,DEFENSIVE,0.6,Estado DEFENSIVE; tendencia 40%; volatilidad anualizada 16.4%; drawdown a 252 sesiones -4.4%; exposición propuesta 70%.,HOLD,balanced,Equilibrado,0.7,DEFENSIVE,0.6,Estado DEFENSIVE; tendencia 40%; volatilidad anualizada 16.4%; drawdown a 252 sesiones -4.4%; exposición propuesta 70%.,HOLD,aggressive,Agresivo,0.7,DEFENSIVE,0.6,Estado DEFENSIVE; tendencia 40%; volatilidad anualizada 16.4%; drawdown a 252 sesiones -4.4%; exposición propuesta 70%.,HOLD
2005-11-04,1.0,0.1694152739041527,0.0,0.0244819925595953,1.0,0.0,0.0,1.0,0.0,0.7999999999999999,conservative,Conservador,1.15,GROWTH,1.0,Estado GROWTH; tendencia 100%; volatilidad anualizada 16.9%; drawdown a 252 sesiones 0.0%; exposición propuesta 115%.,INCREASE,balanced,Equilibrado,1.5,VOLATILITY_MANAGED,1.0,Estado VOLATILITY_MANAGED; tendencia 100%; volatilidad anualizada 16.9%; drawdown a 252 sesiones 0.0%; exposición propuesta 150%.,INCREASE,aggressive,Agresivo,1.75,GROWTH,1.0,Estado GROWTH; tendencia 100%; volatilidad anualizada 16.9%; drawdown a 252 sesiones 0.0%; exposición propuesta 175%.,INCREASE
2005-11-11,1.0,0.1567676344523911,0.0,0.0267349622360417,1.0,0.0,0.0,1.0,0.0,0.7999999999999999,conservative,Conservador,1.15,GROWTH,1.0,Estado GROWTH; tendencia 100%; volatilidad anualizada 15.7%; drawdown a 252 sesiones 0.0%; exposición propuesta 115%.,HOLD,balanced,Equilibrado,1.5,VOLATILITY_MANAGED,1.0,Estado VOLATILITY_MANAGED; tendencia 100%; volatilidad anualizada 15.7%; drawdown a 252 sesiones 0.0%; exposición propuesta 150%.,HOLD,aggressive,Agresivo,1.75,GROWTH,1.0,Estado GROWTH; tendencia 100%; volatilidad anualizada 15.7%; drawdown a 252 sesiones 0.0%; exposición propuesta 175%.,HOLD
2005-11-18,1.0,0.139923848466012,0.0,0.0159698973855566,1.0,0.0,0.0,1.0,0.0,0.7999999999999999,conservative,Conservador,1.15,GROWTH,1.0,Estado GROWTH; tendencia 100%; volatilidad anualizada 14.0%; drawdown a 252 sesiones 0.0%; exposición propuesta 115%.,HOLD,balanced,Equilibrado,1.5,VOLATILITY_MANAGED,1.0,Estado VOLATILITY_MANAGED; tendencia 100%; volatilidad anualizada 14.0%; drawdown a 252 sesiones 0.0%; exposición propuesta 150%.,HOLD,aggressive,Agresivo,1.75,GROWTH,1.0,Estado GROWTH; tendencia 100%; volatilidad anualizada 14.0%; drawdown a 252 sesiones 0.0%; exposición propuesta 175%.,HOLD
2005-11-25,1.0,0.0897320359167762,0.0,0.0250385369832759,1.0,0.0,0.0,1.0,0.0,0.7999999999999999,conservative,Conservador,1.15,GROWTH,1.0,Estado GROWTH; tendencia 100%; volatilidad anualizada 9.0%; drawdown a 252 sesiones 0.0%; exposición propuesta 115%.,HOLD,balanced,Equilibrado,1.5,VOLATILITY_MANAGED,1.0,Estado VOLATILITY_MANAGED; tendencia 100%; volatilidad anualizada 9.0%; drawdown a 252 sesiones 0.0%; exposición propuesta 150%.,HOLD,aggressive,Agresivo,1.75,GROWTH,1.0,Estado GROWTH; tendencia 100%; volatilidad anualizada 9.0%; drawdown a 252 sesiones 0.0%; exposición propuesta 175%.,HOLD
2005-12-02,1.0,0.0982921535655255,0.0,0.0168729680791068,1.0,0.0,0.0,1.0,0.0,0.7999999999999999,conservative,Conservador,1.15,GROWTH,1.0,Estado GROWTH; tendencia 100%; volatilidad anualizada 9.8%; drawdown a 252 sesiones 0.0%; exposición propuesta 115%.,HOLD,balanced,Equilibrado,1.5,VOLATILITY_MANAGED,1.0,Estado VOLATILITY_MANAGED; tendencia 100%; volatilidad anualizada 9.8%; drawdown a 252 sesiones 0.0%; exposición propuesta 150%.,HOLD,aggressive,Agresivo,1.75,GROWTH,1.0,Estado GROWTH; tendencia 100%; volatilidad anualizada 9.8%; drawdown a 252 sesiones 0.0%; exposición propuesta 175%.,HOLD
2005-12-09,1.0,0.1051417636117426,-0.0092605446377244,0.003344663877681,1.0,0.0,0.0,1.0,0.0,0.7999999999999999,conservative,Conservador,1.15,GROWTH,1.0,Estado GROWTH; tendencia 100%; volatilidad anualizada 10.5%; drawdown a 252 sesiones -0.9%; exposición propuesta 115%.,HOLD,balanced,Equilibrado,1.5,VOLATILITY_MANAGED,1.0,Estado VOLATILITY_MANAGED; tendencia 100%; volatilidad anualizada 10.5%; drawdown a 252 sesiones -0.9%; exposición propuesta 150%.,HOLD,aggressive,Agresivo,1.75,GROWTH,1.0,Estado GROWTH; tendencia 100%; volatilidad anualizada 10.5%; drawdown a 252 sesiones -0.9%; exposición propuesta 175%.,HOLD
2005-12-16,1.0,0.0974303612874226,-0.0102036536291438,-0.0102097513176961,1.0,0.0,0.0,-1.0,0.0,0.6,conservative,Conservador,1.15,GROWTH,1.0,Estado GROWTH; tendencia 100%; volatilidad anualizada 9.7%; drawdown a 252 sesiones -1.0%; exposición propuesta 115%.,HOLD,balanced,Equilibrado,1.5,VOLATILITY_MANAGED,1.0,Estado VOLATILITY_MANAGED; tendencia 100%; volatilidad anualizada 9.7%; drawdown a 252 sesiones -1.0%; exposición propuesta 150%.,HOLD,aggressive,Agresivo,1.75,GROWTH,1.0,Estado GROWTH; tendencia 100%; volatilidad anualizada 9.7%; drawdown a 252 sesiones -1.0%; exposición propuesta 175%.,HOLD
2005-12-23,0.8,0.1146039294721194,-0.0144883641705878,-0.0116888314675457,0.6000000000000001,0.0,0.0,-1.0,0.0,0.32000000000000006,conservative,Conservador,1.15,GROWTH,0.8,Estado GROWTH; tendencia 80%; volatilidad anualizada 11.5%; drawdown a 252 sesiones -1.4%; exposición propuesta 115%.,HOLD,balanced,Equilibrado,1.5,VOLATILITY_MANAGED,0.8,Estado VOLATILITY_MANAGED; tendencia 80%; volatilidad anualizada 11.5%; drawdown a 252 sesiones -1.4%; exposición propuesta 150%.,HOLD,aggressive,Agresivo,1.75,GROWTH,0.8,Estado GROWTH; tendencia 80%; volatilidad anualizada 11.5%; drawdown a 252 sesiones -1.4%; exposición propuesta 175%.,HOLD
2005-12-30,0.6,0.0935720089424277,-0.0380545915217067,-0.0237680853335124,0.19999999999999996,0.0,0.0,-1.0,0.0,0.03999999999999995,conservative,Conservador,1.15,GROWTH,0.6,Estado GROWTH; tendencia 60%; volatilidad anualizada 9.4%; drawdown a 252 sesiones -3.8%; exposición propuesta 115%.,HOLD,balanced,Equilibrado,1.5,VOLATILITY_MANAGED,0.6,Estado VOLATILITY_MANAGED; tendencia 60%; volatilidad anualizada 9.4%; drawdown a 252 sesiones -3.8%; exposición propuesta 150%.,HOLD,aggressive,Agresivo,1.75,GROWTH,0.6,Estado GROWTH; tendencia 60%; volatilidad anualizada 9.4%; drawdown a 252 sesiones -3.8%; exposición propuesta 175%.,HOLD
2006-01-06,1.0,0.1446027736230392,0.0,-0.0020705177239719,1.0,0.0,0.0,-1.0,0.0,0.6,conservative,Conservador,1.15,GROWTH,1.0,Estado GROWTH; tendencia 100%; volatilidad anualizada 14.5%; drawdown a 252 sesiones 0.0%; exposición propuesta 115%.,HOLD,balanced,Equilibrado,1.5,VOLATILITY_MANAGED,1.0,Estado VOLATILITY_MANAGED; tendencia 100%; volatilidad anualizada 14.5%; drawdown a 252 sesiones 0.0%; exposición propuesta 150%.,HOLD,aggressive,Agresivo,1.75,GROWTH,1.0,Estado GROWTH; tendencia 100%; volatilidad anualizada 14.5%; drawdown a 252 sesiones 0.0%; exposición propuesta 175%.,HOLD
2006-01-13,1.0,0.1435549520051829,-0.0053225869385018,0.0161060949680267,1.0,0.0,0.0,1.0,0.0,0.7999999999999999,conservative,Conservador,1.15,GROWTH,1.0,Estado GROWTH; tendencia 100%; volatilidad anualizada 14.4%; drawdown a 252 sesiones -0.5%; exposición propuesta 115%.,HOLD,balanced,Equilibrado,1.5,VOLATILITY_MANAGED,1.0,Estado VOLATILITY_MANAGED; tendencia 100%; volatilidad anualizada 14.4%; drawdown a 252 sesiones -0.5%; exposición propuesta 150%.,HOLD,aggressive,Agresivo,1.75,GROWTH,1.0,Estado GROWTH; tendencia 100%; volatilidad anualizada 14.4%; drawdown a 252 sesiones -0.5%; exposición propuesta 175%.,HOLD
2006-01-20,0.8,0.1787278216881653,-0.0453595108523249,0.0062133968756679,0.6000000000000001,0.0,0.0,1.0,0.0,0.52,conservative,Conservador,1.15,GROWTH,0.8,Estado GROWTH; tendencia 80%; volatilidad anualizada 17.9%; drawdown a 252 sesiones -4.5%; exposición propuesta 115%.,HOLD,balanced,Equilibrado,1.5,VOLATILITY_MANAGED,0.8,Estado VOLATILITY_MANAGED; tendencia 80%; volatilidad anualizada 17.9%; drawdown a 252 sesiones -4.5%; exposición propuesta 150%.,HOLD,aggressive,Agresivo,1.75,GROWTH,0.8,Estado GROWTH; tendencia 80%; volatilidad anualizada 17.9%; drawdown a 252 sesiones -4.5%; exposición propuesta 175%.,HOLD
2006-01-27,1.0,0.1821555197838199,-0.0254569665528914,0.005136394810113,1.0,0.0,0.0,1.0,0.0,0.7999999999999999,conservative,Conservador,1.15,GROWTH,1.0,Estado GROWTH; tendencia 100%; volatilidad anualizada 18.2%; drawdown a 252 sesiones -2.5%; exposición propuesta 115%.,HOLD,balanced,Equilibrado,1.5,VOLATILITY_MANAGED,1.0,Estado VOLATILITY_MANAGED; tendencia 100%; volatilidad anualizada 18.2%; drawdown a 252 sesiones -2.5%; exposición propuesta 150%.,HOLD,aggressive,Agresivo,1.75,GROWTH,1.0,Estado GROWTH; tendencia 100%; volatilidad anualizada 18.2%; drawdown a 252 sesiones -2.5%; exposición propuesta 175%.,HOLD
2006-02-03,0.6,0.1735458353416691,-0.052996621517774,-0.0151404049952612,0.19999999999999996,0.0,0.0,-1.0,0.0,0.03999999999999995,conservative,Conservador,1.15,GROWTH,0.6,Estado GROWTH; tendencia 60%; volatilidad anualizada 17.4%; drawdown a 252 sesiones -5.3%; exposición propuesta 115%.,HOLD,balanced,Equilibrado,1.5,VOLATILITY_MANAGED,0.6,Estado VOLATILITY_MANAGED; tendencia 60%; volatilidad anualizada 17.4%; drawdown a 252 sesiones -5.3%; exposición propuesta 150%.,HOLD,aggressive,Agresivo,1.75,GROWTH,0.6,Estado GROWTH; tendencia 60%; volatilidad anualizada 17.4%; drawdown a 252 sesiones -5.3%; exposición propuesta 175%.,HOLD
2006-02-10,0.6,0.1646798392136399,-0.0520709362244853,-0.0306708824693417,0.19999999999999996,0.0,0.0,-1.0,0.0,0.03999999999999995,conservative,Conservador,1.15,GROWTH,0.6,Estado GROWTH; tendencia 60%; volatilidad anualizada 16.5%; drawdown a 252 sesiones -5.2%; exposición propuesta 115%.,HOLD,balanced,Equilibrado,1.5,VOLATILITY_MANAGED,0.6,Estado VOLATILITY_MANAGED; tendencia 60%; volatilidad anualizada 16.5%; drawdown a 252 sesiones -5.2%; exposición propuesta 150%.,HOLD,aggressive,Agresivo,1.75,GROWTH,0.6,Estado GROWTH; tendencia 60%; volatilidad anualizada 16.5%; drawdown a 252 sesiones -5.2%; exposición propuesta 175%.,HOLD
2006-02-17,0.4,0.1391656621382642,-0.0462857136351559,-0.0235151286751126,-0.19999999999999996,0.0,0.0,-1.0,0.0,-0.23999999999999996,conservative,Conservador,0.7,DEFENSIVE,0.6,Estado DEFENSIVE; tendencia 40%; volatilidad anualizada 13.9%; drawdown a 252 sesiones -4.6%; exposición propuesta 70%.,REDUCE,balanced,Equilibrado,0.7,DEFENSIVE,0.6,Estado DEFENSIVE; tendencia 40%; volatilidad anualizada 13.9%; drawdown a 252 sesiones -4.6%; exposición propuesta 70%.,REDUCE,aggressive,Agresivo,0.7,DEFENSIVE,0.6,Estado DEFENSIVE; tendencia 40%; volatilidad anualizada 13.9%; drawdown a 252 sesiones -4.6%; exposición propuesta 70%.,REDUCE
2006-02-24,0.4,0.1486677196881048,-0.0451281930269111,-0.0230754542395276,-0.19999999999999996,0.0,0.0,-1.0,0.0,-0.23999999999999996,conservative,Conservador,0.7,DEFENSIVE,0.6,Estado DEFENSIVE; tendencia 40%; volatilidad anualizada 14.9%; drawdown a 252 sesiones -4.5%; exposición propuesta 70%.,HOLD,balanced,Equilibrado,0.7,DEFENSIVE,0.6,Estado DEFENSIVE; tendencia 40%; volatilidad anualizada 14.9%; drawdown a 252 sesiones -4.5%; exposición propuesta 70%.,HOLD,aggressive,Agresivo,0.7,DEFENSIVE,0.6,Estado DEFENSIVE; tendencia 40%; volatilidad anualizada 14.9%; drawdown a 252 sesiones -4.5%; exposición propuesta 70%.,HOLD
2006-03-03,0.6,0.1511534152613069,-0.0407311878837896,-0.0141745045771686,0.19999999999999996,0.0,0.0,-1.0,0.0,0.03999999999999995,conservative,Conservador,1.15,GROWTH,0.6,Estado GROWTH; tendencia 60%; volatilidad anualizada 15.1%; drawdown a 252 sesiones -4.1%; exposición propuesta 115%.,INCREASE,balanced,Equilibrado,1.5,VOLATILITY_MANAGED,0.6,Estado VOLATILITY_MANAGED; tendencia 60%; volatilidad anualizada 15.1%; drawdown a 252 sesiones -4.1%; exposición propuesta 150%.,INCREASE,aggressive,Agresivo,1.75,GROWTH,0.6,Estado GROWTH; tendencia 60%; volatilidad anualizada 15.1%; drawdown a 252 sesiones -4.1%; exposición propuesta 175%.,INCREASE
2006-03-10,0.4,0.1412508425376154,-0.0613280996510982,-0.0209298856619382,-0.19999999999999996,0.0,0.0,-1.0,0.0,-0.23999999999999996,conservative,Conservador,0.7,DEFENSIVE,0.6,Estado DEFENSIVE; tendencia 40%; volatilidad anualizada 14.1%; drawdown a 252 sesiones -6.1%; exposición propuesta 70%.,REDUCE,balanced,Equilibrado,0.7,DEFENSIVE,0.6,Estado DEFENSIVE; tendencia 40%; volatilidad anualizada 14.1%; drawdown a 252 sesiones -6.1%; exposición propuesta 70%.,REDUCE,aggressive,Agresivo,0.7,DEFENSIVE,0.6,Estado DEFENSIVE; tendencia 40%; volatilidad anualizada 14.1%; drawdown a 252 sesiones -6.1%; exposición propuesta 70%.,REDUCE
2006-03-17,0.6,0.1434946173390665,-0.0400582444829663,-0.0167923109638622,0.19999999999999996,0.0,0.0,-1.0,0.0,0.03999999999999995,conservative,Conservador,1.15,GROWTH,0.6,Estado GROWTH; tendencia 60%; volatilidad anualizada 14.3%; drawdown a 252 sesiones -4.0%; exposición propuesta 115%.,INCREASE,balanced,Equilibrado,1.5,VOLATILITY_MANAGED,0.6,Estado VOLATILITY_MANAGED; tendencia 60%; volatilidad anualizada 14.3%; drawdown a 252 sesiones -4.0%; exposición propuesta 150%.,INCREASE,aggressive,Agresivo,1.75,GROWTH,0.6,Estado GROWTH; tendencia 60%; volatilidad anualizada 14.3%; drawdown a 252 sesiones -4.0%; exposición propuesta 175%.,INCREASE
2006-03-24,0.8,0.1339151956891162,-0.0435317377888768,-0.0085116486147598,0.6000000000000001,0.0,0.0,-1.0,0.0,0.32000000000000006,conservative,Conservador,1.15,GROWTH,0.8,Estado GROWTH; tendencia 80%; volatilidad anualizada 13.4%; drawdown a 252 sesiones -4.4%; exposición propuesta 115%.,HOLD,balanced,Equilibrado,1.5,VOLATILITY_MANAGED,0.8,Estado VOLATILITY_MANAGED; tendencia 80%; volatilidad anualizada 13.4%; drawdown a 252 sesiones -4.4%; exposición propuesta 150%.,HOLD,aggressive,Agresivo,1.75,GROWTH,0.8,Estado GROWTH; tendencia 80%; volatilidad anualizada 13.4%; drawdown a 252 sesiones -4.4%; exposición propuesta 175%.,HOLD
2006-03-31,1.0,0.1247810974610111,-0.0289416376329159,-3.018335208815337e-05,1.0,0.0,0.0,-1.0,0.0,0.6,conservative,Conservador,1.15,GROWTH,1.0,Estado GROWTH; tendencia 100%; volatilidad anualizada 12.5%; drawdown a 252 sesiones -2.9%; exposición propuesta 115%.,HOLD,balanced,Equilibrado,1.5,VOLATILITY_MANAGED,1.0,Estado VOLATILITY_MANAGED; tendencia 100%; volatilidad anualizada 12.5%; drawdown a 252 sesiones -2.9%; exposición propuesta 150%.,HOLD,aggressive,Agresivo,1.75,GROWTH,1.0,Estado GROWTH; tendencia 100%; volatilidad anualizada 12.5%; drawdown a 252 sesiones -2.9%; exposición propuesta 175%.,HOLD
2006-04-07,0.8,0.1220669589932555,-0.0199098926509343,0.0327306745081843,0.6000000000000001,0.0,0.0,1.0,0.0,0.52,conservative,Conservador,1.15,GROWTH,0.8,Estado GROWTH; tendencia 80%; volatilidad anualizada 12.2%; drawdown a 252 sesiones -2.0%; exposición propuesta 115%.,HOLD,balanced,Equilibrado,1.5,VOLATILITY_MANAGED,0.8,Estado VOLATILITY_MANAGED; tendencia 80%; volatilidad anualizada 12.2%; drawdown a 252 sesiones -2.0%; exposición propuesta 150%.,HOLD,aggressive,Agresivo,1.75,GROWTH,0.8,Estado GROWTH; tendencia 80%; volatilidad anualizada 12.2%; drawdown a 252 sesiones -2.0%; exposición propuesta 175%.,HOLD
2006-04-14,0.8,0.1220669589932555,-0.0199098926509343,0.0327306745081843,0.6000000000000001,0.0,0.0,1.0,0.0,0.52,conservative,Conservador,1.15,GROWTH,0.8,Estado GROWTH; tendencia 80%; volatilidad anualizada 12.2%; drawdown a 252 sesiones -2.0%; exposición propuesta 115%.,HOLD,balanced,Equilibrado,1.5,VOLATILITY_MANAGED,0.8,Estado VOLATILITY_MANAGED; tendencia 80%; volatilidad anualizada 12.2%; drawdown a 252 sesiones -2.0%; exposición propuesta 150%.,HOLD,aggressive,Agresivo,1.75,GROWTH,0.8,Estado GROWTH; tendencia 80%; volatilidad anualizada 12.2%; drawdown a 252 sesiones -2.0%; exposición propuesta 175%.,HOLD
2006-04-21,1.0,0.1337162556548496,-0.0273210673822098,0.0141533011491579,1.0,0.0,0.0,1.0,0.0,0.7999999999999999,conservative,Conservador,1.15,GROWTH,1.0,Estado GROWTH; tendencia 100%; volatilidad anualizada 13.4%; drawdown a 252 sesiones -2.7%; exposición propuesta 115%.,HOLD,balanced,Equilibrado,1.5,VOLATILITY_MANAGED,1.0,Estado VOLATILITY_MANAGED; tendencia 100%; volatilidad anualizada 13.4%; drawdown a 252 sesiones -2.7%; exposición propuesta 150%.,HOLD,aggressive,Agresivo,1.75,GROWTH,1.0,Estado GROWTH; tendencia 100%; volatilidad anualizada 13.4%; drawdown a 252 sesiones -2.7%; exposición propuesta 175%.,HOLD
2006-04-28,0.6,0.1235840028857495,-0.0307947676839372,-0.0176223323001153,0.19999999999999996,0.0,0.0,-1.0,0.0,0.03999999999999995,conservative,Conservador,1.15,GROWTH,0.6,Estado GROWTH; tendencia 60%; volatilidad anualizada 12.4%; drawdown a 252 sesiones -3.1%; exposición propuesta 115%.,HOLD,balanced,Equilibrado,1.5,VOLATILITY_MANAGED,0.6,Estado VOLATILITY_MANAGED; tendencia 60%; volatilidad anualizada 12.4%; drawdown a 252 sesiones -3.1%; exposición propuesta 150%.,HOLD,aggressive,Agresivo,1.75,GROWTH,0.6,Estado GROWTH; tendencia 60%; volatilidad anualizada 12.4%; drawdown a 252 sesiones -3.1%; exposición propuesta 175%.,HOLD
2006-05-05,0.8,0.1283154924065008,-0.0236152212718009,-0.0259473370948658,0.6000000000000001,0.0,0.0,-1.0,0.0,0.32000000000000006,conservative,Conservador,1.15,GROWTH,0.8,Estado GROWTH; tendencia 80%; volatilidad anualizada 12.8%; drawdown a 252 sesiones -2.4%; exposición propuesta 115%.,HOLD,balanced,Equilibrado,1.5,VOLATILITY_MANAGED,0.8,Estado VOLATILITY_MANAGED; tendencia 80%; volatilidad anualizada 12.8%; drawdown a 252 sesiones -2.4%; exposición propuesta 150%.,HOLD,aggressive,Agresivo,1.75,GROWTH,0.8,Estado GROWTH; tendencia 80%; volatilidad anualizada 12.8%; drawdown a 252 sesiones -2.4%; exposición propuesta 175%.,HOLD
2006-05-12,0.2,0.1520835460963057,-0.0692384447948883,-0.0494853693110969,-0.6,0.0,0.0,-1.0,0.0,-0.52,conservative,Conservador,0.7,DEFENSIVE,0.8,Estado DEFENSIVE; tendencia 20%; volatilidad anualizada 15.2%; drawdown a 252 sesiones -6.9%; exposición propuesta 70%.,REDUCE,balanced,Equilibrado,0.7,DEFENSIVE,0.8,Estado DEFENSIVE; tendencia 20%; volatilidad anualizada 15.2%; drawdown a 252 sesiones -6.9%; exposición propuesta 70%.,REDUCE,aggressive,Agresivo,0.7,DEFENSIVE,0.8,Estado DEFENSIVE; tendencia 20%; volatilidad anualizada 15.2%; drawdown a 252 sesiones -6.9%; exposición propuesta 70%.,REDUCE
2006-05-19,0.0,0.133182161381734,-0.0886920151674115,-0.0322138617695439,-1.0,0.0,0.0,-1.0,0.0,-0.7999999999999999,conservative,Conservador,0.7,DEFENSIVE,1.0,Estado DEFENSIVE; tendencia 0%; volatilidad anualizada 13.3%; drawdown a 252 sesiones -8.9%; exposición propuesta 70%.,HOLD,balanced,Equilibrado,0.7,DEFENSIVE,1.0,Estado DEFENSIVE; tendencia 0%; volatilidad anualizada 13.3%; drawdown a 252 sesiones -8.9%; exposición propuesta 70%.,HOLD,aggressive,Agresivo,0.7,DEFENSIVE,1.0,Estado DEFENSIVE; tendencia 0%; volatilidad anualizada 13.3%; drawdown a 252 sesiones -8.9%; exposición propuesta 70%.,HOLD
2006-05-26,0.0,0.1460075039381205,-0.08545015018064,-0.0328883085490829,-1.0,0.0,0.0,-1.0,0.0,-0.7999999999999999,conservative,Conservador,0.7,DEFENSIVE,1.0,Estado DEFENSIVE; tendencia 0%; volatilidad anualizada 14.6%; drawdown a 252 sesiones -8.5%; exposición propuesta 70%.,HOLD,balanced,Equilibrado,0.7,DEFENSIVE,1.0,Estado DEFENSIVE; tendencia 0%; volatilidad anualizada 14.6%; drawdown a 252 sesiones -8.5%; exposición propuesta 70%.,HOLD,aggressive,Agresivo,0.7,DEFENSIVE,1.0,Estado DEFENSIVE; tendencia 0%; volatilidad anualizada 14.6%; drawdown a 252 sesiones -8.5%; exposición propuesta 70%.,HOLD
2006-06-02,0.0,0.1825982680687267,-0.0819762428830956,-0.0343892675471388,-1.0,0.0,0.0,-1.0,0.0,-0.7999999999999999,conservative,Conservador,0.7,DEFENSIVE,1.0,Estado DEFENSIVE; tendencia 0%; volatilidad anualizada 18.3%; drawdown a 252 sesiones -8.2%; exposición propuesta 70%.,HOLD,balanced,Equilibrado,0.7,DEFENSIVE,1.0,Estado DEFENSIVE; tendencia 0%; volatilidad anualizada 18.3%; drawdown a 252 sesiones -8.2%; exposición propuesta 70%.,HOLD,aggressive,Agresivo,0.7,DEFENSIVE,1.0,Estado DEFENSIVE; tendencia 0%; volatilidad anualizada 18.3%; drawdown a 252 sesiones -8.2%; exposición propuesta 70%.,HOLD
2006-06-09,0.0,0.1770377113418943,-0.116483170049858,-0.0208094881679696,-1.0,0.0,0.0,-1.0,0.0,-0.7999999999999999,conservative,Conservador,0.7,DEFENSIVE,1.0,Estado DEFENSIVE; tendencia 0%; volatilidad anualizada 17.7%; drawdown a 252 sesiones -11.6%; exposición propuesta 70%.,HOLD,balanced,Equilibrado,0.7,DEFENSIVE,1.0,Estado DEFENSIVE; tendencia 0%; volatilidad anualizada 17.7%; drawdown a 252 sesiones -11.6%; exposición propuesta 70%.,HOLD,aggressive,Agresivo,0.7,DEFENSIVE,1.0,Estado DEFENSIVE; tendencia 0%; volatilidad anualizada 17.7%; drawdown a 252 sesiones -11.6%; exposición propuesta 70%.,HOLD
2006-06-16,0.0,0.2118492993611531,-0.1114855665439285,-0.0095260201765514,-1.0,0.0,0.0,-1.0,0.0,-0.7999999999999999,conservative,Conservador,0.7,DEFENSIVE,1.0,Estado DEFENSIVE; tendencia 0%; volatilidad anualizada 21.2%; drawdown a 252 sesiones -11.1%; exposición propuesta 70%.,HOLD,balanced,Equilibrado,0.7,DEFENSIVE,1.0,Estado DEFENSIVE; tendencia 0%; volatilidad anualizada 21.2%; drawdown a 252 sesiones -11.1%; exposición propuesta 70%.,HOLD,aggressive,Agresivo,0.7,DEFENSIVE,1.0,Estado DEFENSIVE; tendencia 0%; volatilidad anualizada 21.2%; drawdown a 252 sesiones -11.1%; exposición propuesta 70%.,HOLD
2006-06-23,0.0,0.2113157921709773,-0.1158882640720154,-0.0086379419357257,-1.0,0.0,0.0,-1.0,0.0,-0.7999999999999999,conservative,Conservador,0.7,DEFENSIVE,1.0,Estado DEFENSIVE; tendencia 0%; volatilidad anualizada 21.1%; drawdown a 252 sesiones -11.6%; exposición propuesta 70%.,HOLD,balanced,Equilibrado,0.7,DEFENSIVE,1.0,Estado DEFENSIVE; tendencia 0%; volatilidad anualizada 21.1%; drawdown a 252 sesiones -11.6%; exposición propuesta 70%.,HOLD,aggressive,Agresivo,0.7,DEFENSIVE,1.0,Estado DEFENSIVE; tendencia 0%; volatilidad anualizada 21.1%; drawdown a 252 sesiones -11.6%; exposición propuesta 70%.,HOLD
2006-06-30,0.0,0.22125303067909,-0.101520270427615,-0.0123167779786301,-1.0,0.0,0.0,-1.0,0.0,-0.7999999999999999,conservative,Conservador,0.7,DEFENSIVE,1.0,Estado DEFENSIVE; tendencia 0%; volatilidad anualizada 22.1%; drawdown a 252 sesiones -10.2%; exposición propuesta 70%.,HOLD,balanced,Equilibrado,0.7,DEFENSIVE,1.0,Estado DEFENSIVE; tendencia 0%; volatilidad anualizada 22.1%; drawdown a 252 sesiones -10.2%; exposición propuesta 70%.,HOLD,aggressive,Agresivo,0.7,DEFENSIVE,1.0,Estado DEFENSIVE; tendencia 0%; volatilidad anualizada 22.1%; drawdown a 252 sesiones -10.2%; exposición propuesta 70%.,HOLD
2006-07-07,0.0,0.224509253946634,-0.1265489626352886,-0.0291186917810764,-1.0,0.0,0.0,-1.0,0.0,-0.7999999999999999,conservative,Conservador,0.7,DEFENSIVE,1.0,Estado DEFENSIVE; tendencia 0%; volatilidad anualizada 22.5%; drawdown a 252 sesiones -12.7%; exposición propuesta 70%.,HOLD,balanced,Equilibrado,0.7,DEFENSIVE,1.0,Estado DEFENSIVE; tendencia 0%; volatilidad anualizada 22.5%; drawdown a 252 sesiones -12.7%; exposición propuesta 70%.,HOLD,aggressive,Agresivo,0.7,DEFENSIVE,1.0,Estado DEFENSIVE; tendencia 0%; volatilidad anualizada 22.5%; drawdown a 252 sesiones -12.7%; exposición propuesta 70%.,HOLD
2006-07-14,0.0,0.2046134062061557,-0.1671044628194631,-0.0532045775569445,-1.0,0.0,0.5,-1.0,0.5,-0.8999999999999999,conservative,Conservador,0.7,DEFENSIVE,1.0,Estado DEFENSIVE; tendencia 0%; volatilidad anualizada 20.5%; drawdown a 252 sesiones -16.7%; exposición propuesta 70%.,HOLD,balanced,Equilibrado,0.7,DEFENSIVE,1.0,Estado DEFENSIVE; tendencia 0%; volatilidad anualizada 20.5%; drawdown a 252 sesiones -16.7%; exposición propuesta 70%.,HOLD,aggressive,Agresivo,0.7,DEFENSIVE,1.0,Estado DEFENSIVE; tendencia 0%; volatilidad anualizada 20.5%; drawdown a 252 sesiones -16.7%; exposición propuesta 70%.,HOLD
2006-07-21,0.0,0.2051353174812115,-0.1726658711817422,-0.061101729321527,-1.0,0.0,0.5,-1.0,0.5,-0.8999999999999999,conservative,Conservador,0.7,DEFENSIVE,1.0,Estado DEFENSIVE; tendencia 0%; volatilidad anualizada 20.5%; drawdown a 252 sesiones -17.3%; exposición propuesta 70%.,HOLD,balanced,Equilibrado,0.7,DEFENSIVE,1.0,Estado DEFENSIVE; tendencia 0%; volatilidad anualizada 20.5%; drawdown a 252 sesiones -17.3%; exposición propuesta 70%.,HOLD,aggressive,Agresivo,0.7,DEFENSIVE,1.0,Estado DEFENSIVE; tendencia 0%; volatilidad anualizada 20.5%; drawdown a 252 sesiones -17.3%; exposición propuesta 70%.,HOLD
2006-07-28,0.0,0.1942190592853973,-0.139989873764636,-0.0530638175261645,-1.0,0.0,0.0,-1.0,0.0,-0.7999999999999999,conservative,Conservador,0.7,DEFENSIVE,1.0,Estado DEFENSIVE; tendencia 0%; volatilidad anualizada 19.4%; drawdown a 252 sesiones -14.0%; exposición propuesta 70%.,HOLD,balanced,Equilibrado,0.7,DEFENSIVE,1.0,Estado DEFENSIVE; tendencia 0%; volatilidad anualizada 19.4%; drawdown a 252 sesiones -14.0%; exposición propuesta 70%.,HOLD,aggressive,Agresivo,0.7,DEFENSIVE,1.0,Estado DEFENSIVE; tendencia 0%; volatilidad anualizada 19.4%; drawdown a 252 sesiones -14.0%; exposición propuesta 70%.,HOLD
2006-08-04,0.0,0.1908840041768018,-0.1436974275905345,-0.03219129862893,-1.0,0.0,0.0,-1.0,0.0,-0.7999999999999999,conservative,Conservador,0.7,DEFENSIVE,1.0,Estado DEFENSIVE; tendencia 0%; volatilidad anualizada 19.1%; drawdown a 252 sesiones -14.4%; exposición propuesta 70%.,HOLD,balanced,Equilibrado,0.7,DEFENSIVE,1.0,Estado DEFENSIVE; tendencia 0%; volatilidad anualizada 19.1%; drawdown a 252 sesiones -14.4%; exposición propuesta 70%.,HOLD,aggressive,Agresivo,0.7,DEFENSIVE,1.0,Estado DEFENSIVE; tendencia 0%; volatilidad anualizada 19.1%; drawdown a 252 sesiones -14.4%; exposición propuesta 70%.,HOLD
2006-08-11,0.2,0.1652477377330865,-0.1534315093793427,-0.0118382749882319,-0.6,0.0,0.5,-1.0,0.5,-0.62,conservative,Conservador,0.7,DEFENSIVE,0.8,Estado DEFENSIVE; tendencia 20%; volatilidad anualizada 16.5%; drawdown a 252 sesiones -15.3%; exposición propuesta 70%.,HOLD,balanced,Equilibrado,0.7,DEFENSIVE,0.8,Estado DEFENSIVE; tendencia 20%; volatilidad anualizada 16.5%; drawdown a 252 sesiones -15.3%; exposición propuesta 70%.,HOLD,aggressive,Agresivo,0.7,DEFENSIVE,0.8,Estado DEFENSIVE; tendencia 20%; volatilidad anualizada 16.5%; drawdown a 252 sesiones -15.3%; exposición propuesta 70%.,HOLD
2006-08-18,0.4,0.1805791045146317,-0.1010561858060691,0.032178081168418,-0.19999999999999996,0.0,0.0,1.0,0.0,-0.03999999999999995,conservative,Conservador,0.7,DEFENSIVE,0.6,Estado DEFENSIVE; tendencia 40%; volatilidad anualizada 18.1%; drawdown a 252 sesiones -10.1%; exposición propuesta 70%.,HOLD,balanced,Equilibrado,0.7,DEFENSIVE,0.6,Estado DEFENSIVE; tendencia 40%; volatilidad anualizada 18.1%; drawdown a 252 sesiones -10.1%; exposición propuesta 70%.,HOLD,aggressive,Agresivo,0.7,DEFENSIVE,0.6,Estado DEFENSIVE; tendencia 40%; volatilidad anualizada 18.1%; drawdown a 252 sesiones -10.1%; exposición propuesta 70%.,HOLD
2006-08-25,0.4,0.1632775977190909,-0.1119484091905729,0.0183065160961697,-0.19999999999999996,0.0,0.0,1.0,0.0,-0.03999999999999995,conservative,Conservador,0.7,DEFENSIVE,0.6,Estado DEFENSIVE; tendencia 40%; volatilidad anualizada 16.3%; drawdown a 252 sesiones -11.2%; exposición propuesta 70%.,HOLD,balanced,Equilibrado,0.7,DEFENSIVE,0.6,Estado DEFENSIVE; tendencia 40%; volatilidad anualizada 16.3%; drawdown a 252 sesiones -11.2%; exposición propuesta 70%.,HOLD,aggressive,Agresivo,0.7,DEFENSIVE,0.6,Estado DEFENSIVE; tendencia 40%; volatilidad anualizada 16.3%; drawdown a 252 sesiones -11.2%; exposición propuesta 70%.,HOLD
2006-09-01,0.6,0.1436715274877813,-0.0943358596137809,0.0325280312052493,0.19999999999999996,0.0,0.0,1.0,0.0,0.23999999999999996,conservative,Conservador,1.15,GROWTH,0.6,Estado GROWTH; tendencia 60%; volatilidad anualizada 14.4%; drawdown a 252 sesiones -9.4%; exposición propuesta 115%.,INCREASE,balanced,Equilibrado,1.5,VOLATILITY_MANAGED,0.6,Estado VOLATILITY_MANAGED; tendencia 60%; volatilidad anualizada 14.4%; drawdown a 252 sesiones -9.4%; exposición propuesta 150%.,INCREASE,aggressive,Agresivo,1.75,GROWTH,0.6,Estado GROWTH; tendencia 60%; volatilidad anualizada 14.4%; drawdown a 252 sesiones -9.4%; exposición propuesta 175%.,INCREASE
2006-09-08,0.6,0.1628973871437647,-0.1026790330107614,0.0296122934819944,0.19999999999999996,0.0,0.0,1.0,0.0,0.23999999999999996,conservative,Conservador,1.15,GROWTH,0.6,Estado GROWTH; tendencia 60%; volatilidad anualizada 16.3%; drawdown a 252 sesiones -10.3%; exposición propuesta 115%.,HOLD,balanced,Equilibrado,1.5,VOLATILITY_MANAGED,0.6,Estado VOLATILITY_MANAGED; tendencia 60%; volatilidad anualizada 16.3%; drawdown a 252 sesiones -10.3%; exposición propuesta 150%.,HOLD,aggressive,Agresivo,1.75,GROWTH,0.6,Estado GROWTH; tendencia 60%; volatilidad anualizada 16.3%; drawdown a 252 sesiones -10.3%; exposición propuesta 175%.,HOLD
2006-09-15,1.0,0.126579119102999,-0.0699310527983195,0.0169210010241165,1.0,0.0,0.0,1.0,0.0,0.7999999999999999,conservative,Conservador,1.15,GROWTH,1.0,Estado GROWTH; tendencia 100%; volatilidad anualizada 12.7%; drawdown a 252 sesiones -7.0%; exposición propuesta 115%.,HOLD,balanced,Equilibrado,1.5,VOLATILITY_MANAGED,1.0,Estado VOLATILITY_MANAGED; tendencia 100%; volatilidad anualizada 12.7%; drawdown a 252 sesiones -7.0%; exposición propuesta 150%.,HOLD,aggressive,Agresivo,1.75,GROWTH,1.0,Estado GROWTH; tendencia 100%; volatilidad anualizada 12.7%; drawdown a 252 sesiones -7.0%; exposición propuesta 175%.,HOLD
2006-09-22,0.6,0.1352066868088195,-0.075495928340532,0.0244553918565939,0.19999999999999996,0.0,0.0,1.0,0.0,0.23999999999999996,conservative,Conservador,1.15,GROWTH,0.6,Estado GROWTH; tendencia 60%; volatilidad anualizada 13.5%; drawdown a 252 sesiones -7.5%; exposición propuesta 115%.,HOLD,balanced,Equilibrado,1.5,VOLATILITY_MANAGED,0.6,Estado VOLATILITY_MANAGED; tendencia 60%; volatilidad anualizada 13.5%; drawdown a 252 sesiones -7.5%; exposición propuesta 150%.,HOLD,aggressive,Agresivo,1.75,GROWTH,0.6,Estado GROWTH; tendencia 60%; volatilidad anualizada 13.5%; drawdown a 252 sesiones -7.5%; exposición propuesta 175%.,HOLD
2006-09-29,1.0,0.1470746445774577,-0.0574099793304326,0.0193937604337184,1.0,0.0,0.0,1.0,0.0,0.7999999999999999,conservative,Conservador,1.15,GROWTH,1.0,Estado GROWTH; tendencia 100%; volatilidad anualizada 14.7%; drawdown a 252 sesiones -5.7%; exposición propuesta 115%.,HOLD,balanced,Equilibrado,1.5,VOLATILITY_MANAGED,1.0,Estado VOLATILITY_MANAGED; tendencia 100%; volatilidad anualizada 14.7%; drawdown a 252 sesiones -5.7%; exposición propuesta 150%.,HOLD,aggressive,Agresivo,1.75,GROWTH,1.0,Estado GROWTH; tendencia 100%; volatilidad anualizada 14.7%; drawdown a 252 sesiones -5.7%; exposición propuesta 175%.,HOLD
2006-10-06,1.0,0.1513175072721165,-0.0397868729669776,0.0292249516619149,1.0,0.0,0.0,1.0,0.0,0.7999999999999999,conservative,Conservador,1.15,GROWTH,1.0,Estado GROWTH; tendencia 100%; volatilidad anualizada 15.1%; drawdown a 252 sesiones -4.0%; exposición propuesta 115%.,HOLD,balanced,Equilibrado,1.5,VOLATILITY_MANAGED,1.0,Estado VOLATILITY_MANAGED; tendencia 100%; volatilidad anualizada 15.1%; drawdown a 252 sesiones -4.0%; exposición propuesta 150%.,HOLD,aggressive,Agresivo,1.75,GROWTH,1.0,Estado GROWTH; tendencia 100%; volatilidad anualizada 15.1%; drawdown a 252 sesiones -4.0%; exposición propuesta 175%.,HOLD
2006-10-13,1.0,0.1483494282825253,-0.0161349099376725,0.0224514687767656,1.0,0.0,0.0,1.0,0.0,0.7999999999999999,conservative,Conservador,1.15,GROWTH,1.0,Estado GROWTH; tendencia 100%; volatilidad anualizada 14.8%; drawdown a 252 sesiones -1.6%; exposición propuesta 115%.,HOLD,balanced,Equilibrado,1.5,VOLATILITY_MANAGED,1.0,Estado VOLATILITY_MANAGED; tendencia 100%; volatilidad anualizada 14.8%; drawdown a 252 sesiones -1.6%; exposición propuesta 150%.,HOLD,aggressive,Agresivo,1.75,GROWTH,1.0,Estado GROWTH; tendencia 100%; volatilidad anualizada 14.8%; drawdown a 252 sesiones -1.6%; exposición propuesta 175%.,HOLD
2006-10-20,1.0,0.140357692984554,-0.0261055879452259,0.0125778639269646,1.0,0.0,0.0,1.0,0.0,0.7999999999999999,conservative,Conservador,1.15,GROWTH,1.0,Estado GROWTH; tendencia 100%; volatilidad anualizada 14.0%; drawdown a 252 sesiones -2.6%; exposición propuesta 115%.,HOLD,balanced,Equilibrado,1.5,VOLATILITY_MANAGED,1.0,Estado VOLATILITY_MANAGED; tendencia 100%; volatilidad anualizada 14.0%; drawdown a 252 sesiones -2.6%; exposición propuesta 150%.,HOLD,aggressive,Agresivo,1.75,GROWTH,1.0,Estado GROWTH; tendencia 100%; volatilidad anualizada 14.0%; drawdown a 252 sesiones -2.6%; exposición propuesta 175%.,HOLD
2006-10-27,1.0,0.1491073879834438,-0.021236114849973,0.005961717514993,1.0,0.0,0.0,1.0,0.0,0.7999999999999999,conservative,Conservador,1.15,GROWTH,1.0,Estado GROWTH; tendencia 100%; volatilidad anualizada 14.9%; drawdown a 252 sesiones -2.1%; exposición propuesta 115%.,HOLD,balanced,Equilibrado,1.5,VOLATILITY_MANAGED,1.0,Estado VOLATILITY_MANAGED; tendencia 100%; volatilidad anualizada 14.9%; drawdown a 252 sesiones -2.1%; exposición propuesta 150%.,HOLD,aggressive,Agresivo,1.75,GROWTH,1.0,Estado GROWTH; tendencia 100%; volatilidad anualizada 14.9%; drawdown a 252 sesiones -2.1%; exposición propuesta 175%.,HOLD
2006-11-03,1.0,0.1248412228124718,-0.0277288491415521,0.0012247973601178,1.0,0.0,0.0,1.0,0.0,0.7999999999999999,conservative,Conservador,1.15,GROWTH,1.0,Estado GROWTH; tendencia 100%; volatilidad anualizada 12.5%; drawdown a 252 sesiones -2.8%; exposición propuesta 115%.,HOLD,balanced,Equilibrado,1.5,VOLATILITY_MANAGED,1.0,Estado VOLATILITY_MANAGED; tendencia 100%; volatilidad anualizada 12.5%; drawdown a 252 sesiones -2.8%; exposición propuesta 150%.,HOLD,aggressive,Agresivo,1.75,GROWTH,1.0,Estado GROWTH; tendencia 100%; volatilidad anualizada 12.5%; drawdown a 252 sesiones -2.8%; exposición propuesta 175%.,HOLD
2006-11-10,1.0,0.1259530503931929,-0.0022224105884156,0.0023568704607572,1.0,0.0,0.0,1.0,0.0,0.7999999999999999,conservative,Conservador,1.15,GROWTH,1.0,Estado GROWTH; tendencia 100%; volatilidad anualizada 12.6%; drawdown a 252 sesiones -0.2%; exposición propuesta 115%.,HOLD,balanced,Equilibrado,1.5,VOLATILITY_MANAGED,1.0,Estado VOLATILITY_MANAGED; tendencia 100%; volatilidad anualizada 12.6%; drawdown a 252 sesiones -0.2%; exposición propuesta 150%.,HOLD,aggressive,Agresivo,1.75,GROWTH,1.0,Estado GROWTH; tendencia 100%; volatilidad anualizada 12.6%; drawdown a 252 sesiones -0.2%; exposición propuesta 175%.,HOLD
2006-11-17,1.0,0.1238050499983003,0.0,0.0285996679176709,1.0,0.0,0.0,1.0,0.0,0.7999999999999999,conservative,Conservador,1.15,GROWTH,1.0,Estado GROWTH; tendencia 100%; volatilidad anualizada 12.4%; drawdown a 252 sesiones 0.0%; exposición propuesta 115%.,HOLD,balanced,Equilibrado,1.5,VOLATILITY_MANAGED,1.0,Estado VOLATILITY_MANAGED; tendencia 100%; volatilidad anualizada 12.4%; drawdown a 252 sesiones 0.0%; exposición propuesta 150%.,HOLD,aggressive,Agresivo,1.75,GROWTH,1.0,Estado GROWTH; tendencia 100%; volatilidad anualizada 12.4%; drawdown a 252 sesiones 0.0%; exposición propuesta 175%.,HOLD
2006-11-24,1.0,0.1138284407797405,-0.0017880681699118,0.0314243419361162,1.0,0.0,0.0,1.0,0.0,0.7999999999999999,conservative,Conservador,1.15,GROWTH,1.0,Estado GROWTH; tendencia 100%; volatilidad anualizada 11.4%; drawdown a 252 sesiones -0.2%; exposición propuesta 115%.,HOLD,balanced,Equilibrado,1.5,VOLATILITY_MANAGED,1.0,Estado VOLATILITY_MANAGED; tendencia 100%; volatilidad anualizada 11.4%; drawdown a 252 sesiones -0.2%; exposición propuesta 150%.,HOLD,aggressive,Agresivo,1.75,GROWTH,1.0,Estado GROWTH; tendencia 100%; volatilidad anualizada 11.4%; drawdown a 252 sesiones -0.2%; exposición propuesta 175%.,HOLD
2006-12-01,1.0,0.1261285781632699,-0.0239211370034017,0.0133844221782986,1.0,0.0,0.0,1.0,0.0,0.7999999999999999,conservative,Conservador,1.15,GROWTH,1.0,Estado GROWTH; tendencia 100%; volatilidad anualizada 12.6%; drawdown a 252 sesiones -2.4%; exposición propuesta 115%.,HOLD,balanced,Equilibrado,1.5,VOLATILITY_MANAGED,1.0,Estado VOLATILITY_MANAGED; tendencia 100%; volatilidad anualizada 12.6%; drawdown a 252 sesiones -2.4%; exposición propuesta 150%.,HOLD,aggressive,Agresivo,1.75,GROWTH,1.0,Estado GROWTH; tendencia 100%; volatilidad anualizada 12.6%; drawdown a 252 sesiones -2.4%; exposición propuesta 175%.,HOLD
2006-12-08,1.0,0.1327538767131912,-0.0185554357012919,0.0015351682104742,1.0,0.0,0.0,1.0,0.0,0.7999999999999999,conservative,Conservador,1.15,GROWTH,1.0,Estado GROWTH; tendencia 100%; volatilidad anualizada 13.3%; drawdown a 252 sesiones -1.9%; exposición propuesta 115%.,HOLD,balanced,Equilibrado,1.5,VOLATILITY_MANAGED,1.0,Estado VOLATILITY_MANAGED; tendencia 100%; volatilidad anualizada 13.3%; drawdown a 252 sesiones -1.9%; exposición propuesta 150%.,HOLD,aggressive,Agresivo,1.75,GROWTH,1.0,Estado GROWTH; tendencia 100%; volatilidad anualizada 13.3%; drawdown a 252 sesiones -1.9%; exposición propuesta 175%.,HOLD
2006-12-15,1.0,0.1297253858011575,-0.0054961218109591,-0.0154551157363995,1.0,0.0,0.0,-1.0,0.0,0.6,conservative,Conservador,1.15,GROWTH,1.0,Estado GROWTH; tendencia 100%; volatilidad anualizada 13.0%; drawdown a 252 sesiones -0.5%; exposición propuesta 115%.,HOLD,balanced,Equilibrado,1.5,VOLATILITY_MANAGED,1.0,Estado VOLATILITY_MANAGED; tendencia 100%; volatilidad anualizada 13.0%; drawdown a 252 sesiones -0.5%; exposición propuesta 150%.,HOLD,aggressive,Agresivo,1.75,GROWTH,1.0,Estado GROWTH; tendencia 100%; volatilidad anualizada 13.0%; drawdown a 252 sesiones -0.5%; exposición propuesta 175%.,HOLD
2006-12-22,0.6,0.1377670247285819,-0.0390718689847656,-0.0457879335652181,0.19999999999999996,0.0,0.0,-1.0,0.0,0.03999999999999995,conservative,Conservador,1.15,GROWTH,0.6,Estado GROWTH; tendencia 60%; volatilidad anualizada 13.8%; drawdown a 252 sesiones -3.9%; exposición propuesta 115%.,HOLD,balanced,Equilibrado,1.5,VOLATILITY_MANAGED,0.6,Estado VOLATILITY_MANAGED; tendencia 60%; volatilidad anualizada 13.8%; drawdown a 252 sesiones -3.9%; exposición propuesta 150%.,HOLD,aggressive,Agresivo,1.75,GROWTH,0.6,Estado GROWTH; tendencia 60%; volatilidad anualizada 13.8%; drawdown a 252 sesiones -3.9%; exposición propuesta 175%.,HOLD
2006-12-29,0.6,0.1142126044394636,-0.0339234021491943,-0.0321586018590224,0.19999999999999996,0.0,0.0,-1.0,0.0,0.03999999999999995,conservative,Conservador,1.15,GROWTH,0.6,Estado GROWTH; tendencia 60%; volatilidad anualizada 11.4%; drawdown a 252 sesiones -3.4%; exposición propuesta 115%.,HOLD,balanced,Equilibrado,1.5,VOLATILITY_MANAGED,0.6,Estado VOLATILITY_MANAGED; tendencia 60%; volatilidad anualizada 11.4%; drawdown a 252 sesiones -3.4%; exposición propuesta 150%.,HOLD,aggressive,Agresivo,1.75,GROWTH,0.6,Estado GROWTH; tendencia 60%; volatilidad anualizada 11.4%; drawdown a 252 sesiones -3.4%; exposición propuesta 175%.,HOLD
2007-01-05,0.8,0.1209941629767336,-0.0184788997179045,-0.0075633247291544,0.6000000000000001,0.0,0.0,-1.0,0.0,0.32000000000000006,conservative,Conservador,1.15,GROWTH,0.8,Estado GROWTH; tendencia 80%; volatilidad anualizada 12.1%; drawdown a 252 sesiones -1.8%; exposición propuesta 115%.,HOLD,balanced,Equilibrado,1.5,VOLATILITY_MANAGED,0.8,Estado VOLATILITY_MANAGED; tendencia 80%; volatilidad anualizada 12.1%; drawdown a 252 sesiones -1.8%; exposición propuesta 150%.,HOLD,aggressive,Agresivo,1.75,GROWTH,0.8,Estado GROWTH; tendencia 80%; volatilidad anualizada 12.1%; drawdown a 252 sesiones -1.8%; exposición propuesta 175%.,HOLD
2007-01-12,1.0,0.1208498577327485,0.0,0.0193776920637958,1.0,0.0,0.0,1.0,0.0,0.7999999999999999,conservative,Conservador,1.15,GROWTH,1.0,Estado GROWTH; tendencia 100%; volatilidad anualizada 12.1%; drawdown a 252 sesiones 0.0%; exposición propuesta 115%.,HOLD,balanced,Equilibrado,1.5,VOLATILITY_MANAGED,1.0,Estado VOLATILITY_MANAGED; tendencia 100%; volatilidad anualizada 12.1%; drawdown a 252 sesiones 0.0%; exposición propuesta 150%.,HOLD,aggressive,Agresivo,1.75,GROWTH,1.0,Estado GROWTH; tendencia 100%; volatilidad anualizada 12.1%; drawdown a 252 sesiones 0.0%; exposición propuesta 175%.,HOLD
2007-01-19,1.0,0.1335101131119327,-0.0251593335250606,-0.0020367226126001,1.0,0.0,0.0,-1.0,0.0,0.6,conservative,Conservador,1.15,GROWTH,1.0,Estado GROWTH; tendencia 100%; volatilidad anualizada 13.4%; drawdown a 252 sesiones -2.5%; exposición propuesta 115%.,HOLD,balanced,Equilibrado,1.5,VOLATILITY_MANAGED,1.0,Estado VOLATILITY_MANAGED; tendencia 100%; volatilidad anualizada 13.4%; drawdown a 252 sesiones -2.5%; exposición propuesta 150%.,HOLD,aggressive,Agresivo,1.75,GROWTH,1.0,Estado GROWTH; tendencia 100%; volatilidad anualizada 13.4%; drawdown a 252 sesiones -2.5%; exposición propuesta 175%.,HOLD
2007-01-26,0.8,0.1508572614358068,-0.0384013055032973,0.0067860237757662,0.6000000000000001,0.0,0.0,1.0,0.0,0.52,conservative,Conservador,1.15,GROWTH,0.8,Estado GROWTH; tendencia 80%; volatilidad anualizada 15.1%; drawdown a 252 sesiones -3.8%; exposición propuesta 115%.,HOLD,balanced,Equilibrado,1.5,VOLATILITY_MANAGED,0.8,Estado VOLATILITY_MANAGED; tendencia 80%; volatilidad anualizada 15.1%; drawdown a 252 sesiones -3.8%; exposición propuesta 150%.,HOLD,aggressive,Agresivo,1.75,GROWTH,0.8,Estado GROWTH; tendencia 80%; volatilidad anualizada 15.1%; drawdown a 252 sesiones -3.8%; exposición propuesta 175%.,HOLD
2007-02-02,1.0,0.1375759787589001,-0.0253808070511031,-0.019895341376608,1.0,0.0,0.0,-1.0,0.0,0.6,conservative,Conservador,1.15,GROWTH,1.0,Estado GROWTH; tendencia 100%; volatilidad anualizada 13.8%; drawdown a 252 sesiones -2.5%; exposición propuesta 115%.,HOLD,balanced,Equilibrado,1.5,VOLATILITY_MANAGED,1.0,Estado VOLATILITY_MANAGED; tendencia 100%; volatilidad anualizada 13.8%; drawdown a 252 sesiones -2.5%; exposición propuesta 150%.,HOLD,aggressive,Agresivo,1.75,GROWTH,1.0,Estado GROWTH; tendencia 100%; volatilidad anualizada 13.8%; drawdown a 252 sesiones -2.5%; exposición propuesta 175%.,HOLD
2007-02-09,0.6,0.1337547172789225,-0.0315599282665844,-0.0391403334654272,0.19999999999999996,0.0,0.0,-1.0,0.0,0.03999999999999995,conservative,Conservador,1.15,GROWTH,0.6,Estado GROWTH; tendencia 60%; volatilidad anualizada 13.4%; drawdown a 252 sesiones -3.2%; exposición propuesta 115%.,HOLD,balanced,Equilibrado,1.5,VOLATILITY_MANAGED,0.6,Estado VOLATILITY_MANAGED; tendencia 60%; volatilidad anualizada 13.4%; drawdown a 252 sesiones -3.2%; exposición propuesta 150%.,HOLD,aggressive,Agresivo,1.75,GROWTH,0.6,Estado GROWTH; tendencia 60%; volatilidad anualizada 13.4%; drawdown a 252 sesiones -3.2%; exposición propuesta 175%.,HOLD
2007-02-16,1.0,0.1309472676026853,-0.0132419719782367,-0.0081511013392863,1.0,0.0,0.0,-1.0,0.0,0.6,conservative,Conservador,1.15,GROWTH,1.0,Estado GROWTH; tendencia 100%; volatilidad anualizada 13.1%; drawdown a 252 sesiones -1.3%; exposición propuesta 115%.,HOLD,balanced,Equilibrado,1.5,VOLATILITY_MANAGED,1.0,Estado VOLATILITY_MANAGED; tendencia 100%; volatilidad anualizada 13.1%; drawdown a 252 sesiones -1.3%; exposición propuesta 150%.,HOLD,aggressive,Agresivo,1.75,GROWTH,1.0,Estado GROWTH; tendencia 100%; volatilidad anualizada 13.1%; drawdown a 252 sesiones -1.3%; exposición propuesta 175%.,HOLD
2007-02-23,1.0,0.1019245102835988,-0.0035228226238395,0.0136186171724792,1.0,0.0,0.0,1.0,0.0,0.7999999999999999,conservative,Conservador,1.15,GROWTH,1.0,Estado GROWTH; tendencia 100%; volatilidad anualizada 10.2%; drawdown a 252 sesiones -0.4%; exposición propuesta 115%.,HOLD,balanced,Equilibrado,1.5,VOLATILITY_MANAGED,1.0,Estado VOLATILITY_MANAGED; tendencia 100%; volatilidad anualizada 10.2%; drawdown a 252 sesiones -0.4%; exposición propuesta 150%.,HOLD,aggressive,Agresivo,1.75,GROWTH,1.0,Estado GROWTH; tendencia 100%; volatilidad anualizada 10.2%; drawdown a 252 sesiones -0.4%; exposición propuesta 175%.,HOLD
2007-03-02,0.4,0.1870448285863485,-0.0647290684199249,0.006530186854456,-0.19999999999999996,0.0,0.0,1.0,0.0,-0.03999999999999995,conservative,Conservador,0.7,DEFENSIVE,0.6,Estado DEFENSIVE; tendencia 40%; volatilidad anualizada 18.7%; drawdown a 252 sesiones -6.5%; exposición propuesta 70%.,REDUCE,balanced,Equilibrado,0.7,DEFENSIVE,0.6,Estado DEFENSIVE; tendencia 40%; volatilidad anualizada 18.7%; drawdown a 252 sesiones -6.5%; exposición propuesta 70%.,REDUCE,aggressive,Agresivo,0.7,DEFENSIVE,0.6,Estado DEFENSIVE; tendencia 40%; volatilidad anualizada 18.7%; drawdown a 252 sesiones -6.5%; exposición propuesta 70%.,REDUCE
2007-03-09,0.4,0.1974715042683076,-0.0548217432318511,-0.0049587879120922,-0.19999999999999996,0.0,0.0,-1.0,0.0,-0.23999999999999996,conservative,Conservador,0.7,DEFENSIVE,0.6,Estado DEFENSIVE; tendencia 40%; volatilidad anualizada 19.7%; drawdown a 252 sesiones -5.5%; exposición propuesta 70%.,HOLD,balanced,Equilibrado,0.7,DEFENSIVE,0.6,Estado DEFENSIVE; tendencia 40%; volatilidad anualizada 19.7%; drawdown a 252 sesiones -5.5%; exposición propuesta 70%.,HOLD,aggressive,Agresivo,0.7,DEFENSIVE,0.6,Estado DEFENSIVE; tendencia 40%; volatilidad anualizada 19.7%; drawdown a 252 sesiones -5.5%; exposición propuesta 70%.,HOLD
2007-03-16,0.4,0.2004336382318498,-0.0564292543466745,0.0014439643813674,-0.19999999999999996,0.0,0.0,1.0,0.0,-0.03999999999999995,conservative,Conservador,0.7,DEFENSIVE,0.6,Estado DEFENSIVE; tendencia 40%; volatilidad anualizada 20.0%; drawdown a 252 sesiones -5.6%; exposición propuesta 70%.,HOLD,balanced,Equilibrado,0.7,DEFENSIVE,0.6,Estado DEFENSIVE; tendencia 40%; volatilidad anualizada 20.0%; drawdown a 252 sesiones -5.6%; exposición propuesta 70%.,HOLD,aggressive,Agresivo,0.7,DEFENSIVE,0.6,Estado DEFENSIVE; tendencia 40%; volatilidad anualizada 20.0%; drawdown a 252 sesiones -5.6%; exposición propuesta 70%.,HOLD
2007-03-23,0.8,0.2164969738350056,-0.0280101303234328,-0.0153430027388068,0.6000000000000001,0.0,0.0,-1.0,0.0,0.32000000000000006,conservative,Conservador,1.15,GROWTH,0.8,Estado GROWTH; tendencia 80%; volatilidad anualizada 21.6%; drawdown a 252 sesiones -2.8%; exposición propuesta 115%.,INCREASE,balanced,Equilibrado,1.5,VOLATILITY_MANAGED,0.8,Estado VOLATILITY_MANAGED; tendencia 80%; volatilidad anualizada 21.6%; drawdown a 252 sesiones -2.8%; exposición propuesta 150%.,INCREASE,aggressive,Agresivo,1.75,GROWTH,0.8,Estado GROWTH; tendencia 80%; volatilidad anualizada 21.6%; drawdown a 252 sesiones -2.8%; exposición propuesta 175%.,INCREASE
2007-03-30,0.8,0.1518783727312175,-0.0410079245841922,-0.0027124499632751,0.6000000000000001,0.0,0.0,-1.0,0.0,0.32000000000000006,conservative,Conservador,1.15,GROWTH,0.8,Estado GROWTH; tendencia 80%; volatilidad anualizada 15.2%; drawdown a 252 sesiones -4.1%; exposición propuesta 115%.,HOLD,balanced,Equilibrado,1.5,VOLATILITY_MANAGED,0.8,Estado VOLATILITY_MANAGED; tendencia 80%; volatilidad anualizada 15.2%; drawdown a 252 sesiones -4.1%; exposición propuesta 150%.,HOLD,aggressive,Agresivo,1.75,GROWTH,0.8,Estado GROWTH; tendencia 80%; volatilidad anualizada 15.2%; drawdown a 252 sesiones -4.1%; exposición propuesta 175%.,HOLD
2007-04-06,0.8,0.1518783727312175,-0.0410079245841922,-0.0027124499632751,0.6000000000000001,0.0,0.0,-1.0,0.0,0.32000000000000006,conservative,Conservador,1.15,GROWTH,0.8,Estado GROWTH; tendencia 80%; volatilidad anualizada 15.2%; drawdown a 252 sesiones -4.1%; exposición propuesta 115%.,HOLD,balanced,Equilibrado,1.5,VOLATILITY_MANAGED,0.8,Estado VOLATILITY_MANAGED; tendencia 80%; volatilidad anualizada 15.2%; drawdown a 252 sesiones -4.1%; exposición propuesta 150%.,HOLD,aggressive,Agresivo,1.75,GROWTH,0.8,Estado GROWTH; tendencia 80%; volatilidad anualizada 15.2%; drawdown a 252 sesiones -4.1%; exposición propuesta 175%.,HOLD
2007-04-13,0.8,0.1192690506434866,-0.016333541772567,-0.0043862475162173,0.6000000000000001,0.0,0.0,-1.0,0.0,0.32000000000000006,conservative,Conservador,1.15,GROWTH,0.8,Estado GROWTH; tendencia 80%; volatilidad anualizada 11.9%; drawdown a 252 sesiones -1.6%; exposición propuesta 115%.,HOLD,balanced,Equilibrado,1.5,VOLATILITY_MANAGED,0.8,Estado VOLATILITY_MANAGED; tendencia 80%; volatilidad anualizada 11.9%; drawdown a 252 sesiones -1.6%; exposición propuesta 150%.,HOLD,aggressive,Agresivo,1.75,GROWTH,0.8,Estado GROWTH; tendencia 80%; volatilidad anualizada 11.9%; drawdown a 252 sesiones -1.6%; exposición propuesta 175%.,HOLD
2007-04-20,1.0,0.097969896395891,0.0,-0.0122371628863104,1.0,0.0,0.0,-1.0,0.0,0.6,conservative,Conservador,1.15,GROWTH,1.0,Estado GROWTH; tendencia 100%; volatilidad anualizada 9.8%; drawdown a 252 sesiones 0.0%; exposición propuesta 115%.,HOLD,balanced,Equilibrado,1.5,VOLATILITY_MANAGED,1.0,Estado VOLATILITY_MANAGED; tendencia 100%; volatilidad anualizada 9.8%; drawdown a 252 sesiones 0.0%; exposición propuesta 150%.,HOLD,aggressive,Agresivo,1.75,GROWTH,1.0,Estado GROWTH; tendencia 100%; volatilidad anualizada 9.8%; drawdown a 252 sesiones 0.0%; exposición propuesta 175%.,HOLD
2007-04-27,1.0,0.0873047370812957,0.0,0.0156036154193226,1.0,0.0,0.0,1.0,0.0,0.7999999999999999,conservative,Conservador,1.15,GROWTH,1.0,Estado GROWTH; tendencia 100%; volatilidad anualizada 8.7%; drawdown a 252 sesiones 0.0%; exposición propuesta 115%.,HOLD,balanced,Equilibrado,1.5,VOLATILITY_MANAGED,1.0,Estado VOLATILITY_MANAGED; tendencia 100%; volatilidad anualizada 8.7%; drawdown a 252 sesiones 0.0%; exposición propuesta 150%.,HOLD,aggressive,Agresivo,1.75,GROWTH,1.0,Estado GROWTH; tendencia 100%; volatilidad anualizada 8.7%; drawdown a 252 sesiones 0.0%; exposición propuesta 175%.,HOLD
2007-05-04,1.0,0.1019717109615699,0.0,0.0001424187208314,1.0,0.0,0.0,1.0,0.0,0.7999999999999999,conservative,Conservador,1.15,GROWTH,1.0,Estado GROWTH; tendencia 100%; volatilidad anualizada 10.2%; drawdown a 252 sesiones 0.0%; exposición propuesta 115%.,HOLD,balanced,Equilibrado,1.5,VOLATILITY_MANAGED,1.0,Estado VOLATILITY_MANAGED; tendencia 100%; volatilidad anualizada 10.2%; drawdown a 252 sesiones 0.0%; exposición propuesta 150%.,HOLD,aggressive,Agresivo,1.75,GROWTH,1.0,Estado GROWTH; tendencia 100%; volatilidad anualizada 10.2%; drawdown a 252 sesiones 0.0%; exposición propuesta 175%.,HOLD
2007-05-11,1.0,0.1108794510095199,-0.0010681808170974,0.0095813905107746,1.0,0.0,0.0,1.0,0.0,0.7999999999999999,conservative,Conservador,1.15,GROWTH,1.0,Estado GROWTH; tendencia 100%; volatilidad anualizada 11.1%; drawdown a 252 sesiones -0.1%; exposición propuesta 115%.,HOLD,balanced,Equilibrado,1.5,VOLATILITY_MANAGED,1.0,Estado VOLATILITY_MANAGED; tendencia 100%; volatilidad anualizada 11.1%; drawdown a 252 sesiones -0.1%; exposición propuesta 150%.,HOLD,aggressive,Agresivo,1.75,GROWTH,1.0,Estado GROWTH; tendencia 100%; volatilidad anualizada 11.1%; drawdown a 252 sesiones -0.1%; exposición propuesta 175%.,HOLD
2007-05-18,1.0,0.1233352221352902,-0.0025628538503551,0.0019401115387023,1.0,0.0,0.0,1.0,0.0,0.7999999999999999,conservative,Conservador,1.15,GROWTH,1.0,Estado GROWTH; tendencia 100%; volatilidad anualizada 12.3%; drawdown a 252 sesiones -0.3%; exposición propuesta 115%.,HOLD,balanced,Equilibrado,1.5,VOLATILITY_MANAGED,1.0,Estado VOLATILITY_MANAGED; tendencia 100%; volatilidad anualizada 12.3%; drawdown a 252 sesiones -0.3%; exposición propuesta 150%.,HOLD,aggressive,Agresivo,1.75,GROWTH,1.0,Estado GROWTH; tendencia 100%; volatilidad anualizada 12.3%; drawdown a 252 sesiones -0.3%; exposición propuesta 175%.,HOLD
2007-05-25,0.8,0.1294633275600372,-0.0127523707465307,-0.0170219283537393,0.6000000000000001,0.0,0.0,-1.0,0.0,0.32000000000000006,conservative,Conservador,1.15,GROWTH,0.8,Estado GROWTH; tendencia 80%; volatilidad anualizada 12.9%; drawdown a 252 sesiones -1.3%; exposición propuesta 115%.,HOLD,balanced,Equilibrado,1.5,VOLATILITY_MANAGED,0.8,Estado VOLATILITY_MANAGED; tendencia 80%; volatilidad anualizada 12.9%; drawdown a 252 sesiones -1.3%; exposición propuesta 150%.,HOLD,aggressive,Agresivo,1.75,GROWTH,0.8,Estado GROWTH; tendencia 80%; volatilidad anualizada 12.9%; drawdown a 252 sesiones -1.3%; exposición propuesta 175%.,HOLD
2007-06-01,1.0,0.1202552952070257,0.0,-0.0065642908994938,1.0,0.0,0.0,-1.0,0.0,0.6,conservative,Conservador,1.15,GROWTH,1.0,Estado GROWTH; tendencia 100%; volatilidad anualizada 12.0%; drawdown a 252 sesiones 0.0%; exposición propuesta 115%.,HOLD,balanced,Equilibrado,1.5,VOLATILITY_MANAGED,1.0,Estado VOLATILITY_MANAGED; tendencia 100%; volatilidad anualizada 12.0%; drawdown a 252 sesiones 0.0%; exposición propuesta 150%.,HOLD,aggressive,Agresivo,1.75,GROWTH,1.0,Estado GROWTH; tendencia 100%; volatilidad anualizada 12.0%; drawdown a 252 sesiones 0.0%; exposición propuesta 175%.,HOLD
2007-06-08,1.0,0.1369140692410418,-0.0140813352923203,0.0058274149110664,1.0,0.0,0.0,1.0,0.0,0.7999999999999999,conservative,Conservador,1.15,GROWTH,1.0,Estado GROWTH; tendencia 100%; volatilidad anualizada 13.7%; drawdown a 252 sesiones -1.4%; exposición propuesta 115%.,HOLD,balanced,Equilibrado,1.5,VOLATILITY_MANAGED,1.0,Estado VOLATILITY_MANAGED; tendencia 100%; volatilidad anualizada 13.7%; drawdown a 252 sesiones -1.4%; exposición propuesta 150%.,HOLD,aggressive,Agresivo,1.75,GROWTH,1.0,Estado GROWTH; tendencia 100%; volatilidad anualizada 13.7%; drawdown a 252 sesiones -1.4%; exposición propuesta 175%.,HOLD
2007-06-15,1.0,0.1301089754309074,0.0,0.0156125964487587,1.0,0.0,0.0,1.0,0.0,0.7999999999999999,conservative,Conservador,1.15,GROWTH,1.0,Estado GROWTH; tendencia 100%; volatilidad anualizada 13.0%; drawdown a 252 sesiones 0.0%; exposición propuesta 115%.,HOLD,balanced,Equilibrado,1.5,VOLATILITY_MANAGED,1.0,Estado VOLATILITY_MANAGED; tendencia 100%; volatilidad anualizada 13.0%; drawdown a 252 sesiones 0.0%; exposición propuesta 150%.,HOLD,aggressive,Agresivo,1.75,GROWTH,1.0,Estado GROWTH; tendencia 100%; volatilidad anualizada 13.0%; drawdown a 252 sesiones 0.0%; exposición propuesta 175%.,HOLD
2007-06-22,1.0,0.1271420500344295,-0.0100477154421827,0.0243616076606869,1.0,0.0,0.0,1.0,0.0,0.7999999999999999,conservative,Conservador,1.15,GROWTH,1.0,Estado GROWTH; tendencia 100%; volatilidad anualizada 12.7%; drawdown a 252 sesiones -1.0%; exposición propuesta 115%.,HOLD,balanced,Equilibrado,1.5,VOLATILITY_MANAGED,1.0,Estado VOLATILITY_MANAGED; tendencia 100%; volatilidad anualizada 12.7%; drawdown a 252 sesiones -1.0%; exposición propuesta 150%.,HOLD,aggressive,Agresivo,1.75,GROWTH,1.0,Estado GROWTH; tendencia 100%; volatilidad anualizada 12.7%; drawdown a 252 sesiones -1.0%; exposición propuesta 175%.,HOLD
2007-06-29,1.0,0.1339630904908532,-0.0035588551648737,0.0236387071747014,1.0,0.0,0.0,1.0,0.0,0.7999999999999999,conservative,Conservador,1.15,GROWTH,1.0,Estado GROWTH; tendencia 100%; volatilidad anualizada 13.4%; drawdown a 252 sesiones -0.4%; exposición propuesta 115%.,HOLD,balanced,Equilibrado,1.5,VOLATILITY_MANAGED,1.0,Estado VOLATILITY_MANAGED; tendencia 100%; volatilidad anualizada 13.4%; drawdown a 252 sesiones -0.4%; exposición propuesta 150%.,HOLD,aggressive,Agresivo,1.75,GROWTH,1.0,Estado GROWTH; tendencia 100%; volatilidad anualizada 13.4%; drawdown a 252 sesiones -0.4%; exposición propuesta 175%.,HOLD
2007-07-06,1.0,0.1167409482983357,0.0,0.0247605461744973,1.0,0.0,0.0,1.0,0.0,0.7999999999999999,conservative,Conservador,1.15,GROWTH,1.0,Estado GROWTH; tendencia 100%; volatilidad anualizada 11.7%; drawdown a 252 sesiones 0.0%; exposición propuesta 115%.,HOLD,balanced,Equilibrado,1.5,VOLATILITY_MANAGED,1.0,Estado VOLATILITY_MANAGED; tendencia 100%; volatilidad anualizada 11.7%; drawdown a 252 sesiones 0.0%; exposición propuesta 150%.,HOLD,aggressive,Agresivo,1.75,GROWTH,1.0,Estado GROWTH; tendencia 100%; volatilidad anualizada 11.7%; drawdown a 252 sesiones 0.0%; exposición propuesta 175%.,HOLD
2007-07-13,1.0,0.1195292745525754,0.0,0.037071174268267,1.0,0.0,0.0,1.0,0.0,0.7999999999999999,conservative,Conservador,1.15,GROWTH,1.0,Estado GROWTH; tendencia 100%; volatilidad anualizada 12.0%; drawdown a 252 sesiones 0.0%; exposición propuesta 115%.,HOLD,balanced,Equilibrado,1.5,VOLATILITY_MANAGED,1.0,Estado VOLATILITY_MANAGED; tendencia 100%; volatilidad anualizada 12.0%; drawdown a 252 sesiones 0.0%; exposición propuesta 150%.,HOLD,aggressive,Agresivo,1.75,GROWTH,1.0,Estado GROWTH; tendencia 100%; volatilidad anualizada 12.0%; drawdown a 252 sesiones 0.0%; exposición propuesta 175%.,HOLD
2007-07-20,1.0,0.1121553931450119,-0.0053656784485528,0.0383861752187071,1.0,0.0,0.0,1.0,0.0,0.7999999999999999,conservative,Conservador,1.15,GROWTH,1.0,Estado GROWTH; tendencia 100%; volatilidad anualizada 11.2%; drawdown a 252 sesiones -0.5%; exposición propuesta 115%.,HOLD,balanced,Equilibrado,1.5,VOLATILITY_MANAGED,1.0,Estado VOLATILITY_MANAGED; tendencia 100%; volatilidad anualizada 11.2%; drawdown a 252 sesiones -0.5%; exposición propuesta 150%.,HOLD,aggressive,Agresivo,1.75,GROWTH,1.0,Estado GROWTH; tendencia 100%; volatilidad anualizada 11.2%; drawdown a 252 sesiones -0.5%; exposición propuesta 175%.,HOLD
2007-07-27,1.0,0.1353945231341619,-0.0463036702758702,0.0449353669378113,1.0,0.0,0.0,1.0,0.0,0.7999999999999999,conservative,Conservador,1.15,GROWTH,1.0,Estado GROWTH; tendencia 100%; volatilidad anualizada 13.5%; drawdown a 252 sesiones -4.6%; exposición propuesta 115%.,HOLD,balanced,Equilibrado,1.5,VOLATILITY_MANAGED,1.0,Estado VOLATILITY_MANAGED; tendencia 100%; volatilidad anualizada 13.5%; drawdown a 252 sesiones -4.6%; exposición propuesta 150%.,HOLD,aggressive,Agresivo,1.75,GROWTH,1.0,Estado GROWTH; tendencia 100%; volatilidad anualizada 13.5%; drawdown a 252 sesiones -4.6%; exposición propuesta 175%.,HOLD
2007-08-03,0.6,0.1724896480531312,-0.0576314790715452,0.0305356782245814,0.19999999999999996,0.0,0.0,1.0,0.0,0.23999999999999996,conservative,Conservador,1.15,GROWTH,0.6,Estado GROWTH; tendencia 60%; volatilidad anualizada 17.2%; drawdown a 252 sesiones -5.8%; exposición propuesta 115%.,HOLD,balanced,Equilibrado,1.5,VOLATILITY_MANAGED,0.6,Estado VOLATILITY_MANAGED; tendencia 60%; volatilidad anualizada 17.2%; drawdown a 252 sesiones -5.8%; exposición propuesta 150%.,HOLD,aggressive,Agresivo,1.75,GROWTH,0.6,Estado GROWTH; tendencia 60%; volatilidad anualizada 17.2%; drawdown a 252 sesiones -5.8%; exposición propuesta 175%.,HOLD
2007-08-10,0.6,0.1881177312537451,-0.0604130929242332,0.012978457227442,0.19999999999999996,0.0,0.0,1.0,0.0,0.23999999999999996,conservative,Conservador,1.15,GROWTH,0.6,Estado GROWTH; tendencia 60%; volatilidad anualizada 18.8%; drawdown a 252 sesiones -6.0%; exposición propuesta 115%.,HOLD,balanced,Equilibrado,1.5,VOLATILITY_MANAGED,0.6,Estado VOLATILITY_MANAGED; tendencia 60%; volatilidad anualizada 18.8%; drawdown a 252 sesiones -6.0%; exposición propuesta 150%.,HOLD,aggressive,Agresivo,1.75,GROWTH,0.6,Estado GROWTH; tendencia 60%; volatilidad anualizada 18.8%; drawdown a 252 sesiones -6.0%; exposición propuesta 175%.,HOLD
2007-08-17,0.4,0.2176729452685822,-0.0796902908919444,-0.0174618274326174,-0.19999999999999996,0.0,0.0,-1.0,0.0,-0.23999999999999996,conservative,Conservador,0.7,DEFENSIVE,0.6,Estado DEFENSIVE; tendencia 40%; volatilidad anualizada 21.8%; drawdown a 252 sesiones -8.0%; exposición propuesta 70%.,REDUCE,balanced,Equilibrado,0.7,DEFENSIVE,0.6,Estado DEFENSIVE; tendencia 40%; volatilidad anualizada 21.8%; drawdown a 252 sesiones -8.0%; exposición propuesta 70%.,REDUCE,aggressive,Agresivo,0.7,DEFENSIVE,0.6,Estado DEFENSIVE; tendencia 40%; volatilidad anualizada 21.8%; drawdown a 252 sesiones -8.0%; exposición propuesta 70%.,REDUCE
2007-08-24,1.0,0.2209449485733968,-0.0421304532839801,-0.0178141682866317,1.0,0.0,0.0,-1.0,0.0,0.6,conservative,Conservador,1.15,GROWTH,1.0,Estado GROWTH; tendencia 100%; volatilidad anualizada 22.1%; drawdown a 252 sesiones -4.2%; exposición propuesta 115%.,INCREASE,balanced,Equilibrado,1.5,VOLATILITY_MANAGED,1.0,Estado VOLATILITY_MANAGED; tendencia 100%; volatilidad anualizada 22.1%; drawdown a 252 sesiones -4.2%; exposición propuesta 150%.,INCREASE,aggressive,Agresivo,1.75,GROWTH,1.0,Estado GROWTH; tendencia 100%; volatilidad anualizada 22.1%; drawdown a 252 sesiones -4.2%; exposición propuesta 175%.,INCREASE
2007-08-31,1.0,0.2340653690571464,-0.028815562599582,0.0042217525875984,1.0,0.0,0.0,1.0,0.0,0.7999999999999999,conservative,Conservador,1.15,GROWTH,1.0,Estado GROWTH; tendencia 100%; volatilidad anualizada 23.4%; drawdown a 252 sesiones -2.9%; exposición propuesta 115%.,HOLD,balanced,Equilibrado,1.4953087738261206,VOLATILITY_MANAGED,1.0,Estado VOLATILITY_MANAGED; tendencia 100%; volatilidad anualizada 23.4%; drawdown a 252 sesiones -2.9%; exposición propuesta 150%.,HOLD,aggressive,Agresivo,1.75,GROWTH,1.0,Estado GROWTH; tendencia 100%; volatilidad anualizada 23.4%; drawdown a 252 sesiones -2.9%; exposición propuesta 175%.,HOLD
2007-09-07,0.8,0.2318668607070879,-0.0415344437258871,0.0062215443051329,0.6000000000000001,0.0,0.0,1.0,0.0,0.52,conservative,Conservador,1.15,GROWTH,0.8,Estado GROWTH; tendencia 80%; volatilidad anualizada 23.2%; drawdown a 252 sesiones -4.2%; exposición propuesta 115%.,HOLD,balanced,Equilibrado,1.5,VOLATILITY_MANAGED,0.8,Estado VOLATILITY_MANAGED; tendencia 80%; volatilidad anualizada 23.2%; drawdown a 252 sesiones -4.2%; exposición propuesta 150%.,HOLD,aggressive,Agresivo,1.75,GROWTH,0.8,Estado GROWTH; tendencia 80%; volatilidad anualizada 23.2%; drawdown a 252 sesiones -4.2%; exposición propuesta 175%.,HOLD
2007-09-14,1.0,0.2031134813852143,-0.0218597586059553,0.0350946879456535,1.0,0.0,0.0,1.0,0.0,0.7999999999999999,conservative,Conservador,1.15,GROWTH,1.0,Estado GROWTH; tendencia 100%; volatilidad anualizada 20.3%; drawdown a 252 sesiones -2.2%; exposición propuesta 115%.,HOLD,balanced,Equilibrado,1.5,VOLATILITY_MANAGED,1.0,Estado VOLATILITY_MANAGED; tendencia 100%; volatilidad anualizada 20.3%; drawdown a 252 sesiones -2.2%; exposición propuesta 150%.,HOLD,aggressive,Agresivo,1.75,GROWTH,1.0,Estado GROWTH; tendencia 100%; volatilidad anualizada 20.3%; drawdown a 252 sesiones -2.2%; exposición propuesta 175%.,HOLD
2007-09-21,1.0,0.2106806348246416,0.0,0.0179756013877208,1.0,0.0,0.0,1.0,0.0,0.7999999999999999,conservative,Conservador,1.15,GROWTH,1.0,Estado GROWTH; tendencia 100%; volatilidad anualizada 21.1%; drawdown a 252 sesiones 0.0%; exposición propuesta 115%.,HOLD,balanced,Equilibrado,1.5,VOLATILITY_MANAGED,1.0,Estado VOLATILITY_MANAGED; tendencia 100%; volatilidad anualizada 21.1%; drawdown a 252 sesiones 0.0%; exposición propuesta 150%.,HOLD,aggressive,Agresivo,1.75,GROWTH,1.0,Estado GROWTH; tendencia 100%; volatilidad anualizada 21.1%; drawdown a 252 sesiones 0.0%; exposición propuesta 175%.,HOLD
2007-09-28,1.0,0.1561987459563183,-0.0032954731604357,0.0153326628188192,1.0,0.0,0.0,1.0,0.0,0.7999999999999999,conservative,Conservador,1.15,GROWTH,1.0,Estado GROWTH; tendencia 100%; volatilidad anualizada 15.6%; drawdown a 252 sesiones -0.3%; exposición propuesta 115%.,HOLD,balanced,Equilibrado,1.5,VOLATILITY_MANAGED,1.0,Estado VOLATILITY_MANAGED; tendencia 100%; volatilidad anualizada 15.6%; drawdown a 252 sesiones -0.3%; exposición propuesta 150%.,HOLD,aggressive,Agresivo,1.75,GROWTH,1.0,Estado GROWTH; tendencia 100%; volatilidad anualizada 15.6%; drawdown a 252 sesiones -0.3%; exposición propuesta 175%.,HOLD
2007-10-05,1.0,0.1345934266952882,0.0,0.0237226516674853,1.0,0.0,0.0,1.0,0.0,0.7999999999999999,conservative,Conservador,1.15,GROWTH,1.0,Estado GROWTH; tendencia 100%; volatilidad anualizada 13.5%; drawdown a 252 sesiones 0.0%; exposición propuesta 115%.,HOLD,balanced,Equilibrado,1.5,VOLATILITY_MANAGED,1.0,Estado VOLATILITY_MANAGED; tendencia 100%; volatilidad anualizada 13.5%; drawdown a 252 sesiones 0.0%; exposición propuesta 150%.,HOLD,aggressive,Agresivo,1.75,GROWTH,1.0,Estado GROWTH; tendencia 100%; volatilidad anualizada 13.5%; drawdown a 252 sesiones 0.0%; exposición propuesta 175%.,HOLD
2007-10-12,1.0,0.1528171359768238,0.0,0.0332512531092437,1.0,0.0,0.0,1.0,0.0,0.7999999999999999,conservative,Conservador,1.15,GROWTH,1.0,Estado GROWTH; tendencia 100%; volatilidad anualizada 15.3%; drawdown a 252 sesiones 0.0%; exposición propuesta 115%.,HOLD,balanced,Equilibrado,1.5,VOLATILITY_MANAGED,1.0,Estado VOLATILITY_MANAGED; tendencia 100%; volatilidad anualizada 15.3%; drawdown a 252 sesiones 0.0%; exposición propuesta 150%.,HOLD,aggressive,Agresivo,1.75,GROWTH,1.0,Estado GROWTH; tendencia 100%; volatilidad anualizada 15.3%; drawdown a 252 sesiones 0.0%; exposición propuesta 175%.,HOLD
2007-10-19,1.0,0.1690932594906295,-0.024916646121211,0.0564365910405834,1.0,0.0,0.0,1.0,0.0,0.7999999999999999,conservative,Conservador,1.15,GROWTH,1.0,Estado GROWTH; tendencia 100%; volatilidad anualizada 16.9%; drawdown a 252 sesiones -2.5%; exposición propuesta 115%.,HOLD,balanced,Equilibrado,1.5,VOLATILITY_MANAGED,1.0,Estado VOLATILITY_MANAGED; tendencia 100%; volatilidad anualizada 16.9%; drawdown a 252 sesiones -2.5%; exposición propuesta 150%.,HOLD,aggressive,Agresivo,1.75,GROWTH,1.0,Estado GROWTH; tendencia 100%; volatilidad anualizada 16.9%; drawdown a 252 sesiones -2.5%; exposición propuesta 175%.,HOLD
2007-10-26,1.0,0.2008754412640767,-0.0046145479761555,0.0422013752769179,1.0,0.0,0.0,1.0,0.0,0.7999999999999999,conservative,Conservador,1.15,GROWTH,1.0,Estado GROWTH; tendencia 100%; volatilidad anualizada 20.1%; drawdown a 252 sesiones -0.5%; exposición propuesta 115%.,HOLD,balanced,Equilibrado,1.5,VOLATILITY_MANAGED,1.0,Estado VOLATILITY_MANAGED; tendencia 100%; volatilidad anualizada 20.1%; drawdown a 252 sesiones -0.5%; exposición propuesta 150%.,HOLD,aggressive,Agresivo,1.75,GROWTH,1.0,Estado GROWTH; tendencia 100%; volatilidad anualizada 20.1%; drawdown a 252 sesiones -0.5%; exposición propuesta 175%.,HOLD
2007-11-02,1.0,0.2044511673418329,-0.0110847751305692,0.0601281692208932,1.0,0.0,0.0,1.0,0.0,0.7999999999999999,conservative,Conservador,1.15,GROWTH,1.0,Estado GROWTH; tendencia 100%; volatilidad anualizada 20.4%; drawdown a 252 sesiones -1.1%; exposición propuesta 115%.,HOLD,balanced,Equilibrado,1.5,VOLATILITY_MANAGED,1.0,Estado VOLATILITY_MANAGED; tendencia 100%; volatilidad anualizada 20.4%; drawdown a 252 sesiones -1.1%; exposición propuesta 150%.,HOLD,aggressive,Agresivo,1.75,GROWTH,1.0,Estado GROWTH; tendencia 100%; volatilidad anualizada 20.4%; drawdown a 252 sesiones -1.1%; exposición propuesta 175%.,HOLD
2007-11-09,0.6,0.2625778488398497,-0.0914044399417688,0.005635104749452,0.19999999999999996,0.0,0.0,1.0,0.0,0.23999999999999996,conservative,Conservador,1.15,GROWTH,0.6,Estado GROWTH; tendencia 60%; volatilidad anualizada 26.3%; drawdown a 252 sesiones -9.1%; exposición propuesta 115%.,HOLD,balanced,Equilibrado,1.3329380278892848,VOLATILITY_MANAGED,0.6,Estado VOLATILITY_MANAGED; tendencia 60%; volatilidad anualizada 26.3%; drawdown a 252 sesiones -9.1%; exposición propuesta 133%.,REDUCE,aggressive,Agresivo,1.75,GROWTH,0.6,Estado GROWTH; tendencia 60%; volatilidad anualizada 26.3%; drawdown a 252 sesiones -9.1%; exposición propuesta 175%.,HOLD
2007-11-16,0.6,0.3063987461418158,-0.0863166950397217,-0.0152666996625845,0.19999999999999996,0.0,0.0,-1.0,0.0,0.03999999999999995,conservative,Conservador,1.15,GROWTH,0.6,Estado GROWTH; tendencia 60%; volatilidad anualizada 30.6%; drawdown a 252 sesiones -8.6%; exposición propuesta 115%.,HOLD,balanced,Equilibrado,1.142302324690335,VOLATILITY_MANAGED,0.6,Estado VOLATILITY_MANAGED; tendencia 60%; volatilidad anualizada 30.6%; drawdown a 252 sesiones -8.6%; exposición propuesta 114%.,REDUCE,aggressive,Agresivo,1.75,GROWTH,0.6,Estado GROWTH; tendencia 60%; volatilidad anualizada 30.6%; drawdown a 252 sesiones -8.6%; exposición propuesta 175%.,HOLD
2007-11-23,0.6,0.2950629707420691,-0.0943118729005725,-0.0097310138582455,0.19999999999999996,0.0,0.0,-1.0,0.0,0.03999999999999995,conservative,Conservador,1.15,GROWTH,0.6,Estado GROWTH; tendencia 60%; volatilidad anualizada 29.5%; drawdown a 252 sesiones -9.4%; exposición propuesta 115%.,HOLD,balanced,Equilibrado,1.1861874742186962,VOLATILITY_MANAGED,0.6,Estado VOLATILITY_MANAGED; tendencia 60%; volatilidad anualizada 29.5%; drawdown a 252 sesiones -9.4%; exposición propuesta 119%.,HOLD,aggressive,Agresivo,1.75,GROWTH,0.6,Estado GROWTH; tendencia 60%; volatilidad anualizada 29.5%; drawdown a 252 sesiones -9.4%; exposición propuesta 175%.,HOLD
2007-11-30,0.6,0.3149287529422486,-0.0675993727338108,-0.034123085152147,0.19999999999999996,0.0,0.0,-1.0,0.0,0.03999999999999995,conservative,Conservador,1.15,GROWTH,0.6,Estado GROWTH; tendencia 60%; volatilidad anualizada 31.5%; drawdown a 252 sesiones -6.8%; exposición propuesta 115%.,HOLD,balanced,Equilibrado,1.1113624803391093,VOLATILITY_MANAGED,0.6,Estado VOLATILITY_MANAGED; tendencia 60%; volatilidad anualizada 31.5%; drawdown a 252 sesiones -6.8%; exposición propuesta 111%.,REDUCE,aggressive,Agresivo,1.75,GROWTH,0.6,Estado GROWTH; tendencia 60%; volatilidad anualizada 31.5%; drawdown a 252 sesiones -6.8%; exposición propuesta 175%.,HOLD
2007-12-07,1.0,0.2925234228474187,-0.0490639721764835,-0.0138833825490221,1.0,0.0,0.0,-1.0,0.0,0.6,conservative,Conservador,1.15,GROWTH,1.0,Estado GROWTH; tendencia 100%; volatilidad anualizada 29.3%; drawdown a 252 sesiones -4.9%; exposición propuesta 115%.,HOLD,balanced,Equilibrado,1.196485384291983,VOLATILITY_MANAGED,1.0,Estado VOLATILITY_MANAGED; tendencia 100%; volatilidad anualizada 29.3%; drawdown a 252 sesiones -4.9%; exposición propuesta 120%.,INCREASE,aggressive,Agresivo,1.75,GROWTH,1.0,Estado GROWTH; tendencia 100%; volatilidad anualizada 29.3%; drawdown a 252 sesiones -4.9%; exposición propuesta 175%.,HOLD
2007-12-14,0.8,0.2168339874238131,-0.0737777587321428,0.0118835291781795,0.6000000000000001,0.0,0.0,1.0,0.0,0.52,conservative,Conservador,1.15,GROWTH,0.8,Estado GROWTH; tendencia 80%; volatilidad anualizada 21.7%; drawdown a 252 sesiones -7.4%; exposición propuesta 115%.,HOLD,balanced,Equilibrado,1.5,VOLATILITY_MANAGED,0.8,Estado VOLATILITY_MANAGED; tendencia 80%; volatilidad anualizada 21.7%; drawdown a 252 sesiones -7.4%; exposición propuesta 150%.,INCREASE,aggressive,Agresivo,1.75,GROWTH,0.8,Estado GROWTH; tendencia 80%; volatilidad anualizada 21.7%; drawdown a 252 sesiones -7.4%; exposición propuesta 175%.,HOLD
2007-12-21,1.0,0.2416618304815914,-0.0568046212975387,0.0082049227815801,1.0,0.0,0.0,1.0,0.0,0.7999999999999999,conservative,Conservador,1.15,GROWTH,1.0,Estado GROWTH; tendencia 100%; volatilidad anualizada 24.2%; drawdown a 252 sesiones -5.7%; exposición propuesta 115%.,HOLD,balanced,Equilibrado,1.4483048452563188,VOLATILITY_MANAGED,1.0,Estado VOLATILITY_MANAGED; tendencia 100%; volatilidad anualizada 24.2%; drawdown a 252 sesiones -5.7%; exposición propuesta 145%.,REDUCE,aggressive,Agresivo,1.75,GROWTH,1.0,Estado GROWTH; tendencia 100%; volatilidad anualizada 24.2%; drawdown a 252 sesiones -5.7%; exposición propuesta 175%.,HOLD
2007-12-28,1.0,0.2020480623631438,-0.0573499822727362,-0.0027612947614081,1.0,0.0,0.0,-1.0,0.0,0.6,conservative,Conservador,1.15,GROWTH,1.0,Estado GROWTH; tendencia 100%; volatilidad anualizada 20.2%; drawdown a 252 sesiones -5.7%; exposición propuesta 115%.,HOLD,balanced,Equilibrado,1.5,VOLATILITY_MANAGED,1.0,Estado VOLATILITY_MANAGED; tendencia 100%; volatilidad anualizada 20.2%; drawdown a 252 sesiones -5.7%; exposición propuesta 150%.,INCREASE,aggressive,Agresivo,1.75,GROWTH,1.0,Estado GROWTH; tendencia 100%; volatilidad anualizada 20.2%; drawdown a 252 sesiones -5.7%; exposición propuesta 175%.,HOLD
2008-01-04,0.2,0.2511763791573,-0.1195626924580498,-0.0153136729293406,-0.6,0.0,0.0,-1.0,0.0,-0.52,conservative,Conservador,0.7,DEFENSIVE,0.8,Estado DEFENSIVE; tendencia 20%; volatilidad anualizada 25.1%; drawdown a 252 sesiones -12.0%; exposición propuesta 70%.,REDUCE,balanced,Equilibrado,0.7,DEFENSIVE,0.8,Estado DEFENSIVE; tendencia 20%; volatilidad anualizada 25.1%; drawdown a 252 sesiones -12.0%; exposición propuesta 70%.,REDUCE,aggressive,Agresivo,0.7,DEFENSIVE,0.8,Estado DEFENSIVE; tendencia 20%; volatilidad anualizada 25.1%; drawdown a 252 sesiones -12.0%; exposición propuesta 70%.,REDUCE
2008-01-11,0.0,0.2628587640933266,-0.1441205922887009,-0.0336543859245244,-1.0,0.0,0.0,-1.0,0.0,-0.7999999999999999,conservative,Conservador,0.7,DEFENSIVE,1.0,Estado DEFENSIVE; tendencia 0%; volatilidad anualizada 26.3%; drawdown a 252 sesiones -14.4%; exposición propuesta 70%.,HOLD,balanced,Equilibrado,0.7,DEFENSIVE,1.0,Estado DEFENSIVE; tendencia 0%; volatilidad anualizada 26.3%; drawdown a 252 sesiones -14.4%; exposición propuesta 70%.,HOLD,aggressive,Agresivo,0.7,DEFENSIVE,1.0,Estado DEFENSIVE; tendencia 0%; volatilidad anualizada 26.3%; drawdown a 252 sesiones -14.4%; exposición propuesta 70%.,HOLD
2008-01-18,0.0,0.2786612190271624,-0.1750451873409954,6.014275955423809e-05,-1.0,0.0,0.5,1.0,0.5,-0.7,conservative,Conservador,0.7,DEFENSIVE,1.0,Estado DEFENSIVE; tendencia 0%; volatilidad anualizada 27.9%; drawdown a 252 sesiones -17.5%; exposición propuesta 70%.,HOLD,balanced,Equilibrado,0.7,DEFENSIVE,1.0,Estado DEFENSIVE; tendencia 0%; volatilidad anualizada 27.9%; drawdown a 252 sesiones -17.5%; exposición propuesta 70%.,HOLD,aggressive,Agresivo,0.7,DEFENSIVE,1.0,Estado DEFENSIVE; tendencia 0%; volatilidad anualizada 27.9%; drawdown a 252 sesiones -17.5%; exposición propuesta 70%.,HOLD
2008-01-25,0.0,0.2675175665558184,-0.1997844429414563,-0.0516975288244052,-1.0,0.0,0.5,-1.0,0.5,-0.8999999999999999,conservative,Conservador,0.7,DEFENSIVE,1.0,Estado DEFENSIVE; tendencia 0%; volatilidad anualizada 26.8%; drawdown a 252 sesiones -20.0%; exposición propuesta 70%.,HOLD,balanced,Equilibrado,0.7,DEFENSIVE,1.0,Estado DEFENSIVE; tendencia 0%; volatilidad anualizada 26.8%; drawdown a 252 sesiones -20.0%; exposición propuesta 70%.,HOLD,aggressive,Agresivo,0.7,DEFENSIVE,1.0,Estado DEFENSIVE; tendencia 0%; volatilidad anualizada 26.8%; drawdown a 252 sesiones -20.0%; exposición propuesta 70%.,HOLD
2008-02-01,0.0,0.2890838571515217,-0.1706793887914371,-0.0629186578641133,-1.0,0.0,0.5,-1.0,0.5,-0.8999999999999999,conservative,Conservador,0.7,DEFENSIVE,1.0,Estado DEFENSIVE; tendencia 0%; volatilidad anualizada 28.9%; drawdown a 252 sesiones -17.1%; exposición propuesta 70%.,HOLD,balanced,Equilibrado,0.7,DEFENSIVE,1.0,Estado DEFENSIVE; tendencia 0%; volatilidad anualizada 28.9%; drawdown a 252 sesiones -17.1%; exposición propuesta 70%.,HOLD,aggressive,Agresivo,0.7,DEFENSIVE,1.0,Estado DEFENSIVE; tendencia 0%; volatilidad anualizada 28.9%; drawdown a 252 sesiones -17.1%; exposición propuesta 70%.,HOLD
2008-02-08,0.0,0.2543209232951129,-0.2068787443033225,-0.033298910173636,-1.0,0.0,0.5,-1.0,0.5,-0.8999999999999999,conservative,Conservador,0.7,DEFENSIVE,1.0,Estado DEFENSIVE; tendencia 0%; volatilidad anualizada 25.4%; drawdown a 252 sesiones -20.7%; exposición propuesta 70%.,HOLD,balanced,Equilibrado,0.7,DEFENSIVE,1.0,Estado DEFENSIVE; tendencia 0%; volatilidad anualizada 25.4%; drawdown a 252 sesiones -20.7%; exposición propuesta 70%.,HOLD,aggressive,Agresivo,0.7,DEFENSIVE,1.0,Estado DEFENSIVE; tendencia 0%; volatilidad anualizada 25.4%; drawdown a 252 sesiones -20.7%; exposición propuesta 70%.,HOLD
2008-02-15,0.0,0.2433960308010801,-0.2028767892509311,-0.047829621193601,-1.0,0.0,0.5,-1.0,0.5,-0.8999999999999999,conservative,Conservador,0.7,DEFENSIVE,1.0,Estado DEFENSIVE; tendencia 0%; volatilidad anualizada 24.3%; drawdown a 252 sesiones -20.3%; exposición propuesta 70%.,HOLD,balanced,Equilibrado,0.7,DEFENSIVE,1.0,Estado DEFENSIVE; tendencia 0%; volatilidad anualizada 24.3%; drawdown a 252 sesiones -20.3%; exposición propuesta 70%.,HOLD,aggressive,Agresivo,0.7,DEFENSIVE,1.0,Estado DEFENSIVE; tendencia 0%; volatilidad anualizada 24.3%; drawdown a 252 sesiones -20.3%; exposición propuesta 70%.,HOLD
2008-02-22,0.0,0.2159881822632298,-0.2054236937310978,-0.032055292026162,-1.0,0.0,0.5,-1.0,0.5,-0.8999999999999999,conservative,Conservador,0.7,DEFENSIVE,1.0,Estado DEFENSIVE; tendencia 0%; volatilidad anualizada 21.6%; drawdown a 252 sesiones -20.5%; exposición propuesta 70%.,HOLD,balanced,Equilibrado,0.7,DEFENSIVE,1.0,Estado DEFENSIVE; tendencia 0%; volatilidad anualizada 21.6%; drawdown a 252 sesiones -20.5%; exposición propuesta 70%.,HOLD,aggressive,Agresivo,0.7,DEFENSIVE,1.0,Estado DEFENSIVE; tendencia 0%; volatilidad anualizada 21.6%; drawdown a 252 sesiones -20.5%; exposición propuesta 70%.,HOLD
2008-02-29,0.0,0.2137140002058129,-0.218702930274245,-0.0224625072450014,-1.0,0.0,0.5,-1.0,0.5,-0.8999999999999999,conservative,Conservador,0.7,DEFENSIVE,1.0,Estado DEFENSIVE; tendencia 0%; volatilidad anualizada 21.4%; drawdown a 252 sesiones -21.9%; exposición propuesta 70%.,HOLD,balanced,Equilibrado,0.7,DEFENSIVE,1.0,Estado DEFENSIVE; tendencia 0%; volatilidad anualizada 21.4%; drawdown a 252 sesiones -21.9%; exposición propuesta 70%.,HOLD,aggressive,Agresivo,0.7,DEFENSIVE,1.0,Estado DEFENSIVE; tendencia 0%; volatilidad anualizada 21.4%; drawdown a 252 sesiones -21.9%; exposición propuesta 70%.,HOLD
2008-03-07,0.0,0.1846655380631973,-0.2347109930461421,0.007384459293402,-1.0,0.0,0.5,1.0,0.5,-0.7,conservative,Conservador,0.7,DEFENSIVE,1.0,Estado DEFENSIVE; tendencia 0%; volatilidad anualizada 18.5%; drawdown a 252 sesiones -23.5%; exposición propuesta 70%.,HOLD,balanced,Equilibrado,0.7,DEFENSIVE,1.0,Estado DEFENSIVE; tendencia 0%; volatilidad anualizada 18.5%; drawdown a 252 sesiones -23.5%; exposición propuesta 70%.,HOLD,aggressive,Agresivo,0.7,DEFENSIVE,1.0,Estado DEFENSIVE; tendencia 0%; volatilidad anualizada 18.5%; drawdown a 252 sesiones -23.5%; exposición propuesta 70%.,HOLD
2008-03-14,0.0,0.2204415176657893,-0.2314367249880841,0.0020159915060798,-1.0,0.0,0.5,1.0,0.5,-0.7,conservative,Conservador,0.7,DEFENSIVE,1.0,Estado DEFENSIVE; tendencia 0%; volatilidad anualizada 22.0%; drawdown a 252 sesiones -23.1%; exposición propuesta 70%.,HOLD,balanced,Equilibrado,0.7,DEFENSIVE,1.0,Estado DEFENSIVE; tendencia 0%; volatilidad anualizada 22.0%; drawdown a 252 sesiones -23.1%; exposición propuesta 70%.,HOLD,aggressive,Agresivo,0.7,DEFENSIVE,1.0,Estado DEFENSIVE; tendencia 0%; volatilidad anualizada 22.0%; drawdown a 252 sesiones -23.1%; exposición propuesta 70%.,HOLD
2008-03-21,0.0,0.2204415176657893,-0.2314367249880841,0.0020159915060798,-1.0,0.0,0.5,1.0,0.5,-0.7,conservative,Conservador,0.7,DEFENSIVE,1.0,Estado DEFENSIVE; tendencia 0%; volatilidad anualizada 22.0%; drawdown a 252 sesiones -23.1%; exposición propuesta 70%.,HOLD,balanced,Equilibrado,0.7,DEFENSIVE,1.0,Estado DEFENSIVE; tendencia 0%; volatilidad anualizada 22.0%; drawdown a 252 sesiones -23.1%; exposición propuesta 70%.,HOLD,aggressive,Agresivo,0.7,DEFENSIVE,1.0,Estado DEFENSIVE; tendencia 0%; volatilidad anualizada 22.0%; drawdown a 252 sesiones -23.1%; exposición propuesta 70%.,HOLD
2008-03-28,0.0,0.3379540821161657,-0.2082617538631083,0.02089538106805,-1.0,0.0,0.5,1.0,0.5,-0.7,conservative,Conservador,0.7,DEFENSIVE,1.0,Estado DEFENSIVE; tendencia 0%; volatilidad anualizada 33.8%; drawdown a 252 sesiones -20.8%; exposición propuesta 70%.,HOLD,balanced,Equilibrado,0.7,DEFENSIVE,1.0,Estado DEFENSIVE; tendencia 0%; volatilidad anualizada 33.8%; drawdown a 252 sesiones -20.8%; exposición propuesta 70%.,HOLD,aggressive,Agresivo,0.7,DEFENSIVE,1.0,Estado DEFENSIVE; tendencia 0%; volatilidad anualizada 33.8%; drawdown a 252 sesiones -20.8%; exposición propuesta 70%.,HOLD
2008-04-04,0.4,0.3422797954745637,-0.165115251470433,0.0386996610282268,-0.19999999999999996,0.0,0.5,1.0,0.5,-0.13999999999999996,conservative,Conservador,0.7,DEFENSIVE,0.6,Estado DEFENSIVE; tendencia 40%; volatilidad anualizada 34.2%; drawdown a 252 sesiones -16.5%; exposición propuesta 70%.,HOLD,balanced,Equilibrado,0.7,DEFENSIVE,0.6,Estado DEFENSIVE; tendencia 40%; volatilidad anualizada 34.2%; drawdown a 252 sesiones -16.5%; exposición propuesta 70%.,HOLD,aggressive,Agresivo,0.7,DEFENSIVE,0.6,Estado DEFENSIVE; tendencia 40%; volatilidad anualizada 34.2%; drawdown a 252 sesiones -16.5%; exposición propuesta 70%.,HOLD
2008-04-11,0.4,0.3346072185181364,-0.1938795863988832,0.0114578039094941,-0.19999999999999996,0.0,0.5,1.0,0.5,-0.13999999999999996,conservative,Conservador,0.7,DEFENSIVE,0.6,Estado DEFENSIVE; tendencia 40%; volatilidad anualizada 33.5%; drawdown a 252 sesiones -19.4%; exposición propuesta 70%.,HOLD,balanced,Equilibrado,0.7,DEFENSIVE,0.6,Estado DEFENSIVE; tendencia 40%; volatilidad anualizada 33.5%; drawdown a 252 sesiones -19.4%; exposición propuesta 70%.,HOLD,aggressive,Agresivo,0.7,DEFENSIVE,0.6,Estado DEFENSIVE; tendencia 40%; volatilidad anualizada 33.5%; drawdown a 252 sesiones -19.4%; exposición propuesta 70%.,HOLD
2008-04-18,0.6,0.2884850435546032,-0.149641391806487,0.0355542827527641,0.19999999999999996,0.0,0.0,1.0,0.0,0.23999999999999996,conservative,Conservador,1.15,GROWTH,0.6,Estado GROWTH; tendencia 60%; volatilidad anualizada 28.8%; drawdown a 252 sesiones -15.0%; exposición propuesta 115%.,INCREASE,balanced,Equilibrado,1.2132344737440557,VOLATILITY_MANAGED,0.6,Estado VOLATILITY_MANAGED; tendencia 60%; volatilidad anualizada 28.8%; drawdown a 252 sesiones -15.0%; exposición propuesta 121%.,INCREASE,aggressive,Agresivo,1.75,GROWTH,0.6,Estado GROWTH; tendencia 60%; volatilidad anualizada 28.8%; drawdown a 252 sesiones -15.0%; exposición propuesta 175%.,INCREASE
2008-04-25,0.6,0.2576927419729679,-0.1416312559351971,0.0226410222179187,0.19999999999999996,0.0,0.0,1.0,0.0,0.23999999999999996,conservative,Conservador,1.15,GROWTH,0.6,Estado GROWTH; tendencia 60%; volatilidad anualizada 25.8%; drawdown a 252 sesiones -14.2%; exposición propuesta 115%.,HOLD,balanced,Equilibrado,1.3582066662813312,VOLATILITY_MANAGED,0.6,Estado VOLATILITY_MANAGED; tendencia 60%; volatilidad anualizada 25.8%; drawdown a 252 sesiones -14.2%; exposición propuesta 136%.,INCREASE,aggressive,Agresivo,1.75,GROWTH,0.6,Estado GROWTH; tendencia 60%; volatilidad anualizada 25.8%; drawdown a 252 sesiones -14.2%; exposición propuesta 175%.,HOLD
2008-05-02,1.0,0.240923923868886,-0.1121388297418611,0.0297035462735404,1.0,0.0,0.0,1.0,0.0,0.7999999999999999,conservative,Conservador,1.15,GROWTH,1.0,Estado GROWTH; tendencia 100%; volatilidad anualizada 24.1%; drawdown a 252 sesiones -11.2%; exposición propuesta 115%.,HOLD,balanced,Equilibrado,1.452740742303677,VOLATILITY_MANAGED,1.0,Estado VOLATILITY_MANAGED; tendencia 100%; volatilidad anualizada 24.1%; drawdown a 252 sesiones -11.2%; exposición propuesta 145%.,INCREASE,aggressive,Agresivo,1.75,GROWTH,1.0,Estado GROWTH; tendencia 100%; volatilidad anualizada 24.1%; drawdown a 252 sesiones -11.2%; exposición propuesta 175%.,HOLD
2008-05-09,1.0,0.2152259633035779,-0.1223339670948028,0.0473675095809815,1.0,0.0,0.0,1.0,0.0,0.7999999999999999,conservative,Conservador,1.15,GROWTH,1.0,Estado GROWTH; tendencia 100%; volatilidad anualizada 21.5%; drawdown a 252 sesiones -12.2%; exposición propuesta 115%.,HOLD,balanced,Equilibrado,1.5,VOLATILITY_MANAGED,1.0,Estado VOLATILITY_MANAGED; tendencia 100%; volatilidad anualizada 21.5%; drawdown a 252 sesiones -12.2%; exposición propuesta 150%.,HOLD,aggressive,Agresivo,1.75,GROWTH,1.0,Estado GROWTH; tendencia 100%; volatilidad anualizada 21.5%; drawdown a 252 sesiones -12.2%; exposición propuesta 175%.,HOLD
2008-05-16,1.0,0.1808249610680143,-0.0895645238036522,0.04046425740306,1.0,0.0,0.0,1.0,0.0,0.7999999999999999,conservative,Conservador,1.15,GROWTH,1.0,Estado GROWTH; tendencia 100%; volatilidad anualizada 18.1%; drawdown a 252 sesiones -9.0%; exposición propuesta 115%.,HOLD,balanced,Equilibrado,1.5,VOLATILITY_MANAGED,1.0,Estado VOLATILITY_MANAGED; tendencia 100%; volatilidad anualizada 18.1%; drawdown a 252 sesiones -9.0%; exposición propuesta 150%.,HOLD,aggressive,Agresivo,1.75,GROWTH,1.0,Estado GROWTH; tendencia 100%; volatilidad anualizada 18.1%; drawdown a 252 sesiones -9.0%; exposición propuesta 175%.,HOLD
2008-05-23,1.0,0.1934879903974644,-0.122515727135165,0.036309712782748,1.0,0.0,0.0,1.0,0.0,0.7999999999999999,conservative,Conservador,1.15,GROWTH,1.0,Estado GROWTH; tendencia 100%; volatilidad anualizada 19.3%; drawdown a 252 sesiones -12.3%; exposición propuesta 115%.,HOLD,balanced,Equilibrado,1.5,VOLATILITY_MANAGED,1.0,Estado VOLATILITY_MANAGED; tendencia 100%; volatilidad anualizada 19.3%; drawdown a 252 sesiones -12.3%; exposición propuesta 150%.,HOLD,aggressive,Agresivo,1.75,GROWTH,1.0,Estado GROWTH; tendencia 100%; volatilidad anualizada 19.3%; drawdown a 252 sesiones -12.3%; exposición propuesta 175%.,HOLD
2008-05-30,1.0,0.1683113909193355,-0.0895645238036522,0.0323561288341678,1.0,0.0,0.0,1.0,0.0,0.7999999999999999,conservative,Conservador,1.15,GROWTH,1.0,Estado GROWTH; tendencia 100%; volatilidad anualizada 16.8%; drawdown a 252 sesiones -9.0%; exposición propuesta 115%.,HOLD,balanced,Equilibrado,1.5,VOLATILITY_MANAGED,1.0,Estado VOLATILITY_MANAGED; tendencia 100%; volatilidad anualizada 16.8%; drawdown a 252 sesiones -9.0%; exposición propuesta 150%.,HOLD,aggressive,Agresivo,1.75,GROWTH,1.0,Estado GROWTH; tendencia 100%; volatilidad anualizada 16.8%; drawdown a 252 sesiones -9.0%; exposición propuesta 175%.,HOLD
2008-06-06,1.0,0.206894920021976,-0.1074056301142751,0.0336405443016892,1.0,0.0,0.0,1.0,0.0,0.7999999999999999,conservative,Conservador,1.15,GROWTH,1.0,Estado GROWTH; tendencia 100%; volatilidad anualizada 20.7%; drawdown a 252 sesiones -10.7%; exposición propuesta 115%.,HOLD,balanced,Equilibrado,1.5,VOLATILITY_MANAGED,1.0,Estado VOLATILITY_MANAGED; tendencia 100%; volatilidad anualizada 20.7%; drawdown a 252 sesiones -10.7%; exposición propuesta 150%.,HOLD,aggressive,Agresivo,1.75,GROWTH,1.0,Estado GROWTH; tendencia 100%; volatilidad anualizada 20.7%; drawdown a 252 sesiones -10.7%; exposición propuesta 175%.,HOLD
2008-06-13,0.8,0.2172132718342148,-0.1194210360564864,0.0127433723616907,0.6000000000000001,0.0,0.0,1.0,0.0,0.52,conservative,Conservador,1.15,GROWTH,0.8,Estado GROWTH; tendencia 80%; volatilidad anualizada 21.7%; drawdown a 252 sesiones -11.9%; exposición propuesta 115%.,HOLD,balanced,Equilibrado,1.5,VOLATILITY_MANAGED,0.8,Estado VOLATILITY_MANAGED; tendencia 80%; volatilidad anualizada 21.7%; drawdown a 252 sesiones -11.9%; exposición propuesta 150%.,HOLD,aggressive,Agresivo,1.75,GROWTH,0.8,Estado GROWTH; tendencia 80%; volatilidad anualizada 21.7%; drawdown a 252 sesiones -11.9%; exposición propuesta 175%.,HOLD
2008-06-20,0.2,0.2352641129465752,-0.1361139331441616,0.0335740520690438,-0.6,0.0,0.0,1.0,0.0,-0.31999999999999995,conservative,Conservador,0.7,DEFENSIVE,0.8,Estado DEFENSIVE; tendencia 20%; volatilidad anualizada 23.5%; drawdown a 252 sesiones -13.6%; exposición propuesta 70%.,REDUCE,balanced,Equilibrado,0.7,DEFENSIVE,0.8,Estado DEFENSIVE; tendencia 20%; volatilidad anualizada 23.5%; drawdown a 252 sesiones -13.6%; exposición propuesta 70%.,REDUCE,aggressive,Agresivo,0.7,DEFENSIVE,0.8,Estado DEFENSIVE; tendencia 20%; volatilidad anualizada 23.5%; drawdown a 252 sesiones -13.6%; exposición propuesta 70%.,REDUCE
2008-06-27,0.2,0.2657331120165741,-0.168359280091171,0.0002517186607767,-0.6,0.0,0.5,1.0,0.5,-0.41999999999999993,conservative,Conservador,0.7,DEFENSIVE,0.8,Estado DEFENSIVE; tendencia 20%; volatilidad anualizada 26.6%; drawdown a 252 sesiones -16.8%; exposición propuesta 70%.,HOLD,balanced,Equilibrado,0.7,DEFENSIVE,0.8,Estado DEFENSIVE; tendencia 20%; volatilidad anualizada 26.6%; drawdown a 252 sesiones -16.8%; exposición propuesta 70%.,HOLD,aggressive,Agresivo,0.7,DEFENSIVE,0.8,Estado DEFENSIVE; tendencia 20%; volatilidad anualizada 26.6%; drawdown a 252 sesiones -16.8%; exposición propuesta 70%.,HOLD
2008-07-04,0.2,0.2657331120165741,-0.168359280091171,0.0002517186607767,-0.6,0.0,0.5,1.0,0.5,-0.41999999999999993,conservative,Conservador,0.7,DEFENSIVE,0.8,Estado DEFENSIVE; tendencia 20%; volatilidad anualizada 26.6%; drawdown a 252 sesiones -16.8%; exposición propuesta 70%.,HOLD,balanced,Equilibrado,0.7,DEFENSIVE,0.8,Estado DEFENSIVE; tendencia 20%; volatilidad anualizada 26.6%; drawdown a 252 sesiones -16.8%; exposición propuesta 70%.,HOLD,aggressive,Agresivo,0.7,DEFENSIVE,0.8,Estado DEFENSIVE; tendencia 20%; volatilidad anualizada 26.6%; drawdown a 252 sesiones -16.8%; exposición propuesta 70%.,HOLD
2008-07-11,0.0,0.2820696107703887,-0.1882160793760973,0.0146509759419771,-1.0,0.0,0.5,1.0,0.5,-0.7,conservative,Conservador,0.7,DEFENSIVE,1.0,Estado DEFENSIVE; tendencia 0%; volatilidad anualizada 28.2%; drawdown a 252 sesiones -18.8%; exposición propuesta 70%.,HOLD,balanced,Equilibrado,0.7,DEFENSIVE,1.0,Estado DEFENSIVE; tendencia 0%; volatilidad anualizada 28.2%; drawdown a 252 sesiones -18.8%; exposición propuesta 70%.,HOLD,aggressive,Agresivo,0.7,DEFENSIVE,1.0,Estado DEFENSIVE; tendencia 0%; volatilidad anualizada 28.2%; drawdown a 252 sesiones -18.8%; exposición propuesta 70%.,HOLD
2008-07-18,0.0,0.2863353383024918,-0.1876699907139054,-0.0269698824298935,-1.0,0.0,0.5,-1.0,0.5,-0.8999999999999999,conservative,Conservador,0.7,DEFENSIVE,1.0,Estado DEFENSIVE; tendencia 0%; volatilidad anualizada 28.6%; drawdown a 252 sesiones -18.8%; exposición propuesta 70%.,HOLD,balanced,Equilibrado,0.7,DEFENSIVE,1.0,Estado DEFENSIVE; tendencia 0%; volatilidad anualizada 28.6%; drawdown a 252 sesiones -18.8%; exposición propuesta 70%.,HOLD,aggressive,Agresivo,0.7,DEFENSIVE,1.0,Estado DEFENSIVE; tendencia 0%; volatilidad anualizada 28.6%; drawdown a 252 sesiones -18.8%; exposición propuesta 70%.,HOLD
2008-07-25,0.0,0.2421819481917295,-0.1752816856141537,0.0131217567337282,-1.0,0.0,0.5,1.0,0.5,-0.7,conservative,Conservador,0.7,DEFENSIVE,1.0,Estado DEFENSIVE; tendencia 0%; volatilidad anualizada 24.2%; drawdown a 252 sesiones -17.5%; exposición propuesta 70%.,HOLD,balanced,Equilibrado,0.7,DEFENSIVE,1.0,Estado DEFENSIVE; tendencia 0%; volatilidad anualizada 24.2%; drawdown a 252 sesiones -17.5%; exposición propuesta 70%.,HOLD,aggressive,Agresivo,0.7,DEFENSIVE,1.0,Estado DEFENSIVE; tendencia 0%; volatilidad anualizada 24.2%; drawdown a 252 sesiones -17.5%; exposición propuesta 70%.,HOLD
2008-08-01,0.2,0.2444601207650927,-0.1823865788644929,0.0067893933167066,-0.6,0.0,0.5,1.0,0.5,-0.41999999999999993,conservative,Conservador,0.7,DEFENSIVE,0.8,Estado DEFENSIVE; tendencia 20%; volatilidad anualizada 24.4%; drawdown a 252 sesiones -18.2%; exposición propuesta 70%.,HOLD,balanced,Equilibrado,0.7,DEFENSIVE,0.8,Estado DEFENSIVE; tendencia 20%; volatilidad anualizada 24.4%; drawdown a 252 sesiones -18.2%; exposición propuesta 70%.,HOLD,aggressive,Agresivo,0.7,DEFENSIVE,0.8,Estado DEFENSIVE; tendencia 20%; volatilidad anualizada 24.4%; drawdown a 252 sesiones -18.2%; exposición propuesta 70%.,HOLD
2008-08-08,0.6,0.2485752956556566,-0.1379350911286465,0.0172841962251195,0.19999999999999996,0.0,0.0,1.0,0.0,0.23999999999999996,conservative,Conservador,1.15,GROWTH,0.6,Estado GROWTH; tendencia 60%; volatilidad anualizada 24.9%; drawdown a 252 sesiones -13.8%; exposición propuesta 115%.,INCREASE,balanced,Equilibrado,1.4080240720495563,VOLATILITY_MANAGED,0.6,Estado VOLATILITY_MANAGED; tendencia 60%; volatilidad anualizada 24.9%; drawdown a 252 sesiones -13.8%; exposición propuesta 141%.,INCREASE,aggressive,Agresivo,1.75,GROWTH,0.6,Estado GROWTH; tendencia 60%; volatilidad anualizada 24.9%; drawdown a 252 sesiones -13.8%; exposición propuesta 175%.,INCREASE
2008-08-15,1.0,0.2160998506033626,-0.1226323996165897,0.0468030323811019,1.0,0.0,0.0,1.0,0.0,0.7999999999999999,conservative,Conservador,1.15,GROWTH,1.0,Estado GROWTH; tendencia 100%; volatilidad anualizada 21.6%; drawdown a 252 sesiones -12.3%; exposición propuesta 115%.,HOLD,balanced,Equilibrado,1.5,VOLATILITY_MANAGED,1.0,Estado VOLATILITY_MANAGED; tendencia 100%; volatilidad anualizada 21.6%; drawdown a 252 sesiones -12.3%; exposición propuesta 150%.,INCREASE,aggressive,Agresivo,1.75,GROWTH,1.0,Estado GROWTH; tendencia 100%; volatilidad anualizada 21.6%; drawdown a 252 sesiones -12.3%; exposición propuesta 175%.,HOLD
2008-08-22,0.6,0.2188896366664638,-0.1348382169889848,0.015806862012637,0.19999999999999996,0.0,0.0,1.0,0.0,0.23999999999999996,conservative,Conservador,1.15,GROWTH,0.6,Estado GROWTH; tendencia 60%; volatilidad anualizada 21.9%; drawdown a 252 sesiones -13.5%; exposición propuesta 115%.,HOLD,balanced,Equilibrado,1.5,VOLATILITY_MANAGED,0.6,Estado VOLATILITY_MANAGED; tendencia 60%; volatilidad anualizada 21.9%; drawdown a 252 sesiones -13.5%; exposición propuesta 150%.,HOLD,aggressive,Agresivo,1.75,GROWTH,0.6,Estado GROWTH; tendencia 60%; volatilidad anualizada 21.9%; drawdown a 252 sesiones -13.5%; exposición propuesta 175%.,HOLD
2008-08-29,0.4,0.2218956029310022,-0.15979650637474,0.0067825431318111,-0.19999999999999996,0.0,0.5,1.0,0.5,-0.13999999999999996,conservative,Conservador,0.7,DEFENSIVE,0.6,Estado DEFENSIVE; tendencia 40%; volatilidad anualizada 22.2%; drawdown a 252 sesiones -16.0%; exposición propuesta 70%.,REDUCE,balanced,Equilibrado,0.7,DEFENSIVE,0.6,Estado DEFENSIVE; tendencia 40%; volatilidad anualizada 22.2%; drawdown a 252 sesiones -16.0%; exposición propuesta 70%.,REDUCE,aggressive,Agresivo,0.7,DEFENSIVE,0.6,Estado DEFENSIVE; tendencia 40%; volatilidad anualizada 22.2%; drawdown a 252 sesiones -16.0%; exposición propuesta 70%.,REDUCE
2008-09-05,0.0,0.2107220220668808,-0.2084379349698475,-0.0405549282030082,-1.0,0.0,0.5,-1.0,0.5,-0.8999999999999999,conservative,Conservador,0.7,DEFENSIVE,1.0,Estado DEFENSIVE; tendencia 0%; volatilidad anualizada 21.1%; drawdown a 252 sesiones -20.8%; exposición propuesta 70%.,HOLD,balanced,Equilibrado,0.7,DEFENSIVE,1.0,Estado DEFENSIVE; tendencia 0%; volatilidad anualizada 21.1%; drawdown a 252 sesiones -20.8%; exposición propuesta 70%.,HOLD,aggressive,Agresivo,0.7,DEFENSIVE,1.0,Estado DEFENSIVE; tendencia 0%; volatilidad anualizada 21.1%; drawdown a 252 sesiones -20.8%; exposición propuesta 70%.,HOLD
2008-09-12,0.0,0.2044034413542022,-0.2088027487163399,-0.0732639385887261,-1.0,0.0,0.5,-1.0,0.5,-0.8999999999999999,conservative,Conservador,0.7,DEFENSIVE,1.0,Estado DEFENSIVE; tendencia 0%; volatilidad anualizada 20.4%; drawdown a 252 sesiones -20.9%; exposición propuesta 70%.,HOLD,balanced,Equilibrado,0.7,DEFENSIVE,1.0,Estado DEFENSIVE; tendencia 0%; volatilidad anualizada 20.4%; drawdown a 252 sesiones -20.9%; exposición propuesta 70%.,HOLD,aggressive,Agresivo,0.7,DEFENSIVE,1.0,Estado DEFENSIVE; tendencia 0%; volatilidad anualizada 20.4%; drawdown a 252 sesiones -20.9%; exposición propuesta 70%.,HOLD
2008-09-19,0.0,0.3445989549780158,-0.2179311777896992,-0.060912281301329,-1.0,0.0,0.5,-1.0,0.5,-0.8999999999999999,conservative,Conservador,0.7,DEFENSIVE,1.0,Estado DEFENSIVE; tendencia 0%; volatilidad anualizada 34.5%; drawdown a 252 sesiones -21.8%; exposición propuesta 70%.,HOLD,balanced,Equilibrado,0.7,DEFENSIVE,1.0,Estado DEFENSIVE; tendencia 0%; volatilidad anualizada 34.5%; drawdown a 252 sesiones -21.8%; exposición propuesta 70%.,HOLD,aggressive,Agresivo,0.7,DEFENSIVE,1.0,Estado DEFENSIVE; tendencia 0%; volatilidad anualizada 34.5%; drawdown a 252 sesiones -21.8%; exposición propuesta 70%.,HOLD
2008-09-26,0.0,0.3713296343225787,-0.2511098237339965,-0.0610416883060787,-1.0,0.5,1.0,-1.0,1.0,-1.0,conservative,Conservador,0.7,DEFENSIVE,1.0,Estado DEFENSIVE; tendencia 0%; volatilidad anualizada 37.1%; drawdown a 252 sesiones -25.1%; exposición propuesta 70%.,HOLD,balanced,Equilibrado,0.7,DEFENSIVE,1.0,Estado DEFENSIVE; tendencia 0%; volatilidad anualizada 37.1%; drawdown a 252 sesiones -25.1%; exposición propuesta 70%.,HOLD,aggressive,Agresivo,0.7,DEFENSIVE,1.0,Estado DEFENSIVE; tendencia 0%; volatilidad anualizada 37.1%; drawdown a 252 sesiones -25.1%; exposición propuesta 70%.,HOLD
2008-10-03,0.0,0.4824731074616031,-0.3404366768798884,-0.0587252830555978,-1.0,0.5,1.0,-1.0,1.0,-1.0,conservative,Conservador,0.7,DEFENSIVE,1.0,Estado DEFENSIVE; tendencia 0%; volatilidad anualizada 48.2%; drawdown a 252 sesiones -34.0%; exposición propuesta 70%.,HOLD,balanced,Equilibrado,0.7,DEFENSIVE,1.0,Estado DEFENSIVE; tendencia 0%; volatilidad anualizada 48.2%; drawdown a 252 sesiones -34.0%; exposición propuesta 70%.,HOLD,aggressive,Agresivo,0.7,DEFENSIVE,1.0,Estado DEFENSIVE; tendencia 0%; volatilidad anualizada 48.2%; drawdown a 252 sesiones -34.0%; exposición propuesta 70%.,HOLD
2008-10-10,0.0,0.5073985155094175,-0.4290350749173974,0.0157044508711774,-1.0,1.0,1.0,1.0,1.0,-0.8,conservative,Conservador,0.45,SEVERE_RISK,1.0,Estado SEVERE_RISK; tendencia 0%; volatilidad anualizada 50.7%; drawdown a 252 sesiones -42.9%; exposición propuesta 45%.,REDUCE,balanced,Equilibrado,0.5,SEVERE_RISK,1.0,Estado SEVERE_RISK; tendencia 0%; volatilidad anualizada 50.7%; drawdown a 252 sesiones -42.9%; exposición propuesta 50%.,REDUCE,aggressive,Agresivo,0.5,SEVERE_RISK,1.0,Estado SEVERE_RISK; tendencia 0%; volatilidad anualizada 50.7%; drawdown a 252 sesiones -42.9%; exposición propuesta 50%.,REDUCE
2008-10-17,0.0,0.7519783941355763,-0.4111695102383539,0.0019469407192088,-1.0,1.0,1.0,1.0,1.0,-0.8,conservative,Conservador,0.45,SEVERE_RISK,1.0,Estado SEVERE_RISK; tendencia 0%; volatilidad anualizada 75.2%; drawdown a 252 sesiones -41.1%; exposición propuesta 45%.,HOLD,balanced,Equilibrado,0.5,SEVERE_RISK,1.0,Estado SEVERE_RISK; tendencia 0%; volatilidad anualizada 75.2%; drawdown a 252 sesiones -41.1%; exposición propuesta 50%.,HOLD,aggressive,Agresivo,0.5,SEVERE_RISK,1.0,Estado SEVERE_RISK; tendencia 0%; volatilidad anualizada 75.2%; drawdown a 252 sesiones -41.1%; exposición propuesta 50%.,HOLD
2008-10-24,0.0,0.7633548378507538,-0.4620313948425588,-0.0018775223135882,-1.0,1.0,1.0,-1.0,1.0,-1.0,conservative,Conservador,0.45,SEVERE_RISK,1.0,Estado SEVERE_RISK; tendencia 0%; volatilidad anualizada 76.3%; drawdown a 252 sesiones -46.2%; exposición propuesta 45%.,HOLD,balanced,Equilibrado,0.5,SEVERE_RISK,1.0,Estado SEVERE_RISK; tendencia 0%; volatilidad anualizada 76.3%; drawdown a 252 sesiones -46.2%; exposición propuesta 50%.,HOLD,aggressive,Agresivo,0.5,SEVERE_RISK,1.0,Estado SEVERE_RISK; tendencia 0%; volatilidad anualizada 76.3%; drawdown a 252 sesiones -46.2%; exposición propuesta 50%.,HOLD
2008-10-31,0.0,0.8379812806196574,-0.3965760682896893,0.0315047684817516,-1.0,1.0,1.0,1.0,1.0,-0.8,conservative,Conservador,0.45,SEVERE_RISK,1.0,Estado SEVERE_RISK; tendencia 0%; volatilidad anualizada 83.8%; drawdown a 252 sesiones -39.7%; exposición propuesta 45%.,HOLD,balanced,Equilibrado,0.5,SEVERE_RISK,1.0,Estado SEVERE_RISK; tendencia 0%; volatilidad anualizada 83.8%; drawdown a 252 sesiones -39.7%; exposición propuesta 50%.,HOLD,aggressive,Agresivo,0.5,SEVERE_RISK,1.0,Estado SEVERE_RISK; tendencia 0%; volatilidad anualizada 83.8%; drawdown a 252 sesiones -39.7%; exposición propuesta 50%.,HOLD
2008-11-07,0.0,0.8379126827873227,-0.4046247257260866,-0.0647153411474547,-1.0,1.0,1.0,-1.0,1.0,-1.0,conservative,Conservador,0.45,SEVERE_RISK,1.0,Estado SEVERE_RISK; tendencia 0%; volatilidad anualizada 83.8%; drawdown a 252 sesiones -40.5%; exposición propuesta 45%.,HOLD,balanced,Equilibrado,0.5,SEVERE_RISK,1.0,Estado SEVERE_RISK; tendencia 0%; volatilidad anualizada 83.8%; drawdown a 252 sesiones -40.5%; exposición propuesta 50%.,HOLD,aggressive,Agresivo,0.5,SEVERE_RISK,1.0,Estado SEVERE_RISK; tendencia 0%; volatilidad anualizada 83.8%; drawdown a 252 sesiones -40.5%; exposición propuesta 50%.,HOLD
2008-11-14,0.0,0.6692378115140878,-0.4468107776049068,-0.0320855028044593,-1.0,1.0,1.0,-1.0,1.0,-1.0,conservative,Conservador,0.45,SEVERE_RISK,1.0,Estado SEVERE_RISK; tendencia 0%; volatilidad anualizada 66.9%; drawdown a 252 sesiones -44.7%; exposición propuesta 45%.,HOLD,balanced,Equilibrado,0.5,SEVERE_RISK,1.0,Estado SEVERE_RISK; tendencia 0%; volatilidad anualizada 66.9%; drawdown a 252 sesiones -44.7%; exposición propuesta 50%.,HOLD,aggressive,Agresivo,0.5,SEVERE_RISK,1.0,Estado SEVERE_RISK; tendencia 0%; volatilidad anualizada 66.9%; drawdown a 252 sesiones -44.7%; exposición propuesta 50%.,HOLD
2008-11-21,0.0,0.6906959813675677,-0.4909056243751397,-0.0098415920544924,-1.0,1.0,1.0,-1.0,1.0,-1.0,conservative,Conservador,0.45,SEVERE_RISK,1.0,Estado SEVERE_RISK; tendencia 0%; volatilidad anualizada 69.1%; drawdown a 252 sesiones -49.1%; exposición propuesta 45%.,HOLD,balanced,Equilibrado,0.5,SEVERE_RISK,1.0,Estado SEVERE_RISK; tendencia 0%; volatilidad anualizada 69.1%; drawdown a 252 sesiones -49.1%; exposición propuesta 50%.,HOLD,aggressive,Agresivo,0.5,SEVERE_RISK,1.0,Estado SEVERE_RISK; tendencia 0%; volatilidad anualizada 69.1%; drawdown a 252 sesiones -49.1%; exposición propuesta 50%.,HOLD
2008-11-28,0.0,0.6008988309957467,-0.4441381599728605,-0.0487905014958138,-1.0,1.0,1.0,-1.0,1.0,-1.0,conservative,Conservador,0.45,SEVERE_RISK,1.0,Estado SEVERE_RISK; tendencia 0%; volatilidad anualizada 60.1%; drawdown a 252 sesiones -44.4%; exposición propuesta 45%.,HOLD,balanced,Equilibrado,0.5,SEVERE_RISK,1.0,Estado SEVERE_RISK; tendencia 0%; volatilidad anualizada 60.1%; drawdown a 252 sesiones -44.4%; exposición propuesta 50%.,HOLD,aggressive,Agresivo,0.5,SEVERE_RISK,1.0,Estado SEVERE_RISK; tendencia 0%; volatilidad anualizada 60.1%; drawdown a 252 sesiones -44.4%; exposición propuesta 50%.,HOLD
2008-12-05,0.0,0.6537022289889707,-0.4475742193654548,-0.0207633566980656,-1.0,1.0,1.0,-1.0,1.0,-1.0,conservative,Conservador,0.45,SEVERE_RISK,1.0,Estado SEVERE_RISK; tendencia 0%; volatilidad anualizada 65.4%; drawdown a 252 sesiones -44.8%; exposición propuesta 45%.,HOLD,balanced,Equilibrado,0.5,SEVERE_RISK,1.0,Estado SEVERE_RISK; tendencia 0%; volatilidad anualizada 65.4%; drawdown a 252 sesiones -44.8%; exposición propuesta 50%.,HOLD,aggressive,Agresivo,0.5,SEVERE_RISK,1.0,Estado SEVERE_RISK; tendencia 0%; volatilidad anualizada 65.4%; drawdown a 252 sesiones -44.8%; exposición propuesta 50%.,HOLD
2008-12-12,0.0,0.6103570115244549,-0.4334486630604502,-0.0016953268138399,-1.0,1.0,1.0,-1.0,1.0,-1.0,conservative,Conservador,0.45,SEVERE_RISK,1.0,Estado SEVERE_RISK; tendencia 0%; volatilidad anualizada 61.0%; drawdown a 252 sesiones -43.3%; exposición propuesta 45%.,HOLD,balanced,Equilibrado,0.5,SEVERE_RISK,1.0,Estado SEVERE_RISK; tendencia 0%; volatilidad anualizada 61.0%; drawdown a 252 sesiones -43.3%; exposición propuesta 50%.,HOLD,aggressive,Agresivo,0.5,SEVERE_RISK,1.0,Estado SEVERE_RISK; tendencia 0%; volatilidad anualizada 61.0%; drawdown a 252 sesiones -43.3%; exposición propuesta 50%.,HOLD
2008-12-19,0.2,0.5393595732645068,-0.429185030259555,-0.0084135213609148,-0.6,1.0,1.0,-1.0,1.0,-0.72,conservative,Conservador,0.45,SEVERE_RISK,0.9500000000000001,Estado SEVERE_RISK; tendencia 20%; volatilidad anualizada 53.9%; drawdown a 252 sesiones -42.9%; exposición propuesta 45%.,HOLD,balanced,Equilibrado,0.5,SEVERE_RISK,0.9500000000000001,Estado SEVERE_RISK; tendencia 20%; volatilidad anualizada 53.9%; drawdown a 252 sesiones -42.9%; exposición propuesta 50%.,HOLD,aggressive,Agresivo,0.5,SEVERE_RISK,0.9500000000000001,Estado SEVERE_RISK; tendencia 20%; volatilidad anualizada 53.9%; drawdown a 252 sesiones -42.9%; exposición propuesta 50%.,HOLD
2008-12-26,0.0,0.4673090869596757,-0.4358328959614803,0.0063367893512707,-1.0,0.5,1.0,1.0,1.0,-0.8,conservative,Conservador,0.7,DEFENSIVE,1.0,Estado DEFENSIVE; tendencia 0%; volatilidad anualizada 46.7%; drawdown a 252 sesiones -43.6%; exposición propuesta 70%.,INCREASE,balanced,Equilibrado,0.7,DEFENSIVE,1.0,Estado DEFENSIVE; tendencia 0%; volatilidad anualizada 46.7%; drawdown a 252 sesiones -43.6%; exposición propuesta 70%.,INCREASE,aggressive,Agresivo,0.7,DEFENSIVE,1.0,Estado DEFENSIVE; tendencia 0%; volatilidad anualizada 46.7%; drawdown a 252 sesiones -43.6%; exposición propuesta 70%.,INCREASE
2009-01-02,0.4,0.3800805456391322,-0.384417606097169,0.0125485786747019,-0.19999999999999996,0.5,1.0,1.0,1.0,-0.23999999999999996,conservative,Conservador,0.7,DEFENSIVE,0.6,Estado DEFENSIVE; tendencia 40%; volatilidad anualizada 38.0%; drawdown a 252 sesiones -38.4%; exposición propuesta 70%.,HOLD,balanced,Equilibrado,0.7,DEFENSIVE,0.6,Estado DEFENSIVE; tendencia 40%; volatilidad anualizada 38.0%; drawdown a 252 sesiones -38.4%; exposición propuesta 70%.,HOLD,aggressive,Agresivo,0.7,DEFENSIVE,0.6,Estado DEFENSIVE; tendencia 40%; volatilidad anualizada 38.0%; drawdown a 252 sesiones -38.4%; exposición propuesta 70%.,HOLD
2009-01-09,0.4,0.3410934513637261,-0.4034622094716595,0.0101026763158829,-0.19999999999999996,0.0,1.0,1.0,1.0,-0.23999999999999996,conservative,Conservador,0.7,DEFENSIVE,0.6,Estado DEFENSIVE; tendencia 40%; volatilidad anualizada 34.1%; drawdown a 252 sesiones -40.3%; exposición propuesta 70%.,HOLD,balanced,Equilibrado,0.7,DEFENSIVE,0.6,Estado DEFENSIVE; tendencia 40%; volatilidad anualizada 34.1%; drawdown a 252 sesiones -40.3%; exposición propuesta 70%.,HOLD,aggressive,Agresivo,0.7,DEFENSIVE,0.6,Estado DEFENSIVE; tendencia 40%; volatilidad anualizada 34.1%; drawdown a 252 sesiones -40.3%; exposición propuesta 70%.,HOLD
2009-01-16,0.2,0.2933520425449211,-0.4163572181464684,0.0334925475212415,-0.6,0.0,1.0,1.0,1.0,-0.52,conservative,Conservador,0.7,DEFENSIVE,0.8,Estado DEFENSIVE; tendencia 20%; volatilidad anualizada 29.3%; drawdown a 252 sesiones -41.6%; exposición propuesta 70%.,HOLD,balanced,Equilibrado,0.7,DEFENSIVE,0.8,Estado DEFENSIVE; tendencia 20%; volatilidad anualizada 29.3%; drawdown a 252 sesiones -41.6%; exposición propuesta 70%.,HOLD,aggressive,Agresivo,0.7,DEFENSIVE,0.8,Estado DEFENSIVE; tendencia 20%; volatilidad anualizada 29.3%; drawdown a 252 sesiones -41.6%; exposición propuesta 70%.,HOLD
2009-01-23,0.2,0.3662138189374208,-0.4266731547987066,0.0298937595863574,-0.6,0.5,1.0,1.0,1.0,-0.52,conservative,Conservador,0.7,DEFENSIVE,0.8,Estado DEFENSIVE; tendencia 20%; volatilidad anualizada 36.6%; drawdown a 252 sesiones -42.7%; exposición propuesta 70%.,HOLD,balanced,Equilibrado,0.7,DEFENSIVE,0.8,Estado DEFENSIVE; tendencia 20%; volatilidad anualizada 36.6%; drawdown a 252 sesiones -42.7%; exposición propuesta 70%.,HOLD,aggressive,Agresivo,0.7,DEFENSIVE,0.8,Estado DEFENSIVE; tendencia 20%; volatilidad anualizada 36.6%; drawdown a 252 sesiones -42.7%; exposición propuesta 70%.,HOLD
2009-01-30,0.0,0.3957708141934919,-0.4234990103065358,0.0592492576004406,-1.0,0.5,1.0,1.0,1.0,-0.8,conservative,Conservador,0.7,DEFENSIVE,1.0,Estado DEFENSIVE; tendencia 0%; volatilidad anualizada 39.6%; drawdown a 252 sesiones -42.3%; exposición propuesta 70%.,HOLD,balanced,Equilibrado,0.7,DEFENSIVE,1.0,Estado DEFENSIVE; tendencia 0%; volatilidad anualizada 39.6%; drawdown a 252 sesiones -42.3%; exposición propuesta 70%.,HOLD,aggressive,Agresivo,0.7,DEFENSIVE,1.0,Estado DEFENSIVE; tendencia 0%; volatilidad anualizada 39.6%; drawdown a 252 sesiones -42.3%; exposición propuesta 70%.,HOLD
2009-02-06,0.6,0.3724311470374247,-0.3776724996303312,0.0644265764352998,0.19999999999999996,0.5,1.0,1.0,1.0,0.03999999999999995,conservative,Conservador,0.7,VOLATILITY_GUARD,0.6,Estado VOLATILITY_GUARD; tendencia 60%; volatilidad anualizada 37.2%; drawdown a 252 sesiones -37.8%; exposición propuesta 70%.,HOLD,balanced,Equilibrado,0.9397710228699785,VOLATILITY_MANAGED,0.6,Estado VOLATILITY_MANAGED; tendencia 60%; volatilidad anualizada 37.2%; drawdown a 252 sesiones -37.8%; exposición propuesta 94%.,INCREASE,aggressive,Agresivo,0.7,VOLATILITY_GUARD,0.6,Estado VOLATILITY_GUARD; tendencia 60%; volatilidad anualizada 37.2%; drawdown a 252 sesiones -37.8%; exposición propuesta 70%.,HOLD
2009-02-13,0.6,0.3622639041022907,-0.3963202855223253,0.0651361009686232,0.19999999999999996,0.5,1.0,1.0,1.0,0.03999999999999995,conservative,Conservador,0.7,VOLATILITY_GUARD,0.6,Estado VOLATILITY_GUARD; tendencia 60%; volatilidad anualizada 36.2%; drawdown a 252 sesiones -39.6%; exposición propuesta 70%.,HOLD,balanced,Equilibrado,0.9661464916503858,VOLATILITY_MANAGED,0.6,Estado VOLATILITY_MANAGED; tendencia 60%; volatilidad anualizada 36.2%; drawdown a 252 sesiones -39.6%; exposición propuesta 97%.,HOLD,aggressive,Agresivo,0.7,VOLATILITY_GUARD,0.6,Estado VOLATILITY_GUARD; tendencia 60%; volatilidad anualizada 36.2%; drawdown a 252 sesiones -39.6%; exposición propuesta 70%.,HOLD
2009-02-20,0.4,0.3104710246652871,-0.4272683151278177,0.0682350776300539,-0.19999999999999996,0.0,1.0,1.0,1.0,-0.23999999999999996,conservative,Conservador,0.7,DEFENSIVE,0.6,Estado DEFENSIVE; tendencia 40%; volatilidad anualizada 31.0%; drawdown a 252 sesiones -42.7%; exposición propuesta 70%.,HOLD,balanced,Equilibrado,0.7,DEFENSIVE,0.6,Estado DEFENSIVE; tendencia 40%; volatilidad anualizada 31.0%; drawdown a 252 sesiones -42.7%; exposición propuesta 70%.,REDUCE,aggressive,Agresivo,0.7,DEFENSIVE,0.6,Estado DEFENSIVE; tendencia 40%; volatilidad anualizada 31.0%; drawdown a 252 sesiones -42.7%; exposición propuesta 70%.,HOLD
2009-02-27,0.2,0.3310805920296017,-0.4538515281448719,0.0563030058942798,-0.6,0.0,1.0,1.0,1.0,-0.52,conservative,Conservador,0.7,DEFENSIVE,0.8,Estado DEFENSIVE; tendencia 20%; volatilidad anualizada 33.1%; drawdown a 252 sesiones -45.4%; exposición propuesta 70%.,HOLD,balanced,Equilibrado,0.7,DEFENSIVE,0.8,Estado DEFENSIVE; tendencia 20%; volatilidad anualizada 33.1%; drawdown a 252 sesiones -45.4%; exposición propuesta 70%.,HOLD,aggressive,Agresivo,0.7,DEFENSIVE,0.8,Estado DEFENSIVE; tendencia 20%; volatilidad anualizada 33.1%; drawdown a 252 sesiones -45.4%; exposición propuesta 70%.,HOLD
2009-03-06,0.0,0.3448911760570791,-0.4782526184111187,0.0453744767433995,-1.0,0.0,1.0,1.0,1.0,-0.8,conservative,Conservador,0.7,DEFENSIVE,1.0,Estado DEFENSIVE; tendencia 0%; volatilidad anualizada 34.5%; drawdown a 252 sesiones -47.8%; exposición propuesta 70%.,HOLD,balanced,Equilibrado,0.7,DEFENSIVE,1.0,Estado DEFENSIVE; tendencia 0%; volatilidad anualizada 34.5%; drawdown a 252 sesiones -47.8%; exposición propuesta 70%.,HOLD,aggressive,Agresivo,0.7,DEFENSIVE,1.0,Estado DEFENSIVE; tendencia 0%; volatilidad anualizada 34.5%; drawdown a 252 sesiones -47.8%; exposición propuesta 70%.,HOLD
2009-03-13,0.0,0.4192800200578857,-0.4298473432206328,0.0306221180024667,-1.0,0.5,1.0,1.0,1.0,-0.8,conservative,Conservador,0.7,DEFENSIVE,1.0,Estado DEFENSIVE; tendencia 0%; volatilidad anualizada 41.9%; drawdown a 252 sesiones -43.0%; exposición propuesta 70%.,HOLD,balanced,Equilibrado,0.7,DEFENSIVE,1.0,Estado DEFENSIVE; tendencia 0%; volatilidad anualizada 41.9%; drawdown a 252 sesiones -43.0%; exposición propuesta 70%.,HOLD,aggressive,Agresivo,0.7,DEFENSIVE,1.0,Estado DEFENSIVE; tendencia 0%; volatilidad anualizada 41.9%; drawdown a 252 sesiones -43.0%; exposición propuesta 70%.,HOLD
2009-03-20,0.6,0.4254035380000455,-0.4201609638961547,0.01448859523542,0.19999999999999996,0.5,1.0,1.0,1.0,0.03999999999999995,conservative,Conservador,0.7,VOLATILITY_GUARD,0.6,Estado VOLATILITY_GUARD; tendencia 60%; volatilidad anualizada 42.5%; drawdown a 252 sesiones -42.0%; exposición propuesta 70%.,HOLD,balanced,Equilibrado,0.8227482113699829,VOLATILITY_MANAGED,0.6,Estado VOLATILITY_MANAGED; tendencia 60%; volatilidad anualizada 42.5%; drawdown a 252 sesiones -42.0%; exposición propuesta 82%.,INCREASE,aggressive,Agresivo,0.7,VOLATILITY_GUARD,0.6,Estado VOLATILITY_GUARD; tendencia 60%; volatilidad anualizada 42.5%; drawdown a 252 sesiones -42.0%; exposición propuesta 70%.,HOLD
2009-03-27,0.6,0.4434775669336662,-0.3875723775671122,0.0095741376172842,0.19999999999999996,0.5,1.0,1.0,1.0,0.03999999999999995,conservative,Conservador,0.7,VOLATILITY_GUARD,0.6,Estado VOLATILITY_GUARD; tendencia 60%; volatilidad anualizada 44.3%; drawdown a 252 sesiones -38.8%; exposición propuesta 70%.,HOLD,balanced,Equilibrado,0.7892169212075427,VOLATILITY_MANAGED,0.6,Estado VOLATILITY_MANAGED; tendencia 60%; volatilidad anualizada 44.3%; drawdown a 252 sesiones -38.8%; exposición propuesta 79%.,HOLD,aggressive,Agresivo,0.7,VOLATILITY_GUARD,0.6,Estado VOLATILITY_GUARD; tendencia 60%; volatilidad anualizada 44.3%; drawdown a 252 sesiones -38.8%; exposición propuesta 70%.,HOLD
2009-04-03,0.6,0.4120861846551012,-0.3571698237371272,0.0007439517672205,0.19999999999999996,0.5,1.0,1.0,1.0,0.03999999999999995,conservative,Conservador,0.7,VOLATILITY_GUARD,0.6,Estado VOLATILITY_GUARD; tendencia 60%; volatilidad anualizada 41.2%; drawdown a 252 sesiones -35.7%; exposición propuesta 70%.,HOLD,balanced,Equilibrado,0.8493368936717334,VOLATILITY_MANAGED,0.6,Estado VOLATILITY_MANAGED; tendencia 60%; volatilidad anualizada 41.2%; drawdown a 252 sesiones -35.7%; exposición propuesta 85%.,INCREASE,aggressive,Agresivo,0.7,VOLATILITY_GUARD,0.6,Estado VOLATILITY_GUARD; tendencia 60%; volatilidad anualizada 41.2%; drawdown a 252 sesiones -35.7%; exposición propuesta 70%.,HOLD
2009-04-10,0.6,0.4120861846551012,-0.3571698237371272,0.0007439517672205,0.19999999999999996,0.5,1.0,1.0,1.0,0.03999999999999995,conservative,Conservador,0.7,VOLATILITY_GUARD,0.6,Estado VOLATILITY_GUARD; tendencia 60%; volatilidad anualizada 41.2%; drawdown a 252 sesiones -35.7%; exposición propuesta 70%.,HOLD,balanced,Equilibrado,0.8493368936717334,VOLATILITY_MANAGED,0.6,Estado VOLATILITY_MANAGED; tendencia 60%; volatilidad anualizada 41.2%; drawdown a 252 sesiones -35.7%; exposición propuesta 85%.,HOLD,aggressive,Agresivo,0.7,VOLATILITY_GUARD,0.6,Estado VOLATILITY_GUARD; tendencia 60%; volatilidad anualizada 41.2%; drawdown a 252 sesiones -35.7%; exposición propuesta 70%.,HOLD
2009-04-17,0.6,0.358471029727664,-0.3380931516410357,0.0131488923227989,0.19999999999999996,0.5,1.0,1.0,1.0,0.03999999999999995,conservative,Conservador,0.7,VOLATILITY_GUARD,0.6,Estado VOLATILITY_GUARD; tendencia 60%; volatilidad anualizada 35.8%; drawdown a 252 sesiones -33.8%; exposición propuesta 70%.,HOLD,balanced,Equilibrado,0.9763689977008754,VOLATILITY_MANAGED,0.6,Estado VOLATILITY_MANAGED; tendencia 60%; volatilidad anualizada 35.8%; drawdown a 252 sesiones -33.8%; exposición propuesta 98%.,HOLD,aggressive,Agresivo,0.7,VOLATILITY_GUARD,0.6,Estado VOLATILITY_GUARD; tendencia 60%; volatilidad anualizada 35.8%; drawdown a 252 sesiones -33.8%; exposición propuesta 70%.,HOLD
2009-04-24,0.6,0.2999341140620855,-0.3305423295264101,0.0298737161530244,0.19999999999999996,0.0,1.0,1.0,1.0,0.03999999999999995,conservative,Conservador,1.15,GROWTH,0.6,Estado GROWTH; tendencia 60%; volatilidad anualizada 30.0%; drawdown a 252 sesiones -33.1%; exposición propuesta 115%.,INCREASE,balanced,Equilibrado,1.1669229460425798,VOLATILITY_MANAGED,0.6,Estado VOLATILITY_MANAGED; tendencia 60%; volatilidad anualizada 30.0%; drawdown a 252 sesiones -33.1%; exposición propuesta 117%.,INCREASE,aggressive,Agresivo,1.75,GROWTH,0.6,Estado GROWTH; tendencia 60%; volatilidad anualizada 30.0%; drawdown a 252 sesiones -33.1%; exposición propuesta 175%.,INCREASE
2009-05-01,0.8,0.2518511621728597,-0.3170301077851699,0.0287205988824275,0.6000000000000001,0.0,1.0,1.0,1.0,0.32,conservative,Conservador,1.15,GROWTH,0.8,Estado GROWTH; tendencia 80%; volatilidad anualizada 25.2%; drawdown a 252 sesiones -31.7%; exposición propuesta 115%.,HOLD,balanced,Equilibrado,1.389709687977438,VOLATILITY_MANAGED,0.8,Estado VOLATILITY_MANAGED; tendencia 80%; volatilidad anualizada 25.2%; drawdown a 252 sesiones -31.7%; exposición propuesta 139%.,INCREASE,aggressive,Agresivo,1.75,GROWTH,0.8,Estado GROWTH; tendencia 80%; volatilidad anualizada 25.2%; drawdown a 252 sesiones -31.7%; exposición propuesta 175%.,HOLD
2009-05-08,0.8,0.2210575737974558,-0.3198118717001615,-0.0443946009937694,0.6000000000000001,0.0,1.0,-1.0,1.0,0.12000000000000005,conservative,Conservador,1.15,GROWTH,0.8,Estado GROWTH; tendencia 80%; volatilidad anualizada 22.1%; drawdown a 252 sesiones -32.0%; exposición propuesta 115%.,HOLD,balanced,Equilibrado,1.5,VOLATILITY_MANAGED,0.8,Estado VOLATILITY_MANAGED; tendencia 80%; volatilidad anualizada 22.1%; drawdown a 252 sesiones -32.0%; exposición propuesta 150%.,INCREASE,aggressive,Agresivo,1.75,GROWTH,0.8,Estado GROWTH; tendencia 80%; volatilidad anualizada 22.1%; drawdown a 252 sesiones -32.0%; exposición propuesta 175%.,HOLD
2009-05-15,0.6,0.2285212856726783,-0.3369012934413666,-0.0169183647605311,0.19999999999999996,0.0,1.0,-1.0,1.0,-0.16000000000000006,conservative,Conservador,1.15,GROWTH,0.6,Estado GROWTH; tendencia 60%; volatilidad anualizada 22.9%; drawdown a 252 sesiones -33.7%; exposición propuesta 115%.,HOLD,balanced,Equilibrado,1.5,VOLATILITY_MANAGED,0.6,Estado VOLATILITY_MANAGED; tendencia 60%; volatilidad anualizada 22.9%; drawdown a 252 sesiones -33.7%; exposición propuesta 150%.,HOLD,aggressive,Agresivo,1.75,GROWTH,0.6,Estado GROWTH; tendencia 60%; volatilidad anualizada 22.9%; drawdown a 252 sesiones -33.7%; exposición propuesta 175%.,HOLD
2009-05-22,0.6,0.211156558311575,-0.3335231391641065,-0.0316857973617964,0.19999999999999996,0.0,1.0,-1.0,1.0,-0.16000000000000006,conservative,Conservador,1.15,GROWTH,0.6,Estado GROWTH; tendencia 60%; volatilidad anualizada 21.1%; drawdown a 252 sesiones -33.4%; exposición propuesta 115%.,HOLD,balanced,Equilibrado,1.5,VOLATILITY_MANAGED,0.6,Estado VOLATILITY_MANAGED; tendencia 60%; volatilidad anualizada 21.1%; drawdown a 252 sesiones -33.4%; exposición propuesta 150%.,HOLD,aggressive,Agresivo,1.75,GROWTH,0.6,Estado GROWTH; tendencia 60%; volatilidad anualizada 21.1%; drawdown a 252 sesiones -33.4%; exposición propuesta 175%.,HOLD
2009-05-29,0.8,0.2491696659618676,-0.2969599203360241,-0.026364302419928,0.6000000000000001,0.0,1.0,-1.0,1.0,0.12000000000000005,conservative,Conservador,1.15,GROWTH,0.8,Estado GROWTH; tendencia 80%; volatilidad anualizada 24.9%; drawdown a 252 sesiones -29.7%; exposición propuesta 115%.,HOLD,balanced,Equilibrado,1.404665365861843,VOLATILITY_MANAGED,0.8,Estado VOLATILITY_MANAGED; tendencia 80%; volatilidad anualizada 24.9%; drawdown a 252 sesiones -29.7%; exposición propuesta 140%.,REDUCE,aggressive,Agresivo,1.75,GROWTH,0.8,Estado GROWTH; tendencia 80%; volatilidad anualizada 24.9%; drawdown a 252 sesiones -29.7%; exposición propuesta 175%.,HOLD
2009-06-05,1.0,0.243387731668261,-0.2464828104218218,0.0345127169823067,1.0,0.0,0.5,1.0,0.5,0.7,conservative,Conservador,1.15,GROWTH,1.0,Estado GROWTH; tendencia 100%; volatilidad anualizada 24.3%; drawdown a 252 sesiones -24.6%; exposición propuesta 115%.,HOLD,balanced,Equilibrado,1.4380346848256598,VOLATILITY_MANAGED,1.0,Estado VOLATILITY_MANAGED; tendencia 100%; volatilidad anualizada 24.3%; drawdown a 252 sesiones -24.6%; exposición propuesta 144%.,HOLD,aggressive,Agresivo,1.75,GROWTH,1.0,Estado GROWTH; tendencia 100%; volatilidad anualizada 24.3%; drawdown a 252 sesiones -24.6%; exposición propuesta 175%.,HOLD
2009-06-12,1.0,0.2119876080873533,-0.245607325082289,0.0345749886253095,1.0,0.0,0.5,1.0,0.5,0.7,conservative,Conservador,1.15,GROWTH,1.0,Estado GROWTH; tendencia 100%; volatilidad anualizada 21.2%; drawdown a 252 sesiones -24.6%; exposición propuesta 115%.,HOLD,balanced,Equilibrado,1.5,VOLATILITY_MANAGED,1.0,Estado VOLATILITY_MANAGED; tendencia 100%; volatilidad anualizada 21.2%; drawdown a 252 sesiones -24.6%; exposición propuesta 150%.,INCREASE,aggressive,Agresivo,1.75,GROWTH,1.0,Estado GROWTH; tendencia 100%; volatilidad anualizada 21.2%; drawdown a 252 sesiones -24.6%; exposición propuesta 175%.,HOLD
2009-06-19,1.0,0.2070388594316522,-0.2468085192495144,0.0383624704171068,1.0,0.0,0.5,1.0,0.5,0.7,conservative,Conservador,1.15,GROWTH,1.0,Estado GROWTH; tendencia 100%; volatilidad anualizada 20.7%; drawdown a 252 sesiones -24.7%; exposición propuesta 115%.,HOLD,balanced,Equilibrado,1.5,VOLATILITY_MANAGED,1.0,Estado VOLATILITY_MANAGED; tendencia 100%; volatilidad anualizada 20.7%; drawdown a 252 sesiones -24.7%; exposición propuesta 150%.,HOLD,aggressive,Agresivo,1.75,GROWTH,1.0,Estado GROWTH; tendencia 100%; volatilidad anualizada 20.7%; drawdown a 252 sesiones -24.7%; exposición propuesta 175%.,HOLD
2009-06-26,1.0,0.2094091658583978,-0.242434476279814,0.0310961404345582,1.0,0.0,0.5,1.0,0.5,0.7,conservative,Conservador,1.15,GROWTH,1.0,Estado GROWTH; tendencia 100%; volatilidad anualizada 20.9%; drawdown a 252 sesiones -24.2%; exposición propuesta 115%.,HOLD,balanced,Equilibrado,1.5,VOLATILITY_MANAGED,1.0,Estado VOLATILITY_MANAGED; tendencia 100%; volatilidad anualizada 20.9%; drawdown a 252 sesiones -24.2%; exposición propuesta 150%.,HOLD,aggressive,Agresivo,1.75,GROWTH,1.0,Estado GROWTH; tendencia 100%; volatilidad anualizada 20.9%; drawdown a 252 sesiones -24.2%; exposición propuesta 175%.,HOLD
2009-07-03,1.0,0.2094091658583978,-0.242434476279814,0.0310961404345582,1.0,0.0,0.5,1.0,0.5,0.7,conservative,Conservador,1.15,GROWTH,1.0,Estado GROWTH; tendencia 100%; volatilidad anualizada 20.9%; drawdown a 252 sesiones -24.2%; exposición propuesta 115%.,HOLD,balanced,Equilibrado,1.5,VOLATILITY_MANAGED,1.0,Estado VOLATILITY_MANAGED; tendencia 100%; volatilidad anualizada 20.9%; drawdown a 252 sesiones -24.2%; exposición propuesta 150%.,HOLD,aggressive,Agresivo,1.75,GROWTH,1.0,Estado GROWTH; tendencia 100%; volatilidad anualizada 20.9%; drawdown a 252 sesiones -24.2%; exposición propuesta 175%.,HOLD
2009-07-10,0.6,0.2117478203415137,-0.2726371958440774,0.0166714440725256,0.19999999999999996,0.0,1.0,1.0,1.0,0.03999999999999995,conservative,Conservador,1.15,GROWTH,0.6,Estado GROWTH; tendencia 60%; volatilidad anualizada 21.2%; drawdown a 252 sesiones -27.3%; exposición propuesta 115%.,HOLD,balanced,Equilibrado,1.5,VOLATILITY_MANAGED,0.6,Estado VOLATILITY_MANAGED; tendencia 60%; volatilidad anualizada 21.2%; drawdown a 252 sesiones -27.3%; exposición propuesta 150%.,HOLD,aggressive,Agresivo,1.75,GROWTH,0.6,Estado GROWTH; tendencia 60%; volatilidad anualizada 21.2%; drawdown a 252 sesiones -27.3%; exposición propuesta 175%.,HOLD
2009-07-17,1.0,0.2422897014676542,-0.2176472822892031,0.0233894298381087,1.0,0.0,0.5,1.0,0.5,0.7,conservative,Conservador,1.15,GROWTH,1.0,Estado GROWTH; tendencia 100%; volatilidad anualizada 24.2%; drawdown a 252 sesiones -21.8%; exposición propuesta 115%.,HOLD,balanced,Equilibrado,1.4445516993908434,VOLATILITY_MANAGED,1.0,Estado VOLATILITY_MANAGED; tendencia 100%; volatilidad anualizada 24.2%; drawdown a 252 sesiones -21.8%; exposición propuesta 144%.,REDUCE,aggressive,Agresivo,1.75,GROWTH,1.0,Estado GROWTH; tendencia 100%; volatilidad anualizada 24.2%; drawdown a 252 sesiones -21.8%; exposición propuesta 175%.,HOLD
2009-07-24,1.0,0.2106313293942125,-0.1866116985838504,0.0111109216690659,1.0,0.0,0.5,1.0,0.5,0.7,conservative,Conservador,1.15,GROWTH,1.0,Estado GROWTH; tendencia 100%; volatilidad anualizada 21.1%; drawdown a 252 sesiones -18.7%; exposición propuesta 115%.,HOLD,balanced,Equilibrado,1.5,VOLATILITY_MANAGED,1.0,Estado VOLATILITY_MANAGED; tendencia 100%; volatilidad anualizada 21.1%; drawdown a 252 sesiones -18.7%; exposición propuesta 150%.,INCREASE,aggressive,Agresivo,1.75,GROWTH,1.0,Estado GROWTH; tendencia 100%; volatilidad anualizada 21.1%; drawdown a 252 sesiones -18.7%; exposición propuesta 175%.,HOLD
2009-07-31,1.0,0.1920118703309717,-0.1782802056860305,0.0079347186179157,1.0,0.0,0.5,1.0,0.5,0.7,conservative,Conservador,1.15,GROWTH,1.0,Estado GROWTH; tendencia 100%; volatilidad anualizada 19.2%; drawdown a 252 sesiones -17.8%; exposición propuesta 115%.,HOLD,balanced,Equilibrado,1.5,VOLATILITY_MANAGED,1.0,Estado VOLATILITY_MANAGED; tendencia 100%; volatilidad anualizada 19.2%; drawdown a 252 sesiones -17.8%; exposición propuesta 150%.,HOLD,aggressive,Agresivo,1.75,GROWTH,1.0,Estado GROWTH; tendencia 100%; volatilidad anualizada 19.2%; drawdown a 252 sesiones -17.8%; exposición propuesta 175%.,HOLD
2009-08-07,1.0,0.1727059770548724,-0.16932313334997,-0.0084836218746184,1.0,0.0,0.5,-1.0,0.5,0.5,conservative,Conservador,1.15,GROWTH,1.0,Estado GROWTH; tendencia 100%; volatilidad anualizada 17.3%; drawdown a 252 sesiones -16.9%; exposición propuesta 115%.,HOLD,balanced,Equilibrado,1.5,VOLATILITY_MANAGED,1.0,Estado VOLATILITY_MANAGED; tendencia 100%; volatilidad anualizada 17.3%; drawdown a 252 sesiones -16.9%; exposición propuesta 150%.,HOLD,aggressive,Agresivo,1.75,GROWTH,1.0,Estado GROWTH; tendencia 100%; volatilidad anualizada 17.3%; drawdown a 252 sesiones -16.9%; exposición propuesta 175%.,HOLD
2009-08-14,1.0,0.1565649515343805,-0.1729882926776222,-0.01564188251413,1.0,0.0,0.5,-1.0,0.5,0.5,conservative,Conservador,1.15,GROWTH,1.0,Estado GROWTH; tendencia 100%; volatilidad anualizada 15.7%; drawdown a 252 sesiones -17.3%; exposición propuesta 115%.,HOLD,balanced,Equilibrado,1.5,VOLATILITY_MANAGED,1.0,Estado VOLATILITY_MANAGED; tendencia 100%; volatilidad anualizada 15.7%; drawdown a 252 sesiones -17.3%; exposición propuesta 150%.,HOLD,aggressive,Agresivo,1.75,GROWTH,1.0,Estado GROWTH; tendencia 100%; volatilidad anualizada 15.7%; drawdown a 252 sesiones -17.3%; exposición propuesta 175%.,HOLD
2009-08-21,1.0,0.1856463274820133,-0.1473536865663914,-0.0183184372275404,1.0,0.0,0.0,-1.0,0.0,0.6,conservative,Conservador,1.15,GROWTH,1.0,Estado GROWTH; tendencia 100%; volatilidad anualizada 18.6%; drawdown a 252 sesiones -14.7%; exposición propuesta 115%.,HOLD,balanced,Equilibrado,1.5,VOLATILITY_MANAGED,1.0,Estado VOLATILITY_MANAGED; tendencia 100%; volatilidad anualizada 18.6%; drawdown a 252 sesiones -14.7%; exposición propuesta 150%.,HOLD,aggressive,Agresivo,1.75,GROWTH,1.0,Estado GROWTH; tendencia 100%; volatilidad anualizada 18.6%; drawdown a 252 sesiones -14.7%; exposición propuesta 175%.,HOLD
2009-08-28,1.0,0.1800425693712642,-0.1187567957539548,-0.0211556503476753,1.0,0.0,0.0,-1.0,0.0,0.6,conservative,Conservador,1.15,GROWTH,1.0,Estado GROWTH; tendencia 100%; volatilidad anualizada 18.0%; drawdown a 252 sesiones -11.9%; exposición propuesta 115%.,HOLD,balanced,Equilibrado,1.5,VOLATILITY_MANAGED,1.0,Estado VOLATILITY_MANAGED; tendencia 100%; volatilidad anualizada 18.0%; drawdown a 252 sesiones -11.9%; exposición propuesta 150%.,HOLD,aggressive,Agresivo,1.75,GROWTH,1.0,Estado GROWTH; tendencia 100%; volatilidad anualizada 18.0%; drawdown a 252 sesiones -11.9%; exposición propuesta 175%.,HOLD
2009-09-04,1.0,0.1963746361832726,-0.069665731081373,0.0035385392417293,1.0,0.0,0.0,1.0,0.0,0.7999999999999999,conservative,Conservador,1.15,GROWTH,1.0,Estado GROWTH; tendencia 100%; volatilidad anualizada 19.6%; drawdown a 252 sesiones -7.0%; exposición propuesta 115%.,HOLD,balanced,Equilibrado,1.5,VOLATILITY_MANAGED,1.0,Estado VOLATILITY_MANAGED; tendencia 100%; volatilidad anualizada 19.6%; drawdown a 252 sesiones -7.0%; exposición propuesta 150%.,HOLD,aggressive,Agresivo,1.75,GROWTH,1.0,Estado GROWTH; tendencia 100%; volatilidad anualizada 19.6%; drawdown a 252 sesiones -7.0%; exposición propuesta 175%.,HOLD
2009-09-11,1.0,0.1895417693701736,-0.0391807586169402,0.0041639105386868,1.0,0.0,0.0,1.0,0.0,0.7999999999999999,conservative,Conservador,1.15,GROWTH,1.0,Estado GROWTH; tendencia 100%; volatilidad anualizada 19.0%; drawdown a 252 sesiones -3.9%; exposición propuesta 115%.,HOLD,balanced,Equilibrado,1.5,VOLATILITY_MANAGED,1.0,Estado VOLATILITY_MANAGED; tendencia 100%; volatilidad anualizada 19.0%; drawdown a 252 sesiones -3.9%; exposición propuesta 150%.,HOLD,aggressive,Agresivo,1.75,GROWTH,1.0,Estado GROWTH; tendencia 100%; volatilidad anualizada 19.0%; drawdown a 252 sesiones -3.9%; exposición propuesta 175%.,HOLD
2009-09-18,1.0,0.137620944840539,-0.0054659598998902,0.0066657372086851,1.0,0.0,0.0,1.0,0.0,0.7999999999999999,conservative,Conservador,1.15,GROWTH,1.0,Estado GROWTH; tendencia 100%; volatilidad anualizada 13.8%; drawdown a 252 sesiones -0.5%; exposición propuesta 115%.,HOLD,balanced,Equilibrado,1.5,VOLATILITY_MANAGED,1.0,Estado VOLATILITY_MANAGED; tendencia 100%; volatilidad anualizada 13.8%; drawdown a 252 sesiones -0.5%; exposición propuesta 150%.,HOLD,aggressive,Agresivo,1.75,GROWTH,1.0,Estado GROWTH; tendencia 100%; volatilidad anualizada 13.8%; drawdown a 252 sesiones -0.5%; exposición propuesta 175%.,HOLD
2009-09-25,1.0,0.1453219772615647,-0.0222743221492616,0.0182105744886797,1.0,0.0,0.0,1.0,0.0,0.7999999999999999,conservative,Conservador,1.15,GROWTH,1.0,Estado GROWTH; tendencia 100%; volatilidad anualizada 14.5%; drawdown a 252 sesiones -2.2%; exposición propuesta 115%.,HOLD,balanced,Equilibrado,1.5,VOLATILITY_MANAGED,1.0,Estado VOLATILITY_MANAGED; tendencia 100%; volatilidad anualizada 14.5%; drawdown a 252 sesiones -2.2%; exposición propuesta 150%.,HOLD,aggressive,Agresivo,1.75,GROWTH,1.0,Estado GROWTH; tendencia 100%; volatilidad anualizada 14.5%; drawdown a 252 sesiones -2.2%; exposición propuesta 175%.,HOLD
2009-10-02,1.0,0.1738107846967248,-0.0414999193157979,0.0125450529672528,1.0,0.0,0.0,1.0,0.0,0.7999999999999999,conservative,Conservador,1.15,GROWTH,1.0,Estado GROWTH; tendencia 100%; volatilidad anualizada 17.4%; drawdown a 252 sesiones -4.1%; exposición propuesta 115%.,HOLD,balanced,Equilibrado,1.5,VOLATILITY_MANAGED,1.0,Estado VOLATILITY_MANAGED; tendencia 100%; volatilidad anualizada 17.4%; drawdown a 252 sesiones -4.1%; exposición propuesta 150%.,HOLD,aggressive,Agresivo,1.75,GROWTH,1.0,Estado GROWTH; tendencia 100%; volatilidad anualizada 17.4%; drawdown a 252 sesiones -4.1%; exposición propuesta 175%.,HOLD
2009-10-09,1.0,0.1642439051269414,-0.003985799580442,-0.0045310507829108,1.0,0.0,0.0,-1.0,0.0,0.6,conservative,Conservador,1.15,GROWTH,1.0,Estado GROWTH; tendencia 100%; volatilidad anualizada 16.4%; drawdown a 252 sesiones -0.4%; exposición propuesta 115%.,HOLD,balanced,Equilibrado,1.5,VOLATILITY_MANAGED,1.0,Estado VOLATILITY_MANAGED; tendencia 100%; volatilidad anualizada 16.4%; drawdown a 252 sesiones -0.4%; exposición propuesta 150%.,HOLD,aggressive,Agresivo,1.75,GROWTH,1.0,Estado GROWTH; tendencia 100%; volatilidad anualizada 16.4%; drawdown a 252 sesiones -0.4%; exposición propuesta 175%.,HOLD
2009-10-16,1.0,0.1652213884931296,-0.0088042229522701,-0.0123223965677863,1.0,0.0,0.0,-1.0,0.0,0.6,conservative,Conservador,1.15,GROWTH,1.0,Estado GROWTH; tendencia 100%; volatilidad anualizada 16.5%; drawdown a 252 sesiones -0.9%; exposición propuesta 115%.,HOLD,balanced,Equilibrado,1.5,VOLATILITY_MANAGED,1.0,Estado VOLATILITY_MANAGED; tendencia 100%; volatilidad anualizada 16.5%; drawdown a 252 sesiones -0.9%; exposición propuesta 150%.,HOLD,aggressive,Agresivo,1.75,GROWTH,1.0,Estado GROWTH; tendencia 100%; volatilidad anualizada 16.5%; drawdown a 252 sesiones -0.9%; exposición propuesta 175%.,HOLD
2009-10-23,1.0,0.1606920463200037,-0.0041561911316185,-0.00046087650743,1.0,0.0,0.0,-1.0,0.0,0.6,conservative,Conservador,1.15,GROWTH,1.0,Estado GROWTH; tendencia 100%; volatilidad anualizada 16.1%; drawdown a 252 sesiones -0.4%; exposición propuesta 115%.,HOLD,balanced,Equilibrado,1.5,VOLATILITY_MANAGED,1.0,Estado VOLATILITY_MANAGED; tendencia 100%; volatilidad anualizada 16.1%; drawdown a 252 sesiones -0.4%; exposición propuesta 150%.,HOLD,aggressive,Agresivo,1.75,GROWTH,1.0,Estado GROWTH; tendencia 100%; volatilidad anualizada 16.1%; drawdown a 252 sesiones -0.4%; exposición propuesta 175%.,HOLD
2009-10-30,0.8,0.1843249932214772,-0.0542599864051059,-0.0084834296170133,0.6000000000000001,0.0,0.0,-1.0,0.0,0.32000000000000006,conservative,Conservador,1.15,GROWTH,0.8,Estado GROWTH; tendencia 80%; volatilidad anualizada 18.4%; drawdown a 252 sesiones -5.4%; exposición propuesta 115%.,HOLD,balanced,Equilibrado,1.5,VOLATILITY_MANAGED,0.8,Estado VOLATILITY_MANAGED; tendencia 80%; volatilidad anualizada 18.4%; drawdown a 252 sesiones -5.4%; exposición propuesta 150%.,HOLD,aggressive,Agresivo,1.75,GROWTH,0.8,Estado GROWTH; tendencia 80%; volatilidad anualizada 18.4%; drawdown a 252 sesiones -5.4%; exposición propuesta 175%.,HOLD
2009-11-06,1.0,0.1926253194528747,-0.0163933273986823,0.0040367733133935,1.0,0.0,0.0,1.0,0.0,0.7999999999999999,conservative,Conservador,1.15,GROWTH,1.0,Estado GROWTH; tendencia 100%; volatilidad anualizada 19.3%; drawdown a 252 sesiones -1.6%; exposición propuesta 115%.,HOLD,balanced,Equilibrado,1.5,VOLATILITY_MANAGED,1.0,Estado VOLATILITY_MANAGED; tendencia 100%; volatilidad anualizada 19.3%; drawdown a 252 sesiones -1.6%; exposición propuesta 150%.,HOLD,aggressive,Agresivo,1.75,GROWTH,1.0,Estado GROWTH; tendencia 100%; volatilidad anualizada 19.3%; drawdown a 252 sesiones -1.6%; exposición propuesta 175%.,HOLD
2009-11-13,1.0,0.203433276120861,0.0,0.0220475687740346,1.0,0.0,0.0,1.0,0.0,0.7999999999999999,conservative,Conservador,1.15,GROWTH,1.0,Estado GROWTH; tendencia 100%; volatilidad anualizada 20.3%; drawdown a 252 sesiones 0.0%; exposición propuesta 115%.,HOLD,balanced,Equilibrado,1.5,VOLATILITY_MANAGED,1.0,Estado VOLATILITY_MANAGED; tendencia 100%; volatilidad anualizada 20.3%; drawdown a 252 sesiones 0.0%; exposición propuesta 150%.,HOLD,aggressive,Agresivo,1.75,GROWTH,1.0,Estado GROWTH; tendencia 100%; volatilidad anualizada 20.3%; drawdown a 252 sesiones 0.0%; exposición propuesta 175%.,HOLD
2009-11-20,1.0,0.2135124634479276,-0.0260092641236735,-0.005302983528751,1.0,0.0,0.0,-1.0,0.0,0.6,conservative,Conservador,1.15,GROWTH,1.0,Estado GROWTH; tendencia 100%; volatilidad anualizada 21.4%; drawdown a 252 sesiones -2.6%; exposición propuesta 115%.,HOLD,balanced,Equilibrado,1.5,VOLATILITY_MANAGED,1.0,Estado VOLATILITY_MANAGED; tendencia 100%; volatilidad anualizada 21.4%; drawdown a 252 sesiones -2.6%; exposición propuesta 150%.,HOLD,aggressive,Agresivo,1.75,GROWTH,1.0,Estado GROWTH; tendencia 100%; volatilidad anualizada 21.4%; drawdown a 252 sesiones -2.6%; exposición propuesta 175%.,HOLD
2009-11-27,1.0,0.1951830647056116,-0.0244392279164941,0.0063579589872622,1.0,0.0,0.0,1.0,0.0,0.7999999999999999,conservative,Conservador,1.15,GROWTH,1.0,Estado GROWTH; tendencia 100%; volatilidad anualizada 19.5%; drawdown a 252 sesiones -2.4%; exposición propuesta 115%.,HOLD,balanced,Equilibrado,1.5,VOLATILITY_MANAGED,1.0,Estado VOLATILITY_MANAGED; tendencia 100%; volatilidad anualizada 19.5%; drawdown a 252 sesiones -2.4%; exposición propuesta 150%.,HOLD,aggressive,Agresivo,1.75,GROWTH,1.0,Estado GROWTH; tendencia 100%; volatilidad anualizada 19.5%; drawdown a 252 sesiones -2.4%; exposición propuesta 175%.,HOLD
2009-12-04,1.0,0.147442888812202,-0.010762344968569,0.0028613517127034,1.0,0.0,0.0,1.0,0.0,0.7999999999999999,conservative,Conservador,1.15,GROWTH,1.0,Estado GROWTH; tendencia 100%; volatilidad anualizada 14.7%; drawdown a 252 sesiones -1.1%; exposición propuesta 115%.,HOLD,balanced,Equilibrado,1.5,VOLATILITY_MANAGED,1.0,Estado VOLATILITY_MANAGED; tendencia 100%; volatilidad anualizada 14.7%; drawdown a 252 sesiones -1.1%; exposición propuesta 150%.,HOLD,aggressive,Agresivo,1.75,GROWTH,1.0,Estado GROWTH; tendencia 100%; volatilidad anualizada 14.7%; drawdown a 252 sesiones -1.1%; exposición propuesta 175%.,HOLD
2009-12-11,1.0,0.1338239934291651,-0.010537997556908,-0.0080806882911037,1.0,0.0,0.0,-1.0,0.0,0.6,conservative,Conservador,1.15,GROWTH,1.0,Estado GROWTH; tendencia 100%; volatilidad anualizada 13.4%; drawdown a 252 sesiones -1.1%; exposición propuesta 115%.,HOLD,balanced,Equilibrado,1.5,VOLATILITY_MANAGED,1.0,Estado VOLATILITY_MANAGED; tendencia 100%; volatilidad anualizada 13.4%; drawdown a 252 sesiones -1.1%; exposición propuesta 150%.,HOLD,aggressive,Agresivo,1.75,GROWTH,1.0,Estado GROWTH; tendencia 100%; volatilidad anualizada 13.4%; drawdown a 252 sesiones -1.1%; exposición propuesta 175%.,HOLD
2009-12-18,1.0,0.1371251712530468,-0.0014752721770334,0.0110686558916226,1.0,0.0,0.0,1.0,0.0,0.7999999999999999,conservative,Conservador,1.15,GROWTH,1.0,Estado GROWTH; tendencia 100%; volatilidad anualizada 13.7%; drawdown a 252 sesiones -0.1%; exposición propuesta 115%.,HOLD,balanced,Equilibrado,1.5,VOLATILITY_MANAGED,1.0,Estado VOLATILITY_MANAGED; tendencia 100%; volatilidad anualizada 13.7%; drawdown a 252 sesiones -0.1%; exposición propuesta 150%.,HOLD,aggressive,Agresivo,1.75,GROWTH,1.0,Estado GROWTH; tendencia 100%; volatilidad anualizada 13.7%; drawdown a 252 sesiones -0.1%; exposición propuesta 175%.,HOLD
2009-12-25,1.0,0.1371251712530468,-0.0014752721770334,0.0110686558916226,1.0,0.0,0.0,1.0,0.0,0.7999999999999999,conservative,Conservador,1.15,GROWTH,1.0,Estado GROWTH; tendencia 100%; volatilidad anualizada 13.7%; drawdown a 252 sesiones -0.1%; exposición propuesta 115%.,HOLD,balanced,Equilibrado,1.5,VOLATILITY_MANAGED,1.0,Estado VOLATILITY_MANAGED; tendencia 100%; volatilidad anualizada 13.7%; drawdown a 252 sesiones -0.1%; exposición propuesta 150%.,HOLD,aggressive,Agresivo,1.75,GROWTH,1.0,Estado GROWTH; tendencia 100%; volatilidad anualizada 13.7%; drawdown a 252 sesiones -0.1%; exposición propuesta 175%.,HOLD
2010-01-01,1.0,0.1330529521093017,0.0,0.0271662193340718,1.0,0.0,0.0,1.0,0.0,0.7999999999999999,conservative,Conservador,1.15,GROWTH,1.0,Estado GROWTH; tendencia 100%; volatilidad anualizada 13.3%; drawdown a 252 sesiones 0.0%; exposición propuesta 115%.,HOLD,balanced,Equilibrado,1.5,VOLATILITY_MANAGED,1.0,Estado VOLATILITY_MANAGED; tendencia 100%; volatilidad anualizada 13.3%; drawdown a 252 sesiones 0.0%; exposición propuesta 150%.,HOLD,aggressive,Agresivo,1.75,GROWTH,1.0,Estado GROWTH; tendencia 100%; volatilidad anualizada 13.3%; drawdown a 252 sesiones 0.0%; exposición propuesta 175%.,HOLD
2010-01-08,1.0,0.1246604765627235,0.0,0.0108342624978119,1.0,0.0,0.0,1.0,0.0,0.7999999999999999,conservative,Conservador,1.15,GROWTH,1.0,Estado GROWTH; tendencia 100%; volatilidad anualizada 12.5%; drawdown a 252 sesiones 0.0%; exposición propuesta 115%.,HOLD,balanced,Equilibrado,1.5,VOLATILITY_MANAGED,1.0,Estado VOLATILITY_MANAGED; tendencia 100%; volatilidad anualizada 12.5%; drawdown a 252 sesiones 0.0%; exposición propuesta 150%.,HOLD,aggressive,Agresivo,1.75,GROWTH,1.0,Estado GROWTH; tendencia 100%; volatilidad anualizada 12.5%; drawdown a 252 sesiones 0.0%; exposición propuesta 175%.,HOLD
2010-01-15,1.0,0.1443529919965828,-0.0150380364791791,0.0108176428369413,1.0,0.0,0.0,1.0,0.0,0.7999999999999999,conservative,Conservador,1.15,GROWTH,1.0,Estado GROWTH; tendencia 100%; volatilidad anualizada 14.4%; drawdown a 252 sesiones -1.5%; exposición propuesta 115%.,HOLD,balanced,Equilibrado,1.5,VOLATILITY_MANAGED,1.0,Estado VOLATILITY_MANAGED; tendencia 100%; volatilidad anualizada 14.4%; drawdown a 252 sesiones -1.5%; exposición propuesta 150%.,HOLD,aggressive,Agresivo,1.75,GROWTH,1.0,Estado GROWTH; tendencia 100%; volatilidad anualizada 14.4%; drawdown a 252 sesiones -1.5%; exposición propuesta 175%.,HOLD
2010-01-22,0.6,0.1799631588844866,-0.0521572533815667,-0.0011028141308008,0.19999999999999996,0.0,0.0,-1.0,0.0,0.03999999999999995,conservative,Conservador,1.15,GROWTH,0.6,Estado GROWTH; tendencia 60%; volatilidad anualizada 18.0%; drawdown a 252 sesiones -5.2%; exposición propuesta 115%.,HOLD,balanced,Equilibrado,1.5,VOLATILITY_MANAGED,0.6,Estado VOLATILITY_MANAGED; tendencia 60%; volatilidad anualizada 18.0%; drawdown a 252 sesiones -5.2%; exposición propuesta 150%.,HOLD,aggressive,Agresivo,1.75,GROWTH,0.6,Estado GROWTH; tendencia 60%; volatilidad anualizada 18.0%; drawdown a 252 sesiones -5.2%; exposición propuesta 175%.,HOLD
2010-01-29,0.6,0.2008207830802374,-0.0815627815096807,-0.0276157797401105,0.19999999999999996,0.0,0.0,-1.0,0.0,0.03999999999999995,conservative,Conservador,1.15,GROWTH,0.6,Estado GROWTH; tendencia 60%; volatilidad anualizada 20.1%; drawdown a 252 sesiones -8.2%; exposición propuesta 115%.,HOLD,balanced,Equilibrado,1.5,VOLATILITY_MANAGED,0.6,Estado VOLATILITY_MANAGED; tendencia 60%; volatilidad anualizada 20.1%; drawdown a 252 sesiones -8.2%; exposición propuesta 150%.,HOLD,aggressive,Agresivo,1.75,GROWTH,0.6,Estado GROWTH; tendencia 60%; volatilidad anualizada 20.1%; drawdown a 252 sesiones -8.2%; exposición propuesta 175%.,HOLD
2010-02-05,0.4,0.2269174286443791,-0.0774846046199045,-0.0031494958345873,-0.19999999999999996,0.0,0.0,-1.0,0.0,-0.23999999999999996,conservative,Conservador,0.7,DEFENSIVE,0.6,Estado DEFENSIVE; tendencia 40%; volatilidad anualizada 22.7%; drawdown a 252 sesiones -7.7%; exposición propuesta 70%.,REDUCE,balanced,Equilibrado,0.7,DEFENSIVE,0.6,Estado DEFENSIVE; tendencia 40%; volatilidad anualizada 22.7%; drawdown a 252 sesiones -7.7%; exposición propuesta 70%.,REDUCE,aggressive,Agresivo,0.7,DEFENSIVE,0.6,Estado DEFENSIVE; tendencia 40%; volatilidad anualizada 22.7%; drawdown a 252 sesiones -7.7%; exposición propuesta 70%.,REDUCE
2010-02-12,0.4,0.2292941558839568,-0.0607428939145553,0.0032566381515348,-0.19999999999999996,0.0,0.0,1.0,0.0,-0.03999999999999995,conservative,Conservador,0.7,DEFENSIVE,0.6,Estado DEFENSIVE; tendencia 40%; volatilidad anualizada 22.9%; drawdown a 252 sesiones -6.1%; exposición propuesta 70%.,HOLD,balanced,Equilibrado,0.7,DEFENSIVE,0.6,Estado DEFENSIVE; tendencia 40%; volatilidad anualizada 22.9%; drawdown a 252 sesiones -6.1%; exposición propuesta 70%.,HOLD,aggressive,Agresivo,0.7,DEFENSIVE,0.6,Estado DEFENSIVE; tendencia 40%; volatilidad anualizada 22.9%; drawdown a 252 sesiones -6.1%; exposición propuesta 70%.,HOLD
2010-02-19,0.8,0.220296901576927,-0.0377763834807886,-0.0094951404149619,0.6000000000000001,0.0,0.0,-1.0,0.0,0.32000000000000006,conservative,Conservador,1.15,GROWTH,0.8,Estado GROWTH; tendencia 80%; volatilidad anualizada 22.0%; drawdown a 252 sesiones -3.8%; exposición propuesta 115%.,INCREASE,balanced,Equilibrado,1.5,VOLATILITY_MANAGED,0.8,Estado VOLATILITY_MANAGED; tendencia 80%; volatilidad anualizada 22.0%; drawdown a 252 sesiones -3.8%; exposición propuesta 150%.,INCREASE,aggressive,Agresivo,1.75,GROWTH,0.8,Estado GROWTH; tendencia 80%; volatilidad anualizada 22.0%; drawdown a 252 sesiones -3.8%; exposición propuesta 175%.,INCREASE
2010-02-26,0.8,0.175559957963533,-0.0392789343856797,0.0077967637613971,0.6000000000000001,0.0,0.0,1.0,0.0,0.52,conservative,Conservador,1.15,GROWTH,0.8,Estado GROWTH; tendencia 80%; volatilidad anualizada 17.6%; drawdown a 252 sesiones -3.9%; exposición propuesta 115%.,HOLD,balanced,Equilibrado,1.5,VOLATILITY_MANAGED,0.8,Estado VOLATILITY_MANAGED; tendencia 80%; volatilidad anualizada 17.6%; drawdown a 252 sesiones -3.9%; exposición propuesta 150%.,HOLD,aggressive,Agresivo,1.75,GROWTH,0.8,Estado GROWTH; tendencia 80%; volatilidad anualizada 17.6%; drawdown a 252 sesiones -3.9%; exposición propuesta 175%.,HOLD
2010-03-05,1.0,0.119459762571613,-0.0032195088471735,0.0162549152795501,1.0,0.0,0.0,1.0,0.0,0.7999999999999999,conservative,Conservador,1.15,GROWTH,1.0,Estado GROWTH; tendencia 100%; volatilidad anualizada 11.9%; drawdown a 252 sesiones -0.3%; exposición propuesta 115%.,HOLD,balanced,Equilibrado,1.5,VOLATILITY_MANAGED,1.0,Estado VOLATILITY_MANAGED; tendencia 100%; volatilidad anualizada 11.9%; drawdown a 252 sesiones -0.3%; exposición propuesta 150%.,HOLD,aggressive,Agresivo,1.75,GROWTH,1.0,Estado GROWTH; tendencia 100%; volatilidad anualizada 11.9%; drawdown a 252 sesiones -0.3%; exposición propuesta 175%.,HOLD
2010-03-12,1.0,0.1010789133577984,0.0,0.016708223985697,1.0,0.0,0.0,1.0,0.0,0.7999999999999999,conservative,Conservador,1.15,GROWTH,1.0,Estado GROWTH; tendencia 100%; volatilidad anualizada 10.1%; drawdown a 252 sesiones 0.0%; exposición propuesta 115%.,HOLD,balanced,Equilibrado,1.5,VOLATILITY_MANAGED,1.0,Estado VOLATILITY_MANAGED; tendencia 100%; volatilidad anualizada 10.1%; drawdown a 252 sesiones 0.0%; exposición propuesta 150%.,HOLD,aggressive,Agresivo,1.75,GROWTH,1.0,Estado GROWTH; tendencia 100%; volatilidad anualizada 10.1%; drawdown a 252 sesiones 0.0%; exposición propuesta 175%.,HOLD
2010-03-19,1.0,0.102438672373455,-0.0060485959586704,0.0127101252880557,1.0,0.0,0.0,1.0,0.0,0.7999999999999999,conservative,Conservador,1.15,GROWTH,1.0,Estado GROWTH; tendencia 100%; volatilidad anualizada 10.2%; drawdown a 252 sesiones -0.6%; exposición propuesta 115%.,HOLD,balanced,Equilibrado,1.5,VOLATILITY_MANAGED,1.0,Estado VOLATILITY_MANAGED; tendencia 100%; volatilidad anualizada 10.2%; drawdown a 252 sesiones -0.6%; exposición propuesta 150%.,HOLD,aggressive,Agresivo,1.75,GROWTH,1.0,Estado GROWTH; tendencia 100%; volatilidad anualizada 10.2%; drawdown a 252 sesiones -0.6%; exposición propuesta 175%.,HOLD
2010-03-26,1.0,0.0875707254297792,-0.0051812795875766,0.0164592383147865,1.0,0.0,0.0,1.0,0.0,0.7999999999999999,conservative,Conservador,1.15,GROWTH,1.0,Estado GROWTH; tendencia 100%; volatilidad anualizada 8.8%; drawdown a 252 sesiones -0.5%; exposición propuesta 115%.,HOLD,balanced,Equilibrado,1.5,VOLATILITY_MANAGED,1.0,Estado VOLATILITY_MANAGED; tendencia 100%; volatilidad anualizada 8.8%; drawdown a 252 sesiones -0.5%; exposición propuesta 150%.,HOLD,aggressive,Agresivo,1.75,GROWTH,1.0,Estado GROWTH; tendencia 100%; volatilidad anualizada 8.8%; drawdown a 252 sesiones -0.5%; exposición propuesta 175%.,HOLD
2010-04-02,1.0,0.0875707254297792,-0.0051812795875766,0.0164592383147865,1.0,0.0,0.0,1.0,0.0,0.7999999999999999,conservative,Conservador,1.15,GROWTH,1.0,Estado GROWTH; tendencia 100%; volatilidad anualizada 8.8%; drawdown a 252 sesiones -0.5%; exposición propuesta 115%.,HOLD,balanced,Equilibrado,1.5,VOLATILITY_MANAGED,1.0,Estado VOLATILITY_MANAGED; tendencia 100%; volatilidad anualizada 8.8%; drawdown a 252 sesiones -0.5%; exposición propuesta 150%.,HOLD,aggressive,Agresivo,1.75,GROWTH,1.0,Estado GROWTH; tendencia 100%; volatilidad anualizada 8.8%; drawdown a 252 sesiones -0.5%; exposición propuesta 175%.,HOLD
2010-04-09,1.0,0.0719969302913314,0.0,-0.0031912665858924,1.0,0.0,0.0,-1.0,0.0,0.6,conservative,Conservador,1.15,GROWTH,1.0,Estado GROWTH; tendencia 100%; volatilidad anualizada 7.2%; drawdown a 252 sesiones 0.0%; exposición propuesta 115%.,HOLD,balanced,Equilibrado,1.5,VOLATILITY_MANAGED,1.0,Estado VOLATILITY_MANAGED; tendencia 100%; volatilidad anualizada 7.2%; drawdown a 252 sesiones 0.0%; exposición propuesta 150%.,HOLD,aggressive,Agresivo,1.75,GROWTH,1.0,Estado GROWTH; tendencia 100%; volatilidad anualizada 7.2%; drawdown a 252 sesiones 0.0%; exposición propuesta 175%.,HOLD
2010-04-16,1.0,0.0933486646656566,-0.011968951448306,0.0126261479122418,1.0,0.0,0.0,1.0,0.0,0.7999999999999999,conservative,Conservador,1.15,GROWTH,1.0,Estado GROWTH; tendencia 100%; volatilidad anualizada 9.3%; drawdown a 252 sesiones -1.2%; exposición propuesta 115%.,HOLD,balanced,Equilibrado,1.5,VOLATILITY_MANAGED,1.0,Estado VOLATILITY_MANAGED; tendencia 100%; volatilidad anualizada 9.3%; drawdown a 252 sesiones -1.2%; exposición propuesta 150%.,HOLD,aggressive,Agresivo,1.75,GROWTH,1.0,Estado GROWTH; tendencia 100%; volatilidad anualizada 9.3%; drawdown a 252 sesiones -1.2%; exposición propuesta 175%.,HOLD
2010-04-23,1.0,0.0814817787057854,0.0,0.009362562640292,1.0,0.0,0.0,1.0,0.0,0.7999999999999999,conservative,Conservador,1.15,GROWTH,1.0,Estado GROWTH; tendencia 100%; volatilidad anualizada 8.1%; drawdown a 252 sesiones 0.0%; exposición propuesta 115%.,HOLD,balanced,Equilibrado,1.5,VOLATILITY_MANAGED,1.0,Estado VOLATILITY_MANAGED; tendencia 100%; volatilidad anualizada 8.1%; drawdown a 252 sesiones 0.0%; exposición propuesta 150%.,HOLD,aggressive,Agresivo,1.75,GROWTH,1.0,Estado GROWTH; tendencia 100%; volatilidad anualizada 8.1%; drawdown a 252 sesiones 0.0%; exposición propuesta 175%.,HOLD
2010-04-30,1.0,0.1502400712202468,-0.0253362887764747,0.0138517475754393,1.0,0.0,0.0,1.0,0.0,0.7999999999999999,conservative,Conservador,1.15,GROWTH,1.0,Estado GROWTH; tendencia 100%; volatilidad anualizada 15.0%; drawdown a 252 sesiones -2.5%; exposición propuesta 115%.,HOLD,balanced,Equilibrado,1.5,VOLATILITY_MANAGED,1.0,Estado VOLATILITY_MANAGED; tendencia 100%; volatilidad anualizada 15.0%; drawdown a 252 sesiones -2.5%; exposición propuesta 150%.,HOLD,aggressive,Agresivo,1.75,GROWTH,1.0,Estado GROWTH; tendencia 100%; volatilidad anualizada 15.0%; drawdown a 252 sesiones -2.5%; exposición propuesta 175%.,HOLD
2010-05-07,0.6,0.2352244331930613,-0.1011482474873595,-0.0044888207903944,0.19999999999999996,0.0,0.0,-1.0,0.0,0.03999999999999995,conservative,Conservador,1.15,GROWTH,0.6,Estado GROWTH; tendencia 60%; volatilidad anualizada 23.5%; drawdown a 252 sesiones -10.1%; exposición propuesta 115%.,HOLD,balanced,Equilibrado,1.4879406669150572,VOLATILITY_MANAGED,0.6,Estado VOLATILITY_MANAGED; tendencia 60%; volatilidad anualizada 23.5%; drawdown a 252 sesiones -10.1%; exposición propuesta 149%.,HOLD,aggressive,Agresivo,1.75,GROWTH,0.6,Estado GROWTH; tendencia 60%; volatilidad anualizada 23.5%; drawdown a 252 sesiones -10.1%; exposición propuesta 175%.,HOLD
2010-05-14,0.6,0.3189376603305519,-0.071061181400425,-0.0066655473607944,0.19999999999999996,0.0,0.0,-1.0,0.0,0.03999999999999995,conservative,Conservador,1.15,GROWTH,0.6,Estado GROWTH; tendencia 60%; volatilidad anualizada 31.9%; drawdown a 252 sesiones -7.1%; exposición propuesta 115%.,HOLD,balanced,Equilibrado,1.0973931383244444,VOLATILITY_MANAGED,0.6,Estado VOLATILITY_MANAGED; tendencia 60%; volatilidad anualizada 31.9%; drawdown a 252 sesiones -7.1%; exposición propuesta 110%.,REDUCE,aggressive,Agresivo,1.75,GROWTH,0.6,Estado GROWTH; tendencia 60%; volatilidad anualizada 31.9%; drawdown a 252 sesiones -7.1%; exposición propuesta 175%.,HOLD
2010-05-21,0.6,0.3415813477559846,-0.1124311149917849,-0.0081702264029334,0.19999999999999996,0.0,0.0,-1.0,0.0,0.03999999999999995,conservative,Conservador,1.15,GROWTH,0.6,Estado GROWTH; tendencia 60%; volatilidad anualizada 34.2%; drawdown a 252 sesiones -11.2%; exposición propuesta 115%.,HOLD,balanced,Equilibrado,1.0246461122638038,VOLATILITY_MANAGED,0.6,Estado VOLATILITY_MANAGED; tendencia 60%; volatilidad anualizada 34.2%; drawdown a 252 sesiones -11.2%; exposición propuesta 102%.,REDUCE,aggressive,Agresivo,1.75,GROWTH,0.6,Estado GROWTH; tendencia 60%; volatilidad anualizada 34.2%; drawdown a 252 sesiones -11.2%; exposición propuesta 175%.,HOLD
2010-05-28,0.4,0.3577859281510844,-0.0973873206821277,0.00553069549158,-0.19999999999999996,0.5,0.0,1.0,0.5,-0.13999999999999996,conservative,Conservador,0.7,DEFENSIVE,0.6,Estado DEFENSIVE; tendencia 40%; volatilidad anualizada 35.8%; drawdown a 252 sesiones -9.7%; exposición propuesta 70%.,REDUCE,balanced,Equilibrado,0.7,DEFENSIVE,0.6,Estado DEFENSIVE; tendencia 40%; volatilidad anualizada 35.8%; drawdown a 252 sesiones -9.7%; exposición propuesta 70%.,REDUCE,aggressive,Agresivo,0.7,DEFENSIVE,0.6,Estado DEFENSIVE; tendencia 40%; volatilidad anualizada 35.8%; drawdown a 252 sesiones -9.7%; exposición propuesta 70%.,REDUCE
2010-06-04,0.4,0.3557162574448369,-0.1074826462642156,0.0224077479741955,-0.19999999999999996,0.5,0.0,1.0,0.5,-0.13999999999999996,conservative,Conservador,0.7,DEFENSIVE,0.6,Estado DEFENSIVE; tendencia 40%; volatilidad anualizada 35.6%; drawdown a 252 sesiones -10.7%; exposición propuesta 70%.,HOLD,balanced,Equilibrado,0.7,DEFENSIVE,0.6,Estado DEFENSIVE; tendencia 40%; volatilidad anualizada 35.6%; drawdown a 252 sesiones -10.7%; exposición propuesta 70%.,HOLD,aggressive,Agresivo,0.7,DEFENSIVE,0.6,Estado DEFENSIVE; tendencia 40%; volatilidad anualizada 35.6%; drawdown a 252 sesiones -10.7%; exposición propuesta 70%.,HOLD
2010-06-11,0.4,0.3013775107814154,-0.0993670216925833,0.0052892047092948,-0.19999999999999996,0.0,0.0,1.0,0.0,-0.03999999999999995,conservative,Conservador,0.7,DEFENSIVE,0.6,Estado DEFENSIVE; tendencia 40%; volatilidad anualizada 30.1%; drawdown a 252 sesiones -9.9%; exposición propuesta 70%.,HOLD,balanced,Equilibrado,0.7,DEFENSIVE,0.6,Estado DEFENSIVE; tendencia 40%; volatilidad anualizada 30.1%; drawdown a 252 sesiones -9.9%; exposición propuesta 70%.,HOLD,aggressive,Agresivo,0.7,DEFENSIVE,0.6,Estado DEFENSIVE; tendencia 40%; volatilidad anualizada 30.1%; drawdown a 252 sesiones -9.9%; exposición propuesta 70%.,HOLD
2010-06-18,0.6,0.2699779757211352,-0.0679122271009327,0.0178556046517301,0.19999999999999996,0.0,0.0,1.0,0.0,0.23999999999999996,conservative,Conservador,1.15,GROWTH,0.6,Estado GROWTH; tendencia 60%; volatilidad anualizada 27.0%; drawdown a 252 sesiones -6.8%; exposición propuesta 115%.,INCREASE,balanced,Equilibrado,1.2964020456302736,VOLATILITY_MANAGED,0.6,Estado VOLATILITY_MANAGED; tendencia 60%; volatilidad anualizada 27.0%; drawdown a 252 sesiones -6.8%; exposición propuesta 130%.,INCREASE,aggressive,Agresivo,1.75,GROWTH,0.6,Estado GROWTH; tendencia 60%; volatilidad anualizada 27.0%; drawdown a 252 sesiones -6.8%; exposición propuesta 175%.,INCREASE
2010-06-25,0.4,0.2409786473106061,-0.1004554566401759,0.0121938583457743,-0.19999999999999996,0.0,0.0,1.0,0.0,-0.03999999999999995,conservative,Conservador,0.7,DEFENSIVE,0.6,Estado DEFENSIVE; tendencia 40%; volatilidad anualizada 24.1%; drawdown a 252 sesiones -10.0%; exposición propuesta 70%.,REDUCE,balanced,Equilibrado,0.7,DEFENSIVE,0.6,Estado DEFENSIVE; tendencia 40%; volatilidad anualizada 24.1%; drawdown a 252 sesiones -10.0%; exposición propuesta 70%.,REDUCE,aggressive,Agresivo,0.7,DEFENSIVE,0.6,Estado DEFENSIVE; tendencia 40%; volatilidad anualizada 24.1%; drawdown a 252 sesiones -10.0%; exposición propuesta 70%.,REDUCE
2010-07-02,0.0,0.2314280645173475,-0.1560936594005055,-0.0157664323674778,-1.0,0.0,0.5,-1.0,0.5,-0.8999999999999999,conservative,Conservador,0.7,DEFENSIVE,1.0,Estado DEFENSIVE; tendencia 0%; volatilidad anualizada 23.1%; drawdown a 252 sesiones -15.6%; exposición propuesta 70%.,HOLD,balanced,Equilibrado,0.7,DEFENSIVE,1.0,Estado DEFENSIVE; tendencia 0%; volatilidad anualizada 23.1%; drawdown a 252 sesiones -15.6%; exposición propuesta 70%.,HOLD,aggressive,Agresivo,0.7,DEFENSIVE,1.0,Estado DEFENSIVE; tendencia 0%; volatilidad anualizada 23.1%; drawdown a 252 sesiones -15.6%; exposición propuesta 70%.,HOLD
2010-07-09,0.2,0.2335752224860681,-0.1133721087194804,3.8191548235366746e-05,-0.6,0.0,0.0,1.0,0.0,-0.31999999999999995,conservative,Conservador,0.7,DEFENSIVE,0.8,Estado DEFENSIVE; tendencia 20%; volatilidad anualizada 23.4%; drawdown a 252 sesiones -11.3%; exposición propuesta 70%.,HOLD,balanced,Equilibrado,0.7,DEFENSIVE,0.8,Estado DEFENSIVE; tendencia 20%; volatilidad anualizada 23.4%; drawdown a 252 sesiones -11.3%; exposición propuesta 70%.,HOLD,aggressive,Agresivo,0.7,DEFENSIVE,0.8,Estado DEFENSIVE; tendencia 20%; volatilidad anualizada 23.4%; drawdown a 252 sesiones -11.3%; exposición propuesta 70%.,HOLD
2010-07-16,0.2,0.2332366317374252,-0.1189356851470693,-0.0096139553248155,-0.6,0.0,0.0,-1.0,0.0,-0.52,conservative,Conservador,0.7,DEFENSIVE,0.8,Estado DEFENSIVE; tendencia 20%; volatilidad anualizada 23.3%; drawdown a 252 sesiones -11.9%; exposición propuesta 70%.,HOLD,balanced,Equilibrado,0.7,DEFENSIVE,0.8,Estado DEFENSIVE; tendencia 20%; volatilidad anualizada 23.3%; drawdown a 252 sesiones -11.9%; exposición propuesta 70%.,HOLD,aggressive,Agresivo,0.7,DEFENSIVE,0.8,Estado DEFENSIVE; tendencia 20%; volatilidad anualizada 23.3%; drawdown a 252 sesiones -11.9%; exposición propuesta 70%.,HOLD
2010-07-23,0.8,0.2557322193878187,-0.0847578001456471,-0.0101813586029633,0.6000000000000001,0.0,0.0,-1.0,0.0,0.32000000000000006,conservative,Conservador,1.15,GROWTH,0.8,Estado GROWTH; tendencia 80%; volatilidad anualizada 25.6%; drawdown a 252 sesiones -8.5%; exposición propuesta 115%.,INCREASE,balanced,Equilibrado,1.3686191002363448,VOLATILITY_MANAGED,0.8,Estado VOLATILITY_MANAGED; tendencia 80%; volatilidad anualizada 25.6%; drawdown a 252 sesiones -8.5%; exposición propuesta 137%.,INCREASE,aggressive,Agresivo,1.75,GROWTH,0.8,Estado GROWTH; tendencia 80%; volatilidad anualizada 25.6%; drawdown a 252 sesiones -8.5%; exposición propuesta 175%.,INCREASE
2010-07-30,0.8,0.2035533018422168,-0.0897257767487373,0.002521422836313,0.6000000000000001,0.0,0.0,1.0,0.0,0.52,conservative,Conservador,1.15,GROWTH,0.8,Estado GROWTH; tendencia 80%; volatilidad anualizada 20.4%; drawdown a 252 sesiones -9.0%; exposición propuesta 115%.,HOLD,balanced,Equilibrado,1.5,VOLATILITY_MANAGED,0.8,Estado VOLATILITY_MANAGED; tendencia 80%; volatilidad anualizada 20.4%; drawdown a 252 sesiones -9.0%; exposición propuesta 150%.,INCREASE,aggressive,Agresivo,1.75,GROWTH,0.8,Estado GROWTH; tendencia 80%; volatilidad anualizada 20.4%; drawdown a 252 sesiones -9.0%; exposición propuesta 175%.,HOLD
2010-08-06,0.8,0.1860580050978468,-0.0708488590766748,0.0069274746527807,0.6000000000000001,0.0,0.0,1.0,0.0,0.52,conservative,Conservador,1.15,GROWTH,0.8,Estado GROWTH; tendencia 80%; volatilidad anualizada 18.6%; drawdown a 252 sesiones -7.1%; exposición propuesta 115%.,HOLD,balanced,Equilibrado,1.5,VOLATILITY_MANAGED,0.8,Estado VOLATILITY_MANAGED; tendencia 80%; volatilidad anualizada 18.6%; drawdown a 252 sesiones -7.1%; exposición propuesta 150%.,HOLD,aggressive,Agresivo,1.75,GROWTH,0.8,Estado GROWTH; tendencia 80%; volatilidad anualizada 18.6%; drawdown a 252 sesiones -7.1%; exposición propuesta 175%.,HOLD
2010-08-13,0.4,0.1903336043215481,-0.1113848309895143,-0.0068997233096326,-0.19999999999999996,0.0,0.0,-1.0,0.0,-0.23999999999999996,conservative,Conservador,0.7,DEFENSIVE,0.6,Estado DEFENSIVE; tendencia 40%; volatilidad anualizada 19.0%; drawdown a 252 sesiones -11.1%; exposición propuesta 70%.,REDUCE,balanced,Equilibrado,0.7,DEFENSIVE,0.6,Estado DEFENSIVE; tendencia 40%; volatilidad anualizada 19.0%; drawdown a 252 sesiones -11.1%; exposición propuesta 70%.,REDUCE,aggressive,Agresivo,0.7,DEFENSIVE,0.6,Estado DEFENSIVE; tendencia 40%; volatilidad anualizada 19.0%; drawdown a 252 sesiones -11.1%; exposición propuesta 70%.,REDUCE
2010-08-20,0.4,0.1641520866969409,-0.1074103626183122,0.0013341753888953,-0.19999999999999996,0.0,0.0,1.0,0.0,-0.03999999999999995,conservative,Conservador,0.7,DEFENSIVE,0.6,Estado DEFENSIVE; tendencia 40%; volatilidad anualizada 16.4%; drawdown a 252 sesiones -10.7%; exposición propuesta 70%.,HOLD,balanced,Equilibrado,0.7,DEFENSIVE,0.6,Estado DEFENSIVE; tendencia 40%; volatilidad anualizada 16.4%; drawdown a 252 sesiones -10.7%; exposición propuesta 70%.,HOLD,aggressive,Agresivo,0.7,DEFENSIVE,0.6,Estado DEFENSIVE; tendencia 40%; volatilidad anualizada 16.4%; drawdown a 252 sesiones -10.7%; exposición propuesta 70%.,HOLD
2010-08-27,0.0,0.1867365578395941,-0.1243006992702485,-0.0070592163245714,-1.0,0.0,0.0,-1.0,0.0,-0.7999999999999999,conservative,Conservador,0.7,DEFENSIVE,1.0,Estado DEFENSIVE; tendencia 0%; volatilidad anualizada 18.7%; drawdown a 252 sesiones -12.4%; exposición propuesta 70%.,HOLD,balanced,Equilibrado,0.7,DEFENSIVE,1.0,Estado DEFENSIVE; tendencia 0%; volatilidad anualizada 18.7%; drawdown a 252 sesiones -12.4%; exposición propuesta 70%.,HOLD,aggressive,Agresivo,0.7,DEFENSIVE,1.0,Estado DEFENSIVE; tendencia 0%; volatilidad anualizada 18.7%; drawdown a 252 sesiones -12.4%; exposición propuesta 70%.,HOLD
2010-09-03,0.8,0.2192017802013407,-0.0857514825549952,-0.0026927237237248,0.6000000000000001,0.0,0.0,-1.0,0.0,0.32000000000000006,conservative,Conservador,1.15,GROWTH,0.8,Estado GROWTH; tendencia 80%; volatilidad anualizada 21.9%; drawdown a 252 sesiones -8.6%; exposición propuesta 115%.,INCREASE,balanced,Equilibrado,1.5,VOLATILITY_MANAGED,0.8,Estado VOLATILITY_MANAGED; tendencia 80%; volatilidad anualizada 21.9%; drawdown a 252 sesiones -8.6%; exposición propuesta 150%.,INCREASE,aggressive,Agresivo,1.75,GROWTH,0.8,Estado GROWTH; tendencia 80%; volatilidad anualizada 21.9%; drawdown a 252 sesiones -8.6%; exposición propuesta 175%.,INCREASE
2010-09-10,0.8,0.1948567662645675,-0.0740280331654785,0.0084000530851178,0.6000000000000001,0.0,0.0,1.0,0.0,0.52,conservative,Conservador,1.15,GROWTH,0.8,Estado GROWTH; tendencia 80%; volatilidad anualizada 19.5%; drawdown a 252 sesiones -7.4%; exposición propuesta 115%.,HOLD,balanced,Equilibrado,1.5,VOLATILITY_MANAGED,0.8,Estado VOLATILITY_MANAGED; tendencia 80%; volatilidad anualizada 19.5%; drawdown a 252 sesiones -7.4%; exposición propuesta 150%.,HOLD,aggressive,Agresivo,1.75,GROWTH,0.8,Estado GROWTH; tendencia 80%; volatilidad anualizada 19.5%; drawdown a 252 sesiones -7.4%; exposición propuesta 175%.,HOLD
2010-09-17,1.0,0.1817893921562184,-0.0441748003186054,0.0239623744086292,1.0,0.0,0.0,1.0,0.0,0.7999999999999999,conservative,Conservador,1.15,GROWTH,1.0,Estado GROWTH; tendencia 100%; volatilidad anualizada 18.2%; drawdown a 252 sesiones -4.4%; exposición propuesta 115%.,HOLD,balanced,Equilibrado,1.5,VOLATILITY_MANAGED,1.0,Estado VOLATILITY_MANAGED; tendencia 100%; volatilidad anualizada 18.2%; drawdown a 252 sesiones -4.4%; exposición propuesta 150%.,HOLD,aggressive,Agresivo,1.75,GROWTH,1.0,Estado GROWTH; tendencia 100%; volatilidad anualizada 18.2%; drawdown a 252 sesiones -4.4%; exposición propuesta 175%.,HOLD
2010-09-24,1.0,0.1576823582300888,-0.0109126533131774,0.0462564343592637,1.0,0.0,0.0,1.0,0.0,0.7999999999999999,conservative,Conservador,1.15,GROWTH,1.0,Estado GROWTH; tendencia 100%; volatilidad anualizada 15.8%; drawdown a 252 sesiones -1.1%; exposición propuesta 115%.,HOLD,balanced,Equilibrado,1.5,VOLATILITY_MANAGED,1.0,Estado VOLATILITY_MANAGED; tendencia 100%; volatilidad anualizada 15.8%; drawdown a 252 sesiones -1.1%; exposición propuesta 150%.,HOLD,aggressive,Agresivo,1.75,GROWTH,1.0,Estado GROWTH; tendencia 100%; volatilidad anualizada 15.8%; drawdown a 252 sesiones -1.1%; exposición propuesta 175%.,HOLD
2010-10-01,1.0,0.1268037403465424,-0.0238590026494133,0.0328320243578685,1.0,0.0,0.0,1.0,0.0,0.7999999999999999,conservative,Conservador,1.15,GROWTH,1.0,Estado GROWTH; tendencia 100%; volatilidad anualizada 12.7%; drawdown a 252 sesiones -2.4%; exposición propuesta 115%.,HOLD,balanced,Equilibrado,1.5,VOLATILITY_MANAGED,1.0,Estado VOLATILITY_MANAGED; tendencia 100%; volatilidad anualizada 12.7%; drawdown a 252 sesiones -2.4%; exposición propuesta 150%.,HOLD,aggressive,Agresivo,1.75,GROWTH,1.0,Estado GROWTH; tendencia 100%; volatilidad anualizada 12.7%; drawdown a 252 sesiones -2.4%; exposición propuesta 175%.,HOLD
2010-10-08,1.0,0.1488338108169989,-0.0091205414271509,0.0191106794618372,1.0,0.0,0.0,1.0,0.0,0.7999999999999999,conservative,Conservador,1.15,GROWTH,1.0,Estado GROWTH; tendencia 100%; volatilidad anualizada 14.9%; drawdown a 252 sesiones -0.9%; exposición propuesta 115%.,HOLD,balanced,Equilibrado,1.5,VOLATILITY_MANAGED,1.0,Estado VOLATILITY_MANAGED; tendencia 100%; volatilidad anualizada 14.9%; drawdown a 252 sesiones -0.9%; exposición propuesta 150%.,HOLD,aggressive,Agresivo,1.75,GROWTH,1.0,Estado GROWTH; tendencia 100%; volatilidad anualizada 14.9%; drawdown a 252 sesiones -0.9%; exposición propuesta 175%.,HOLD
2010-10-15,1.0,0.1603625478495781,0.0,0.0266170209234426,1.0,0.0,0.0,1.0,0.0,0.7999999999999999,conservative,Conservador,1.15,GROWTH,1.0,Estado GROWTH; tendencia 100%; volatilidad anualizada 16.0%; drawdown a 252 sesiones 0.0%; exposición propuesta 115%.,HOLD,balanced,Equilibrado,1.5,VOLATILITY_MANAGED,1.0,Estado VOLATILITY_MANAGED; tendencia 100%; volatilidad anualizada 16.0%; drawdown a 252 sesiones 0.0%; exposición propuesta 150%.,HOLD,aggressive,Agresivo,1.75,GROWTH,1.0,Estado GROWTH; tendencia 100%; volatilidad anualizada 16.0%; drawdown a 252 sesiones 0.0%; exposición propuesta 175%.,HOLD
2010-10-22,1.0,0.1452994699658545,0.0,0.00912679306226,1.0,0.0,0.0,1.0,0.0,0.7999999999999999,conservative,Conservador,1.15,GROWTH,1.0,Estado GROWTH; tendencia 100%; volatilidad anualizada 14.5%; drawdown a 252 sesiones 0.0%; exposición propuesta 115%.,HOLD,balanced,Equilibrado,1.5,VOLATILITY_MANAGED,1.0,Estado VOLATILITY_MANAGED; tendencia 100%; volatilidad anualizada 14.5%; drawdown a 252 sesiones 0.0%; exposición propuesta 150%.,HOLD,aggressive,Agresivo,1.75,GROWTH,1.0,Estado GROWTH; tendencia 100%; volatilidad anualizada 14.5%; drawdown a 252 sesiones 0.0%; exposición propuesta 175%.,HOLD
2010-10-29,1.0,0.1394392059326492,-0.0022946238116169,0.030826402181179,1.0,0.0,0.0,1.0,0.0,0.7999999999999999,conservative,Conservador,1.15,GROWTH,1.0,Estado GROWTH; tendencia 100%; volatilidad anualizada 13.9%; drawdown a 252 sesiones -0.2%; exposición propuesta 115%.,HOLD,balanced,Equilibrado,1.5,VOLATILITY_MANAGED,1.0,Estado VOLATILITY_MANAGED; tendencia 100%; volatilidad anualizada 13.9%; drawdown a 252 sesiones -0.2%; exposición propuesta 150%.,HOLD,aggressive,Agresivo,1.75,GROWTH,1.0,Estado GROWTH; tendencia 100%; volatilidad anualizada 13.9%; drawdown a 252 sesiones -0.2%; exposición propuesta 175%.,HOLD
2010-11-05,1.0,0.1041117380849085,0.0,0.0257650029314335,1.0,0.0,0.0,1.0,0.0,0.7999999999999999,conservative,Conservador,1.15,GROWTH,1.0,Estado GROWTH; tendencia 100%; volatilidad anualizada 10.4%; drawdown a 252 sesiones 0.0%; exposición propuesta 115%.,HOLD,balanced,Equilibrado,1.5,VOLATILITY_MANAGED,1.0,Estado VOLATILITY_MANAGED; tendencia 100%; volatilidad anualizada 10.4%; drawdown a 252 sesiones 0.0%; exposición propuesta 150%.,HOLD,aggressive,Agresivo,1.75,GROWTH,1.0,Estado GROWTH; tendencia 100%; volatilidad anualizada 10.4%; drawdown a 252 sesiones 0.0%; exposición propuesta 175%.,HOLD
2010-11-12,1.0,0.1082120442716958,-0.0228883157916319,-0.0014313396359233,1.0,0.0,0.0,-1.0,0.0,0.6,conservative,Conservador,1.15,GROWTH,1.0,Estado GROWTH; tendencia 100%; volatilidad anualizada 10.8%; drawdown a 252 sesiones -2.3%; exposición propuesta 115%.,HOLD,balanced,Equilibrado,1.5,VOLATILITY_MANAGED,1.0,Estado VOLATILITY_MANAGED; tendencia 100%; volatilidad anualizada 10.8%; drawdown a 252 sesiones -2.3%; exposición propuesta 150%.,HOLD,aggressive,Agresivo,1.75,GROWTH,1.0,Estado GROWTH; tendencia 100%; volatilidad anualizada 10.8%; drawdown a 252 sesiones -2.3%; exposición propuesta 175%.,HOLD
2010-11-19,1.0,0.1281064755329162,-0.0236328034100299,-0.0003194129641723,1.0,0.0,0.0,-1.0,0.0,0.6,conservative,Conservador,1.15,GROWTH,1.0,Estado GROWTH; tendencia 100%; volatilidad anualizada 12.8%; drawdown a 252 sesiones -2.4%; exposición propuesta 115%.,HOLD,balanced,Equilibrado,1.5,VOLATILITY_MANAGED,1.0,Estado VOLATILITY_MANAGED; tendencia 100%; volatilidad anualizada 12.8%; drawdown a 252 sesiones -2.4%; exposición propuesta 150%.,HOLD,aggressive,Agresivo,1.75,GROWTH,1.0,Estado GROWTH; tendencia 100%; volatilidad anualizada 12.8%; drawdown a 252 sesiones -2.4%; exposición propuesta 175%.,HOLD
2010-11-26,1.0,0.1618048291011056,-0.0180502040140169,0.005608148175789,1.0,0.0,0.0,1.0,0.0,0.7999999999999999,conservative,Conservador,1.15,GROWTH,1.0,Estado GROWTH; tendencia 100%; volatilidad anualizada 16.2%; drawdown a 252 sesiones -1.8%; exposición propuesta 115%.,HOLD,balanced,Equilibrado,1.5,VOLATILITY_MANAGED,1.0,Estado VOLATILITY_MANAGED; tendencia 100%; volatilidad anualizada 16.2%; drawdown a 252 sesiones -1.8%; exposición propuesta 150%.,HOLD,aggressive,Agresivo,1.75,GROWTH,1.0,Estado GROWTH; tendencia 100%; volatilidad anualizada 16.2%; drawdown a 252 sesiones -1.8%; exposición propuesta 175%.,HOLD
2010-12-03,1.0,0.1780252341500672,0.0,-0.0014265182678192,1.0,0.0,0.0,-1.0,0.0,0.6,conservative,Conservador,1.15,GROWTH,1.0,Estado GROWTH; tendencia 100%; volatilidad anualizada 17.8%; drawdown a 252 sesiones 0.0%; exposición propuesta 115%.,HOLD,balanced,Equilibrado,1.5,VOLATILITY_MANAGED,1.0,Estado VOLATILITY_MANAGED; tendencia 100%; volatilidad anualizada 17.8%; drawdown a 252 sesiones 0.0%; exposición propuesta 150%.,HOLD,aggressive,Agresivo,1.75,GROWTH,1.0,Estado GROWTH; tendencia 100%; volatilidad anualizada 17.8%; drawdown a 252 sesiones 0.0%; exposición propuesta 175%.,HOLD
2010-12-10,1.0,0.175793106857006,0.0,-0.0025530305147185,1.0,0.0,0.0,-1.0,0.0,0.6,conservative,Conservador,1.15,GROWTH,1.0,Estado GROWTH; tendencia 100%; volatilidad anualizada 17.6%; drawdown a 252 sesiones 0.0%; exposición propuesta 115%.,HOLD,balanced,Equilibrado,1.5,VOLATILITY_MANAGED,1.0,Estado VOLATILITY_MANAGED; tendencia 100%; volatilidad anualizada 17.6%; drawdown a 252 sesiones 0.0%; exposición propuesta 150%.,HOLD,aggressive,Agresivo,1.75,GROWTH,1.0,Estado GROWTH; tendencia 100%; volatilidad anualizada 17.6%; drawdown a 252 sesiones 0.0%; exposición propuesta 175%.,HOLD
2010-12-17,1.0,0.1431129264621487,0.0,0.0002967722645117,1.0,0.0,0.0,1.0,0.0,0.7999999999999999,conservative,Conservador,1.15,GROWTH,1.0,Estado GROWTH; tendencia 100%; volatilidad anualizada 14.3%; drawdown a 252 sesiones 0.0%; exposición propuesta 115%.,HOLD,balanced,Equilibrado,1.5,VOLATILITY_MANAGED,1.0,Estado VOLATILITY_MANAGED; tendencia 100%; volatilidad anualizada 14.3%; drawdown a 252 sesiones 0.0%; exposición propuesta 150%.,HOLD,aggressive,Agresivo,1.75,GROWTH,1.0,Estado GROWTH; tendencia 100%; volatilidad anualizada 14.3%; drawdown a 252 sesiones 0.0%; exposición propuesta 175%.,HOLD
2010-12-24,1.0,0.1431129264621487,0.0,0.0002967722645117,1.0,0.0,0.0,1.0,0.0,0.7999999999999999,conservative,Conservador,1.15,GROWTH,1.0,Estado GROWTH; tendencia 100%; volatilidad anualizada 14.3%; drawdown a 252 sesiones 0.0%; exposición propuesta 115%.,HOLD,balanced,Equilibrado,1.5,VOLATILITY_MANAGED,1.0,Estado VOLATILITY_MANAGED; tendencia 100%; volatilidad anualizada 14.3%; drawdown a 252 sesiones 0.0%; exposición propuesta 150%.,HOLD,aggressive,Agresivo,1.75,GROWTH,1.0,Estado GROWTH; tendencia 100%; volatilidad anualizada 14.3%; drawdown a 252 sesiones 0.0%; exposición propuesta 175%.,HOLD
2010-12-31,1.0,0.054140637511496,-0.0078340942382569,-0.0158278026298059,1.0,0.0,0.0,-1.0,0.0,0.6,conservative,Conservador,1.15,GROWTH,1.0,Estado GROWTH; tendencia 100%; volatilidad anualizada 5.4%; drawdown a 252 sesiones -0.8%; exposición propuesta 115%.,HOLD,balanced,Equilibrado,1.5,VOLATILITY_MANAGED,1.0,Estado VOLATILITY_MANAGED; tendencia 100%; volatilidad anualizada 5.4%; drawdown a 252 sesiones -0.8%; exposición propuesta 150%.,HOLD,aggressive,Agresivo,1.75,GROWTH,1.0,Estado GROWTH; tendencia 100%; volatilidad anualizada 5.4%; drawdown a 252 sesiones -0.8%; exposición propuesta 175%.,HOLD
2011-01-07,1.0,0.079918007532217,-0.0008943166644205,0.0014770244730906,1.0,0.0,0.0,1.0,0.0,0.7999999999999999,conservative,Conservador,1.15,GROWTH,1.0,Estado GROWTH; tendencia 100%; volatilidad anualizada 8.0%; drawdown a 252 sesiones -0.1%; exposición propuesta 115%.,HOLD,balanced,Equilibrado,1.5,VOLATILITY_MANAGED,1.0,Estado VOLATILITY_MANAGED; tendencia 100%; volatilidad anualizada 8.0%; drawdown a 252 sesiones -0.1%; exposición propuesta 150%.,HOLD,aggressive,Agresivo,1.75,GROWTH,1.0,Estado GROWTH; tendencia 100%; volatilidad anualizada 8.0%; drawdown a 252 sesiones -0.1%; exposición propuesta 175%.,HOLD
2011-01-14,1.0,0.0744254825798996,0.0,0.0050691817290406,1.0,0.0,0.0,1.0,0.0,0.7999999999999999,conservative,Conservador,1.15,GROWTH,1.0,Estado GROWTH; tendencia 100%; volatilidad anualizada 7.4%; drawdown a 252 sesiones 0.0%; exposición propuesta 115%.,HOLD,balanced,Equilibrado,1.5,VOLATILITY_MANAGED,1.0,Estado VOLATILITY_MANAGED; tendencia 100%; volatilidad anualizada 7.4%; drawdown a 252 sesiones 0.0%; exposición propuesta 150%.,HOLD,aggressive,Agresivo,1.75,GROWTH,1.0,Estado GROWTH; tendencia 100%; volatilidad anualizada 7.4%; drawdown a 252 sesiones 0.0%; exposición propuesta 175%.,HOLD
2011-01-21,1.0,0.0976399796108013,-0.025892318772931,-0.0060142371322249,1.0,0.0,0.0,-1.0,0.0,0.6,conservative,Conservador,1.15,GROWTH,1.0,Estado GROWTH; tendencia 100%; volatilidad anualizada 9.8%; drawdown a 252 sesiones -2.6%; exposición propuesta 115%.,HOLD,balanced,Equilibrado,1.5,VOLATILITY_MANAGED,1.0,Estado VOLATILITY_MANAGED; tendencia 100%; volatilidad anualizada 9.8%; drawdown a 252 sesiones -2.6%; exposición propuesta 150%.,HOLD,aggressive,Agresivo,1.75,GROWTH,1.0,Estado GROWTH; tendencia 100%; volatilidad anualizada 9.8%; drawdown a 252 sesiones -2.6%; exposición propuesta 175%.,HOLD
2011-01-28,1.0,0.1452742401843484,-0.025358494620997,0.0036676851932495,1.0,0.0,0.0,1.0,0.0,0.7999999999999999,conservative,Conservador,1.15,GROWTH,1.0,Estado GROWTH; tendencia 100%; volatilidad anualizada 14.5%; drawdown a 252 sesiones -2.5%; exposición propuesta 115%.,HOLD,balanced,Equilibrado,1.5,VOLATILITY_MANAGED,1.0,Estado VOLATILITY_MANAGED; tendencia 100%; volatilidad anualizada 14.5%; drawdown a 252 sesiones -2.5%; exposición propuesta 150%.,HOLD,aggressive,Agresivo,1.75,GROWTH,1.0,Estado GROWTH; tendencia 100%; volatilidad anualizada 14.5%; drawdown a 252 sesiones -2.5%; exposición propuesta 175%.,HOLD
2011-02-04,1.0,0.1478427856634049,0.0,-0.0034068197964425,1.0,0.0,0.0,-1.0,0.0,0.6,conservative,Conservador,1.15,GROWTH,1.0,Estado GROWTH; tendencia 100%; volatilidad anualizada 14.8%; drawdown a 252 sesiones 0.0%; exposición propuesta 115%.,HOLD,balanced,Equilibrado,1.5,VOLATILITY_MANAGED,1.0,Estado VOLATILITY_MANAGED; tendencia 100%; volatilidad anualizada 14.8%; drawdown a 252 sesiones 0.0%; exposición propuesta 150%.,HOLD,aggressive,Agresivo,1.75,GROWTH,1.0,Estado GROWTH; tendencia 100%; volatilidad anualizada 14.8%; drawdown a 252 sesiones 0.0%; exposición propuesta 175%.,HOLD
2011-02-11,1.0,0.1494407100174153,0.0,-0.0040508071170832,1.0,0.0,0.0,-1.0,0.0,0.6,conservative,Conservador,1.15,GROWTH,1.0,Estado GROWTH; tendencia 100%; volatilidad anualizada 14.9%; drawdown a 252 sesiones 0.0%; exposición propuesta 115%.,HOLD,balanced,Equilibrado,1.5,VOLATILITY_MANAGED,1.0,Estado VOLATILITY_MANAGED; tendencia 100%; volatilidad anualizada 14.9%; drawdown a 252 sesiones 0.0%; exposición propuesta 150%.,HOLD,aggressive,Agresivo,1.75,GROWTH,1.0,Estado GROWTH; tendencia 100%; volatilidad anualizada 14.9%; drawdown a 252 sesiones 0.0%; exposición propuesta 175%.,HOLD
2011-02-18,1.0,0.1336325306199358,-0.0025476285131614,0.0067912323724377,1.0,0.0,0.0,1.0,0.0,0.7999999999999999,conservative,Conservador,1.15,GROWTH,1.0,Estado GROWTH; tendencia 100%; volatilidad anualizada 13.4%; drawdown a 252 sesiones -0.3%; exposición propuesta 115%.,HOLD,balanced,Equilibrado,1.5,VOLATILITY_MANAGED,1.0,Estado VOLATILITY_MANAGED; tendencia 100%; volatilidad anualizada 13.4%; drawdown a 252 sesiones -0.3%; exposición propuesta 150%.,HOLD,aggressive,Agresivo,1.75,GROWTH,1.0,Estado GROWTH; tendencia 100%; volatilidad anualizada 13.4%; drawdown a 252 sesiones -0.3%; exposición propuesta 175%.,HOLD
2011-02-25,1.0,0.1767660889391934,-0.0208901239410079,-0.009781524544892,1.0,0.0,0.0,-1.0,0.0,0.6,conservative,Conservador,1.15,GROWTH,1.0,Estado GROWTH; tendencia 100%; volatilidad anualizada 17.7%; drawdown a 252 sesiones -2.1%; exposición propuesta 115%.,HOLD,balanced,Equilibrado,1.5,VOLATILITY_MANAGED,1.0,Estado VOLATILITY_MANAGED; tendencia 100%; volatilidad anualizada 17.7%; drawdown a 252 sesiones -2.1%; exposición propuesta 150%.,HOLD,aggressive,Agresivo,1.75,GROWTH,1.0,Estado GROWTH; tendencia 100%; volatilidad anualizada 17.7%; drawdown a 252 sesiones -2.1%; exposición propuesta 175%.,HOLD
2011-03-04,1.0,0.1641397386537789,-0.0154554943958694,0.0030258153541757,1.0,0.0,0.0,1.0,0.0,0.7999999999999999,conservative,Conservador,1.15,GROWTH,1.0,Estado GROWTH; tendencia 100%; volatilidad anualizada 16.4%; drawdown a 252 sesiones -1.5%; exposición propuesta 115%.,HOLD,balanced,Equilibrado,1.5,VOLATILITY_MANAGED,1.0,Estado VOLATILITY_MANAGED; tendencia 100%; volatilidad anualizada 16.4%; drawdown a 252 sesiones -1.5%; exposición propuesta 150%.,HOLD,aggressive,Agresivo,1.75,GROWTH,1.0,Estado GROWTH; tendencia 100%; volatilidad anualizada 16.4%; drawdown a 252 sesiones -1.5%; exposición propuesta 175%.,HOLD
2011-03-11,0.6,0.1797618603596026,-0.040591369398871,-0.0151856236325791,0.19999999999999996,0.0,0.0,-1.0,0.0,0.03999999999999995,conservative,Conservador,1.15,GROWTH,0.6,Estado GROWTH; tendencia 60%; volatilidad anualizada 18.0%; drawdown a 252 sesiones -4.1%; exposición propuesta 115%.,HOLD,balanced,Equilibrado,1.5,VOLATILITY_MANAGED,0.6,Estado VOLATILITY_MANAGED; tendencia 60%; volatilidad anualizada 18.0%; drawdown a 252 sesiones -4.1%; exposición propuesta 150%.,HOLD,aggressive,Agresivo,1.75,GROWTH,0.6,Estado GROWTH; tendencia 60%; volatilidad anualizada 18.0%; drawdown a 252 sesiones -4.1%; exposición propuesta 175%.,HOLD
2011-03-18,0.4,0.1986263060135794,-0.0739332556015365,-0.0294098563466941,-0.19999999999999996,0.0,0.0,-1.0,0.0,-0.23999999999999996,conservative,Conservador,0.7,DEFENSIVE,0.6,Estado DEFENSIVE; tendencia 40%; volatilidad anualizada 19.9%; drawdown a 252 sesiones -7.4%; exposición propuesta 70%.,REDUCE,balanced,Equilibrado,0.7,DEFENSIVE,0.6,Estado DEFENSIVE; tendencia 40%; volatilidad anualizada 19.9%; drawdown a 252 sesiones -7.4%; exposición propuesta 70%.,REDUCE,aggressive,Agresivo,0.7,DEFENSIVE,0.6,Estado DEFENSIVE; tendencia 40%; volatilidad anualizada 19.9%; drawdown a 252 sesiones -7.4%; exposición propuesta 70%.,REDUCE
2011-03-25,0.8,0.1942381343156697,-0.0332849658937659,-0.0091862962595192,0.6000000000000001,0.0,0.0,-1.0,0.0,0.32000000000000006,conservative,Conservador,1.15,GROWTH,0.8,Estado GROWTH; tendencia 80%; volatilidad anualizada 19.4%; drawdown a 252 sesiones -3.3%; exposición propuesta 115%.,INCREASE,balanced,Equilibrado,1.5,VOLATILITY_MANAGED,0.8,Estado VOLATILITY_MANAGED; tendencia 80%; volatilidad anualizada 19.4%; drawdown a 252 sesiones -3.3%; exposición propuesta 150%.,INCREASE,aggressive,Agresivo,1.75,GROWTH,0.8,Estado GROWTH; tendencia 80%; volatilidad anualizada 19.4%; drawdown a 252 sesiones -3.3%; exposición propuesta 175%.,INCREASE
2011-04-01,0.8,0.1742433095760986,-0.0227398857502675,-0.0168985962183226,0.6000000000000001,0.0,0.0,-1.0,0.0,0.32000000000000006,conservative,Conservador,1.15,GROWTH,0.8,Estado GROWTH; tendencia 80%; volatilidad anualizada 17.4%; drawdown a 252 sesiones -2.3%; exposición propuesta 115%.,HOLD,balanced,Equilibrado,1.5,VOLATILITY_MANAGED,0.8,Estado VOLATILITY_MANAGED; tendencia 80%; volatilidad anualizada 17.4%; drawdown a 252 sesiones -2.3%; exposición propuesta 150%.,HOLD,aggressive,Agresivo,1.75,GROWTH,0.8,Estado GROWTH; tendencia 80%; volatilidad anualizada 17.4%; drawdown a 252 sesiones -2.3%; exposición propuesta 175%.,HOLD
2011-04-08,0.8,0.1547870587500305,-0.031414377773568,-0.0102846954775865,0.6000000000000001,0.0,0.0,-1.0,0.0,0.32000000000000006,conservative,Conservador,1.15,GROWTH,0.8,Estado GROWTH; tendencia 80%; volatilidad anualizada 15.5%; drawdown a 252 sesiones -3.1%; exposición propuesta 115%.,HOLD,balanced,Equilibrado,1.5,VOLATILITY_MANAGED,0.8,Estado VOLATILITY_MANAGED; tendencia 80%; volatilidad anualizada 15.5%; drawdown a 252 sesiones -3.1%; exposición propuesta 150%.,HOLD,aggressive,Agresivo,1.75,GROWTH,0.8,Estado GROWTH; tendencia 80%; volatilidad anualizada 15.5%; drawdown a 252 sesiones -3.1%; exposición propuesta 175%.,HOLD
2011-04-15,0.8,0.1140301469664834,-0.0365163051485902,0.0069039396364078,0.6000000000000001,0.0,0.0,1.0,0.0,0.52,conservative,Conservador,1.15,GROWTH,0.8,Estado GROWTH; tendencia 80%; volatilidad anualizada 11.4%; drawdown a 252 sesiones -3.7%; exposición propuesta 115%.,HOLD,balanced,Equilibrado,1.5,VOLATILITY_MANAGED,0.8,Estado VOLATILITY_MANAGED; tendencia 80%; volatilidad anualizada 11.4%; drawdown a 252 sesiones -3.7%; exposición propuesta 150%.,HOLD,aggressive,Agresivo,1.75,GROWTH,0.8,Estado GROWTH; tendencia 80%; volatilidad anualizada 11.4%; drawdown a 252 sesiones -3.7%; exposición propuesta 175%.,HOLD
2011-04-22,0.8,0.1140301469664834,-0.0365163051485902,0.0069039396364078,0.6000000000000001,0.0,0.0,1.0,0.0,0.52,conservative,Conservador,1.15,GROWTH,0.8,Estado GROWTH; tendencia 80%; volatilidad anualizada 11.4%; drawdown a 252 sesiones -3.7%; exposición propuesta 115%.,HOLD,balanced,Equilibrado,1.5,VOLATILITY_MANAGED,0.8,Estado VOLATILITY_MANAGED; tendencia 80%; volatilidad anualizada 11.4%; drawdown a 252 sesiones -3.7%; exposición propuesta 150%.,HOLD,aggressive,Agresivo,1.75,GROWTH,0.8,Estado GROWTH; tendencia 80%; volatilidad anualizada 11.4%; drawdown a 252 sesiones -3.7%; exposición propuesta 175%.,HOLD
2011-04-29,1.0,0.1088502575850449,-0.0023639393760112,-0.0002304612754895,1.0,0.0,0.0,-1.0,0.0,0.6,conservative,Conservador,1.15,GROWTH,1.0,Estado GROWTH; tendencia 100%; volatilidad anualizada 10.9%; drawdown a 252 sesiones -0.2%; exposición propuesta 115%.,HOLD,balanced,Equilibrado,1.5,VOLATILITY_MANAGED,1.0,Estado VOLATILITY_MANAGED; tendencia 100%; volatilidad anualizada 10.9%; drawdown a 252 sesiones -0.2%; exposición propuesta 150%.,HOLD,aggressive,Agresivo,1.75,GROWTH,1.0,Estado GROWTH; tendencia 100%; volatilidad anualizada 10.9%; drawdown a 252 sesiones -0.2%; exposición propuesta 175%.,HOLD
2011-05-06,1.0,0.1125217367533564,-0.0126644602741919,0.0152451641857247,1.0,0.0,0.0,1.0,0.0,0.7999999999999999,conservative,Conservador,1.15,GROWTH,1.0,Estado GROWTH; tendencia 100%; volatilidad anualizada 11.3%; drawdown a 252 sesiones -1.3%; exposición propuesta 115%.,HOLD,balanced,Equilibrado,1.5,VOLATILITY_MANAGED,1.0,Estado VOLATILITY_MANAGED; tendencia 100%; volatilidad anualizada 11.3%; drawdown a 252 sesiones -1.3%; exposición propuesta 150%.,HOLD,aggressive,Agresivo,1.75,GROWTH,1.0,Estado GROWTH; tendencia 100%; volatilidad anualizada 11.3%; drawdown a 252 sesiones -1.3%; exposición propuesta 175%.,HOLD
2011-05-13,0.8,0.1205036922812651,-0.0136778084188472,0.0104007997154735,0.6000000000000001,0.0,0.0,1.0,0.0,0.52,conservative,Conservador,1.15,GROWTH,0.8,Estado GROWTH; tendencia 80%; volatilidad anualizada 12.1%; drawdown a 252 sesiones -1.4%; exposición propuesta 115%.,HOLD,balanced,Equilibrado,1.5,VOLATILITY_MANAGED,0.8,Estado VOLATILITY_MANAGED; tendencia 80%; volatilidad anualizada 12.1%; drawdown a 252 sesiones -1.4%; exposición propuesta 150%.,HOLD,aggressive,Agresivo,1.75,GROWTH,0.8,Estado GROWTH; tendencia 80%; volatilidad anualizada 12.1%; drawdown a 252 sesiones -1.4%; exposición propuesta 175%.,HOLD
2011-05-20,0.8,0.1098258553084022,-0.0244854816961553,-0.0084998351354598,0.6000000000000001,0.0,0.0,-1.0,0.0,0.32000000000000006,conservative,Conservador,1.15,GROWTH,0.8,Estado GROWTH; tendencia 80%; volatilidad anualizada 11.0%; drawdown a 252 sesiones -2.4%; exposición propuesta 115%.,HOLD,balanced,Equilibrado,1.5,VOLATILITY_MANAGED,0.8,Estado VOLATILITY_MANAGED; tendencia 80%; volatilidad anualizada 11.0%; drawdown a 252 sesiones -2.4%; exposición propuesta 150%.,HOLD,aggressive,Agresivo,1.75,GROWTH,0.8,Estado GROWTH; tendencia 80%; volatilidad anualizada 11.0%; drawdown a 252 sesiones -2.4%; exposición propuesta 175%.,HOLD
2011-05-27,0.4,0.1219204731816517,-0.0302262670788641,-0.0065256796537793,-0.19999999999999996,0.0,0.0,-1.0,0.0,-0.23999999999999996,conservative,Conservador,0.7,DEFENSIVE,0.6,Estado DEFENSIVE; tendencia 40%; volatilidad anualizada 12.2%; drawdown a 252 sesiones -3.0%; exposición propuesta 70%.,REDUCE,balanced,Equilibrado,0.7,DEFENSIVE,0.6,Estado DEFENSIVE; tendencia 40%; volatilidad anualizada 12.2%; drawdown a 252 sesiones -3.0%; exposición propuesta 70%.,REDUCE,aggressive,Agresivo,0.7,DEFENSIVE,0.6,Estado DEFENSIVE; tendencia 40%; volatilidad anualizada 12.2%; drawdown a 252 sesiones -3.0%; exposición propuesta 70%.,REDUCE
2011-06-03,0.4,0.1634382134988188,-0.0484636638418602,-0.0092404946969379,-0.19999999999999996,0.0,0.0,-1.0,0.0,-0.23999999999999996,conservative,Conservador,0.7,DEFENSIVE,0.6,Estado DEFENSIVE; tendencia 40%; volatilidad anualizada 16.3%; drawdown a 252 sesiones -4.8%; exposición propuesta 70%.,HOLD,balanced,Equilibrado,0.7,DEFENSIVE,0.6,Estado DEFENSIVE; tendencia 40%; volatilidad anualizada 16.3%; drawdown a 252 sesiones -4.8%; exposición propuesta 70%.,HOLD,aggressive,Agresivo,0.7,DEFENSIVE,0.6,Estado DEFENSIVE; tendencia 40%; volatilidad anualizada 16.3%; drawdown a 252 sesiones -4.8%; exposición propuesta 70%.,HOLD
2011-06-10,0.6,0.1604246727550986,-0.0773390453467224,-0.0202473629875951,0.19999999999999996,0.0,0.0,-1.0,0.0,0.03999999999999995,conservative,Conservador,1.15,GROWTH,0.6,Estado GROWTH; tendencia 60%; volatilidad anualizada 16.0%; drawdown a 252 sesiones -7.7%; exposición propuesta 115%.,INCREASE,balanced,Equilibrado,1.5,VOLATILITY_MANAGED,0.6,Estado VOLATILITY_MANAGED; tendencia 60%; volatilidad anualizada 16.0%; drawdown a 252 sesiones -7.7%; exposición propuesta 150%.,INCREASE,aggressive,Agresivo,1.75,GROWTH,0.6,Estado GROWTH; tendencia 60%; volatilidad anualizada 16.0%; drawdown a 252 sesiones -7.7%; exposición propuesta 175%.,INCREASE
2011-06-17,0.2,0.1620057206106496,-0.0896554454419717,-0.0218839338945942,-0.6,0.0,0.0,-1.0,0.0,-0.52,conservative,Conservador,0.7,DEFENSIVE,0.8,Estado DEFENSIVE; tendencia 20%; volatilidad anualizada 16.2%; drawdown a 252 sesiones -9.0%; exposición propuesta 70%.,REDUCE,balanced,Equilibrado,0.7,DEFENSIVE,0.8,Estado DEFENSIVE; tendencia 20%; volatilidad anualizada 16.2%; drawdown a 252 sesiones -9.0%; exposición propuesta 70%.,REDUCE,aggressive,Agresivo,0.7,DEFENSIVE,0.8,Estado DEFENSIVE; tendencia 20%; volatilidad anualizada 16.2%; drawdown a 252 sesiones -9.0%; exposición propuesta 70%.,REDUCE
2011-06-24,0.2,0.19001061813541,-0.0796699447607156,-0.0043541284706886,-0.6,0.0,0.0,-1.0,0.0,-0.52,conservative,Conservador,0.7,DEFENSIVE,0.8,Estado DEFENSIVE; tendencia 20%; volatilidad anualizada 19.0%; drawdown a 252 sesiones -8.0%; exposición propuesta 70%.,HOLD,balanced,Equilibrado,0.7,DEFENSIVE,0.8,Estado DEFENSIVE; tendencia 20%; volatilidad anualizada 19.0%; drawdown a 252 sesiones -8.0%; exposición propuesta 70%.,HOLD,aggressive,Agresivo,0.7,DEFENSIVE,0.8,Estado DEFENSIVE; tendencia 20%; volatilidad anualizada 19.0%; drawdown a 252 sesiones -8.0%; exposición propuesta 70%.,HOLD
2011-07-01,1.0,0.188718958524173,-0.0199280273361902,-0.0019380736425047,1.0,0.0,0.0,-1.0,0.0,0.6,conservative,Conservador,1.15,GROWTH,1.0,Estado GROWTH; tendencia 100%; volatilidad anualizada 18.9%; drawdown a 252 sesiones -2.0%; exposición propuesta 115%.,INCREASE,balanced,Equilibrado,1.5,VOLATILITY_MANAGED,1.0,Estado VOLATILITY_MANAGED; tendencia 100%; volatilidad anualizada 18.9%; drawdown a 252 sesiones -2.0%; exposición propuesta 150%.,INCREASE,aggressive,Agresivo,1.75,GROWTH,1.0,Estado GROWTH; tendencia 100%; volatilidad anualizada 18.9%; drawdown a 252 sesiones -2.0%; exposición propuesta 175%.,INCREASE
2011-07-08,1.0,0.1865824767415031,-0.0027031154584663,0.0223920367811945,1.0,0.0,0.0,1.0,0.0,0.7999999999999999,conservative,Conservador,1.15,GROWTH,1.0,Estado GROWTH; tendencia 100%; volatilidad anualizada 18.7%; drawdown a 252 sesiones -0.3%; exposición propuesta 115%.,HOLD,balanced,Equilibrado,1.5,VOLATILITY_MANAGED,1.0,Estado VOLATILITY_MANAGED; tendencia 100%; volatilidad anualizada 18.7%; drawdown a 252 sesiones -0.3%; exposición propuesta 150%.,HOLD,aggressive,Agresivo,1.75,GROWTH,1.0,Estado GROWTH; tendencia 100%; volatilidad anualizada 18.7%; drawdown a 252 sesiones -0.3%; exposición propuesta 175%.,HOLD
2011-07-15,1.0,0.1831385970599871,-0.0226390143494015,0.0324960905085696,1.0,0.0,0.0,1.0,0.0,0.7999999999999999,conservative,Conservador,1.15,GROWTH,1.0,Estado GROWTH; tendencia 100%; volatilidad anualizada 18.3%; drawdown a 252 sesiones -2.3%; exposición propuesta 115%.,HOLD,balanced,Equilibrado,1.5,VOLATILITY_MANAGED,1.0,Estado VOLATILITY_MANAGED; tendencia 100%; volatilidad anualizada 18.3%; drawdown a 252 sesiones -2.3%; exposición propuesta 150%.,HOLD,aggressive,Agresivo,1.75,GROWTH,1.0,Estado GROWTH; tendencia 100%; volatilidad anualizada 18.3%; drawdown a 252 sesiones -2.3%; exposición propuesta 175%.,HOLD
2011-07-22,1.0,0.1848216113948481,0.0,0.0280314198761084,1.0,0.0,0.0,1.0,0.0,0.7999999999999999,conservative,Conservador,1.15,GROWTH,1.0,Estado GROWTH; tendencia 100%; volatilidad anualizada 18.5%; drawdown a 252 sesiones 0.0%; exposición propuesta 115%.,HOLD,balanced,Equilibrado,1.5,VOLATILITY_MANAGED,1.0,Estado VOLATILITY_MANAGED; tendencia 100%; volatilidad anualizada 18.5%; drawdown a 252 sesiones 0.0%; exposición propuesta 150%.,HOLD,aggressive,Agresivo,1.75,GROWTH,1.0,Estado GROWTH; tendencia 100%; volatilidad anualizada 18.5%; drawdown a 252 sesiones 0.0%; exposición propuesta 175%.,HOLD
2011-07-29,0.8,0.1844398227116533,-0.0273352595360707,0.0366567555501944,0.6000000000000001,0.0,0.0,1.0,0.0,0.52,conservative,Conservador,1.15,GROWTH,0.8,Estado GROWTH; tendencia 80%; volatilidad anualizada 18.4%; drawdown a 252 sesiones -2.7%; exposición propuesta 115%.,HOLD,balanced,Equilibrado,1.5,VOLATILITY_MANAGED,0.8,Estado VOLATILITY_MANAGED; tendencia 80%; volatilidad anualizada 18.4%; drawdown a 252 sesiones -2.7%; exposición propuesta 150%.,HOLD,aggressive,Agresivo,1.75,GROWTH,0.8,Estado GROWTH; tendencia 80%; volatilidad anualizada 18.4%; drawdown a 252 sesiones -2.7%; exposición propuesta 175%.,HOLD
2011-08-05,0.0,0.2489627838359785,-0.097266627170396,0.0184564784199882,-1.0,0.0,0.0,1.0,0.0,-0.6,conservative,Conservador,0.7,DEFENSIVE,1.0,Estado DEFENSIVE; tendencia 0%; volatilidad anualizada 24.9%; drawdown a 252 sesiones -9.7%; exposición propuesta 70%.,REDUCE,balanced,Equilibrado,0.7,DEFENSIVE,1.0,Estado DEFENSIVE; tendencia 0%; volatilidad anualizada 24.9%; drawdown a 252 sesiones -9.7%; exposición propuesta 70%.,REDUCE,aggressive,Agresivo,0.7,DEFENSIVE,1.0,Estado DEFENSIVE; tendencia 0%; volatilidad anualizada 24.9%; drawdown a 252 sesiones -9.7%; exposición propuesta 70%.,REDUCE
2011-08-12,0.0,0.4271641434901019,-0.1016266508681583,0.0290606638852484,-1.0,0.5,0.0,1.0,0.5,-0.7,conservative,Conservador,0.7,DEFENSIVE,1.0,Estado DEFENSIVE; tendencia 0%; volatilidad anualizada 42.7%; drawdown a 252 sesiones -10.2%; exposición propuesta 70%.,HOLD,balanced,Equilibrado,0.7,DEFENSIVE,1.0,Estado DEFENSIVE; tendencia 0%; volatilidad anualizada 42.7%; drawdown a 252 sesiones -10.2%; exposición propuesta 70%.,HOLD,aggressive,Agresivo,0.7,DEFENSIVE,1.0,Estado DEFENSIVE; tendencia 0%; volatilidad anualizada 42.7%; drawdown a 252 sesiones -10.2%; exposición propuesta 70%.,HOLD
2011-08-19,0.0,0.4453589081125138,-0.1609930456181926,0.002455237531132,-1.0,0.5,0.5,1.0,0.5,-0.7,conservative,Conservador,0.7,DEFENSIVE,1.0,Estado DEFENSIVE; tendencia 0%; volatilidad anualizada 44.5%; drawdown a 252 sesiones -16.1%; exposición propuesta 70%.,HOLD,balanced,Equilibrado,0.7,DEFENSIVE,1.0,Estado DEFENSIVE; tendencia 0%; volatilidad anualizada 44.5%; drawdown a 252 sesiones -16.1%; exposición propuesta 70%.,HOLD,aggressive,Agresivo,0.7,DEFENSIVE,1.0,Estado DEFENSIVE; tendencia 0%; volatilidad anualizada 44.5%; drawdown a 252 sesiones -16.1%; exposición propuesta 70%.,HOLD
2011-08-26,0.0,0.4888170541278668,-0.1090054049127285,0.0038716139189142,-1.0,0.5,0.0,1.0,0.5,-0.7,conservative,Conservador,0.7,DEFENSIVE,1.0,Estado DEFENSIVE; tendencia 0%; volatilidad anualizada 48.9%; drawdown a 252 sesiones -10.9%; exposición propuesta 70%.,HOLD,balanced,Equilibrado,0.7,DEFENSIVE,1.0,Estado DEFENSIVE; tendencia 0%; volatilidad anualizada 48.9%; drawdown a 252 sesiones -10.9%; exposición propuesta 70%.,HOLD,aggressive,Agresivo,0.7,DEFENSIVE,1.0,Estado DEFENSIVE; tendencia 0%; volatilidad anualizada 48.9%; drawdown a 252 sesiones -10.9%; exposición propuesta 70%.,HOLD
2011-09-02,0.0,0.472399723124246,-0.1064900150389646,0.008353855956146,-1.0,0.5,0.0,1.0,0.5,-0.7,conservative,Conservador,0.7,DEFENSIVE,1.0,Estado DEFENSIVE; tendencia 0%; volatilidad anualizada 47.2%; drawdown a 252 sesiones -10.6%; exposición propuesta 70%.,HOLD,balanced,Equilibrado,0.7,DEFENSIVE,1.0,Estado DEFENSIVE; tendencia 0%; volatilidad anualizada 47.2%; drawdown a 252 sesiones -10.6%; exposición propuesta 70%.,HOLD,aggressive,Agresivo,0.7,DEFENSIVE,1.0,Estado DEFENSIVE; tendencia 0%; volatilidad anualizada 47.2%; drawdown a 252 sesiones -10.6%; exposición propuesta 70%.,HOLD
2011-09-09,0.2,0.3341529168966545,-0.1081669416214737,0.0135239043581221,-0.6,0.0,0.0,1.0,0.0,-0.31999999999999995,conservative,Conservador,0.7,DEFENSIVE,0.8,Estado DEFENSIVE; tendencia 20%; volatilidad anualizada 33.4%; drawdown a 252 sesiones -10.8%; exposición propuesta 70%.,HOLD,balanced,Equilibrado,0.7,DEFENSIVE,0.8,Estado DEFENSIVE; tendencia 20%; volatilidad anualizada 33.4%; drawdown a 252 sesiones -10.8%; exposición propuesta 70%.,HOLD,aggressive,Agresivo,0.7,DEFENSIVE,0.8,Estado DEFENSIVE; tendencia 20%; volatilidad anualizada 33.4%; drawdown a 252 sesiones -10.8%; exposición propuesta 70%.,HOLD
2011-09-16,1.0,0.2786116514105604,-0.0492206899694663,0.046049889207639,1.0,0.0,0.0,1.0,0.0,0.7999999999999999,conservative,Conservador,1.15,GROWTH,1.0,Estado GROWTH; tendencia 100%; volatilidad anualizada 27.9%; drawdown a 252 sesiones -4.9%; exposición propuesta 115%.,INCREASE,balanced,Equilibrado,1.2562288699270592,VOLATILITY_MANAGED,1.0,Estado VOLATILITY_MANAGED; tendencia 100%; volatilidad anualizada 27.9%; drawdown a 252 sesiones -4.9%; exposición propuesta 126%.,INCREASE,aggressive,Agresivo,1.75,GROWTH,1.0,Estado GROWTH; tendencia 100%; volatilidad anualizada 27.9%; drawdown a 252 sesiones -4.9%; exposición propuesta 175%.,INCREASE
2011-09-23,0.2,0.2692469907370988,-0.0902154855762658,0.0652115081428408,-0.6,0.0,0.0,1.0,0.0,-0.31999999999999995,conservative,Conservador,0.7,DEFENSIVE,0.8,Estado DEFENSIVE; tendencia 20%; volatilidad anualizada 26.9%; drawdown a 252 sesiones -9.0%; exposición propuesta 70%.,REDUCE,balanced,Equilibrado,0.7,DEFENSIVE,0.8,Estado DEFENSIVE; tendencia 20%; volatilidad anualizada 26.9%; drawdown a 252 sesiones -9.0%; exposición propuesta 70%.,REDUCE,aggressive,Agresivo,0.7,DEFENSIVE,0.8,Estado DEFENSIVE; tendencia 20%; volatilidad anualizada 26.9%; drawdown a 252 sesiones -9.0%; exposición propuesta 70%.,REDUCE
2011-09-30,0.0,0.2641761980012171,-0.1181056373330903,0.0234164370992736,-1.0,0.0,0.0,1.0,0.0,-0.6,conservative,Conservador,0.7,DEFENSIVE,1.0,Estado DEFENSIVE; tendencia 0%; volatilidad anualizada 26.4%; drawdown a 252 sesiones -11.8%; exposición propuesta 70%.,HOLD,balanced,Equilibrado,0.7,DEFENSIVE,1.0,Estado DEFENSIVE; tendencia 0%; volatilidad anualizada 26.4%; drawdown a 252 sesiones -11.8%; exposición propuesta 70%.,HOLD,aggressive,Agresivo,0.7,DEFENSIVE,1.0,Estado DEFENSIVE; tendencia 0%; volatilidad anualizada 26.4%; drawdown a 252 sesiones -11.8%; exposición propuesta 70%.,HOLD
2011-10-07,0.4,0.2739438722518467,-0.0915597684910906,0.0152691061031506,-0.19999999999999996,0.0,0.0,1.0,0.0,-0.03999999999999995,conservative,Conservador,0.7,DEFENSIVE,0.6,Estado DEFENSIVE; tendencia 40%; volatilidad anualizada 27.4%; drawdown a 252 sesiones -9.2%; exposición propuesta 70%.,HOLD,balanced,Equilibrado,0.7,DEFENSIVE,0.6,Estado DEFENSIVE; tendencia 40%; volatilidad anualizada 27.4%; drawdown a 252 sesiones -9.2%; exposición propuesta 70%.,HOLD,aggressive,Agresivo,0.7,DEFENSIVE,0.6,Estado DEFENSIVE; tendencia 40%; volatilidad anualizada 27.4%; drawdown a 252 sesiones -9.2%; exposición propuesta 70%.,HOLD
2011-10-14,0.8,0.2931366068626573,-0.0225071138859772,0.019455847138712,0.6000000000000001,0.0,0.0,1.0,0.0,0.52,conservative,Conservador,1.15,GROWTH,0.8,Estado GROWTH; tendencia 80%; volatilidad anualizada 29.3%; drawdown a 252 sesiones -2.3%; exposición propuesta 115%.,INCREASE,balanced,Equilibrado,1.193982572650794,VOLATILITY_MANAGED,0.8,Estado VOLATILITY_MANAGED; tendencia 80%; volatilidad anualizada 29.3%; drawdown a 252 sesiones -2.3%; exposición propuesta 119%.,INCREASE,aggressive,Agresivo,1.75,GROWTH,0.8,Estado GROWTH; tendencia 80%; volatilidad anualizada 29.3%; drawdown a 252 sesiones -2.3%; exposición propuesta 175%.,INCREASE
2011-10-21,0.8,0.2774902172567974,-0.0372923301280591,-0.0336908557470947,0.6000000000000001,0.0,0.0,-1.0,0.0,0.32000000000000006,conservative,Conservador,1.15,GROWTH,0.8,Estado GROWTH; tendencia 80%; volatilidad anualizada 27.7%; drawdown a 252 sesiones -3.7%; exposición propuesta 115%.,HOLD,balanced,Equilibrado,1.2613057262343053,VOLATILITY_MANAGED,0.8,Estado VOLATILITY_MANAGED; tendencia 80%; volatilidad anualizada 27.7%; drawdown a 252 sesiones -3.7%; exposición propuesta 126%.,INCREASE,aggressive,Agresivo,1.75,GROWTH,0.8,Estado GROWTH; tendencia 80%; volatilidad anualizada 27.7%; drawdown a 252 sesiones -3.7%; exposición propuesta 175%.,HOLD
2011-10-28,1.0,0.2722052805952289,-0.0097384678485166,-0.013664381801085,1.0,0.0,0.0,-1.0,0.0,0.6,conservative,Conservador,1.15,GROWTH,1.0,Estado GROWTH; tendencia 100%; volatilidad anualizada 27.2%; drawdown a 252 sesiones -1.0%; exposición propuesta 115%.,HOLD,balanced,Equilibrado,1.2857943065419526,VOLATILITY_MANAGED,1.0,Estado VOLATILITY_MANAGED; tendencia 100%; volatilidad anualizada 27.2%; drawdown a 252 sesiones -1.0%; exposición propuesta 129%.,HOLD,aggressive,Agresivo,1.75,GROWTH,1.0,Estado GROWTH; tendencia 100%; volatilidad anualizada 27.2%; drawdown a 252 sesiones -1.0%; exposición propuesta 175%.,HOLD
2011-11-04,1.0,0.2694523211306492,-0.0288914369047076,-0.0154507587718937,1.0,0.0,0.0,-1.0,0.0,0.6,conservative,Conservador,1.15,GROWTH,1.0,Estado GROWTH; tendencia 100%; volatilidad anualizada 26.9%; drawdown a 252 sesiones -2.9%; exposición propuesta 115%.,HOLD,balanced,Equilibrado,1.2989311004312918,VOLATILITY_MANAGED,1.0,Estado VOLATILITY_MANAGED; tendencia 100%; volatilidad anualizada 26.9%; drawdown a 252 sesiones -2.9%; exposición propuesta 130%.,HOLD,aggressive,Agresivo,1.75,GROWTH,1.0,Estado GROWTH; tendencia 100%; volatilidad anualizada 26.9%; drawdown a 252 sesiones -2.9%; exposición propuesta 175%.,HOLD
2011-11-11,0.8,0.2772143156480736,-0.028051442373422,-0.0390407966557247,0.6000000000000001,0.0,0.0,-1.0,0.0,0.32000000000000006,conservative,Conservador,1.15,GROWTH,0.8,Estado GROWTH; tendencia 80%; volatilidad anualizada 27.7%; drawdown a 252 sesiones -2.8%; exposición propuesta 115%.,HOLD,balanced,Equilibrado,1.262561059235947,VOLATILITY_MANAGED,0.8,Estado VOLATILITY_MANAGED; tendencia 80%; volatilidad anualizada 27.7%; drawdown a 252 sesiones -2.8%; exposición propuesta 126%.,HOLD,aggressive,Agresivo,1.75,GROWTH,0.8,Estado GROWTH; tendencia 80%; volatilidad anualizada 27.7%; drawdown a 252 sesiones -2.8%; exposición propuesta 175%.,HOLD
2011-11-18,0.2,0.2783975399248364,-0.0692144556350543,-0.0171060272097011,-0.6,0.0,0.0,-1.0,0.0,-0.52,conservative,Conservador,0.7,DEFENSIVE,0.8,Estado DEFENSIVE; tendencia 20%; volatilidad anualizada 27.8%; drawdown a 252 sesiones -6.9%; exposición propuesta 70%.,REDUCE,balanced,Equilibrado,0.7,DEFENSIVE,0.8,Estado DEFENSIVE; tendencia 20%; volatilidad anualizada 27.8%; drawdown a 252 sesiones -6.9%; exposición propuesta 70%.,REDUCE,aggressive,Agresivo,0.7,DEFENSIVE,0.8,Estado DEFENSIVE; tendencia 20%; volatilidad anualizada 27.8%; drawdown a 252 sesiones -6.9%; exposición propuesta 70%.,REDUCE
2011-11-25,0.0,0.2499834167421351,-0.1115532424919109,-0.0058985930636028,-1.0,0.0,0.0,-1.0,0.0,-0.7999999999999999,conservative,Conservador,0.7,DEFENSIVE,1.0,Estado DEFENSIVE; tendencia 0%; volatilidad anualizada 25.0%; drawdown a 252 sesiones -11.2%; exposición propuesta 70%.,HOLD,balanced,Equilibrado,0.7,DEFENSIVE,1.0,Estado DEFENSIVE; tendencia 0%; volatilidad anualizada 25.0%; drawdown a 252 sesiones -11.2%; exposición propuesta 70%.,HOLD,aggressive,Agresivo,0.7,DEFENSIVE,1.0,Estado DEFENSIVE; tendencia 0%; volatilidad anualizada 25.0%; drawdown a 252 sesiones -11.2%; exposición propuesta 70%.,HOLD
2011-12-02,0.8,0.2921671798193169,-0.0487169119992708,-0.01446319659888,0.6000000000000001,0.0,0.0,-1.0,0.0,0.32000000000000006,conservative,Conservador,1.15,GROWTH,0.8,Estado GROWTH; tendencia 80%; volatilidad anualizada 29.2%; drawdown a 252 sesiones -4.9%; exposición propuesta 115%.,INCREASE,balanced,Equilibrado,1.1979442736054347,VOLATILITY_MANAGED,0.8,Estado VOLATILITY_MANAGED; tendencia 80%; volatilidad anualizada 29.2%; drawdown a 252 sesiones -4.9%; exposición propuesta 120%.,INCREASE,aggressive,Agresivo,1.75,GROWTH,0.8,Estado GROWTH; tendencia 80%; volatilidad anualizada 29.2%; drawdown a 252 sesiones -4.9%; exposición propuesta 175%.,INCREASE
2011-12-09,1.0,0.274497441482637,-0.0419965911680262,-0.0096883505545872,1.0,0.0,0.0,-1.0,0.0,0.6,conservative,Conservador,1.15,GROWTH,1.0,Estado GROWTH; tendencia 100%; volatilidad anualizada 27.4%; drawdown a 252 sesiones -4.2%; exposición propuesta 115%.,HOLD,balanced,Equilibrado,1.2750574216996438,VOLATILITY_MANAGED,1.0,Estado VOLATILITY_MANAGED; tendencia 100%; volatilidad anualizada 27.4%; drawdown a 252 sesiones -4.2%; exposición propuesta 128%.,INCREASE,aggressive,Agresivo,1.75,GROWTH,1.0,Estado GROWTH; tendencia 100%; volatilidad anualizada 27.4%; drawdown a 252 sesiones -4.2%; exposición propuesta 175%.,HOLD
2011-12-16,0.2,0.2539021036776254,-0.0755682267693569,-0.0165323214072063,-0.6,0.0,0.0,-1.0,0.0,-0.52,conservative,Conservador,0.7,DEFENSIVE,0.8,Estado DEFENSIVE; tendencia 20%; volatilidad anualizada 25.4%; drawdown a 252 sesiones -7.6%; exposición propuesta 70%.,REDUCE,balanced,Equilibrado,0.7,DEFENSIVE,0.8,Estado DEFENSIVE; tendencia 20%; volatilidad anualizada 25.4%; drawdown a 252 sesiones -7.6%; exposición propuesta 70%.,REDUCE,aggressive,Agresivo,0.7,DEFENSIVE,0.8,Estado DEFENSIVE; tendencia 20%; volatilidad anualizada 25.4%; drawdown a 252 sesiones -7.6%; exposición propuesta 70%.,REDUCE
2011-12-23,0.8,0.2571089554645618,-0.0550100168618693,-0.029631966801227,0.6000000000000001,0.0,0.0,-1.0,0.0,0.32000000000000006,conservative,Conservador,1.15,GROWTH,0.8,Estado GROWTH; tendencia 80%; volatilidad anualizada 25.7%; drawdown a 252 sesiones -5.5%; exposición propuesta 115%.,INCREASE,balanced,Equilibrado,1.3612905834711062,VOLATILITY_MANAGED,0.8,Estado VOLATILITY_MANAGED; tendencia 80%; volatilidad anualizada 25.7%; drawdown a 252 sesiones -5.5%; exposición propuesta 136%.,INCREASE,aggressive,Agresivo,1.75,GROWTH,0.8,Estado GROWTH; tendencia 80%; volatilidad anualizada 25.7%; drawdown a 252 sesiones -5.5%; exposición propuesta 175%.,INCREASE
2011-12-30,0.2,0.1902075786147541,-0.0584001093742879,-0.0235781599781084,-0.6,0.0,0.0,-1.0,0.0,-0.52,conservative,Conservador,0.7,DEFENSIVE,0.8,Estado DEFENSIVE; tendencia 20%; volatilidad anualizada 19.0%; drawdown a 252 sesiones -5.8%; exposición propuesta 70%.,REDUCE,balanced,Equilibrado,0.7,DEFENSIVE,0.8,Estado DEFENSIVE; tendencia 20%; volatilidad anualizada 19.0%; drawdown a 252 sesiones -5.8%; exposición propuesta 70%.,REDUCE,aggressive,Agresivo,0.7,DEFENSIVE,0.8,Estado DEFENSIVE; tendencia 20%; volatilidad anualizada 19.0%; drawdown a 252 sesiones -5.8%; exposición propuesta 70%.,REDUCE
2012-01-06,1.0,0.2010446844407158,-0.0250066080298956,0.0025407933147245,1.0,0.0,0.0,1.0,0.0,0.7999999999999999,conservative,Conservador,1.15,GROWTH,1.0,Estado GROWTH; tendencia 100%; volatilidad anualizada 20.1%; drawdown a 252 sesiones -2.5%; exposición propuesta 115%.,INCREASE,balanced,Equilibrado,1.5,VOLATILITY_MANAGED,1.0,Estado VOLATILITY_MANAGED; tendencia 100%; volatilidad anualizada 20.1%; drawdown a 252 sesiones -2.5%; exposición propuesta 150%.,INCREASE,aggressive,Agresivo,1.75,GROWTH,1.0,Estado GROWTH; tendencia 100%; volatilidad anualizada 20.1%; drawdown a 252 sesiones -2.5%; exposición propuesta 175%.,INCREASE
2012-01-13,1.0,0.1600417192995765,-0.0187662944902703,-0.0010384890740349,1.0,0.0,0.0,-1.0,0.0,0.6,conservative,Conservador,1.15,GROWTH,1.0,Estado GROWTH; tendencia 100%; volatilidad anualizada 16.0%; drawdown a 252 sesiones -1.9%; exposición propuesta 115%.,HOLD,balanced,Equilibrado,1.5,VOLATILITY_MANAGED,1.0,Estado VOLATILITY_MANAGED; tendencia 100%; volatilidad anualizada 16.0%; drawdown a 252 sesiones -1.9%; exposición propuesta 150%.,HOLD,aggressive,Agresivo,1.75,GROWTH,1.0,Estado GROWTH; tendencia 100%; volatilidad anualizada 16.0%; drawdown a 252 sesiones -1.9%; exposición propuesta 175%.,HOLD
2012-01-20,1.0,0.1256393514607257,-0.0015037273587736,0.004878448983735,1.0,0.0,0.0,1.0,0.0,0.7999999999999999,conservative,Conservador,1.15,GROWTH,1.0,Estado GROWTH; tendencia 100%; volatilidad anualizada 12.6%; drawdown a 252 sesiones -0.2%; exposición propuesta 115%.,HOLD,balanced,Equilibrado,1.5,VOLATILITY_MANAGED,1.0,Estado VOLATILITY_MANAGED; tendencia 100%; volatilidad anualizada 12.6%; drawdown a 252 sesiones -0.2%; exposición propuesta 150%.,HOLD,aggressive,Agresivo,1.75,GROWTH,1.0,Estado GROWTH; tendencia 100%; volatilidad anualizada 12.6%; drawdown a 252 sesiones -0.2%; exposición propuesta 175%.,HOLD
2012-01-27,1.0,0.1001027038260858,-0.0004964431589753,0.0305299314552067,1.0,0.0,0.0,1.0,0.0,0.7999999999999999,conservative,Conservador,1.15,GROWTH,1.0,Estado GROWTH; tendencia 100%; volatilidad anualizada 10.0%; drawdown a 252 sesiones -0.0%; exposición propuesta 115%.,HOLD,balanced,Equilibrado,1.5,VOLATILITY_MANAGED,1.0,Estado VOLATILITY_MANAGED; tendencia 100%; volatilidad anualizada 10.0%; drawdown a 252 sesiones -0.0%; exposición propuesta 150%.,HOLD,aggressive,Agresivo,1.75,GROWTH,1.0,Estado GROWTH; tendencia 100%; volatilidad anualizada 10.0%; drawdown a 252 sesiones -0.0%; exposición propuesta 175%.,HOLD
2012-02-03,1.0,0.0876254540573347,0.0,0.0263045315112986,1.0,0.0,0.0,1.0,0.0,0.7999999999999999,conservative,Conservador,1.15,GROWTH,1.0,Estado GROWTH; tendencia 100%; volatilidad anualizada 8.8%; drawdown a 252 sesiones 0.0%; exposición propuesta 115%.,HOLD,balanced,Equilibrado,1.5,VOLATILITY_MANAGED,1.0,Estado VOLATILITY_MANAGED; tendencia 100%; volatilidad anualizada 8.8%; drawdown a 252 sesiones 0.0%; exposición propuesta 150%.,HOLD,aggressive,Agresivo,1.75,GROWTH,1.0,Estado GROWTH; tendencia 100%; volatilidad anualizada 8.8%; drawdown a 252 sesiones 0.0%; exposición propuesta 175%.,HOLD
2012-02-10,1.0,0.0938985192305044,-0.0069944761389793,0.0324261828709158,1.0,0.0,0.0,1.0,0.0,0.7999999999999999,conservative,Conservador,1.15,GROWTH,1.0,Estado GROWTH; tendencia 100%; volatilidad anualizada 9.4%; drawdown a 252 sesiones -0.7%; exposición propuesta 115%.,HOLD,balanced,Equilibrado,1.5,VOLATILITY_MANAGED,1.0,Estado VOLATILITY_MANAGED; tendencia 100%; volatilidad anualizada 9.4%; drawdown a 252 sesiones -0.7%; exposición propuesta 150%.,HOLD,aggressive,Agresivo,1.75,GROWTH,1.0,Estado GROWTH; tendencia 100%; volatilidad anualizada 9.4%; drawdown a 252 sesiones -0.7%; exposición propuesta 175%.,HOLD
2012-02-17,1.0,0.0991929900840994,-0.0031431097074995,0.0274338221207457,1.0,0.0,0.0,1.0,0.0,0.7999999999999999,conservative,Conservador,1.15,GROWTH,1.0,Estado GROWTH; tendencia 100%; volatilidad anualizada 9.9%; drawdown a 252 sesiones -0.3%; exposición propuesta 115%.,HOLD,balanced,Equilibrado,1.5,VOLATILITY_MANAGED,1.0,Estado VOLATILITY_MANAGED; tendencia 100%; volatilidad anualizada 9.9%; drawdown a 252 sesiones -0.3%; exposición propuesta 150%.,HOLD,aggressive,Agresivo,1.75,GROWTH,1.0,Estado GROWTH; tendencia 100%; volatilidad anualizada 9.9%; drawdown a 252 sesiones -0.3%; exposición propuesta 175%.,HOLD
2012-02-24,1.0,0.0927363502763863,0.0,0.0238129504568354,1.0,0.0,0.0,1.0,0.0,0.7999999999999999,conservative,Conservador,1.15,GROWTH,1.0,Estado GROWTH; tendencia 100%; volatilidad anualizada 9.3%; drawdown a 252 sesiones 0.0%; exposición propuesta 115%.,HOLD,balanced,Equilibrado,1.5,VOLATILITY_MANAGED,1.0,Estado VOLATILITY_MANAGED; tendencia 100%; volatilidad anualizada 9.3%; drawdown a 252 sesiones 0.0%; exposición propuesta 150%.,HOLD,aggressive,Agresivo,1.75,GROWTH,1.0,Estado GROWTH; tendencia 100%; volatilidad anualizada 9.3%; drawdown a 252 sesiones 0.0%; exposición propuesta 175%.,HOLD
2012-03-02,1.0,0.1005874600938695,-0.0007703798536078,0.0248982851595374,1.0,0.0,0.0,1.0,0.0,0.7999999999999999,conservative,Conservador,1.15,GROWTH,1.0,Estado GROWTH; tendencia 100%; volatilidad anualizada 10.1%; drawdown a 252 sesiones -0.1%; exposición propuesta 115%.,HOLD,balanced,Equilibrado,1.5,VOLATILITY_MANAGED,1.0,Estado VOLATILITY_MANAGED; tendencia 100%; volatilidad anualizada 10.1%; drawdown a 252 sesiones -0.1%; exposición propuesta 150%.,HOLD,aggressive,Agresivo,1.75,GROWTH,1.0,Estado GROWTH; tendencia 100%; volatilidad anualizada 10.1%; drawdown a 252 sesiones -0.1%; exposición propuesta 175%.,HOLD
2012-03-09,1.0,0.1151851435560362,0.0,0.0172127623444766,1.0,0.0,0.0,1.0,0.0,0.7999999999999999,conservative,Conservador,1.15,GROWTH,1.0,Estado GROWTH; tendencia 100%; volatilidad anualizada 11.5%; drawdown a 252 sesiones 0.0%; exposición propuesta 115%.,HOLD,balanced,Equilibrado,1.5,VOLATILITY_MANAGED,1.0,Estado VOLATILITY_MANAGED; tendencia 100%; volatilidad anualizada 11.5%; drawdown a 252 sesiones 0.0%; exposición propuesta 150%.,HOLD,aggressive,Agresivo,1.75,GROWTH,1.0,Estado GROWTH; tendencia 100%; volatilidad anualizada 11.5%; drawdown a 252 sesiones 0.0%; exposición propuesta 175%.,HOLD
2012-03-16,1.0,0.1114759941087393,-0.0007059562072437,0.0114356539285203,1.0,0.0,0.0,1.0,0.0,0.7999999999999999,conservative,Conservador,1.15,GROWTH,1.0,Estado GROWTH; tendencia 100%; volatilidad anualizada 11.1%; drawdown a 252 sesiones -0.1%; exposición propuesta 115%.,HOLD,balanced,Equilibrado,1.5,VOLATILITY_MANAGED,1.0,Estado VOLATILITY_MANAGED; tendencia 100%; volatilidad anualizada 11.1%; drawdown a 252 sesiones -0.1%; exposición propuesta 150%.,HOLD,aggressive,Agresivo,1.75,GROWTH,1.0,Estado GROWTH; tendencia 100%; volatilidad anualizada 11.1%; drawdown a 252 sesiones -0.1%; exposición propuesta 175%.,HOLD
2012-03-23,1.0,0.1089509148805316,-0.0026817905808672,0.0240349666898493,1.0,0.0,0.0,1.0,0.0,0.7999999999999999,conservative,Conservador,1.15,GROWTH,1.0,Estado GROWTH; tendencia 100%; volatilidad anualizada 10.9%; drawdown a 252 sesiones -0.3%; exposición propuesta 115%.,HOLD,balanced,Equilibrado,1.5,VOLATILITY_MANAGED,1.0,Estado VOLATILITY_MANAGED; tendencia 100%; volatilidad anualizada 10.9%; drawdown a 252 sesiones -0.3%; exposición propuesta 150%.,HOLD,aggressive,Agresivo,1.75,GROWTH,1.0,Estado GROWTH; tendencia 100%; volatilidad anualizada 10.9%; drawdown a 252 sesiones -0.3%; exposición propuesta 175%.,HOLD
2012-03-30,1.0,0.1191742077158833,-0.0096758846001033,0.0130970777572734,1.0,0.0,0.0,1.0,0.0,0.7999999999999999,conservative,Conservador,1.15,GROWTH,1.0,Estado GROWTH; tendencia 100%; volatilidad anualizada 11.9%; drawdown a 252 sesiones -1.0%; exposición propuesta 115%.,HOLD,balanced,Equilibrado,1.5,VOLATILITY_MANAGED,1.0,Estado VOLATILITY_MANAGED; tendencia 100%; volatilidad anualizada 11.9%; drawdown a 252 sesiones -1.0%; exposición propuesta 150%.,HOLD,aggressive,Agresivo,1.75,GROWTH,1.0,Estado GROWTH; tendencia 100%; volatilidad anualizada 11.9%; drawdown a 252 sesiones -1.0%; exposición propuesta 175%.,HOLD
2012-04-06,1.0,0.1191742077158833,-0.0096758846001033,0.0130970777572734,1.0,0.0,0.0,1.0,0.0,0.7999999999999999,conservative,Conservador,1.15,GROWTH,1.0,Estado GROWTH; tendencia 100%; volatilidad anualizada 11.9%; drawdown a 252 sesiones -1.0%; exposición propuesta 115%.,HOLD,balanced,Equilibrado,1.5,VOLATILITY_MANAGED,1.0,Estado VOLATILITY_MANAGED; tendencia 100%; volatilidad anualizada 11.9%; drawdown a 252 sesiones -1.0%; exposición propuesta 150%.,HOLD,aggressive,Agresivo,1.75,GROWTH,1.0,Estado GROWTH; tendencia 100%; volatilidad anualizada 11.9%; drawdown a 252 sesiones -1.0%; exposición propuesta 175%.,HOLD
2012-04-13,0.8,0.1377409109310578,-0.0301831538153466,0.0155059712238811,0.6000000000000001,0.0,0.0,1.0,0.0,0.52,conservative,Conservador,1.15,GROWTH,0.8,Estado GROWTH; tendencia 80%; volatilidad anualizada 13.8%; drawdown a 252 sesiones -3.0%; exposición propuesta 115%.,HOLD,balanced,Equilibrado,1.5,VOLATILITY_MANAGED,0.8,Estado VOLATILITY_MANAGED; tendencia 80%; volatilidad anualizada 13.8%; drawdown a 252 sesiones -3.0%; exposición propuesta 150%.,HOLD,aggressive,Agresivo,1.75,GROWTH,0.8,Estado GROWTH; tendencia 80%; volatilidad anualizada 13.8%; drawdown a 252 sesiones -3.0%; exposición propuesta 175%.,HOLD
2012-04-20,0.8,0.1642925008274288,-0.0376554267746782,-0.0104284721660156,0.6000000000000001,0.0,0.0,-1.0,0.0,0.32000000000000006,conservative,Conservador,1.15,GROWTH,0.8,Estado GROWTH; tendencia 80%; volatilidad anualizada 16.4%; drawdown a 252 sesiones -3.8%; exposición propuesta 115%.,HOLD,balanced,Equilibrado,1.5,VOLATILITY_MANAGED,0.8,Estado VOLATILITY_MANAGED; tendencia 80%; volatilidad anualizada 16.4%; drawdown a 252 sesiones -3.8%; exposición propuesta 150%.,HOLD,aggressive,Agresivo,1.75,GROWTH,0.8,Estado GROWTH; tendencia 80%; volatilidad anualizada 16.4%; drawdown a 252 sesiones -3.8%; exposición propuesta 175%.,HOLD
2012-04-27,0.8,0.1857488886969261,-0.0147989061906244,-0.0076427767612681,0.6000000000000001,0.0,0.0,-1.0,0.0,0.32000000000000006,conservative,Conservador,1.15,GROWTH,0.8,Estado GROWTH; tendencia 80%; volatilidad anualizada 18.6%; drawdown a 252 sesiones -1.5%; exposición propuesta 115%.,HOLD,balanced,Equilibrado,1.5,VOLATILITY_MANAGED,0.8,Estado VOLATILITY_MANAGED; tendencia 80%; volatilidad anualizada 18.6%; drawdown a 252 sesiones -1.5%; exposición propuesta 150%.,HOLD,aggressive,Agresivo,1.75,GROWTH,0.8,Estado GROWTH; tendencia 80%; volatilidad anualizada 18.6%; drawdown a 252 sesiones -1.5%; exposición propuesta 175%.,HOLD
2012-05-04,0.6,0.1982029355800979,-0.0520149474549187,-0.0246374506388438,0.19999999999999996,0.0,0.0,-1.0,0.0,0.03999999999999995,conservative,Conservador,1.15,GROWTH,0.6,Estado GROWTH; tendencia 60%; volatilidad anualizada 19.8%; drawdown a 252 sesiones -5.2%; exposición propuesta 115%.,HOLD,balanced,Equilibrado,1.5,VOLATILITY_MANAGED,0.6,Estado VOLATILITY_MANAGED; tendencia 60%; volatilidad anualizada 19.8%; drawdown a 252 sesiones -5.2%; exposición propuesta 150%.,HOLD,aggressive,Agresivo,1.75,GROWTH,0.6,Estado GROWTH; tendencia 60%; volatilidad anualizada 19.8%; drawdown a 252 sesiones -5.2%; exposición propuesta 175%.,HOLD
2012-05-11,0.6,0.1763208551961774,-0.05963374549018,-0.0192102153024585,0.19999999999999996,0.0,0.0,-1.0,0.0,0.03999999999999995,conservative,Conservador,1.15,GROWTH,0.6,Estado GROWTH; tendencia 60%; volatilidad anualizada 17.6%; drawdown a 252 sesiones -6.0%; exposición propuesta 115%.,HOLD,balanced,Equilibrado,1.5,VOLATILITY_MANAGED,0.6,Estado VOLATILITY_MANAGED; tendencia 60%; volatilidad anualizada 17.6%; drawdown a 252 sesiones -6.0%; exposición propuesta 150%.,HOLD,aggressive,Agresivo,1.75,GROWTH,0.6,Estado GROWTH; tendencia 60%; volatilidad anualizada 17.6%; drawdown a 252 sesiones -6.0%; exposición propuesta 175%.,HOLD
2012-05-18,0.4,0.1700981953758636,-0.10901092538269,-0.0146333008161469,-0.19999999999999996,0.0,0.0,-1.0,0.0,-0.23999999999999996,conservative,Conservador,0.7,DEFENSIVE,0.6,Estado DEFENSIVE; tendencia 40%; volatilidad anualizada 17.0%; drawdown a 252 sesiones -10.9%; exposición propuesta 70%.,REDUCE,balanced,Equilibrado,0.7,DEFENSIVE,0.6,Estado DEFENSIVE; tendencia 40%; volatilidad anualizada 17.0%; drawdown a 252 sesiones -10.9%; exposición propuesta 70%.,REDUCE,aggressive,Agresivo,0.7,DEFENSIVE,0.6,Estado DEFENSIVE; tendencia 40%; volatilidad anualizada 17.0%; drawdown a 252 sesiones -10.9%; exposición propuesta 70%.,REDUCE
2012-05-25,0.4,0.1669187840777972,-0.0905494614460399,-0.0178383528931465,-0.19999999999999996,0.0,0.0,-1.0,0.0,-0.23999999999999996,conservative,Conservador,0.7,DEFENSIVE,0.6,Estado DEFENSIVE; tendencia 40%; volatilidad anualizada 16.7%; drawdown a 252 sesiones -9.1%; exposición propuesta 70%.,HOLD,balanced,Equilibrado,0.7,DEFENSIVE,0.6,Estado DEFENSIVE; tendencia 40%; volatilidad anualizada 16.7%; drawdown a 252 sesiones -9.1%; exposición propuesta 70%.,HOLD,aggressive,Agresivo,0.7,DEFENSIVE,0.6,Estado DEFENSIVE; tendencia 40%; volatilidad anualizada 16.7%; drawdown a 252 sesiones -9.1%; exposición propuesta 70%.,HOLD
2012-06-01,0.4,0.1917140093071105,-0.1148721181372811,-0.0098846737334192,-0.19999999999999996,0.0,0.0,-1.0,0.0,-0.23999999999999996,conservative,Conservador,0.7,DEFENSIVE,0.6,Estado DEFENSIVE; tendencia 40%; volatilidad anualizada 19.2%; drawdown a 252 sesiones -11.5%; exposición propuesta 70%.,HOLD,balanced,Equilibrado,0.7,DEFENSIVE,0.6,Estado DEFENSIVE; tendencia 40%; volatilidad anualizada 19.2%; drawdown a 252 sesiones -11.5%; exposición propuesta 70%.,HOLD,aggressive,Agresivo,0.7,DEFENSIVE,0.6,Estado DEFENSIVE; tendencia 40%; volatilidad anualizada 19.2%; drawdown a 252 sesiones -11.5%; exposición propuesta 70%.,HOLD
2012-06-08,0.4,0.207276625448507,-0.0788280245238834,0.0009029475821568,-0.19999999999999996,0.0,0.0,1.0,0.0,-0.03999999999999995,conservative,Conservador,0.7,DEFENSIVE,0.6,Estado DEFENSIVE; tendencia 40%; volatilidad anualizada 20.7%; drawdown a 252 sesiones -7.9%; exposición propuesta 70%.,HOLD,balanced,Equilibrado,0.7,DEFENSIVE,0.6,Estado DEFENSIVE; tendencia 40%; volatilidad anualizada 20.7%; drawdown a 252 sesiones -7.9%; exposición propuesta 70%.,HOLD,aggressive,Agresivo,0.7,DEFENSIVE,0.6,Estado DEFENSIVE; tendencia 40%; volatilidad anualizada 20.7%; drawdown a 252 sesiones -7.9%; exposición propuesta 70%.,HOLD
2012-06-15,0.6,0.2085572653601385,-0.0749485565446086,-0.0056271374301524,0.19999999999999996,0.0,0.0,-1.0,0.0,0.03999999999999995,conservative,Conservador,1.15,GROWTH,0.6,Estado GROWTH; tendencia 60%; volatilidad anualizada 20.9%; drawdown a 252 sesiones -7.5%; exposición propuesta 115%.,INCREASE,balanced,Equilibrado,1.5,VOLATILITY_MANAGED,0.6,Estado VOLATILITY_MANAGED; tendencia 60%; volatilidad anualizada 20.9%; drawdown a 252 sesiones -7.5%; exposición propuesta 150%.,INCREASE,aggressive,Agresivo,1.75,GROWTH,0.6,Estado GROWTH; tendencia 60%; volatilidad anualizada 20.9%; drawdown a 252 sesiones -7.5%; exposición propuesta 175%.,INCREASE
2012-06-22,0.6,0.2065061012069291,-0.0696616383754802,0.0094151136584721,0.19999999999999996,0.0,0.0,1.0,0.0,0.23999999999999996,conservative,Conservador,1.15,GROWTH,0.6,Estado GROWTH; tendencia 60%; volatilidad anualizada 20.7%; drawdown a 252 sesiones -7.0%; exposición propuesta 115%.,HOLD,balanced,Equilibrado,1.5,VOLATILITY_MANAGED,0.6,Estado VOLATILITY_MANAGED; tendencia 60%; volatilidad anualizada 20.7%; drawdown a 252 sesiones -7.0%; exposición propuesta 150%.,HOLD,aggressive,Agresivo,1.75,GROWTH,0.6,Estado GROWTH; tendencia 60%; volatilidad anualizada 20.7%; drawdown a 252 sesiones -7.0%; exposición propuesta 175%.,HOLD
2012-06-29,0.8,0.2196582712492363,-0.0577659143971036,-0.0029386696975988,0.6000000000000001,0.0,0.0,-1.0,0.0,0.32000000000000006,conservative,Conservador,1.15,GROWTH,0.8,Estado GROWTH; tendencia 80%; volatilidad anualizada 22.0%; drawdown a 252 sesiones -5.8%; exposición propuesta 115%.,HOLD,balanced,Equilibrado,1.5,VOLATILITY_MANAGED,0.8,Estado VOLATILITY_MANAGED; tendencia 80%; volatilidad anualizada 22.0%; drawdown a 252 sesiones -5.8%; exposición propuesta 150%.,HOLD,aggressive,Agresivo,1.75,GROWTH,0.8,Estado GROWTH; tendencia 80%; volatilidad anualizada 22.0%; drawdown a 252 sesiones -5.8%; exposición propuesta 175%.,HOLD
2012-07-06,0.8,0.2126586426241089,-0.0583536589183337,0.0007088341782361,0.6000000000000001,0.0,0.0,1.0,0.0,0.52,conservative,Conservador,1.15,GROWTH,0.8,Estado GROWTH; tendencia 80%; volatilidad anualizada 21.3%; drawdown a 252 sesiones -5.8%; exposición propuesta 115%.,HOLD,balanced,Equilibrado,1.5,VOLATILITY_MANAGED,0.8,Estado VOLATILITY_MANAGED; tendencia 80%; volatilidad anualizada 21.3%; drawdown a 252 sesiones -5.8%; exposición propuesta 150%.,HOLD,aggressive,Agresivo,1.75,GROWTH,0.8,Estado GROWTH; tendencia 80%; volatilidad anualizada 21.3%; drawdown a 252 sesiones -5.8%; exposición propuesta 175%.,HOLD
2012-07-13,0.8,0.2095148315956571,-0.0692211777998004,-0.0036598358482542,0.6000000000000001,0.0,0.0,-1.0,0.0,0.32000000000000006,conservative,Conservador,1.15,GROWTH,0.8,Estado GROWTH; tendencia 80%; volatilidad anualizada 21.0%; drawdown a 252 sesiones -6.9%; exposición propuesta 115%.,HOLD,balanced,Equilibrado,1.5,VOLATILITY_MANAGED,0.8,Estado VOLATILITY_MANAGED; tendencia 80%; volatilidad anualizada 21.0%; drawdown a 252 sesiones -6.9%; exposición propuesta 150%.,HOLD,aggressive,Agresivo,1.75,GROWTH,0.8,Estado GROWTH; tendencia 80%; volatilidad anualizada 21.0%; drawdown a 252 sesiones -6.9%; exposición propuesta 175%.,HOLD
2012-07-20,0.8,0.1941296166593132,-0.0565912474633992,-0.0057041123164818,0.6000000000000001,0.0,0.0,-1.0,0.0,0.32000000000000006,conservative,Conservador,1.15,GROWTH,0.8,Estado GROWTH; tendencia 80%; volatilidad anualizada 19.4%; drawdown a 252 sesiones -5.7%; exposición propuesta 115%.,HOLD,balanced,Equilibrado,1.5,VOLATILITY_MANAGED,0.8,Estado VOLATILITY_MANAGED; tendencia 80%; volatilidad anualizada 19.4%; drawdown a 252 sesiones -5.7%; exposición propuesta 150%.,HOLD,aggressive,Agresivo,1.75,GROWTH,0.8,Estado GROWTH; tendencia 80%; volatilidad anualizada 19.4%; drawdown a 252 sesiones -5.7%; exposición propuesta 175%.,HOLD
2012-07-27,0.8,0.2023871890581346,-0.0473394884826673,-0.0014298022356942,0.6000000000000001,0.0,0.0,-1.0,0.0,0.32000000000000006,conservative,Conservador,1.15,GROWTH,0.8,Estado GROWTH; tendencia 80%; volatilidad anualizada 20.2%; drawdown a 252 sesiones -4.7%; exposición propuesta 115%.,HOLD,balanced,Equilibrado,1.5,VOLATILITY_MANAGED,0.8,Estado VOLATILITY_MANAGED; tendencia 80%; volatilidad anualizada 20.2%; drawdown a 252 sesiones -4.7%; exposición propuesta 150%.,HOLD,aggressive,Agresivo,1.75,GROWTH,0.8,Estado GROWTH; tendencia 80%; volatilidad anualizada 20.2%; drawdown a 252 sesiones -4.7%; exposición propuesta 175%.,HOLD
2012-08-03,1.0,0.1749425649837045,-0.0366188741119407,-0.0054076949539836,1.0,0.0,0.0,-1.0,0.0,0.6,conservative,Conservador,1.15,GROWTH,1.0,Estado GROWTH; tendencia 100%; volatilidad anualizada 17.5%; drawdown a 252 sesiones -3.7%; exposición propuesta 115%.,HOLD,balanced,Equilibrado,1.5,VOLATILITY_MANAGED,1.0,Estado VOLATILITY_MANAGED; tendencia 100%; volatilidad anualizada 17.5%; drawdown a 252 sesiones -3.7%; exposición propuesta 150%.,HOLD,aggressive,Agresivo,1.75,GROWTH,1.0,Estado GROWTH; tendencia 100%; volatilidad anualizada 17.5%; drawdown a 252 sesiones -3.7%; exposición propuesta 175%.,HOLD
2012-08-10,1.0,0.1576878366912373,-0.0181146605199913,0.0174118966354419,1.0,0.0,0.0,1.0,0.0,0.7999999999999999,conservative,Conservador,1.15,GROWTH,1.0,Estado GROWTH; tendencia 100%; volatilidad anualizada 15.8%; drawdown a 252 sesiones -1.8%; exposición propuesta 115%.,HOLD,balanced,Equilibrado,1.5,VOLATILITY_MANAGED,1.0,Estado VOLATILITY_MANAGED; tendencia 100%; volatilidad anualizada 15.8%; drawdown a 252 sesiones -1.8%; exposición propuesta 150%.,HOLD,aggressive,Agresivo,1.75,GROWTH,1.0,Estado GROWTH; tendencia 100%; volatilidad anualizada 15.8%; drawdown a 252 sesiones -1.8%; exposición propuesta 175%.,HOLD
2012-08-17,1.0,0.1404401775213562,0.0,0.0216709925751403,1.0,0.0,0.0,1.0,0.0,0.7999999999999999,conservative,Conservador,1.15,GROWTH,1.0,Estado GROWTH; tendencia 100%; volatilidad anualizada 14.0%; drawdown a 252 sesiones 0.0%; exposición propuesta 115%.,HOLD,balanced,Equilibrado,1.5,VOLATILITY_MANAGED,1.0,Estado VOLATILITY_MANAGED; tendencia 100%; volatilidad anualizada 14.0%; drawdown a 252 sesiones 0.0%; exposición propuesta 150%.,HOLD,aggressive,Agresivo,1.75,GROWTH,1.0,Estado GROWTH; tendencia 100%; volatilidad anualizada 14.0%; drawdown a 252 sesiones 0.0%; exposición propuesta 175%.,HOLD
2012-08-24,1.0,0.0961597664208903,-0.0020454799455494,0.0323145700573594,1.0,0.0,0.0,1.0,0.0,0.7999999999999999,conservative,Conservador,1.15,GROWTH,1.0,Estado GROWTH; tendencia 100%; volatilidad anualizada 9.6%; drawdown a 252 sesiones -0.2%; exposición propuesta 115%.,HOLD,balanced,Equilibrado,1.5,VOLATILITY_MANAGED,1.0,Estado VOLATILITY_MANAGED; tendencia 100%; volatilidad anualizada 9.6%; drawdown a 252 sesiones -0.2%; exposición propuesta 150%.,HOLD,aggressive,Agresivo,1.75,GROWTH,1.0,Estado GROWTH; tendencia 100%; volatilidad anualizada 9.6%; drawdown a 252 sesiones -0.2%; exposición propuesta 175%.,HOLD
2012-08-31,1.0,0.0833921169101953,-0.0039454699777283,0.0260357113986571,1.0,0.0,0.0,1.0,0.0,0.7999999999999999,conservative,Conservador,1.15,GROWTH,1.0,Estado GROWTH; tendencia 100%; volatilidad anualizada 8.3%; drawdown a 252 sesiones -0.4%; exposición propuesta 115%.,HOLD,balanced,Equilibrado,1.5,VOLATILITY_MANAGED,1.0,Estado VOLATILITY_MANAGED; tendencia 100%; volatilidad anualizada 8.3%; drawdown a 252 sesiones -0.4%; exposición propuesta 150%.,HOLD,aggressive,Agresivo,1.75,GROWTH,1.0,Estado GROWTH; tendencia 100%; volatilidad anualizada 8.3%; drawdown a 252 sesiones -0.4%; exposición propuesta 175%.,HOLD
2012-09-07,1.0,0.1082781074611882,-0.0014382607839367,0.0126047140794054,1.0,0.0,0.0,1.0,0.0,0.7999999999999999,conservative,Conservador,1.15,GROWTH,1.0,Estado GROWTH; tendencia 100%; volatilidad anualizada 10.8%; drawdown a 252 sesiones -0.1%; exposición propuesta 115%.,HOLD,balanced,Equilibrado,1.5,VOLATILITY_MANAGED,1.0,Estado VOLATILITY_MANAGED; tendencia 100%; volatilidad anualizada 10.8%; drawdown a 252 sesiones -0.1%; exposición propuesta 150%.,HOLD,aggressive,Agresivo,1.75,GROWTH,1.0,Estado GROWTH; tendencia 100%; volatilidad anualizada 10.8%; drawdown a 252 sesiones -0.1%; exposición propuesta 175%.,HOLD
2012-09-14,1.0,0.1257657281790677,0.0,-0.0052185060966365,1.0,0.0,0.0,-1.0,0.0,0.6,conservative,Conservador,1.15,GROWTH,1.0,Estado GROWTH; tendencia 100%; volatilidad anualizada 12.6%; drawdown a 252 sesiones 0.0%; exposición propuesta 115%.,HOLD,balanced,Equilibrado,1.5,VOLATILITY_MANAGED,1.0,Estado VOLATILITY_MANAGED; tendencia 100%; volatilidad anualizada 12.6%; drawdown a 252 sesiones 0.0%; exposición propuesta 150%.,HOLD,aggressive,Agresivo,1.75,GROWTH,1.0,Estado GROWTH; tendencia 100%; volatilidad anualizada 12.6%; drawdown a 252 sesiones 0.0%; exposición propuesta 175%.,HOLD
2012-09-21,1.0,0.1186440964648022,-0.0007094176756203,-0.0060341690662211,1.0,0.0,0.0,-1.0,0.0,0.6,conservative,Conservador,1.15,GROWTH,1.0,Estado GROWTH; tendencia 100%; volatilidad anualizada 11.9%; drawdown a 252 sesiones -0.1%; exposición propuesta 115%.,HOLD,balanced,Equilibrado,1.5,VOLATILITY_MANAGED,1.0,Estado VOLATILITY_MANAGED; tendencia 100%; volatilidad anualizada 11.9%; drawdown a 252 sesiones -0.1%; exposición propuesta 150%.,HOLD,aggressive,Agresivo,1.75,GROWTH,1.0,Estado GROWTH; tendencia 100%; volatilidad anualizada 11.9%; drawdown a 252 sesiones -0.1%; exposición propuesta 175%.,HOLD
2012-09-28,1.0,0.1423504540908164,-0.023216638468568,-0.0146510617148416,1.0,0.0,0.0,-1.0,0.0,0.6,conservative,Conservador,1.15,GROWTH,1.0,Estado GROWTH; tendencia 100%; volatilidad anualizada 14.2%; drawdown a 252 sesiones -2.3%; exposición propuesta 115%.,HOLD,balanced,Equilibrado,1.5,VOLATILITY_MANAGED,1.0,Estado VOLATILITY_MANAGED; tendencia 100%; volatilidad anualizada 14.2%; drawdown a 252 sesiones -2.3%; exposición propuesta 150%.,HOLD,aggressive,Agresivo,1.75,GROWTH,1.0,Estado GROWTH; tendencia 100%; volatilidad anualizada 14.2%; drawdown a 252 sesiones -2.3%; exposición propuesta 175%.,HOLD
2012-10-05,0.8,0.1203239034075558,-0.0173764513457405,-0.0215940327427949,0.6000000000000001,0.0,0.0,-1.0,0.0,0.32000000000000006,conservative,Conservador,1.15,GROWTH,0.8,Estado GROWTH; tendencia 80%; volatilidad anualizada 12.0%; drawdown a 252 sesiones -1.7%; exposición propuesta 115%.,HOLD,balanced,Equilibrado,1.5,VOLATILITY_MANAGED,0.8,Estado VOLATILITY_MANAGED; tendencia 80%; volatilidad anualizada 12.0%; drawdown a 252 sesiones -1.7%; exposición propuesta 150%.,HOLD,aggressive,Agresivo,1.75,GROWTH,0.8,Estado GROWTH; tendencia 80%; volatilidad anualizada 12.0%; drawdown a 252 sesiones -1.7%; exposición propuesta 175%.,HOLD
2012-10-12,0.6,0.110021986484754,-0.0501397671485421,-0.0227991703382046,0.19999999999999996,0.0,0.0,-1.0,0.0,0.03999999999999995,conservative,Conservador,1.15,GROWTH,0.6,Estado GROWTH; tendencia 60%; volatilidad anualizada 11.0%; drawdown a 252 sesiones -5.0%; exposición propuesta 115%.,HOLD,balanced,Equilibrado,1.5,VOLATILITY_MANAGED,0.6,Estado VOLATILITY_MANAGED; tendencia 60%; volatilidad anualizada 11.0%; drawdown a 252 sesiones -5.0%; exposición propuesta 150%.,HOLD,aggressive,Agresivo,1.75,GROWTH,0.6,Estado GROWTH; tendencia 60%; volatilidad anualizada 11.0%; drawdown a 252 sesiones -5.0%; exposición propuesta 175%.,HOLD
2012-10-19,0.6,0.1533367254025293,-0.0643845780255458,-0.0467193809513015,0.19999999999999996,0.0,0.0,-1.0,0.0,0.03999999999999995,conservative,Conservador,1.15,GROWTH,0.6,Estado GROWTH; tendencia 60%; volatilidad anualizada 15.3%; drawdown a 252 sesiones -6.4%; exposición propuesta 115%.,HOLD,balanced,Equilibrado,1.5,VOLATILITY_MANAGED,0.6,Estado VOLATILITY_MANAGED; tendencia 60%; volatilidad anualizada 15.3%; drawdown a 252 sesiones -6.4%; exposición propuesta 150%.,HOLD,aggressive,Agresivo,1.75,GROWTH,0.6,Estado GROWTH; tendencia 60%; volatilidad anualizada 15.3%; drawdown a 252 sesiones -6.4%; exposición propuesta 175%.,HOLD
2012-10-26,0.6,0.1388631800108138,-0.0690858310976706,-0.0287616002342375,0.19999999999999996,0.0,0.0,-1.0,0.0,0.03999999999999995,conservative,Conservador,1.15,GROWTH,0.6,Estado GROWTH; tendencia 60%; volatilidad anualizada 13.9%; drawdown a 252 sesiones -6.9%; exposición propuesta 115%.,HOLD,balanced,Equilibrado,1.5,VOLATILITY_MANAGED,0.6,Estado VOLATILITY_MANAGED; tendencia 60%; volatilidad anualizada 13.9%; drawdown a 252 sesiones -6.9%; exposición propuesta 150%.,HOLD,aggressive,Agresivo,1.75,GROWTH,0.6,Estado GROWTH; tendencia 60%; volatilidad anualizada 13.9%; drawdown a 252 sesiones -6.9%; exposición propuesta 175%.,HOLD
2012-11-02,0.4,0.1500819831773224,-0.0716502065617772,-0.0326811221852126,-0.19999999999999996,0.0,0.0,-1.0,0.0,-0.23999999999999996,conservative,Conservador,0.7,DEFENSIVE,0.6,Estado DEFENSIVE; tendencia 40%; volatilidad anualizada 15.0%; drawdown a 252 sesiones -7.2%; exposición propuesta 70%.,REDUCE,balanced,Equilibrado,0.7,DEFENSIVE,0.6,Estado DEFENSIVE; tendencia 40%; volatilidad anualizada 15.0%; drawdown a 252 sesiones -7.2%; exposición propuesta 70%.,REDUCE,aggressive,Agresivo,0.7,DEFENSIVE,0.6,Estado DEFENSIVE; tendencia 40%; volatilidad anualizada 15.0%; drawdown a 252 sesiones -7.2%; exposición propuesta 70%.,REDUCE
2012-11-09,0.2,0.1705549667702778,-0.096436212964764,-0.016417774625993,-0.6,0.0,0.0,-1.0,0.0,-0.52,conservative,Conservador,0.7,DEFENSIVE,0.8,Estado DEFENSIVE; tendencia 20%; volatilidad anualizada 17.1%; drawdown a 252 sesiones -9.6%; exposición propuesta 70%.,HOLD,balanced,Equilibrado,0.7,DEFENSIVE,0.8,Estado DEFENSIVE; tendencia 20%; volatilidad anualizada 17.1%; drawdown a 252 sesiones -9.6%; exposición propuesta 70%.,HOLD,aggressive,Agresivo,0.7,DEFENSIVE,0.8,Estado DEFENSIVE; tendencia 20%; volatilidad anualizada 17.1%; drawdown a 252 sesiones -9.6%; exposición propuesta 70%.,HOLD
2012-11-16,0.0,0.1587085358589351,-0.1125332902715947,-0.0176641693929601,-1.0,0.0,0.0,-1.0,0.0,-0.7999999999999999,conservative,Conservador,0.7,DEFENSIVE,1.0,Estado DEFENSIVE; tendencia 0%; volatilidad anualizada 15.9%; drawdown a 252 sesiones -11.3%; exposición propuesta 70%.,HOLD,balanced,Equilibrado,0.7,DEFENSIVE,1.0,Estado DEFENSIVE; tendencia 0%; volatilidad anualizada 15.9%; drawdown a 252 sesiones -11.3%; exposición propuesta 70%.,HOLD,aggressive,Agresivo,0.7,DEFENSIVE,1.0,Estado DEFENSIVE; tendencia 0%; volatilidad anualizada 15.9%; drawdown a 252 sesiones -11.3%; exposición propuesta 70%.,HOLD
2012-11-23,0.2,0.1729168165538333,-0.0754959745837875,-0.0069984211163057,-0.6,0.0,0.0,-1.0,0.0,-0.52,conservative,Conservador,0.7,DEFENSIVE,0.8,Estado DEFENSIVE; tendencia 20%; volatilidad anualizada 17.3%; drawdown a 252 sesiones -7.5%; exposición propuesta 70%.,HOLD,balanced,Equilibrado,0.7,DEFENSIVE,0.8,Estado DEFENSIVE; tendencia 20%; volatilidad anualizada 17.3%; drawdown a 252 sesiones -7.5%; exposición propuesta 70%.,HOLD,aggressive,Agresivo,0.7,DEFENSIVE,0.8,Estado DEFENSIVE; tendencia 20%; volatilidad anualizada 17.3%; drawdown a 252 sesiones -7.5%; exposición propuesta 70%.,HOLD
2012-11-30,0.4,0.1684722835302551,-0.062675259440858,0.0036986869209569,-0.19999999999999996,0.0,0.0,1.0,0.0,-0.03999999999999995,conservative,Conservador,0.7,DEFENSIVE,0.6,Estado DEFENSIVE; tendencia 40%; volatilidad anualizada 16.8%; drawdown a 252 sesiones -6.3%; exposición propuesta 70%.,HOLD,balanced,Equilibrado,0.7,DEFENSIVE,0.6,Estado DEFENSIVE; tendencia 40%; volatilidad anualizada 16.8%; drawdown a 252 sesiones -6.3%; exposición propuesta 70%.,HOLD,aggressive,Agresivo,0.7,DEFENSIVE,0.6,Estado DEFENSIVE; tendencia 40%; volatilidad anualizada 16.8%; drawdown a 252 sesiones -6.3%; exposición propuesta 70%.,HOLD
2012-12-07,0.4,0.1333933063338068,-0.0750687213966683,-0.0036335510760743,-0.19999999999999996,0.0,0.0,-1.0,0.0,-0.23999999999999996,conservative,Conservador,0.7,DEFENSIVE,0.6,Estado DEFENSIVE; tendencia 40%; volatilidad anualizada 13.3%; drawdown a 252 sesiones -7.5%; exposición propuesta 70%.,HOLD,balanced,Equilibrado,0.7,DEFENSIVE,0.6,Estado DEFENSIVE; tendencia 40%; volatilidad anualizada 13.3%; drawdown a 252 sesiones -7.5%; exposición propuesta 70%.,HOLD,aggressive,Agresivo,0.7,DEFENSIVE,0.6,Estado DEFENSIVE; tendencia 40%; volatilidad anualizada 13.3%; drawdown a 252 sesiones -7.5%; exposición propuesta 70%.,HOLD
2012-12-14,0.4,0.1367753791661151,-0.0784876644022555,-0.0042807189131046,-0.19999999999999996,0.0,0.0,-1.0,0.0,-0.23999999999999996,conservative,Conservador,0.7,DEFENSIVE,0.6,Estado DEFENSIVE; tendencia 40%; volatilidad anualizada 13.7%; drawdown a 252 sesiones -7.8%; exposición propuesta 70%.,HOLD,balanced,Equilibrado,0.7,DEFENSIVE,0.6,Estado DEFENSIVE; tendencia 40%; volatilidad anualizada 13.7%; drawdown a 252 sesiones -7.8%; exposición propuesta 70%.,HOLD,aggressive,Agresivo,0.7,DEFENSIVE,0.6,Estado DEFENSIVE; tendencia 40%; volatilidad anualizada 13.7%; drawdown a 252 sesiones -7.8%; exposición propuesta 70%.,HOLD
2012-12-21,0.8,0.1270639995699037,-0.0660497338613289,-0.007134108271303,0.6000000000000001,0.0,0.0,-1.0,0.0,0.32000000000000006,conservative,Conservador,1.15,GROWTH,0.8,Estado GROWTH; tendencia 80%; volatilidad anualizada 12.7%; drawdown a 252 sesiones -6.6%; exposición propuesta 115%.,INCREASE,balanced,Equilibrado,1.5,VOLATILITY_MANAGED,0.8,Estado VOLATILITY_MANAGED; tendencia 80%; volatilidad anualizada 12.7%; drawdown a 252 sesiones -6.6%; exposición propuesta 150%.,INCREASE,aggressive,Agresivo,1.75,GROWTH,0.8,Estado GROWTH; tendencia 80%; volatilidad anualizada 12.7%; drawdown a 252 sesiones -6.6%; exposición propuesta 175%.,INCREASE
2012-12-28,0.0,0.127392491804847,-0.0863903497665246,-0.0192097861035693,-1.0,0.0,0.0,-1.0,0.0,-0.7999999999999999,conservative,Conservador,0.7,DEFENSIVE,1.0,Estado DEFENSIVE; tendencia 0%; volatilidad anualizada 12.7%; drawdown a 252 sesiones -8.6%; exposición propuesta 70%.,REDUCE,balanced,Equilibrado,0.7,DEFENSIVE,1.0,Estado DEFENSIVE; tendencia 0%; volatilidad anualizada 12.7%; drawdown a 252 sesiones -8.6%; exposición propuesta 70%.,REDUCE,aggressive,Agresivo,0.7,DEFENSIVE,1.0,Estado DEFENSIVE; tendencia 0%; volatilidad anualizada 12.7%; drawdown a 252 sesiones -8.6%; exposición propuesta 70%.,REDUCE
2013-01-04,0.8,0.1846068805923634,-0.0455658031075405,-0.0093794644780635,0.6000000000000001,0.0,0.0,-1.0,0.0,0.32000000000000006,conservative,Conservador,1.15,GROWTH,0.8,Estado GROWTH; tendencia 80%; volatilidad anualizada 18.5%; drawdown a 252 sesiones -4.6%; exposición propuesta 115%.,INCREASE,balanced,Equilibrado,1.5,VOLATILITY_MANAGED,0.8,Estado VOLATILITY_MANAGED; tendencia 80%; volatilidad anualizada 18.5%; drawdown a 252 sesiones -4.6%; exposición propuesta 150%.,INCREASE,aggressive,Agresivo,1.75,GROWTH,0.8,Estado GROWTH; tendencia 80%; volatilidad anualizada 18.5%; drawdown a 252 sesiones -4.6%; exposición propuesta 175%.,INCREASE
2013-01-11,1.0,0.1776442485871787,-0.0365413105203986,-0.0046618670066771,1.0,0.0,0.0,-1.0,0.0,0.6,conservative,Conservador,1.15,GROWTH,1.0,Estado GROWTH; tendencia 100%; volatilidad anualizada 17.8%; drawdown a 252 sesiones -3.7%; exposición propuesta 115%.,HOLD,balanced,Equilibrado,1.5,VOLATILITY_MANAGED,1.0,Estado VOLATILITY_MANAGED; tendencia 100%; volatilidad anualizada 17.8%; drawdown a 252 sesiones -3.7%; exposición propuesta 150%.,HOLD,aggressive,Agresivo,1.75,GROWTH,1.0,Estado GROWTH; tendencia 100%; volatilidad anualizada 17.8%; drawdown a 252 sesiones -3.7%; exposición propuesta 175%.,HOLD
2013-01-18,1.0,0.1591325214859081,-0.0392630081315731,-0.0174281135982359,1.0,0.0,0.0,-1.0,0.0,0.6,conservative,Conservador,1.15,GROWTH,1.0,Estado GROWTH; tendencia 100%; volatilidad anualizada 15.9%; drawdown a 252 sesiones -3.9%; exposición propuesta 115%.,HOLD,balanced,Equilibrado,1.5,VOLATILITY_MANAGED,1.0,Estado VOLATILITY_MANAGED; tendencia 100%; volatilidad anualizada 15.9%; drawdown a 252 sesiones -3.9%; exposición propuesta 150%.,HOLD,aggressive,Agresivo,1.75,GROWTH,1.0,Estado GROWTH; tendencia 100%; volatilidad anualizada 15.9%; drawdown a 252 sesiones -3.9%; exposición propuesta 175%.,HOLD
2013-01-25,1.0,0.1593519132044244,-0.0402656003992997,-0.0212045987789817,1.0,0.0,0.0,-1.0,0.0,0.6,conservative,Conservador,1.15,GROWTH,1.0,Estado GROWTH; tendencia 100%; volatilidad anualizada 15.9%; drawdown a 252 sesiones -4.0%; exposición propuesta 115%.,HOLD,balanced,Equilibrado,1.5,VOLATILITY_MANAGED,1.0,Estado VOLATILITY_MANAGED; tendencia 100%; volatilidad anualizada 15.9%; drawdown a 252 sesiones -4.0%; exposición propuesta 150%.,HOLD,aggressive,Agresivo,1.75,GROWTH,1.0,Estado GROWTH; tendencia 100%; volatilidad anualizada 15.9%; drawdown a 252 sesiones -4.0%; exposición propuesta 175%.,HOLD
2013-02-01,1.0,0.0859251175165367,-0.0308112244336219,-0.0256925543677126,1.0,0.0,0.0,-1.0,0.0,0.6,conservative,Conservador,1.15,GROWTH,1.0,Estado GROWTH; tendencia 100%; volatilidad anualizada 8.6%; drawdown a 252 sesiones -3.1%; exposición propuesta 115%.,HOLD,balanced,Equilibrado,1.5,VOLATILITY_MANAGED,1.0,Estado VOLATILITY_MANAGED; tendencia 100%; volatilidad anualizada 8.6%; drawdown a 252 sesiones -3.1%; exposición propuesta 150%.,HOLD,aggressive,Agresivo,1.75,GROWTH,1.0,Estado GROWTH; tendencia 100%; volatilidad anualizada 8.6%; drawdown a 252 sesiones -3.1%; exposición propuesta 175%.,HOLD
2013-02-08,1.0,0.1223948331588584,-0.0260848927921745,-0.0198838024669041,1.0,0.0,0.0,-1.0,0.0,0.6,conservative,Conservador,1.15,GROWTH,1.0,Estado GROWTH; tendencia 100%; volatilidad anualizada 12.2%; drawdown a 252 sesiones -2.6%; exposición propuesta 115%.,HOLD,balanced,Equilibrado,1.5,VOLATILITY_MANAGED,1.0,Estado VOLATILITY_MANAGED; tendencia 100%; volatilidad anualizada 12.2%; drawdown a 252 sesiones -2.6%; exposición propuesta 150%.,HOLD,aggressive,Agresivo,1.75,GROWTH,1.0,Estado GROWTH; tendencia 100%; volatilidad anualizada 12.2%; drawdown a 252 sesiones -2.6%; exposición propuesta 175%.,HOLD
2013-02-15,1.0,0.1200754589548061,-0.0295223083049211,-0.0198857984721461,1.0,0.0,0.0,-1.0,0.0,0.6,conservative,Conservador,1.15,GROWTH,1.0,Estado GROWTH; tendencia 100%; volatilidad anualizada 12.0%; drawdown a 252 sesiones -3.0%; exposición propuesta 115%.,HOLD,balanced,Equilibrado,1.5,VOLATILITY_MANAGED,1.0,Estado VOLATILITY_MANAGED; tendencia 100%; volatilidad anualizada 12.0%; drawdown a 252 sesiones -3.0%; exposición propuesta 150%.,HOLD,aggressive,Agresivo,1.75,GROWTH,1.0,Estado GROWTH; tendencia 100%; volatilidad anualizada 12.0%; drawdown a 252 sesiones -3.0%; exposición propuesta 175%.,HOLD
2013-02-22,1.0,0.1342440247241918,-0.0382603546966043,-0.0093981588249405,1.0,0.0,0.0,-1.0,0.0,0.6,conservative,Conservador,1.15,GROWTH,1.0,Estado GROWTH; tendencia 100%; volatilidad anualizada 13.4%; drawdown a 252 sesiones -3.8%; exposición propuesta 115%.,HOLD,balanced,Equilibrado,1.5,VOLATILITY_MANAGED,1.0,Estado VOLATILITY_MANAGED; tendencia 100%; volatilidad anualizada 13.4%; drawdown a 252 sesiones -3.8%; exposición propuesta 150%.,HOLD,aggressive,Agresivo,1.75,GROWTH,1.0,Estado GROWTH; tendencia 100%; volatilidad anualizada 13.4%; drawdown a 252 sesiones -3.8%; exposición propuesta 175%.,HOLD
2013-03-01,1.0,0.1461773003123996,-0.0348225110131619,-0.0084715906695389,1.0,0.0,0.0,-1.0,0.0,0.6,conservative,Conservador,1.15,GROWTH,1.0,Estado GROWTH; tendencia 100%; volatilidad anualizada 14.6%; drawdown a 252 sesiones -3.5%; exposición propuesta 115%.,HOLD,balanced,Equilibrado,1.5,VOLATILITY_MANAGED,1.0,Estado VOLATILITY_MANAGED; tendencia 100%; volatilidad anualizada 14.6%; drawdown a 252 sesiones -3.5%; exposición propuesta 150%.,HOLD,aggressive,Agresivo,1.75,GROWTH,1.0,Estado GROWTH; tendencia 100%; volatilidad anualizada 14.6%; drawdown a 252 sesiones -3.5%; exposición propuesta 175%.,HOLD
2013-03-08,1.0,0.1245691473451942,-0.0149115338175331,-0.0078339444317474,1.0,0.0,0.0,-1.0,0.0,0.6,conservative,Conservador,1.15,GROWTH,1.0,Estado GROWTH; tendencia 100%; volatilidad anualizada 12.5%; drawdown a 252 sesiones -1.5%; exposición propuesta 115%.,HOLD,balanced,Equilibrado,1.5,VOLATILITY_MANAGED,1.0,Estado VOLATILITY_MANAGED; tendencia 100%; volatilidad anualizada 12.5%; drawdown a 252 sesiones -1.5%; exposición propuesta 150%.,HOLD,aggressive,Agresivo,1.75,GROWTH,1.0,Estado GROWTH; tendencia 100%; volatilidad anualizada 12.5%; drawdown a 252 sesiones -1.5%; exposición propuesta 175%.,HOLD
2013-03-15,1.0,0.1205659198387717,-0.0163645616571919,-0.0172217569066317,1.0,0.0,0.0,-1.0,0.0,0.6,conservative,Conservador,1.15,GROWTH,1.0,Estado GROWTH; tendencia 100%; volatilidad anualizada 12.1%; drawdown a 252 sesiones -1.6%; exposición propuesta 115%.,HOLD,balanced,Equilibrado,1.5,VOLATILITY_MANAGED,1.0,Estado VOLATILITY_MANAGED; tendencia 100%; volatilidad anualizada 12.1%; drawdown a 252 sesiones -1.6%; exposición propuesta 150%.,HOLD,aggressive,Agresivo,1.75,GROWTH,1.0,Estado GROWTH; tendencia 100%; volatilidad anualizada 12.1%; drawdown a 252 sesiones -1.6%; exposición propuesta 175%.,HOLD
2013-03-22,1.0,0.1055542355646212,-0.0152162690184247,-0.0050207044153489,1.0,0.0,0.0,-1.0,0.0,0.6,conservative,Conservador,1.15,GROWTH,1.0,Estado GROWTH; tendencia 100%; volatilidad anualizada 10.6%; drawdown a 252 sesiones -1.5%; exposición propuesta 115%.,HOLD,balanced,Equilibrado,1.5,VOLATILITY_MANAGED,1.0,Estado VOLATILITY_MANAGED; tendencia 100%; volatilidad anualizada 10.6%; drawdown a 252 sesiones -1.5%; exposición propuesta 150%.,HOLD,aggressive,Agresivo,1.75,GROWTH,1.0,Estado GROWTH; tendencia 100%; volatilidad anualizada 10.6%; drawdown a 252 sesiones -1.5%; exposición propuesta 175%.,HOLD
2013-03-29,1.0,0.1055542355646212,-0.0152162690184247,-0.0050207044153489,1.0,0.0,0.0,-1.0,0.0,0.6,conservative,Conservador,1.15,GROWTH,1.0,Estado GROWTH; tendencia 100%; volatilidad anualizada 10.6%; drawdown a 252 sesiones -1.5%; exposición propuesta 115%.,HOLD,balanced,Equilibrado,1.5,VOLATILITY_MANAGED,1.0,Estado VOLATILITY_MANAGED; tendencia 100%; volatilidad anualizada 10.6%; drawdown a 252 sesiones -1.5%; exposición propuesta 150%.,HOLD,aggressive,Agresivo,1.75,GROWTH,1.0,Estado GROWTH; tendencia 100%; volatilidad anualizada 10.6%; drawdown a 252 sesiones -1.5%; exposición propuesta 175%.,HOLD
2013-04-05,0.8,0.0915546631340029,-0.0256967866400956,-0.0167104596251626,0.6000000000000001,0.0,0.0,-1.0,0.0,0.32000000000000006,conservative,Conservador,1.15,GROWTH,0.8,Estado GROWTH; tendencia 80%; volatilidad anualizada 9.2%; drawdown a 252 sesiones -2.6%; exposición propuesta 115%.,HOLD,balanced,Equilibrado,1.5,VOLATILITY_MANAGED,0.8,Estado VOLATILITY_MANAGED; tendencia 80%; volatilidad anualizada 9.2%; drawdown a 252 sesiones -2.6%; exposición propuesta 150%.,HOLD,aggressive,Agresivo,1.75,GROWTH,0.8,Estado GROWTH; tendencia 80%; volatilidad anualizada 9.2%; drawdown a 252 sesiones -2.6%; exposición propuesta 175%.,HOLD
2013-04-12,1.0,0.117371457707755,-0.0011426473532898,0.0003208570807147,1.0,0.0,0.0,1.0,0.0,0.7999999999999999,conservative,Conservador,1.15,GROWTH,1.0,Estado GROWTH; tendencia 100%; volatilidad anualizada 11.7%; drawdown a 252 sesiones -0.1%; exposición propuesta 115%.,HOLD,balanced,Equilibrado,1.5,VOLATILITY_MANAGED,1.0,Estado VOLATILITY_MANAGED; tendencia 100%; volatilidad anualizada 11.7%; drawdown a 252 sesiones -0.1%; exposición propuesta 150%.,HOLD,aggressive,Agresivo,1.75,GROWTH,1.0,Estado GROWTH; tendencia 100%; volatilidad anualizada 11.7%; drawdown a 252 sesiones -0.1%; exposición propuesta 175%.,HOLD
2013-04-19,0.8,0.1703242709927035,-0.0275636598471469,-0.0049011890017425,0.6000000000000001,0.0,0.0,-1.0,0.0,0.32000000000000006,conservative,Conservador,1.15,GROWTH,0.8,Estado GROWTH; tendencia 80%; volatilidad anualizada 17.0%; drawdown a 252 sesiones -2.8%; exposición propuesta 115%.,HOLD,balanced,Equilibrado,1.5,VOLATILITY_MANAGED,0.8,Estado VOLATILITY_MANAGED; tendencia 80%; volatilidad anualizada 17.0%; drawdown a 252 sesiones -2.8%; exposición propuesta 150%.,HOLD,aggressive,Agresivo,1.75,GROWTH,0.8,Estado GROWTH; tendencia 80%; volatilidad anualizada 17.0%; drawdown a 252 sesiones -2.8%; exposición propuesta 175%.,HOLD
2013-04-26,1.0,0.1736876858549369,-0.006426752501914,-0.0013217959875424,1.0,0.0,0.0,-1.0,0.0,0.6,conservative,Conservador,1.15,GROWTH,1.0,Estado GROWTH; tendencia 100%; volatilidad anualizada 17.4%; drawdown a 252 sesiones -0.6%; exposición propuesta 115%.,HOLD,balanced,Equilibrado,1.5,VOLATILITY_MANAGED,1.0,Estado VOLATILITY_MANAGED; tendencia 100%; volatilidad anualizada 17.4%; drawdown a 252 sesiones -0.6%; exposición propuesta 150%.,HOLD,aggressive,Agresivo,1.75,GROWTH,1.0,Estado GROWTH; tendencia 100%; volatilidad anualizada 17.4%; drawdown a 252 sesiones -0.6%; exposición propuesta 175%.,HOLD
2013-05-03,1.0,0.1740097940083729,0.0,0.0227524764377782,1.0,0.0,0.0,1.0,0.0,0.7999999999999999,conservative,Conservador,1.15,GROWTH,1.0,Estado GROWTH; tendencia 100%; volatilidad anualizada 17.4%; drawdown a 252 sesiones 0.0%; exposición propuesta 115%.,HOLD,balanced,Equilibrado,1.5,VOLATILITY_MANAGED,1.0,Estado VOLATILITY_MANAGED; tendencia 100%; volatilidad anualizada 17.4%; drawdown a 252 sesiones 0.0%; exposición propuesta 150%.,HOLD,aggressive,Agresivo,1.75,GROWTH,1.0,Estado GROWTH; tendencia 100%; volatilidad anualizada 17.4%; drawdown a 252 sesiones 0.0%; exposición propuesta 175%.,HOLD
2013-05-10,1.0,0.1628313835871542,0.0,0.0154368573946135,1.0,0.0,0.0,1.0,0.0,0.7999999999999999,conservative,Conservador,1.15,GROWTH,1.0,Estado GROWTH; tendencia 100%; volatilidad anualizada 16.3%; drawdown a 252 sesiones 0.0%; exposición propuesta 115%.,HOLD,balanced,Equilibrado,1.5,VOLATILITY_MANAGED,1.0,Estado VOLATILITY_MANAGED; tendencia 100%; volatilidad anualizada 16.3%; drawdown a 252 sesiones 0.0%; exposición propuesta 150%.,HOLD,aggressive,Agresivo,1.75,GROWTH,1.0,Estado GROWTH; tendencia 100%; volatilidad anualizada 16.3%; drawdown a 252 sesiones 0.0%; exposición propuesta 175%.,HOLD
2013-05-17,1.0,0.0825413334740565,0.0,0.0174960614934542,1.0,0.0,0.0,1.0,0.0,0.7999999999999999,conservative,Conservador,1.15,GROWTH,1.0,Estado GROWTH; tendencia 100%; volatilidad anualizada 8.3%; drawdown a 252 sesiones 0.0%; exposición propuesta 115%.,HOLD,balanced,Equilibrado,1.5,VOLATILITY_MANAGED,1.0,Estado VOLATILITY_MANAGED; tendencia 100%; volatilidad anualizada 8.3%; drawdown a 252 sesiones 0.0%; exposición propuesta 150%.,HOLD,aggressive,Agresivo,1.75,GROWTH,1.0,Estado GROWTH; tendencia 100%; volatilidad anualizada 8.3%; drawdown a 252 sesiones 0.0%; exposición propuesta 175%.,HOLD
2013-05-24,1.0,0.0893162061241709,-0.0119787988013403,0.0105168773870258,1.0,0.0,0.0,1.0,0.0,0.7999999999999999,conservative,Conservador,1.15,GROWTH,1.0,Estado GROWTH; tendencia 100%; volatilidad anualizada 8.9%; drawdown a 252 sesiones -1.2%; exposición propuesta 115%.,HOLD,balanced,Equilibrado,1.5,VOLATILITY_MANAGED,1.0,Estado VOLATILITY_MANAGED; tendencia 100%; volatilidad anualizada 8.9%; drawdown a 252 sesiones -1.2%; exposición propuesta 150%.,HOLD,aggressive,Agresivo,1.75,GROWTH,1.0,Estado GROWTH; tendencia 100%; volatilidad anualizada 8.9%; drawdown a 252 sesiones -1.2%; exposición propuesta 175%.,HOLD
2013-05-31,1.0,0.0868482066485099,-0.014131762429053,0.0044771695238738,1.0,0.0,0.0,1.0,0.0,0.7999999999999999,conservative,Conservador,1.15,GROWTH,1.0,Estado GROWTH; tendencia 100%; volatilidad anualizada 8.7%; drawdown a 252 sesiones -1.4%; exposición propuesta 115%.,HOLD,balanced,Equilibrado,1.5,VOLATILITY_MANAGED,1.0,Estado VOLATILITY_MANAGED; tendencia 100%; volatilidad anualizada 8.7%; drawdown a 252 sesiones -1.4%; exposición propuesta 150%.,HOLD,aggressive,Agresivo,1.75,GROWTH,1.0,Estado GROWTH; tendencia 100%; volatilidad anualizada 8.7%; drawdown a 252 sesiones -1.4%; exposición propuesta 175%.,HOLD
2013-06-07,1.0,0.1049777335164052,-0.0122476038904719,-0.0010459342525506,1.0,0.0,0.0,-1.0,0.0,0.6,conservative,Conservador,1.15,GROWTH,1.0,Estado GROWTH; tendencia 100%; volatilidad anualizada 10.5%; drawdown a 252 sesiones -1.2%; exposición propuesta 115%.,HOLD,balanced,Equilibrado,1.5,VOLATILITY_MANAGED,1.0,Estado VOLATILITY_MANAGED; tendencia 100%; volatilidad anualizada 10.5%; drawdown a 252 sesiones -1.2%; exposición propuesta 150%.,HOLD,aggressive,Agresivo,1.75,GROWTH,1.0,Estado GROWTH; tendencia 100%; volatilidad anualizada 10.5%; drawdown a 252 sesiones -1.2%; exposición propuesta 175%.,HOLD
2013-06-14,0.8,0.1255204227894309,-0.0271871577221888,-0.0047373646538866,0.6000000000000001,0.0,0.0,-1.0,0.0,0.32000000000000006,conservative,Conservador,1.15,GROWTH,0.8,Estado GROWTH; tendencia 80%; volatilidad anualizada 12.6%; drawdown a 252 sesiones -2.7%; exposición propuesta 115%.,HOLD,balanced,Equilibrado,1.5,VOLATILITY_MANAGED,0.8,Estado VOLATILITY_MANAGED; tendencia 80%; volatilidad anualizada 12.6%; drawdown a 252 sesiones -2.7%; exposición propuesta 150%.,HOLD,aggressive,Agresivo,1.75,GROWTH,0.8,Estado GROWTH; tendencia 80%; volatilidad anualizada 12.6%; drawdown a 252 sesiones -2.7%; exposición propuesta 175%.,HOLD
2013-06-21,0.6,0.1558798158571984,-0.0490873184203848,-0.0046082527887965,0.19999999999999996,0.0,0.0,-1.0,0.0,0.03999999999999995,conservative,Conservador,1.15,GROWTH,0.6,Estado GROWTH; tendencia 60%; volatilidad anualizada 15.6%; drawdown a 252 sesiones -4.9%; exposición propuesta 115%.,HOLD,balanced,Equilibrado,1.5,VOLATILITY_MANAGED,0.6,Estado VOLATILITY_MANAGED; tendencia 60%; volatilidad anualizada 15.6%; drawdown a 252 sesiones -4.9%; exposición propuesta 150%.,HOLD,aggressive,Agresivo,1.75,GROWTH,0.6,Estado GROWTH; tendencia 60%; volatilidad anualizada 15.6%; drawdown a 252 sesiones -4.9%; exposición propuesta 175%.,HOLD
2013-06-28,0.6,0.1608658691055389,-0.0377456702484026,-0.0106080278496504,0.19999999999999996,0.0,0.0,-1.0,0.0,0.03999999999999995,conservative,Conservador,1.15,GROWTH,0.6,Estado GROWTH; tendencia 60%; volatilidad anualizada 16.1%; drawdown a 252 sesiones -3.8%; exposición propuesta 115%.,HOLD,balanced,Equilibrado,1.5,VOLATILITY_MANAGED,0.6,Estado VOLATILITY_MANAGED; tendencia 60%; volatilidad anualizada 16.1%; drawdown a 252 sesiones -3.8%; exposición propuesta 150%.,HOLD,aggressive,Agresivo,1.75,GROWTH,0.6,Estado GROWTH; tendencia 60%; volatilidad anualizada 16.1%; drawdown a 252 sesiones -3.8%; exposición propuesta 175%.,HOLD
2013-07-05,1.0,0.1573171786922021,-0.0200593504205756,-0.0014250999807952,1.0,0.0,0.0,-1.0,0.0,0.6,conservative,Conservador,1.15,GROWTH,1.0,Estado GROWTH; tendencia 100%; volatilidad anualizada 15.7%; drawdown a 252 sesiones -2.0%; exposición propuesta 115%.,HOLD,balanced,Equilibrado,1.5,VOLATILITY_MANAGED,1.0,Estado VOLATILITY_MANAGED; tendencia 100%; volatilidad anualizada 15.7%; drawdown a 252 sesiones -2.0%; exposición propuesta 150%.,HOLD,aggressive,Agresivo,1.75,GROWTH,1.0,Estado GROWTH; tendencia 100%; volatilidad anualizada 15.7%; drawdown a 252 sesiones -2.0%; exposición propuesta 175%.,HOLD
2013-07-12,1.0,0.1501180045729896,0.0,0.0126893130925735,1.0,0.0,0.0,1.0,0.0,0.7999999999999999,conservative,Conservador,1.15,GROWTH,1.0,Estado GROWTH; tendencia 100%; volatilidad anualizada 15.0%; drawdown a 252 sesiones 0.0%; exposición propuesta 115%.,HOLD,balanced,Equilibrado,1.5,VOLATILITY_MANAGED,1.0,Estado VOLATILITY_MANAGED; tendencia 100%; volatilidad anualizada 15.0%; drawdown a 252 sesiones 0.0%; exposición propuesta 150%.,HOLD,aggressive,Agresivo,1.75,GROWTH,1.0,Estado GROWTH; tendencia 100%; volatilidad anualizada 15.0%; drawdown a 252 sesiones 0.0%; exposición propuesta 175%.,HOLD
2013-07-19,1.0,0.1072170481266169,-0.0128376740837796,-0.0134665096916313,1.0,0.0,0.0,-1.0,0.0,0.6,conservative,Conservador,1.15,GROWTH,1.0,Estado GROWTH; tendencia 100%; volatilidad anualizada 10.7%; drawdown a 252 sesiones -1.3%; exposición propuesta 115%.,HOLD,balanced,Equilibrado,1.5,VOLATILITY_MANAGED,1.0,Estado VOLATILITY_MANAGED; tendencia 100%; volatilidad anualizada 10.7%; drawdown a 252 sesiones -1.3%; exposición propuesta 150%.,HOLD,aggressive,Agresivo,1.75,GROWTH,1.0,Estado GROWTH; tendencia 100%; volatilidad anualizada 10.7%; drawdown a 252 sesiones -1.3%; exposición propuesta 175%.,HOLD
2013-07-26,1.0,0.0963981612467548,-0.0025141625385959,0.0091627273423917,1.0,0.0,0.0,1.0,0.0,0.7999999999999999,conservative,Conservador,1.15,GROWTH,1.0,Estado GROWTH; tendencia 100%; volatilidad anualizada 9.6%; drawdown a 252 sesiones -0.3%; exposición propuesta 115%.,HOLD,balanced,Equilibrado,1.5,VOLATILITY_MANAGED,1.0,Estado VOLATILITY_MANAGED; tendencia 100%; volatilidad anualizada 9.6%; drawdown a 252 sesiones -0.3%; exposición propuesta 150%.,HOLD,aggressive,Agresivo,1.75,GROWTH,1.0,Estado GROWTH; tendencia 100%; volatilidad anualizada 9.6%; drawdown a 252 sesiones -0.3%; exposición propuesta 175%.,HOLD
2013-08-02,1.0,0.0995653590571705,0.0,0.0118416060516386,1.0,0.0,0.0,1.0,0.0,0.7999999999999999,conservative,Conservador,1.15,GROWTH,1.0,Estado GROWTH; tendencia 100%; volatilidad anualizada 10.0%; drawdown a 252 sesiones 0.0%; exposición propuesta 115%.,HOLD,balanced,Equilibrado,1.5,VOLATILITY_MANAGED,1.0,Estado VOLATILITY_MANAGED; tendencia 100%; volatilidad anualizada 10.0%; drawdown a 252 sesiones 0.0%; exposición propuesta 150%.,HOLD,aggressive,Agresivo,1.75,GROWTH,1.0,Estado GROWTH; tendencia 100%; volatilidad anualizada 10.0%; drawdown a 252 sesiones 0.0%; exposición propuesta 175%.,HOLD
2013-08-09,1.0,0.0819079364857074,-0.0068813096224306,0.005058012576723,1.0,0.0,0.0,1.0,0.0,0.7999999999999999,conservative,Conservador,1.15,GROWTH,1.0,Estado GROWTH; tendencia 100%; volatilidad anualizada 8.2%; drawdown a 252 sesiones -0.7%; exposición propuesta 115%.,HOLD,balanced,Equilibrado,1.5,VOLATILITY_MANAGED,1.0,Estado VOLATILITY_MANAGED; tendencia 100%; volatilidad anualizada 8.2%; drawdown a 252 sesiones -0.7%; exposición propuesta 150%.,HOLD,aggressive,Agresivo,1.75,GROWTH,1.0,Estado GROWTH; tendencia 100%; volatilidad anualizada 8.2%; drawdown a 252 sesiones -0.7%; exposición propuesta 175%.,HOLD
2013-08-16,1.0,0.0978694704905274,-0.0210116073958425,0.0316760856819773,1.0,0.0,0.0,1.0,0.0,0.7999999999999999,conservative,Conservador,1.15,GROWTH,1.0,Estado GROWTH; tendencia 100%; volatilidad anualizada 9.8%; drawdown a 252 sesiones -2.1%; exposición propuesta 115%.,HOLD,balanced,Equilibrado,1.5,VOLATILITY_MANAGED,1.0,Estado VOLATILITY_MANAGED; tendencia 100%; volatilidad anualizada 9.8%; drawdown a 252 sesiones -2.1%; exposición propuesta 150%.,HOLD,aggressive,Agresivo,1.75,GROWTH,1.0,Estado GROWTH; tendencia 100%; volatilidad anualizada 9.8%; drawdown a 252 sesiones -2.1%; exposición propuesta 175%.,HOLD
2013-08-23,1.0,0.0996004658049535,-0.0055773094161313,0.0319723824180486,1.0,0.0,0.0,1.0,0.0,0.7999999999999999,conservative,Conservador,1.15,GROWTH,1.0,Estado GROWTH; tendencia 100%; volatilidad anualizada 10.0%; drawdown a 252 sesiones -0.6%; exposición propuesta 115%.,HOLD,balanced,Equilibrado,1.5,VOLATILITY_MANAGED,1.0,Estado VOLATILITY_MANAGED; tendencia 100%; volatilidad anualizada 10.0%; drawdown a 252 sesiones -0.6%; exposición propuesta 150%.,HOLD,aggressive,Agresivo,1.75,GROWTH,1.0,Estado GROWTH; tendencia 100%; volatilidad anualizada 10.0%; drawdown a 252 sesiones -0.6%; exposición propuesta 175%.,HOLD
2013-08-30,0.8,0.1207887877629252,-0.0211417119333512,0.0232132631891834,0.6000000000000001,0.0,0.0,1.0,0.0,0.52,conservative,Conservador,1.15,GROWTH,0.8,Estado GROWTH; tendencia 80%; volatilidad anualizada 12.1%; drawdown a 252 sesiones -2.1%; exposición propuesta 115%.,HOLD,balanced,Equilibrado,1.5,VOLATILITY_MANAGED,0.8,Estado VOLATILITY_MANAGED; tendencia 80%; volatilidad anualizada 12.1%; drawdown a 252 sesiones -2.1%; exposición propuesta 150%.,HOLD,aggressive,Agresivo,1.75,GROWTH,0.8,Estado GROWTH; tendencia 80%; volatilidad anualizada 12.1%; drawdown a 252 sesiones -2.1%; exposición propuesta 175%.,HOLD
2013-09-06,1.0,0.1263935837319517,-0.0022051672542853,0.0238366252535852,1.0,0.0,0.0,1.0,0.0,0.7999999999999999,conservative,Conservador,1.15,GROWTH,1.0,Estado GROWTH; tendencia 100%; volatilidad anualizada 12.6%; drawdown a 252 sesiones -0.2%; exposición propuesta 115%.,HOLD,balanced,Equilibrado,1.5,VOLATILITY_MANAGED,1.0,Estado VOLATILITY_MANAGED; tendencia 100%; volatilidad anualizada 12.6%; drawdown a 252 sesiones -0.2%; exposición propuesta 150%.,HOLD,aggressive,Agresivo,1.75,GROWTH,1.0,Estado GROWTH; tendencia 100%; volatilidad anualizada 12.6%; drawdown a 252 sesiones -0.2%; exposición propuesta 175%.,HOLD
2013-09-13,1.0,0.1127919882340273,-0.0019174630755864,0.0160407195240686,1.0,0.0,0.0,1.0,0.0,0.7999999999999999,conservative,Conservador,1.15,GROWTH,1.0,Estado GROWTH; tendencia 100%; volatilidad anualizada 11.3%; drawdown a 252 sesiones -0.2%; exposición propuesta 115%.,HOLD,balanced,Equilibrado,1.5,VOLATILITY_MANAGED,1.0,Estado VOLATILITY_MANAGED; tendencia 100%; volatilidad anualizada 11.3%; drawdown a 252 sesiones -0.2%; exposición propuesta 150%.,HOLD,aggressive,Agresivo,1.75,GROWTH,1.0,Estado GROWTH; tendencia 100%; volatilidad anualizada 11.3%; drawdown a 252 sesiones -0.2%; exposición propuesta 175%.,HOLD
2013-09-20,1.0,0.1162434590763673,-0.0034317758662854,0.0071995416989838,1.0,0.0,0.0,1.0,0.0,0.7999999999999999,conservative,Conservador,1.15,GROWTH,1.0,Estado GROWTH; tendencia 100%; volatilidad anualizada 11.6%; drawdown a 252 sesiones -0.3%; exposición propuesta 115%.,HOLD,balanced,Equilibrado,1.5,VOLATILITY_MANAGED,1.0,Estado VOLATILITY_MANAGED; tendencia 100%; volatilidad anualizada 11.6%; drawdown a 252 sesiones -0.3%; exposición propuesta 150%.,HOLD,aggressive,Agresivo,1.75,GROWTH,1.0,Estado GROWTH; tendencia 100%; volatilidad anualizada 11.6%; drawdown a 252 sesiones -0.3%; exposición propuesta 175%.,HOLD
2013-09-27,1.0,0.0857189170583128,-0.0024222540531247,0.0101808623101373,1.0,0.0,0.0,1.0,0.0,0.7999999999999999,conservative,Conservador,1.15,GROWTH,1.0,Estado GROWTH; tendencia 100%; volatilidad anualizada 8.6%; drawdown a 252 sesiones -0.2%; exposición propuesta 115%.,HOLD,balanced,Equilibrado,1.5,VOLATILITY_MANAGED,1.0,Estado VOLATILITY_MANAGED; tendencia 100%; volatilidad anualizada 8.6%; drawdown a 252 sesiones -0.2%; exposición propuesta 150%.,HOLD,aggressive,Agresivo,1.75,GROWTH,1.0,Estado GROWTH; tendencia 100%; volatilidad anualizada 8.6%; drawdown a 252 sesiones -0.2%; exposición propuesta 175%.,HOLD
2013-10-04,1.0,0.0973591301470284,-0.0035139941223708,0.0130834929787326,1.0,0.0,0.0,1.0,0.0,0.7999999999999999,conservative,Conservador,1.15,GROWTH,1.0,Estado GROWTH; tendencia 100%; volatilidad anualizada 9.7%; drawdown a 252 sesiones -0.4%; exposición propuesta 115%.,HOLD,balanced,Equilibrado,1.5,VOLATILITY_MANAGED,1.0,Estado VOLATILITY_MANAGED; tendencia 100%; volatilidad anualizada 9.7%; drawdown a 252 sesiones -0.4%; exposición propuesta 150%.,HOLD,aggressive,Agresivo,1.75,GROWTH,1.0,Estado GROWTH; tendencia 100%; volatilidad anualizada 9.7%; drawdown a 252 sesiones -0.4%; exposición propuesta 175%.,HOLD
2013-10-11,1.0,0.1436210919093033,-0.0056475361017621,0.0076423908673837,1.0,0.0,0.0,1.0,0.0,0.7999999999999999,conservative,Conservador,1.15,GROWTH,1.0,Estado GROWTH; tendencia 100%; volatilidad anualizada 14.4%; drawdown a 252 sesiones -0.6%; exposición propuesta 115%.,HOLD,balanced,Equilibrado,1.5,VOLATILITY_MANAGED,1.0,Estado VOLATILITY_MANAGED; tendencia 100%; volatilidad anualizada 14.4%; drawdown a 252 sesiones -0.6%; exposición propuesta 150%.,HOLD,aggressive,Agresivo,1.75,GROWTH,1.0,Estado GROWTH; tendencia 100%; volatilidad anualizada 14.4%; drawdown a 252 sesiones -0.6%; exposición propuesta 175%.,HOLD
2013-10-18,1.0,0.1531067225145841,0.0,0.0185077259173986,1.0,0.0,0.0,1.0,0.0,0.7999999999999999,conservative,Conservador,1.15,GROWTH,1.0,Estado GROWTH; tendencia 100%; volatilidad anualizada 15.3%; drawdown a 252 sesiones 0.0%; exposición propuesta 115%.,HOLD,balanced,Equilibrado,1.5,VOLATILITY_MANAGED,1.0,Estado VOLATILITY_MANAGED; tendencia 100%; volatilidad anualizada 15.3%; drawdown a 252 sesiones 0.0%; exposición propuesta 150%.,HOLD,aggressive,Agresivo,1.75,GROWTH,1.0,Estado GROWTH; tendencia 100%; volatilidad anualizada 15.3%; drawdown a 252 sesiones 0.0%; exposición propuesta 175%.,HOLD
2013-10-25,1.0,0.1531449925707604,0.0,0.0067588386097912,1.0,0.0,0.0,1.0,0.0,0.7999999999999999,conservative,Conservador,1.15,GROWTH,1.0,Estado GROWTH; tendencia 100%; volatilidad anualizada 15.3%; drawdown a 252 sesiones 0.0%; exposición propuesta 115%.,HOLD,balanced,Equilibrado,1.5,VOLATILITY_MANAGED,1.0,Estado VOLATILITY_MANAGED; tendencia 100%; volatilidad anualizada 15.3%; drawdown a 252 sesiones 0.0%; exposición propuesta 150%.,HOLD,aggressive,Agresivo,1.75,GROWTH,1.0,Estado GROWTH; tendencia 100%; volatilidad anualizada 15.3%; drawdown a 252 sesiones 0.0%; exposición propuesta 175%.,HOLD
2013-11-01,1.0,0.1402165895034879,-0.0030096734697997,-0.0003946597098156,1.0,0.0,0.0,-1.0,0.0,0.6,conservative,Conservador,1.15,GROWTH,1.0,Estado GROWTH; tendencia 100%; volatilidad anualizada 14.0%; drawdown a 252 sesiones -0.3%; exposición propuesta 115%.,HOLD,balanced,Equilibrado,1.5,VOLATILITY_MANAGED,1.0,Estado VOLATILITY_MANAGED; tendencia 100%; volatilidad anualizada 14.0%; drawdown a 252 sesiones -0.3%; exposición propuesta 150%.,HOLD,aggressive,Agresivo,1.75,GROWTH,1.0,Estado GROWTH; tendencia 100%; volatilidad anualizada 14.0%; drawdown a 252 sesiones -0.3%; exposición propuesta 175%.,HOLD
2013-11-08,1.0,0.1188523429053689,-0.0062604674597916,0.0004872625560174,1.0,0.0,0.0,1.0,0.0,0.7999999999999999,conservative,Conservador,1.15,GROWTH,1.0,Estado GROWTH; tendencia 100%; volatilidad anualizada 11.9%; drawdown a 252 sesiones -0.6%; exposición propuesta 115%.,HOLD,balanced,Equilibrado,1.5,VOLATILITY_MANAGED,1.0,Estado VOLATILITY_MANAGED; tendencia 100%; volatilidad anualizada 11.9%; drawdown a 252 sesiones -0.6%; exposición propuesta 150%.,HOLD,aggressive,Agresivo,1.75,GROWTH,1.0,Estado GROWTH; tendencia 100%; volatilidad anualizada 11.9%; drawdown a 252 sesiones -0.6%; exposición propuesta 175%.,HOLD
2013-11-15,1.0,0.1031975930444466,0.0,-0.010423149478651,1.0,0.0,0.0,-1.0,0.0,0.6,conservative,Conservador,1.15,GROWTH,1.0,Estado GROWTH; tendencia 100%; volatilidad anualizada 10.3%; drawdown a 252 sesiones 0.0%; exposición propuesta 115%.,HOLD,balanced,Equilibrado,1.5,VOLATILITY_MANAGED,1.0,Estado VOLATILITY_MANAGED; tendencia 100%; volatilidad anualizada 10.3%; drawdown a 252 sesiones 0.0%; exposición propuesta 150%.,HOLD,aggressive,Agresivo,1.75,GROWTH,1.0,Estado GROWTH; tendencia 100%; volatilidad anualizada 10.3%; drawdown a 252 sesiones 0.0%; exposición propuesta 175%.,HOLD
2013-11-22,1.0,0.1120008556622173,0.0,-0.0144727597031029,1.0,0.0,0.0,-1.0,0.0,0.6,conservative,Conservador,1.15,GROWTH,1.0,Estado GROWTH; tendencia 100%; volatilidad anualizada 11.2%; drawdown a 252 sesiones 0.0%; exposición propuesta 115%.,HOLD,balanced,Equilibrado,1.5,VOLATILITY_MANAGED,1.0,Estado VOLATILITY_MANAGED; tendencia 100%; volatilidad anualizada 11.2%; drawdown a 252 sesiones 0.0%; exposición propuesta 150%.,HOLD,aggressive,Agresivo,1.75,GROWTH,1.0,Estado GROWTH; tendencia 100%; volatilidad anualizada 11.2%; drawdown a 252 sesiones 0.0%; exposición propuesta 175%.,HOLD
2013-11-29,1.0,0.115196195431972,0.0,0.0058747485150125,1.0,0.0,0.0,1.0,0.0,0.7999999999999999,conservative,Conservador,1.15,GROWTH,1.0,Estado GROWTH; tendencia 100%; volatilidad anualizada 11.5%; drawdown a 252 sesiones 0.0%; exposición propuesta 115%.,HOLD,balanced,Equilibrado,1.5,VOLATILITY_MANAGED,1.0,Estado VOLATILITY_MANAGED; tendencia 100%; volatilidad anualizada 11.5%; drawdown a 252 sesiones 0.0%; exposición propuesta 150%.,HOLD,aggressive,Agresivo,1.75,GROWTH,1.0,Estado GROWTH; tendencia 100%; volatilidad anualizada 11.5%; drawdown a 252 sesiones 0.0%; exposición propuesta 175%.,HOLD
2013-12-06,1.0,0.0907235200782999,0.0,0.0216353980758645,1.0,0.0,0.0,1.0,0.0,0.7999999999999999,conservative,Conservador,1.15,GROWTH,1.0,Estado GROWTH; tendencia 100%; volatilidad anualizada 9.1%; drawdown a 252 sesiones 0.0%; exposición propuesta 115%.,HOLD,balanced,Equilibrado,1.5,VOLATILITY_MANAGED,1.0,Estado VOLATILITY_MANAGED; tendencia 100%; volatilidad anualizada 9.1%; drawdown a 252 sesiones 0.0%; exposición propuesta 150%.,HOLD,aggressive,Agresivo,1.75,GROWTH,1.0,Estado GROWTH; tendencia 100%; volatilidad anualizada 9.1%; drawdown a 252 sesiones 0.0%; exposición propuesta 175%.,HOLD
2013-12-13,1.0,0.0899419482179397,-0.0173708002112802,0.0190000563949007,1.0,0.0,0.0,1.0,0.0,0.7999999999999999,conservative,Conservador,1.15,GROWTH,1.0,Estado GROWTH; tendencia 100%; volatilidad anualizada 9.0%; drawdown a 252 sesiones -1.7%; exposición propuesta 115%.,HOLD,balanced,Equilibrado,1.5,VOLATILITY_MANAGED,1.0,Estado VOLATILITY_MANAGED; tendencia 100%; volatilidad anualizada 9.0%; drawdown a 252 sesiones -1.7%; exposición propuesta 150%.,HOLD,aggressive,Agresivo,1.75,GROWTH,1.0,Estado GROWTH; tendencia 100%; volatilidad anualizada 9.0%; drawdown a 252 sesiones -1.7%; exposición propuesta 175%.,HOLD
2013-12-20,1.0,0.0899144180341429,0.0,0.0240711037821772,1.0,0.0,0.0,1.0,0.0,0.7999999999999999,conservative,Conservador,1.15,GROWTH,1.0,Estado GROWTH; tendencia 100%; volatilidad anualizada 9.0%; drawdown a 252 sesiones 0.0%; exposición propuesta 115%.,HOLD,balanced,Equilibrado,1.5,VOLATILITY_MANAGED,1.0,Estado VOLATILITY_MANAGED; tendencia 100%; volatilidad anualizada 9.0%; drawdown a 252 sesiones 0.0%; exposición propuesta 150%.,HOLD,aggressive,Agresivo,1.75,GROWTH,1.0,Estado GROWTH; tendencia 100%; volatilidad anualizada 9.0%; drawdown a 252 sesiones 0.0%; exposición propuesta 175%.,HOLD
2013-12-27,1.0,0.0932150576470257,-0.0025072308981668,0.0096672617324975,1.0,0.0,0.0,1.0,0.0,0.7999999999999999,conservative,Conservador,1.15,GROWTH,1.0,Estado GROWTH; tendencia 100%; volatilidad anualizada 9.3%; drawdown a 252 sesiones -0.3%; exposición propuesta 115%.,HOLD,balanced,Equilibrado,1.5,VOLATILITY_MANAGED,1.0,Estado VOLATILITY_MANAGED; tendencia 100%; volatilidad anualizada 9.3%; drawdown a 252 sesiones -0.3%; exposición propuesta 150%.,HOLD,aggressive,Agresivo,1.75,GROWTH,1.0,Estado GROWTH; tendencia 100%; volatilidad anualizada 9.3%; drawdown a 252 sesiones -0.3%; exposición propuesta 175%.,HOLD
2014-01-03,1.0,0.1029276972066769,-0.0150068123793846,-0.0064348721065445,1.0,0.0,0.0,-1.0,0.0,0.6,conservative,Conservador,1.15,GROWTH,1.0,Estado GROWTH; tendencia 100%; volatilidad anualizada 10.3%; drawdown a 252 sesiones -1.5%; exposición propuesta 115%.,HOLD,balanced,Equilibrado,1.5,VOLATILITY_MANAGED,1.0,Estado VOLATILITY_MANAGED; tendencia 100%; volatilidad anualizada 10.3%; drawdown a 252 sesiones -1.5%; exposición propuesta 150%.,HOLD,aggressive,Agresivo,1.75,GROWTH,1.0,Estado GROWTH; tendencia 100%; volatilidad anualizada 10.3%; drawdown a 252 sesiones -1.5%; exposición propuesta 175%.,HOLD
2014-01-10,1.0,0.0937301241310732,-0.0075036461128938,-0.007777297905414,1.0,0.0,0.0,-1.0,0.0,0.6,conservative,Conservador,1.15,GROWTH,1.0,Estado GROWTH; tendencia 100%; volatilidad anualizada 9.4%; drawdown a 252 sesiones -0.8%; exposición propuesta 115%.,HOLD,balanced,Equilibrado,1.5,VOLATILITY_MANAGED,1.0,Estado VOLATILITY_MANAGED; tendencia 100%; volatilidad anualizada 9.4%; drawdown a 252 sesiones -0.8%; exposición propuesta 150%.,HOLD,aggressive,Agresivo,1.75,GROWTH,1.0,Estado GROWTH; tendencia 100%; volatilidad anualizada 9.4%; drawdown a 252 sesiones -0.8%; exposición propuesta 175%.,HOLD
2014-01-17,1.0,0.1249369271071474,-0.005657820487889,0.0072758219638877,1.0,0.0,0.0,1.0,0.0,0.7999999999999999,conservative,Conservador,1.15,GROWTH,1.0,Estado GROWTH; tendencia 100%; volatilidad anualizada 12.5%; drawdown a 252 sesiones -0.6%; exposición propuesta 115%.,HOLD,balanced,Equilibrado,1.5,VOLATILITY_MANAGED,1.0,Estado VOLATILITY_MANAGED; tendencia 100%; volatilidad anualizada 12.5%; drawdown a 252 sesiones -0.6%; exposición propuesta 150%.,HOLD,aggressive,Agresivo,1.75,GROWTH,1.0,Estado GROWTH; tendencia 100%; volatilidad anualizada 12.5%; drawdown a 252 sesiones -0.6%; exposición propuesta 175%.,HOLD
2014-01-24,0.8,0.1383460743544966,-0.022978671776292,0.0139663125187372,0.6000000000000001,0.0,0.0,1.0,0.0,0.52,conservative,Conservador,1.15,GROWTH,0.8,Estado GROWTH; tendencia 80%; volatilidad anualizada 13.8%; drawdown a 252 sesiones -2.3%; exposición propuesta 115%.,HOLD,balanced,Equilibrado,1.5,VOLATILITY_MANAGED,0.8,Estado VOLATILITY_MANAGED; tendencia 80%; volatilidad anualizada 13.8%; drawdown a 252 sesiones -2.3%; exposición propuesta 150%.,HOLD,aggressive,Agresivo,1.75,GROWTH,0.8,Estado GROWTH; tendencia 80%; volatilidad anualizada 13.8%; drawdown a 252 sesiones -2.3%; exposición propuesta 175%.,HOLD
2014-01-31,0.8,0.1576736232144417,-0.0282726945642276,0.0144541746419841,0.6000000000000001,0.0,0.0,1.0,0.0,0.52,conservative,Conservador,1.15,GROWTH,0.8,Estado GROWTH; tendencia 80%; volatilidad anualizada 15.8%; drawdown a 252 sesiones -2.8%; exposición propuesta 115%.,HOLD,balanced,Equilibrado,1.5,VOLATILITY_MANAGED,0.8,Estado VOLATILITY_MANAGED; tendencia 80%; volatilidad anualizada 15.8%; drawdown a 252 sesiones -2.8%; exposición propuesta 150%.,HOLD,aggressive,Agresivo,1.75,GROWTH,0.8,Estado GROWTH; tendencia 80%; volatilidad anualizada 15.8%; drawdown a 252 sesiones -2.8%; exposición propuesta 175%.,HOLD
2014-02-07,1.0,0.19201782740229,-0.016670970750234,0.0247807722853032,1.0,0.0,0.0,1.0,0.0,0.7999999999999999,conservative,Conservador,1.15,GROWTH,1.0,Estado GROWTH; tendencia 100%; volatilidad anualizada 19.2%; drawdown a 252 sesiones -1.7%; exposición propuesta 115%.,HOLD,balanced,Equilibrado,1.5,VOLATILITY_MANAGED,1.0,Estado VOLATILITY_MANAGED; tendencia 100%; volatilidad anualizada 19.2%; drawdown a 252 sesiones -1.7%; exposición propuesta 150%.,HOLD,aggressive,Agresivo,1.75,GROWTH,1.0,Estado GROWTH; tendencia 100%; volatilidad anualizada 19.2%; drawdown a 252 sesiones -1.7%; exposición propuesta 175%.,HOLD
2014-02-14,1.0,0.1758553571878645,0.0,0.018349415860664,1.0,0.0,0.0,1.0,0.0,0.7999999999999999,conservative,Conservador,1.15,GROWTH,1.0,Estado GROWTH; tendencia 100%; volatilidad anualizada 17.6%; drawdown a 252 sesiones 0.0%; exposición propuesta 115%.,HOLD,balanced,Equilibrado,1.5,VOLATILITY_MANAGED,1.0,Estado VOLATILITY_MANAGED; tendencia 100%; volatilidad anualizada 17.6%; drawdown a 252 sesiones 0.0%; exposición propuesta 150%.,HOLD,aggressive,Agresivo,1.75,GROWTH,1.0,Estado GROWTH; tendencia 100%; volatilidad anualizada 17.6%; drawdown a 252 sesiones 0.0%; exposición propuesta 175%.,HOLD
2014-02-21,1.0,0.1753364322917785,-0.0035455062443411,0.0103707276603022,1.0,0.0,0.0,1.0,0.0,0.7999999999999999,conservative,Conservador,1.15,GROWTH,1.0,Estado GROWTH; tendencia 100%; volatilidad anualizada 17.5%; drawdown a 252 sesiones -0.4%; exposición propuesta 115%.,HOLD,balanced,Equilibrado,1.5,VOLATILITY_MANAGED,1.0,Estado VOLATILITY_MANAGED; tendencia 100%; volatilidad anualizada 17.5%; drawdown a 252 sesiones -0.4%; exposición propuesta 150%.,HOLD,aggressive,Agresivo,1.75,GROWTH,1.0,Estado GROWTH; tendencia 100%; volatilidad anualizada 17.5%; drawdown a 252 sesiones -0.4%; exposición propuesta 175%.,HOLD
2014-02-28,1.0,0.1339469486452763,-0.0011058476633263,0.0093375398043311,1.0,0.0,0.0,1.0,0.0,0.7999999999999999,conservative,Conservador,1.15,GROWTH,1.0,Estado GROWTH; tendencia 100%; volatilidad anualizada 13.4%; drawdown a 252 sesiones -0.1%; exposición propuesta 115%.,HOLD,balanced,Equilibrado,1.5,VOLATILITY_MANAGED,1.0,Estado VOLATILITY_MANAGED; tendencia 100%; volatilidad anualizada 13.4%; drawdown a 252 sesiones -0.1%; exposición propuesta 150%.,HOLD,aggressive,Agresivo,1.75,GROWTH,1.0,Estado GROWTH; tendencia 100%; volatilidad anualizada 13.4%; drawdown a 252 sesiones -0.1%; exposición propuesta 175%.,HOLD
2014-03-07,1.0,0.1023462101171366,-0.0058198801515139,-0.0008597451115692,1.0,0.0,0.0,-1.0,0.0,0.6,conservative,Conservador,1.15,GROWTH,1.0,Estado GROWTH; tendencia 100%; volatilidad anualizada 10.2%; drawdown a 252 sesiones -0.6%; exposición propuesta 115%.,HOLD,balanced,Equilibrado,1.5,VOLATILITY_MANAGED,1.0,Estado VOLATILITY_MANAGED; tendencia 100%; volatilidad anualizada 10.2%; drawdown a 252 sesiones -0.6%; exposición propuesta 150%.,HOLD,aggressive,Agresivo,1.75,GROWTH,1.0,Estado GROWTH; tendencia 100%; volatilidad anualizada 10.2%; drawdown a 252 sesiones -0.6%; exposición propuesta 175%.,HOLD
2014-03-14,0.8,0.096367603933231,-0.0262458214126464,-0.01562012087015,0.6000000000000001,0.0,0.0,-1.0,0.0,0.32000000000000006,conservative,Conservador,1.15,GROWTH,0.8,Estado GROWTH; tendencia 80%; volatilidad anualizada 9.6%; drawdown a 252 sesiones -2.6%; exposición propuesta 115%.,HOLD,balanced,Equilibrado,1.5,VOLATILITY_MANAGED,0.8,Estado VOLATILITY_MANAGED; tendencia 80%; volatilidad anualizada 9.6%; drawdown a 252 sesiones -2.6%; exposición propuesta 150%.,HOLD,aggressive,Agresivo,1.75,GROWTH,0.8,Estado GROWTH; tendencia 80%; volatilidad anualizada 9.6%; drawdown a 252 sesiones -2.6%; exposición propuesta 175%.,HOLD
2014-03-21,0.8,0.115600593968709,-0.0203872596129435,-0.0209924026739931,0.6000000000000001,0.0,0.0,-1.0,0.0,0.32000000000000006,conservative,Conservador,1.15,GROWTH,0.8,Estado GROWTH; tendencia 80%; volatilidad anualizada 11.6%; drawdown a 252 sesiones -2.0%; exposición propuesta 115%.,HOLD,balanced,Equilibrado,1.5,VOLATILITY_MANAGED,0.8,Estado VOLATILITY_MANAGED; tendencia 80%; volatilidad anualizada 11.6%; drawdown a 252 sesiones -2.0%; exposición propuesta 150%.,HOLD,aggressive,Agresivo,1.75,GROWTH,0.8,Estado GROWTH; tendencia 80%; volatilidad anualizada 11.6%; drawdown a 252 sesiones -2.0%; exposición propuesta 175%.,HOLD
2014-03-28,0.4,0.1242854696836609,-0.041850496814534,-0.034314482542613,-0.19999999999999996,0.0,0.0,-1.0,0.0,-0.23999999999999996,conservative,Conservador,0.7,DEFENSIVE,0.6,Estado DEFENSIVE; tendencia 40%; volatilidad anualizada 12.4%; drawdown a 252 sesiones -4.2%; exposición propuesta 70%.,REDUCE,balanced,Equilibrado,0.7,DEFENSIVE,0.6,Estado DEFENSIVE; tendencia 40%; volatilidad anualizada 12.4%; drawdown a 252 sesiones -4.2%; exposición propuesta 70%.,REDUCE,aggressive,Agresivo,0.7,DEFENSIVE,0.6,Estado DEFENSIVE; tendencia 40%; volatilidad anualizada 12.4%; drawdown a 252 sesiones -4.2%; exposición propuesta 70%.,REDUCE
2014-04-04,0.4,0.1634621195298029,-0.0493352572606561,-0.0382605941690732,-0.19999999999999996,0.0,0.0,-1.0,0.0,-0.23999999999999996,conservative,Conservador,0.7,DEFENSIVE,0.6,Estado DEFENSIVE; tendencia 40%; volatilidad anualizada 16.3%; drawdown a 252 sesiones -4.9%; exposición propuesta 70%.,HOLD,balanced,Equilibrado,0.7,DEFENSIVE,0.6,Estado DEFENSIVE; tendencia 40%; volatilidad anualizada 16.3%; drawdown a 252 sesiones -4.9%; exposición propuesta 70%.,HOLD,aggressive,Agresivo,0.7,DEFENSIVE,0.6,Estado DEFENSIVE; tendencia 40%; volatilidad anualizada 16.3%; drawdown a 252 sesiones -4.9%; exposición propuesta 70%.,HOLD
2014-04-11,0.4,0.2084131090011353,-0.074210788210129,-0.0365375867615507,-0.19999999999999996,0.0,0.0,-1.0,0.0,-0.23999999999999996,conservative,Conservador,0.7,DEFENSIVE,0.6,Estado DEFENSIVE; tendencia 40%; volatilidad anualizada 20.8%; drawdown a 252 sesiones -7.4%; exposición propuesta 70%.,HOLD,balanced,Equilibrado,0.7,DEFENSIVE,0.6,Estado DEFENSIVE; tendencia 40%; volatilidad anualizada 20.8%; drawdown a 252 sesiones -7.4%; exposición propuesta 70%.,HOLD,aggressive,Agresivo,0.7,DEFENSIVE,0.6,Estado DEFENSIVE; tendencia 40%; volatilidad anualizada 20.8%; drawdown a 252 sesiones -7.4%; exposición propuesta 70%.,HOLD
2014-04-18,0.4,0.2084131090011353,-0.074210788210129,-0.0365375867615507,-0.19999999999999996,0.0,0.0,-1.0,0.0,-0.23999999999999996,conservative,Conservador,0.7,DEFENSIVE,0.6,Estado DEFENSIVE; tendencia 40%; volatilidad anualizada 20.8%; drawdown a 252 sesiones -7.4%; exposición propuesta 70%.,HOLD,balanced,Equilibrado,0.7,DEFENSIVE,0.6,Estado DEFENSIVE; tendencia 40%; volatilidad anualizada 20.8%; drawdown a 252 sesiones -7.4%; exposición propuesta 70%.,HOLD,aggressive,Agresivo,0.7,DEFENSIVE,0.6,Estado DEFENSIVE; tendencia 40%; volatilidad anualizada 20.8%; drawdown a 252 sesiones -7.4%; exposición propuesta 70%.,HOLD
2014-04-25,0.6,0.2152663037297309,-0.0513162377065752,-0.017206523373664,0.19999999999999996,0.0,0.0,-1.0,0.0,0.03999999999999995,conservative,Conservador,1.15,GROWTH,0.6,Estado GROWTH; tendencia 60%; volatilidad anualizada 21.5%; drawdown a 252 sesiones -5.1%; exposición propuesta 115%.,INCREASE,balanced,Equilibrado,1.5,VOLATILITY_MANAGED,0.6,Estado VOLATILITY_MANAGED; tendencia 60%; volatilidad anualizada 21.5%; drawdown a 252 sesiones -5.1%; exposición propuesta 150%.,INCREASE,aggressive,Agresivo,1.75,GROWTH,0.6,Estado GROWTH; tendencia 60%; volatilidad anualizada 21.5%; drawdown a 252 sesiones -5.1%; exposición propuesta 175%.,INCREASE
2014-05-02,0.6,0.2043537075994333,-0.0370075359974741,-0.0109529740978602,0.19999999999999996,0.0,0.0,-1.0,0.0,0.03999999999999995,conservative,Conservador,1.15,GROWTH,0.6,Estado GROWTH; tendencia 60%; volatilidad anualizada 20.4%; drawdown a 252 sesiones -3.7%; exposición propuesta 115%.,HOLD,balanced,Equilibrado,1.5,VOLATILITY_MANAGED,0.6,Estado VOLATILITY_MANAGED; tendencia 60%; volatilidad anualizada 20.4%; drawdown a 252 sesiones -3.7%; exposición propuesta 150%.,HOLD,aggressive,Agresivo,1.75,GROWTH,0.6,Estado GROWTH; tendencia 60%; volatilidad anualizada 20.4%; drawdown a 252 sesiones -3.7%; exposición propuesta 175%.,HOLD
2014-05-09,0.6,0.1271044888726495,-0.0446021560172119,-0.0062294316908226,0.19999999999999996,0.0,0.0,-1.0,0.0,0.03999999999999995,conservative,Conservador,1.15,GROWTH,0.6,Estado GROWTH; tendencia 60%; volatilidad anualizada 12.7%; drawdown a 252 sesiones -4.5%; exposición propuesta 115%.,HOLD,balanced,Equilibrado,1.5,VOLATILITY_MANAGED,0.6,Estado VOLATILITY_MANAGED; tendencia 60%; volatilidad anualizada 12.7%; drawdown a 252 sesiones -4.5%; exposición propuesta 150%.,HOLD,aggressive,Agresivo,1.75,GROWTH,0.6,Estado GROWTH; tendencia 60%; volatilidad anualizada 12.7%; drawdown a 252 sesiones -4.5%; exposición propuesta 175%.,HOLD
2014-05-16,0.8,0.1283382529965685,-0.0345860094294595,0.0086111268532904,0.6000000000000001,0.0,0.0,1.0,0.0,0.52,conservative,Conservador,1.15,GROWTH,0.8,Estado GROWTH; tendencia 80%; volatilidad anualizada 12.8%; drawdown a 252 sesiones -3.5%; exposición propuesta 115%.,HOLD,balanced,Equilibrado,1.5,VOLATILITY_MANAGED,0.8,Estado VOLATILITY_MANAGED; tendencia 80%; volatilidad anualizada 12.8%; drawdown a 252 sesiones -3.5%; exposición propuesta 150%.,HOLD,aggressive,Agresivo,1.75,GROWTH,0.8,Estado GROWTH; tendencia 80%; volatilidad anualizada 12.8%; drawdown a 252 sesiones -3.5%; exposición propuesta 175%.,HOLD
2014-05-23,0.8,0.1062102278109006,-0.0107008763839767,0.0210184729546316,0.6000000000000001,0.0,0.0,1.0,0.0,0.52,conservative,Conservador,1.15,GROWTH,0.8,Estado GROWTH; tendencia 80%; volatilidad anualizada 10.6%; drawdown a 252 sesiones -1.1%; exposición propuesta 115%.,HOLD,balanced,Equilibrado,1.5,VOLATILITY_MANAGED,0.8,Estado VOLATILITY_MANAGED; tendencia 80%; volatilidad anualizada 10.6%; drawdown a 252 sesiones -1.1%; exposición propuesta 150%.,HOLD,aggressive,Agresivo,1.75,GROWTH,0.8,Estado GROWTH; tendencia 80%; volatilidad anualizada 10.6%; drawdown a 252 sesiones -1.1%; exposición propuesta 175%.,HOLD
2014-05-30,1.0,0.1134318263808238,0.0,0.0186596210590836,1.0,0.0,0.0,1.0,0.0,0.7999999999999999,conservative,Conservador,1.15,GROWTH,1.0,Estado GROWTH; tendencia 100%; volatilidad anualizada 11.3%; drawdown a 252 sesiones 0.0%; exposición propuesta 115%.,HOLD,balanced,Equilibrado,1.5,VOLATILITY_MANAGED,1.0,Estado VOLATILITY_MANAGED; tendencia 100%; volatilidad anualizada 11.3%; drawdown a 252 sesiones 0.0%; exposición propuesta 150%.,HOLD,aggressive,Agresivo,1.75,GROWTH,1.0,Estado GROWTH; tendencia 100%; volatilidad anualizada 11.3%; drawdown a 252 sesiones 0.0%; exposición propuesta 175%.,HOLD
2014-06-06,1.0,0.0972435070459113,0.0,0.0322846258865316,1.0,0.0,0.0,1.0,0.0,0.7999999999999999,conservative,Conservador,1.15,GROWTH,1.0,Estado GROWTH; tendencia 100%; volatilidad anualizada 9.7%; drawdown a 252 sesiones 0.0%; exposición propuesta 115%.,HOLD,balanced,Equilibrado,1.5,VOLATILITY_MANAGED,1.0,Estado VOLATILITY_MANAGED; tendencia 100%; volatilidad anualizada 9.7%; drawdown a 252 sesiones 0.0%; exposición propuesta 150%.,HOLD,aggressive,Agresivo,1.75,GROWTH,1.0,Estado GROWTH; tendencia 100%; volatilidad anualizada 9.7%; drawdown a 252 sesiones 0.0%; exposición propuesta 175%.,HOLD
2014-06-13,1.0,0.0828460858351435,-0.0063498021594148,0.0235324967544019,1.0,0.0,0.0,1.0,0.0,0.7999999999999999,conservative,Conservador,1.15,GROWTH,1.0,Estado GROWTH; tendencia 100%; volatilidad anualizada 8.3%; drawdown a 252 sesiones -0.6%; exposición propuesta 115%.,HOLD,balanced,Equilibrado,1.5,VOLATILITY_MANAGED,1.0,Estado VOLATILITY_MANAGED; tendencia 100%; volatilidad anualizada 8.3%; drawdown a 252 sesiones -0.6%; exposición propuesta 150%.,HOLD,aggressive,Agresivo,1.75,GROWTH,1.0,Estado GROWTH; tendencia 100%; volatilidad anualizada 8.3%; drawdown a 252 sesiones -0.6%; exposición propuesta 175%.,HOLD
2014-06-20,1.0,0.074498308426785,0.0,0.0040203160756966,1.0,0.0,0.0,1.0,0.0,0.7999999999999999,conservative,Conservador,1.15,GROWTH,1.0,Estado GROWTH; tendencia 100%; volatilidad anualizada 7.4%; drawdown a 252 sesiones 0.0%; exposición propuesta 115%.,HOLD,balanced,Equilibrado,1.5,VOLATILITY_MANAGED,1.0,Estado VOLATILITY_MANAGED; tendencia 100%; volatilidad anualizada 7.4%; drawdown a 252 sesiones 0.0%; exposición propuesta 150%.,HOLD,aggressive,Agresivo,1.75,GROWTH,1.0,Estado GROWTH; tendencia 100%; volatilidad anualizada 7.4%; drawdown a 252 sesiones 0.0%; exposición propuesta 175%.,HOLD
2014-06-27,1.0,0.0593645187343381,0.0,0.0083148116436921,1.0,0.0,0.0,1.0,0.0,0.7999999999999999,conservative,Conservador,1.15,GROWTH,1.0,Estado GROWTH; tendencia 100%; volatilidad anualizada 5.9%; drawdown a 252 sesiones 0.0%; exposición propuesta 115%.,HOLD,balanced,Equilibrado,1.5,VOLATILITY_MANAGED,1.0,Estado VOLATILITY_MANAGED; tendencia 100%; volatilidad anualizada 5.9%; drawdown a 252 sesiones 0.0%; exposición propuesta 150%.,HOLD,aggressive,Agresivo,1.75,GROWTH,1.0,Estado GROWTH; tendencia 100%; volatilidad anualizada 5.9%; drawdown a 252 sesiones 0.0%; exposición propuesta 175%.,HOLD
2014-07-04,1.0,0.0593645187343381,0.0,0.0083148116436921,1.0,0.0,0.0,1.0,0.0,0.7999999999999999,conservative,Conservador,1.15,GROWTH,1.0,Estado GROWTH; tendencia 100%; volatilidad anualizada 5.9%; drawdown a 252 sesiones 0.0%; exposición propuesta 115%.,HOLD,balanced,Equilibrado,1.5,VOLATILITY_MANAGED,1.0,Estado VOLATILITY_MANAGED; tendencia 100%; volatilidad anualizada 5.9%; drawdown a 252 sesiones 0.0%; exposición propuesta 150%.,HOLD,aggressive,Agresivo,1.75,GROWTH,1.0,Estado GROWTH; tendencia 100%; volatilidad anualizada 5.9%; drawdown a 252 sesiones 0.0%; exposición propuesta 175%.,HOLD
2014-07-11,1.0,0.0782311893079563,-0.0044926631373226,0.0170323738354791,1.0,0.0,0.0,1.0,0.0,0.7999999999999999,conservative,Conservador,1.15,GROWTH,1.0,Estado GROWTH; tendencia 100%; volatilidad anualizada 7.8%; drawdown a 252 sesiones -0.4%; exposición propuesta 115%.,HOLD,balanced,Equilibrado,1.5,VOLATILITY_MANAGED,1.0,Estado VOLATILITY_MANAGED; tendencia 100%; volatilidad anualizada 7.8%; drawdown a 252 sesiones -0.4%; exposición propuesta 150%.,HOLD,aggressive,Agresivo,1.75,GROWTH,1.0,Estado GROWTH; tendencia 100%; volatilidad anualizada 7.8%; drawdown a 252 sesiones -0.4%; exposición propuesta 175%.,HOLD
2014-07-18,1.0,0.1099003133839597,0.0,0.0262473452255356,1.0,0.0,0.0,1.0,0.0,0.7999999999999999,conservative,Conservador,1.15,GROWTH,1.0,Estado GROWTH; tendencia 100%; volatilidad anualizada 11.0%; drawdown a 252 sesiones 0.0%; exposición propuesta 115%.,HOLD,balanced,Equilibrado,1.5,VOLATILITY_MANAGED,1.0,Estado VOLATILITY_MANAGED; tendencia 100%; volatilidad anualizada 11.0%; drawdown a 252 sesiones 0.0%; exposición propuesta 150%.,HOLD,aggressive,Agresivo,1.75,GROWTH,1.0,Estado GROWTH; tendencia 100%; volatilidad anualizada 11.0%; drawdown a 252 sesiones 0.0%; exposición propuesta 175%.,HOLD
2014-07-25,1.0,0.1134419107846299,-0.0050393330374974,0.0247603854790783,1.0,0.0,0.0,1.0,0.0,0.7999999999999999,conservative,Conservador,1.15,GROWTH,1.0,Estado GROWTH; tendencia 100%; volatilidad anualizada 11.3%; drawdown a 252 sesiones -0.5%; exposición propuesta 115%.,HOLD,balanced,Equilibrado,1.5,VOLATILITY_MANAGED,1.0,Estado VOLATILITY_MANAGED; tendencia 100%; volatilidad anualizada 11.3%; drawdown a 252 sesiones -0.5%; exposición propuesta 150%.,HOLD,aggressive,Agresivo,1.75,GROWTH,1.0,Estado GROWTH; tendencia 100%; volatilidad anualizada 11.3%; drawdown a 252 sesiones -0.5%; exposición propuesta 175%.,HOLD
2014-08-01,0.8,0.1306264399646697,-0.026329020312362,0.0179966517804475,0.6000000000000001,0.0,0.0,1.0,0.0,0.52,conservative,Conservador,1.15,GROWTH,0.8,Estado GROWTH; tendencia 80%; volatilidad anualizada 13.1%; drawdown a 252 sesiones -2.6%; exposición propuesta 115%.,HOLD,balanced,Equilibrado,1.5,VOLATILITY_MANAGED,0.8,Estado VOLATILITY_MANAGED; tendencia 80%; volatilidad anualizada 13.1%; drawdown a 252 sesiones -2.6%; exposición propuesta 150%.,HOLD,aggressive,Agresivo,1.75,GROWTH,0.8,Estado GROWTH; tendencia 80%; volatilidad anualizada 13.1%; drawdown a 252 sesiones -2.6%; exposición propuesta 175%.,HOLD
2014-08-08,0.8,0.1260816849028343,-0.0239634803857887,0.0132569330207134,0.6000000000000001,0.0,0.0,1.0,0.0,0.52,conservative,Conservador,1.15,GROWTH,0.8,Estado GROWTH; tendencia 80%; volatilidad anualizada 12.6%; drawdown a 252 sesiones -2.4%; exposición propuesta 115%.,HOLD,balanced,Equilibrado,1.5,VOLATILITY_MANAGED,0.8,Estado VOLATILITY_MANAGED; tendencia 80%; volatilidad anualizada 12.6%; drawdown a 252 sesiones -2.4%; exposición propuesta 150%.,HOLD,aggressive,Agresivo,1.75,GROWTH,0.8,Estado GROWTH; tendencia 80%; volatilidad anualizada 12.6%; drawdown a 252 sesiones -2.4%; exposición propuesta 175%.,HOLD
2014-08-15,1.0,0.1090714911813158,0.0,0.0233822847591375,1.0,0.0,0.0,1.0,0.0,0.7999999999999999,conservative,Conservador,1.15,GROWTH,1.0,Estado GROWTH; tendencia 100%; volatilidad anualizada 10.9%; drawdown a 252 sesiones 0.0%; exposición propuesta 115%.,HOLD,balanced,Equilibrado,1.5,VOLATILITY_MANAGED,1.0,Estado VOLATILITY_MANAGED; tendencia 100%; volatilidad anualizada 10.9%; drawdown a 252 sesiones 0.0%; exposición propuesta 150%.,HOLD,aggressive,Agresivo,1.75,GROWTH,1.0,Estado GROWTH; tendencia 100%; volatilidad anualizada 10.9%; drawdown a 252 sesiones 0.0%; exposición propuesta 175%.,HOLD
2014-08-22,1.0,0.107715053409543,0.0,0.0164433503147933,1.0,0.0,0.0,1.0,0.0,0.7999999999999999,conservative,Conservador,1.15,GROWTH,1.0,Estado GROWTH; tendencia 100%; volatilidad anualizada 10.8%; drawdown a 252 sesiones 0.0%; exposición propuesta 115%.,HOLD,balanced,Equilibrado,1.5,VOLATILITY_MANAGED,1.0,Estado VOLATILITY_MANAGED; tendencia 100%; volatilidad anualizada 10.8%; drawdown a 252 sesiones 0.0%; exposición propuesta 150%.,HOLD,aggressive,Agresivo,1.75,GROWTH,1.0,Estado GROWTH; tendencia 100%; volatilidad anualizada 10.8%; drawdown a 252 sesiones 0.0%; exposición propuesta 175%.,HOLD
2014-08-29,1.0,0.0683439574910838,0.0,0.0113273563631253,1.0,0.0,0.0,1.0,0.0,0.7999999999999999,conservative,Conservador,1.15,GROWTH,1.0,Estado GROWTH; tendencia 100%; volatilidad anualizada 6.8%; drawdown a 252 sesiones 0.0%; exposición propuesta 115%.,HOLD,balanced,Equilibrado,1.5,VOLATILITY_MANAGED,1.0,Estado VOLATILITY_MANAGED; tendencia 100%; volatilidad anualizada 6.8%; drawdown a 252 sesiones 0.0%; exposición propuesta 150%.,HOLD,aggressive,Agresivo,1.75,GROWTH,1.0,Estado GROWTH; tendencia 100%; volatilidad anualizada 6.8%; drawdown a 252 sesiones 0.0%; exposición propuesta 175%.,HOLD
2014-09-05,1.0,0.0601204982066359,-0.0017988681508224,0.0074112902239062,1.0,0.0,0.0,1.0,0.0,0.7999999999999999,conservative,Conservador,1.15,GROWTH,1.0,Estado GROWTH; tendencia 100%; volatilidad anualizada 6.0%; drawdown a 252 sesiones -0.2%; exposición propuesta 115%.,HOLD,balanced,Equilibrado,1.5,VOLATILITY_MANAGED,1.0,Estado VOLATILITY_MANAGED; tendencia 100%; volatilidad anualizada 6.0%; drawdown a 252 sesiones -0.2%; exposición propuesta 150%.,HOLD,aggressive,Agresivo,1.75,GROWTH,1.0,Estado GROWTH; tendencia 100%; volatilidad anualizada 6.0%; drawdown a 252 sesiones -0.2%; exposición propuesta 175%.,HOLD
2014-09-12,1.0,0.0682937398150669,-0.0059953481514468,0.0090926838528231,1.0,0.0,0.0,1.0,0.0,0.7999999999999999,conservative,Conservador,1.15,GROWTH,1.0,Estado GROWTH; tendencia 100%; volatilidad anualizada 6.8%; drawdown a 252 sesiones -0.6%; exposición propuesta 115%.,HOLD,balanced,Equilibrado,1.5,VOLATILITY_MANAGED,1.0,Estado VOLATILITY_MANAGED; tendencia 100%; volatilidad anualizada 6.8%; drawdown a 252 sesiones -0.6%; exposición propuesta 150%.,HOLD,aggressive,Agresivo,1.75,GROWTH,1.0,Estado GROWTH; tendencia 100%; volatilidad anualizada 6.8%; drawdown a 252 sesiones -0.6%; exposición propuesta 175%.,HOLD
2014-09-19,1.0,0.0803893181185264,-0.0006196101611061,0.0026073379555899,1.0,0.0,0.0,1.0,0.0,0.7999999999999999,conservative,Conservador,1.15,GROWTH,1.0,Estado GROWTH; tendencia 100%; volatilidad anualizada 8.0%; drawdown a 252 sesiones -0.1%; exposición propuesta 115%.,HOLD,balanced,Equilibrado,1.5,VOLATILITY_MANAGED,1.0,Estado VOLATILITY_MANAGED; tendencia 100%; volatilidad anualizada 8.0%; drawdown a 252 sesiones -0.1%; exposición propuesta 150%.,HOLD,aggressive,Agresivo,1.75,GROWTH,1.0,Estado GROWTH; tendencia 100%; volatilidad anualizada 8.0%; drawdown a 252 sesiones -0.1%; exposición propuesta 175%.,HOLD
2014-09-26,0.8,0.1284206240208026,-0.0126147557140227,0.0025968149414797,0.6000000000000001,0.0,0.0,1.0,0.0,0.52,conservative,Conservador,1.15,GROWTH,0.8,Estado GROWTH; tendencia 80%; volatilidad anualizada 12.8%; drawdown a 252 sesiones -1.3%; exposición propuesta 115%.,HOLD,balanced,Equilibrado,1.5,VOLATILITY_MANAGED,0.8,Estado VOLATILITY_MANAGED; tendencia 80%; volatilidad anualizada 12.8%; drawdown a 252 sesiones -1.3%; exposición propuesta 150%.,HOLD,aggressive,Agresivo,1.75,GROWTH,0.8,Estado GROWTH; tendencia 80%; volatilidad anualizada 12.8%; drawdown a 252 sesiones -1.3%; exposición propuesta 175%.,HOLD
2014-10-03,0.8,0.1414117645250389,-0.0187120934006429,0.0033747525316699,0.6000000000000001,0.0,0.0,1.0,0.0,0.52,conservative,Conservador,1.15,GROWTH,0.8,Estado GROWTH; tendencia 80%; volatilidad anualizada 14.1%; drawdown a 252 sesiones -1.9%; exposición propuesta 115%.,HOLD,balanced,Equilibrado,1.5,VOLATILITY_MANAGED,0.8,Estado VOLATILITY_MANAGED; tendencia 80%; volatilidad anualizada 14.1%; drawdown a 252 sesiones -1.9%; exposición propuesta 150%.,HOLD,aggressive,Agresivo,1.75,GROWTH,0.8,Estado GROWTH; tendencia 80%; volatilidad anualizada 14.1%; drawdown a 252 sesiones -1.9%; exposición propuesta 175%.,HOLD
2014-10-10,0.6,0.1893889207310326,-0.0559966426938928,-0.0097401781308034,0.19999999999999996,0.0,0.0,-1.0,0.0,0.03999999999999995,conservative,Conservador,1.15,GROWTH,0.6,Estado GROWTH; tendencia 60%; volatilidad anualizada 18.9%; drawdown a 252 sesiones -5.6%; exposición propuesta 115%.,HOLD,balanced,Equilibrado,1.5,VOLATILITY_MANAGED,0.6,Estado VOLATILITY_MANAGED; tendencia 60%; volatilidad anualizada 18.9%; drawdown a 252 sesiones -5.6%; exposición propuesta 150%.,HOLD,aggressive,Agresivo,1.75,GROWTH,0.6,Estado GROWTH; tendencia 60%; volatilidad anualizada 18.9%; drawdown a 252 sesiones -5.6%; exposición propuesta 175%.,HOLD
2014-10-17,0.4,0.1941297451907482,-0.0703906505264392,-0.0088780144438402,-0.19999999999999996,0.0,0.0,-1.0,0.0,-0.23999999999999996,conservative,Conservador,0.7,DEFENSIVE,0.6,Estado DEFENSIVE; tendencia 40%; volatilidad anualizada 19.4%; drawdown a 252 sesiones -7.0%; exposición propuesta 70%.,REDUCE,balanced,Equilibrado,0.7,DEFENSIVE,0.6,Estado DEFENSIVE; tendencia 40%; volatilidad anualizada 19.4%; drawdown a 252 sesiones -7.0%; exposición propuesta 70%.,REDUCE,aggressive,Agresivo,0.7,DEFENSIVE,0.6,Estado DEFENSIVE; tendencia 40%; volatilidad anualizada 19.4%; drawdown a 252 sesiones -7.0%; exposición propuesta 70%.,REDUCE
2014-10-24,0.8,0.2173278499102113,-0.0142141640647294,0.0058079128169697,0.6000000000000001,0.0,0.0,1.0,0.0,0.52,conservative,Conservador,1.15,GROWTH,0.8,Estado GROWTH; tendencia 80%; volatilidad anualizada 21.7%; drawdown a 252 sesiones -1.4%; exposición propuesta 115%.,INCREASE,balanced,Equilibrado,1.5,VOLATILITY_MANAGED,0.8,Estado VOLATILITY_MANAGED; tendencia 80%; volatilidad anualizada 21.7%; drawdown a 252 sesiones -1.4%; exposición propuesta 150%.,INCREASE,aggressive,Agresivo,1.75,GROWTH,0.8,Estado GROWTH; tendencia 80%; volatilidad anualizada 21.7%; drawdown a 252 sesiones -1.4%; exposición propuesta 175%.,INCREASE
2014-10-31,1.0,0.2179797665988211,0.0,0.0067472369199816,1.0,0.0,0.0,1.0,0.0,0.7999999999999999,conservative,Conservador,1.15,GROWTH,1.0,Estado GROWTH; tendencia 100%; volatilidad anualizada 21.8%; drawdown a 252 sesiones 0.0%; exposición propuesta 115%.,HOLD,balanced,Equilibrado,1.5,VOLATILITY_MANAGED,1.0,Estado VOLATILITY_MANAGED; tendencia 100%; volatilidad anualizada 21.8%; drawdown a 252 sesiones 0.0%; exposición propuesta 150%.,HOLD,aggressive,Agresivo,1.75,GROWTH,1.0,Estado GROWTH; tendencia 100%; volatilidad anualizada 21.8%; drawdown a 252 sesiones 0.0%; exposición propuesta 175%.,HOLD
2014-11-07,1.0,0.159853060975538,-0.0009834360970034,0.0086376776306271,1.0,0.0,0.0,1.0,0.0,0.7999999999999999,conservative,Conservador,1.15,GROWTH,1.0,Estado GROWTH; tendencia 100%; volatilidad anualizada 16.0%; drawdown a 252 sesiones -0.1%; exposición propuesta 115%.,HOLD,balanced,Equilibrado,1.5,VOLATILITY_MANAGED,1.0,Estado VOLATILITY_MANAGED; tendencia 100%; volatilidad anualizada 16.0%; drawdown a 252 sesiones -0.1%; exposición propuesta 150%.,HOLD,aggressive,Agresivo,1.75,GROWTH,1.0,Estado GROWTH; tendencia 100%; volatilidad anualizada 16.0%; drawdown a 252 sesiones -0.1%; exposición propuesta 175%.,HOLD
2014-11-14,1.0,0.1262739850722697,0.0,0.0262192967920826,1.0,0.0,0.0,1.0,0.0,0.7999999999999999,conservative,Conservador,1.15,GROWTH,1.0,Estado GROWTH; tendencia 100%; volatilidad anualizada 12.6%; drawdown a 252 sesiones 0.0%; exposición propuesta 115%.,HOLD,balanced,Equilibrado,1.5,VOLATILITY_MANAGED,1.0,Estado VOLATILITY_MANAGED; tendencia 100%; volatilidad anualizada 12.6%; drawdown a 252 sesiones 0.0%; exposición propuesta 150%.,HOLD,aggressive,Agresivo,1.75,GROWTH,1.0,Estado GROWTH; tendencia 100%; volatilidad anualizada 12.6%; drawdown a 252 sesiones 0.0%; exposición propuesta 175%.,HOLD
2014-11-21,1.0,0.0809591986621632,0.0,0.0010535123161643,1.0,0.0,0.0,1.0,0.0,0.7999999999999999,conservative,Conservador,1.15,GROWTH,1.0,Estado GROWTH; tendencia 100%; volatilidad anualizada 8.1%; drawdown a 252 sesiones 0.0%; exposición propuesta 115%.,HOLD,balanced,Equilibrado,1.5,VOLATILITY_MANAGED,1.0,Estado VOLATILITY_MANAGED; tendencia 100%; volatilidad anualizada 8.1%; drawdown a 252 sesiones 0.0%; exposición propuesta 150%.,HOLD,aggressive,Agresivo,1.75,GROWTH,1.0,Estado GROWTH; tendencia 100%; volatilidad anualizada 8.1%; drawdown a 252 sesiones 0.0%; exposición propuesta 175%.,HOLD
2014-11-28,1.0,0.0671477803973449,0.0,0.0206669379340156,1.0,0.0,0.0,1.0,0.0,0.7999999999999999,conservative,Conservador,1.15,GROWTH,1.0,Estado GROWTH; tendencia 100%; volatilidad anualizada 6.7%; drawdown a 252 sesiones 0.0%; exposición propuesta 115%.,HOLD,balanced,Equilibrado,1.5,VOLATILITY_MANAGED,1.0,Estado VOLATILITY_MANAGED; tendencia 100%; volatilidad anualizada 6.7%; drawdown a 252 sesiones 0.0%; exposición propuesta 150%.,HOLD,aggressive,Agresivo,1.75,GROWTH,1.0,Estado GROWTH; tendencia 100%; volatilidad anualizada 6.7%; drawdown a 252 sesiones 0.0%; exposición propuesta 175%.,HOLD
2014-12-05,1.0,0.0704020323378536,-0.0059432405920994,0.0124118731136528,1.0,0.0,0.0,1.0,0.0,0.7999999999999999,conservative,Conservador,1.15,GROWTH,1.0,Estado GROWTH; tendencia 100%; volatilidad anualizada 7.0%; drawdown a 252 sesiones -0.6%; exposición propuesta 115%.,HOLD,balanced,Equilibrado,1.5,VOLATILITY_MANAGED,1.0,Estado VOLATILITY_MANAGED; tendencia 100%; volatilidad anualizada 7.0%; drawdown a 252 sesiones -0.6%; exposición propuesta 150%.,HOLD,aggressive,Agresivo,1.75,GROWTH,1.0,Estado GROWTH; tendencia 100%; volatilidad anualizada 7.0%; drawdown a 252 sesiones -0.6%; exposición propuesta 175%.,HOLD
2014-12-12,0.8,0.1056677507422786,-0.0315068345416902,0.0139258852200362,0.6000000000000001,0.0,0.0,1.0,0.0,0.52,conservative,Conservador,1.15,GROWTH,0.8,Estado GROWTH; tendencia 80%; volatilidad anualizada 10.6%; drawdown a 252 sesiones -3.2%; exposición propuesta 115%.,HOLD,balanced,Equilibrado,1.5,VOLATILITY_MANAGED,0.8,Estado VOLATILITY_MANAGED; tendencia 80%; volatilidad anualizada 10.6%; drawdown a 252 sesiones -3.2%; exposición propuesta 150%.,HOLD,aggressive,Agresivo,1.75,GROWTH,0.8,Estado GROWTH; tendencia 80%; volatilidad anualizada 10.6%; drawdown a 252 sesiones -3.2%; exposición propuesta 175%.,HOLD
2014-12-19,1.0,0.1634698064880196,-0.0122754340413966,-9.801243205531662e-05,1.0,0.0,0.0,-1.0,0.0,0.6,conservative,Conservador,1.15,GROWTH,1.0,Estado GROWTH; tendencia 100%; volatilidad anualizada 16.3%; drawdown a 252 sesiones -1.2%; exposición propuesta 115%.,HOLD,balanced,Equilibrado,1.5,VOLATILITY_MANAGED,1.0,Estado VOLATILITY_MANAGED; tendencia 100%; volatilidad anualizada 16.3%; drawdown a 252 sesiones -1.2%; exposición propuesta 150%.,HOLD,aggressive,Agresivo,1.75,GROWTH,1.0,Estado GROWTH; tendencia 100%; volatilidad anualizada 16.3%; drawdown a 252 sesiones -1.2%; exposición propuesta 175%.,HOLD
2014-12-26,0.8,0.1621208650567152,-0.0054584074313062,-0.0102335114351415,0.6000000000000001,0.0,0.0,-1.0,0.0,0.32000000000000006,conservative,Conservador,1.15,GROWTH,0.8,Estado GROWTH; tendencia 80%; volatilidad anualizada 16.2%; drawdown a 252 sesiones -0.5%; exposición propuesta 115%.,HOLD,balanced,Equilibrado,1.5,VOLATILITY_MANAGED,0.8,Estado VOLATILITY_MANAGED; tendencia 80%; volatilidad anualizada 16.2%; drawdown a 252 sesiones -0.5%; exposición propuesta 150%.,HOLD,aggressive,Agresivo,1.75,GROWTH,0.8,Estado GROWTH; tendencia 80%; volatilidad anualizada 16.2%; drawdown a 252 sesiones -0.5%; exposición propuesta 175%.,HOLD
2015-01-02,0.8,0.1609473788390104,-0.0253412114720389,-0.0135069601087955,0.6000000000000001,0.0,0.0,-1.0,0.0,0.32000000000000006,conservative,Conservador,1.15,GROWTH,0.8,Estado GROWTH; tendencia 80%; volatilidad anualizada 16.1%; drawdown a 252 sesiones -2.5%; exposición propuesta 115%.,HOLD,balanced,Equilibrado,1.5,VOLATILITY_MANAGED,0.8,Estado VOLATILITY_MANAGED; tendencia 80%; volatilidad anualizada 16.1%; drawdown a 252 sesiones -2.5%; exposición propuesta 150%.,HOLD,aggressive,Agresivo,1.75,GROWTH,0.8,Estado GROWTH; tendencia 80%; volatilidad anualizada 16.1%; drawdown a 252 sesiones -2.5%; exposición propuesta 175%.,HOLD
2015-01-09,0.6,0.1869116133614045,-0.0283711235290186,-0.0138913070555451,0.19999999999999996,0.0,0.0,-1.0,0.0,0.03999999999999995,conservative,Conservador,1.15,GROWTH,0.6,Estado GROWTH; tendencia 60%; volatilidad anualizada 18.7%; drawdown a 252 sesiones -2.8%; exposición propuesta 115%.,HOLD,balanced,Equilibrado,1.5,VOLATILITY_MANAGED,0.6,Estado VOLATILITY_MANAGED; tendencia 60%; volatilidad anualizada 18.7%; drawdown a 252 sesiones -2.8%; exposición propuesta 150%.,HOLD,aggressive,Agresivo,1.75,GROWTH,0.6,Estado GROWTH; tendencia 60%; volatilidad anualizada 18.7%; drawdown a 252 sesiones -2.8%; exposición propuesta 175%.,HOLD
2015-01-16,0.6,0.1724485525604658,-0.0454140442918196,-0.0106583107113525,0.19999999999999996,0.0,0.0,-1.0,0.0,0.03999999999999995,conservative,Conservador,1.15,GROWTH,0.6,Estado GROWTH; tendencia 60%; volatilidad anualizada 17.2%; drawdown a 252 sesiones -4.5%; exposición propuesta 115%.,HOLD,balanced,Equilibrado,1.5,VOLATILITY_MANAGED,0.6,Estado VOLATILITY_MANAGED; tendencia 60%; volatilidad anualizada 17.2%; drawdown a 252 sesiones -4.5%; exposición propuesta 150%.,HOLD,aggressive,Agresivo,1.75,GROWTH,0.6,Estado GROWTH; tendencia 60%; volatilidad anualizada 17.2%; drawdown a 252 sesiones -4.5%; exposición propuesta 175%.,HOLD
2015-01-23,1.0,0.1653891312259758,-0.0128434736725515,0.0138611156958853,1.0,0.0,0.0,1.0,0.0,0.7999999999999999,conservative,Conservador,1.15,GROWTH,1.0,Estado GROWTH; tendencia 100%; volatilidad anualizada 16.5%; drawdown a 252 sesiones -1.3%; exposición propuesta 115%.,HOLD,balanced,Equilibrado,1.5,VOLATILITY_MANAGED,1.0,Estado VOLATILITY_MANAGED; tendencia 100%; volatilidad anualizada 16.5%; drawdown a 252 sesiones -1.3%; exposición propuesta 150%.,HOLD,aggressive,Agresivo,1.75,GROWTH,1.0,Estado GROWTH; tendencia 100%; volatilidad anualizada 16.5%; drawdown a 252 sesiones -1.3%; exposición propuesta 175%.,HOLD
2015-01-30,0.4,0.1890493595160302,-0.0427629302815583,0.0088062549353344,-0.19999999999999996,0.0,0.0,1.0,0.0,-0.03999999999999995,conservative,Conservador,0.7,DEFENSIVE,0.6,Estado DEFENSIVE; tendencia 40%; volatilidad anualizada 18.9%; drawdown a 252 sesiones -4.3%; exposición propuesta 70%.,REDUCE,balanced,Equilibrado,0.7,DEFENSIVE,0.6,Estado DEFENSIVE; tendencia 40%; volatilidad anualizada 18.9%; drawdown a 252 sesiones -4.3%; exposición propuesta 70%.,REDUCE,aggressive,Agresivo,0.7,DEFENSIVE,0.6,Estado DEFENSIVE; tendencia 40%; volatilidad anualizada 18.9%; drawdown a 252 sesiones -4.3%; exposición propuesta 70%.,REDUCE
2015-02-06,0.8,0.1652171733994046,-0.0235425505058158,5.37072111030934e-05,0.6000000000000001,0.0,0.0,1.0,0.0,0.52,conservative,Conservador,1.15,GROWTH,0.8,Estado GROWTH; tendencia 80%; volatilidad anualizada 16.5%; drawdown a 252 sesiones -2.4%; exposición propuesta 115%.,INCREASE,balanced,Equilibrado,1.5,VOLATILITY_MANAGED,0.8,Estado VOLATILITY_MANAGED; tendencia 80%; volatilidad anualizada 16.5%; drawdown a 252 sesiones -2.4%; exposición propuesta 150%.,INCREASE,aggressive,Agresivo,1.75,GROWTH,0.8,Estado GROWTH; tendencia 80%; volatilidad anualizada 16.5%; drawdown a 252 sesiones -2.4%; exposición propuesta 175%.,INCREASE
2015-02-13,1.0,0.1598761740346682,0.0,0.0187898591483324,1.0,0.0,0.0,1.0,0.0,0.7999999999999999,conservative,Conservador,1.15,GROWTH,1.0,Estado GROWTH; tendencia 100%; volatilidad anualizada 16.0%; drawdown a 252 sesiones 0.0%; exposición propuesta 115%.,HOLD,balanced,Equilibrado,1.5,VOLATILITY_MANAGED,1.0,Estado VOLATILITY_MANAGED; tendencia 100%; volatilidad anualizada 16.0%; drawdown a 252 sesiones 0.0%; exposición propuesta 150%.,HOLD,aggressive,Agresivo,1.75,GROWTH,1.0,Estado GROWTH; tendencia 100%; volatilidad anualizada 16.0%; drawdown a 252 sesiones 0.0%; exposición propuesta 175%.,HOLD
2015-02-20,1.0,0.145501893400535,0.0,0.0171635144705317,1.0,0.0,0.0,1.0,0.0,0.7999999999999999,conservative,Conservador,1.15,GROWTH,1.0,Estado GROWTH; tendencia 100%; volatilidad anualizada 14.6%; drawdown a 252 sesiones 0.0%; exposición propuesta 115%.,HOLD,balanced,Equilibrado,1.5,VOLATILITY_MANAGED,1.0,Estado VOLATILITY_MANAGED; tendencia 100%; volatilidad anualizada 14.6%; drawdown a 252 sesiones 0.0%; exposición propuesta 150%.,HOLD,aggressive,Agresivo,1.75,GROWTH,1.0,Estado GROWTH; tendencia 100%; volatilidad anualizada 14.6%; drawdown a 252 sesiones 0.0%; exposición propuesta 175%.,HOLD
2015-02-27,1.0,0.0994677857693722,-0.0044084134018453,0.0209698396126525,1.0,0.0,0.0,1.0,0.0,0.7999999999999999,conservative,Conservador,1.15,GROWTH,1.0,Estado GROWTH; tendencia 100%; volatilidad anualizada 9.9%; drawdown a 252 sesiones -0.4%; exposición propuesta 115%.,HOLD,balanced,Equilibrado,1.5,VOLATILITY_MANAGED,1.0,Estado VOLATILITY_MANAGED; tendencia 100%; volatilidad anualizada 9.9%; drawdown a 252 sesiones -0.4%; exposición propuesta 150%.,HOLD,aggressive,Agresivo,1.75,GROWTH,1.0,Estado GROWTH; tendencia 100%; volatilidad anualizada 9.9%; drawdown a 252 sesiones -0.4%; exposición propuesta 175%.,HOLD
2015-03-06,1.0,0.1046137690401546,-0.0180107052222295,0.0284818935850779,1.0,0.0,0.0,1.0,0.0,0.7999999999999999,conservative,Conservador,1.15,GROWTH,1.0,Estado GROWTH; tendencia 100%; volatilidad anualizada 10.5%; drawdown a 252 sesiones -1.8%; exposición propuesta 115%.,HOLD,balanced,Equilibrado,1.5,VOLATILITY_MANAGED,1.0,Estado VOLATILITY_MANAGED; tendencia 100%; volatilidad anualizada 10.5%; drawdown a 252 sesiones -1.8%; exposición propuesta 150%.,HOLD,aggressive,Agresivo,1.75,GROWTH,1.0,Estado GROWTH; tendencia 100%; volatilidad anualizada 10.5%; drawdown a 252 sesiones -1.8%; exposición propuesta 175%.,HOLD
2015-03-13,0.8,0.1089479396588573,-0.0369355174506189,0.0085645217036628,0.6000000000000001,0.0,0.0,1.0,0.0,0.52,conservative,Conservador,1.15,GROWTH,0.8,Estado GROWTH; tendencia 80%; volatilidad anualizada 10.9%; drawdown a 252 sesiones -3.7%; exposición propuesta 115%.,HOLD,balanced,Equilibrado,1.5,VOLATILITY_MANAGED,0.8,Estado VOLATILITY_MANAGED; tendencia 80%; volatilidad anualizada 10.9%; drawdown a 252 sesiones -3.7%; exposición propuesta 150%.,HOLD,aggressive,Agresivo,1.75,GROWTH,0.8,Estado GROWTH; tendencia 80%; volatilidad anualizada 10.9%; drawdown a 252 sesiones -3.7%; exposición propuesta 175%.,HOLD
2015-03-20,1.0,0.118569500509047,-0.0054892787014664,0.0028924169800381,1.0,0.0,0.0,1.0,0.0,0.7999999999999999,conservative,Conservador,1.15,GROWTH,1.0,Estado GROWTH; tendencia 100%; volatilidad anualizada 11.9%; drawdown a 252 sesiones -0.5%; exposición propuesta 115%.,HOLD,balanced,Equilibrado,1.5,VOLATILITY_MANAGED,1.0,Estado VOLATILITY_MANAGED; tendencia 100%; volatilidad anualizada 11.9%; drawdown a 252 sesiones -0.5%; exposición propuesta 150%.,HOLD,aggressive,Agresivo,1.75,GROWTH,1.0,Estado GROWTH; tendencia 100%; volatilidad anualizada 11.9%; drawdown a 252 sesiones -0.5%; exposición propuesta 175%.,HOLD
2015-03-27,0.8,0.1432623999974167,-0.0330711996320465,-0.0053337821489473,0.6000000000000001,0.0,0.0,-1.0,0.0,0.32000000000000006,conservative,Conservador,1.15,GROWTH,0.8,Estado GROWTH; tendencia 80%; volatilidad anualizada 14.3%; drawdown a 252 sesiones -3.3%; exposición propuesta 115%.,HOLD,balanced,Equilibrado,1.5,VOLATILITY_MANAGED,0.8,Estado VOLATILITY_MANAGED; tendencia 80%; volatilidad anualizada 14.3%; drawdown a 252 sesiones -3.3%; exposición propuesta 150%.,HOLD,aggressive,Agresivo,1.75,GROWTH,0.8,Estado GROWTH; tendencia 80%; volatilidad anualizada 14.3%; drawdown a 252 sesiones -3.3%; exposición propuesta 175%.,HOLD
2015-04-03,0.8,0.1432623999974167,-0.0330711996320465,-0.0053337821489473,0.6000000000000001,0.0,0.0,-1.0,0.0,0.32000000000000006,conservative,Conservador,1.15,GROWTH,0.8,Estado GROWTH; tendencia 80%; volatilidad anualizada 14.3%; drawdown a 252 sesiones -3.3%; exposición propuesta 115%.,HOLD,balanced,Equilibrado,1.5,VOLATILITY_MANAGED,0.8,Estado VOLATILITY_MANAGED; tendencia 80%; volatilidad anualizada 14.3%; drawdown a 252 sesiones -3.3%; exposición propuesta 150%.,HOLD,aggressive,Agresivo,1.75,GROWTH,0.8,Estado GROWTH; tendencia 80%; volatilidad anualizada 14.3%; drawdown a 252 sesiones -3.3%; exposición propuesta 175%.,HOLD
2015-04-10,1.0,0.1330428661512959,-0.0126368110572133,0.0020499696518796,1.0,0.0,0.0,1.0,0.0,0.7999999999999999,conservative,Conservador,1.15,GROWTH,1.0,Estado GROWTH; tendencia 100%; volatilidad anualizada 13.3%; drawdown a 252 sesiones -1.3%; exposición propuesta 115%.,HOLD,balanced,Equilibrado,1.5,VOLATILITY_MANAGED,1.0,Estado VOLATILITY_MANAGED; tendencia 100%; volatilidad anualizada 13.3%; drawdown a 252 sesiones -1.3%; exposición propuesta 150%.,HOLD,aggressive,Agresivo,1.75,GROWTH,1.0,Estado GROWTH; tendencia 100%; volatilidad anualizada 13.3%; drawdown a 252 sesiones -1.3%; exposición propuesta 175%.,HOLD
2015-04-17,0.6,0.1341021030467092,-0.0285812361484399,-0.0139287516119649,0.19999999999999996,0.0,0.0,-1.0,0.0,0.03999999999999995,conservative,Conservador,1.15,GROWTH,0.6,Estado GROWTH; tendencia 60%; volatilidad anualizada 13.4%; drawdown a 252 sesiones -2.9%; exposición propuesta 115%.,HOLD,balanced,Equilibrado,1.5,VOLATILITY_MANAGED,0.6,Estado VOLATILITY_MANAGED; tendencia 60%; volatilidad anualizada 13.4%; drawdown a 252 sesiones -2.9%; exposición propuesta 150%.,HOLD,aggressive,Agresivo,1.75,GROWTH,0.6,Estado GROWTH; tendencia 60%; volatilidad anualizada 13.4%; drawdown a 252 sesiones -2.9%; exposición propuesta 175%.,HOLD
2015-04-24,1.0,0.1216738906166354,0.0,0.0206790814357769,1.0,0.0,0.0,1.0,0.0,0.7999999999999999,conservative,Conservador,1.15,GROWTH,1.0,Estado GROWTH; tendencia 100%; volatilidad anualizada 12.2%; drawdown a 252 sesiones 0.0%; exposición propuesta 115%.,HOLD,balanced,Equilibrado,1.5,VOLATILITY_MANAGED,1.0,Estado VOLATILITY_MANAGED; tendencia 100%; volatilidad anualizada 12.2%; drawdown a 252 sesiones 0.0%; exposición propuesta 150%.,HOLD,aggressive,Agresivo,1.75,GROWTH,1.0,Estado GROWTH; tendencia 100%; volatilidad anualizada 12.2%; drawdown a 252 sesiones 0.0%; exposición propuesta 175%.,HOLD
2015-05-01,1.0,0.1343424528293944,-0.0134794055007964,0.016652980597098,1.0,0.0,0.0,1.0,0.0,0.7999999999999999,conservative,Conservador,1.15,GROWTH,1.0,Estado GROWTH; tendencia 100%; volatilidad anualizada 13.4%; drawdown a 252 sesiones -1.3%; exposición propuesta 115%.,HOLD,balanced,Equilibrado,1.5,VOLATILITY_MANAGED,1.0,Estado VOLATILITY_MANAGED; tendencia 100%; volatilidad anualizada 13.4%; drawdown a 252 sesiones -1.3%; exposición propuesta 150%.,HOLD,aggressive,Agresivo,1.75,GROWTH,1.0,Estado GROWTH; tendencia 100%; volatilidad anualizada 13.4%; drawdown a 252 sesiones -1.3%; exposición propuesta 175%.,HOLD
2015-05-08,1.0,0.1521129213741693,-0.0167358704233726,0.0012017326352247,1.0,0.0,0.0,1.0,0.0,0.7999999999999999,conservative,Conservador,1.15,GROWTH,1.0,Estado GROWTH; tendencia 100%; volatilidad anualizada 15.2%; drawdown a 252 sesiones -1.7%; exposición propuesta 115%.,HOLD,balanced,Equilibrado,1.5,VOLATILITY_MANAGED,1.0,Estado VOLATILITY_MANAGED; tendencia 100%; volatilidad anualizada 15.2%; drawdown a 252 sesiones -1.7%; exposición propuesta 150%.,HOLD,aggressive,Agresivo,1.75,GROWTH,1.0,Estado GROWTH; tendencia 100%; volatilidad anualizada 15.2%; drawdown a 252 sesiones -1.7%; exposición propuesta 175%.,HOLD
2015-05-15,1.0,0.1477555062662425,-0.0086845317991219,0.0120845882256885,1.0,0.0,0.0,1.0,0.0,0.7999999999999999,conservative,Conservador,1.15,GROWTH,1.0,Estado GROWTH; tendencia 100%; volatilidad anualizada 14.8%; drawdown a 252 sesiones -0.9%; exposición propuesta 115%.,HOLD,balanced,Equilibrado,1.5,VOLATILITY_MANAGED,1.0,Estado VOLATILITY_MANAGED; tendencia 100%; volatilidad anualizada 14.8%; drawdown a 252 sesiones -0.9%; exposición propuesta 150%.,HOLD,aggressive,Agresivo,1.75,GROWTH,1.0,Estado GROWTH; tendencia 100%; volatilidad anualizada 14.8%; drawdown a 252 sesiones -0.9%; exposición propuesta 175%.,HOLD
2015-05-22,0.8,0.1303415423854655,-0.0009946791417135,-0.0069639724395288,0.6000000000000001,0.0,0.0,-1.0,0.0,0.32000000000000006,conservative,Conservador,1.15,GROWTH,0.8,Estado GROWTH; tendencia 80%; volatilidad anualizada 13.0%; drawdown a 252 sesiones -0.1%; exposición propuesta 115%.,HOLD,balanced,Equilibrado,1.5,VOLATILITY_MANAGED,0.8,Estado VOLATILITY_MANAGED; tendencia 80%; volatilidad anualizada 13.0%; drawdown a 252 sesiones -0.1%; exposición propuesta 150%.,HOLD,aggressive,Agresivo,1.75,GROWTH,0.8,Estado GROWTH; tendencia 80%; volatilidad anualizada 13.0%; drawdown a 252 sesiones -0.1%; exposición propuesta 175%.,HOLD
2015-05-29,1.0,0.1357790309074131,-0.0082004303441114,0.0096286136483236,1.0,0.0,0.0,1.0,0.0,0.7999999999999999,conservative,Conservador,1.15,GROWTH,1.0,Estado GROWTH; tendencia 100%; volatilidad anualizada 13.6%; drawdown a 252 sesiones -0.8%; exposición propuesta 115%.,HOLD,balanced,Equilibrado,1.5,VOLATILITY_MANAGED,1.0,Estado VOLATILITY_MANAGED; tendencia 100%; volatilidad anualizada 13.6%; drawdown a 252 sesiones -0.8%; exposición propuesta 150%.,HOLD,aggressive,Agresivo,1.75,GROWTH,1.0,Estado GROWTH; tendencia 100%; volatilidad anualizada 13.6%; drawdown a 252 sesiones -0.8%; exposición propuesta 175%.,HOLD
2015-06-05,1.0,0.1132702089919325,-0.014960001082476,0.0138565612522501,1.0,0.0,0.0,1.0,0.0,0.7999999999999999,conservative,Conservador,1.15,GROWTH,1.0,Estado GROWTH; tendencia 100%; volatilidad anualizada 11.3%; drawdown a 252 sesiones -1.5%; exposición propuesta 115%.,HOLD,balanced,Equilibrado,1.5,VOLATILITY_MANAGED,1.0,Estado VOLATILITY_MANAGED; tendencia 100%; volatilidad anualizada 11.3%; drawdown a 252 sesiones -1.5%; exposición propuesta 150%.,HOLD,aggressive,Agresivo,1.75,GROWTH,1.0,Estado GROWTH; tendencia 100%; volatilidad anualizada 11.3%; drawdown a 252 sesiones -1.5%; exposición propuesta 175%.,HOLD
2015-06-12,0.8,0.1113985413273254,-0.0199168152891096,0.0027933421579686,0.6000000000000001,0.0,0.0,1.0,0.0,0.52,conservative,Conservador,1.15,GROWTH,0.8,Estado GROWTH; tendencia 80%; volatilidad anualizada 11.1%; drawdown a 252 sesiones -2.0%; exposición propuesta 115%.,HOLD,balanced,Equilibrado,1.5,VOLATILITY_MANAGED,0.8,Estado VOLATILITY_MANAGED; tendencia 80%; volatilidad anualizada 11.1%; drawdown a 252 sesiones -2.0%; exposición propuesta 150%.,HOLD,aggressive,Agresivo,1.75,GROWTH,0.8,Estado GROWTH; tendencia 80%; volatilidad anualizada 11.1%; drawdown a 252 sesiones -2.0%; exposición propuesta 175%.,HOLD
2015-06-19,0.8,0.1255690315321905,-0.0073650248188327,0.0038426597383045,0.6000000000000001,0.0,0.0,1.0,0.0,0.52,conservative,Conservador,1.15,GROWTH,0.8,Estado GROWTH; tendencia 80%; volatilidad anualizada 12.6%; drawdown a 252 sesiones -0.7%; exposición propuesta 115%.,HOLD,balanced,Equilibrado,1.5,VOLATILITY_MANAGED,0.8,Estado VOLATILITY_MANAGED; tendencia 80%; volatilidad anualizada 12.6%; drawdown a 252 sesiones -0.7%; exposición propuesta 150%.,HOLD,aggressive,Agresivo,1.75,GROWTH,0.8,Estado GROWTH; tendencia 80%; volatilidad anualizada 12.6%; drawdown a 252 sesiones -0.7%; exposición propuesta 175%.,HOLD
2015-06-26,0.8,0.1083047752879568,-0.013719689264893,-0.0033865749395513,0.6000000000000001,0.0,0.0,-1.0,0.0,0.32000000000000006,conservative,Conservador,1.15,GROWTH,0.8,Estado GROWTH; tendencia 80%; volatilidad anualizada 10.8%; drawdown a 252 sesiones -1.4%; exposición propuesta 115%.,HOLD,balanced,Equilibrado,1.5,VOLATILITY_MANAGED,0.8,Estado VOLATILITY_MANAGED; tendencia 80%; volatilidad anualizada 10.8%; drawdown a 252 sesiones -1.4%; exposición propuesta 150%.,HOLD,aggressive,Agresivo,1.75,GROWTH,0.8,Estado GROWTH; tendencia 80%; volatilidad anualizada 10.8%; drawdown a 252 sesiones -1.4%; exposición propuesta 175%.,HOLD
2015-07-03,0.8,0.1083047752879568,-0.013719689264893,-0.0033865749395513,0.6000000000000001,0.0,0.0,-1.0,0.0,0.32000000000000006,conservative,Conservador,1.15,GROWTH,0.8,Estado GROWTH; tendencia 80%; volatilidad anualizada 10.8%; drawdown a 252 sesiones -1.4%; exposición propuesta 115%.,HOLD,balanced,Equilibrado,1.5,VOLATILITY_MANAGED,0.8,Estado VOLATILITY_MANAGED; tendencia 80%; volatilidad anualizada 10.8%; drawdown a 252 sesiones -1.4%; exposición propuesta 150%.,HOLD,aggressive,Agresivo,1.75,GROWTH,0.8,Estado GROWTH; tendencia 80%; volatilidad anualizada 10.8%; drawdown a 252 sesiones -1.4%; exposición propuesta 175%.,HOLD
2015-07-10,0.6,0.1486444511187587,-0.028341823557468,-0.001141137686566,0.19999999999999996,0.0,0.0,-1.0,0.0,0.03999999999999995,conservative,Conservador,1.15,GROWTH,0.6,Estado GROWTH; tendencia 60%; volatilidad anualizada 14.9%; drawdown a 252 sesiones -2.8%; exposición propuesta 115%.,HOLD,balanced,Equilibrado,1.5,VOLATILITY_MANAGED,0.6,Estado VOLATILITY_MANAGED; tendencia 60%; volatilidad anualizada 14.9%; drawdown a 252 sesiones -2.8%; exposición propuesta 150%.,HOLD,aggressive,Agresivo,1.75,GROWTH,0.6,Estado GROWTH; tendencia 60%; volatilidad anualizada 14.9%; drawdown a 252 sesiones -2.8%; exposición propuesta 175%.,HOLD
2015-07-17,1.0,0.1654054975995029,0.0,0.0251123585215646,1.0,0.0,0.0,1.0,0.0,0.7999999999999999,conservative,Conservador,1.15,GROWTH,1.0,Estado GROWTH; tendencia 100%; volatilidad anualizada 16.5%; drawdown a 252 sesiones 0.0%; exposición propuesta 115%.,HOLD,balanced,Equilibrado,1.5,VOLATILITY_MANAGED,1.0,Estado VOLATILITY_MANAGED; tendencia 100%; volatilidad anualizada 16.5%; drawdown a 252 sesiones 0.0%; exposición propuesta 150%.,HOLD,aggressive,Agresivo,1.75,GROWTH,1.0,Estado GROWTH; tendencia 100%; volatilidad anualizada 16.5%; drawdown a 252 sesiones 0.0%; exposición propuesta 175%.,HOLD
2015-07-24,1.0,0.172359113522133,-0.0252678178562664,0.0188628709406403,1.0,0.0,0.0,1.0,0.0,0.7999999999999999,conservative,Conservador,1.15,GROWTH,1.0,Estado GROWTH; tendencia 100%; volatilidad anualizada 17.2%; drawdown a 252 sesiones -2.5%; exposición propuesta 115%.,HOLD,balanced,Equilibrado,1.5,VOLATILITY_MANAGED,1.0,Estado VOLATILITY_MANAGED; tendencia 100%; volatilidad anualizada 17.2%; drawdown a 252 sesiones -2.5%; exposición propuesta 150%.,HOLD,aggressive,Agresivo,1.75,GROWTH,1.0,Estado GROWTH; tendencia 100%; volatilidad anualizada 17.2%; drawdown a 252 sesiones -2.5%; exposición propuesta 175%.,HOLD
2015-07-31,1.0,0.1492893097389179,-0.0178103775516574,0.021666138260848,1.0,0.0,0.0,1.0,0.0,0.7999999999999999,conservative,Conservador,1.15,GROWTH,1.0,Estado GROWTH; tendencia 100%; volatilidad anualizada 14.9%; drawdown a 252 sesiones -1.8%; exposición propuesta 115%.,HOLD,balanced,Equilibrado,1.5,VOLATILITY_MANAGED,1.0,Estado VOLATILITY_MANAGED; tendencia 100%; volatilidad anualizada 14.9%; drawdown a 252 sesiones -1.8%; exposición propuesta 150%.,HOLD,aggressive,Agresivo,1.75,GROWTH,1.0,Estado GROWTH; tendencia 100%; volatilidad anualizada 14.9%; drawdown a 252 sesiones -1.8%; exposición propuesta 175%.,HOLD
2015-08-07,1.0,0.1411039971648005,-0.0321988437761845,0.0224443025165999,1.0,0.0,0.0,1.0,0.0,0.7999999999999999,conservative,Conservador,1.15,GROWTH,1.0,Estado GROWTH; tendencia 100%; volatilidad anualizada 14.1%; drawdown a 252 sesiones -3.2%; exposición propuesta 115%.,HOLD,balanced,Equilibrado,1.5,VOLATILITY_MANAGED,1.0,Estado VOLATILITY_MANAGED; tendencia 100%; volatilidad anualizada 14.1%; drawdown a 252 sesiones -3.2%; exposición propuesta 150%.,HOLD,aggressive,Agresivo,1.75,GROWTH,1.0,Estado GROWTH; tendencia 100%; volatilidad anualizada 14.1%; drawdown a 252 sesiones -3.2%; exposición propuesta 175%.,HOLD
2015-08-14,0.8,0.1173665241215468,-0.0304439597398278,-0.0127141521579646,0.6000000000000001,0.0,0.0,-1.0,0.0,0.32000000000000006,conservative,Conservador,1.15,GROWTH,0.8,Estado GROWTH; tendencia 80%; volatilidad anualizada 11.7%; drawdown a 252 sesiones -3.0%; exposición propuesta 115%.,HOLD,balanced,Equilibrado,1.5,VOLATILITY_MANAGED,0.8,Estado VOLATILITY_MANAGED; tendencia 80%; volatilidad anualizada 11.7%; drawdown a 252 sesiones -3.0%; exposición propuesta 150%.,HOLD,aggressive,Agresivo,1.75,GROWTH,0.8,Estado GROWTH; tendencia 80%; volatilidad anualizada 11.7%; drawdown a 252 sesiones -3.0%; exposición propuesta 175%.,HOLD
2015-08-21,0.0,0.2099356220091536,-0.1015967418943075,-0.0294131426407077,-1.0,0.0,0.0,-1.0,0.0,-0.7999999999999999,conservative,Conservador,0.7,DEFENSIVE,1.0,Estado DEFENSIVE; tendencia 0%; volatilidad anualizada 21.0%; drawdown a 252 sesiones -10.2%; exposición propuesta 70%.,REDUCE,balanced,Equilibrado,0.7,DEFENSIVE,1.0,Estado DEFENSIVE; tendencia 0%; volatilidad anualizada 21.0%; drawdown a 252 sesiones -10.2%; exposición propuesta 70%.,REDUCE,aggressive,Agresivo,0.7,DEFENSIVE,1.0,Estado DEFENSIVE; tendencia 0%; volatilidad anualizada 21.0%; drawdown a 252 sesiones -10.2%; exposición propuesta 70%.,REDUCE
2015-08-28,0.2,0.3254432184256178,-0.0733462238299441,-0.0032410721499274,-0.6,0.0,0.0,-1.0,0.0,-0.52,conservative,Conservador,0.7,DEFENSIVE,0.8,Estado DEFENSIVE; tendencia 20%; volatilidad anualizada 32.5%; drawdown a 252 sesiones -7.3%; exposición propuesta 70%.,HOLD,balanced,Equilibrado,0.7,DEFENSIVE,0.8,Estado DEFENSIVE; tendencia 20%; volatilidad anualizada 32.5%; drawdown a 252 sesiones -7.3%; exposición propuesta 70%.,HOLD,aggressive,Agresivo,0.7,DEFENSIVE,0.8,Estado DEFENSIVE; tendencia 20%; volatilidad anualizada 32.5%; drawdown a 252 sesiones -7.3%; exposición propuesta 70%.,HOLD
2015-09-04,0.0,0.3574647978077064,-0.1037024720419506,-1.8915928318374853e-05,-1.0,0.5,0.0,-1.0,0.5,-0.8999999999999999,conservative,Conservador,0.7,DEFENSIVE,1.0,Estado DEFENSIVE; tendencia 0%; volatilidad anualizada 35.7%; drawdown a 252 sesiones -10.4%; exposición propuesta 70%.,HOLD,balanced,Equilibrado,0.7,DEFENSIVE,1.0,Estado DEFENSIVE; tendencia 0%; volatilidad anualizada 35.7%; drawdown a 252 sesiones -10.4%; exposición propuesta 70%.,HOLD,aggressive,Agresivo,0.7,DEFENSIVE,1.0,Estado DEFENSIVE; tendencia 0%; volatilidad anualizada 35.7%; drawdown a 252 sesiones -10.4%; exposición propuesta 70%.,HOLD
2015-09-11,0.2,0.3745465693716119,-0.073784926686813,0.0138965648696141,-0.6,0.5,0.0,1.0,0.5,-0.41999999999999993,conservative,Conservador,0.7,DEFENSIVE,0.8,Estado DEFENSIVE; tendencia 20%; volatilidad anualizada 37.5%; drawdown a 252 sesiones -7.4%; exposición propuesta 70%.,HOLD,balanced,Equilibrado,0.7,DEFENSIVE,0.8,Estado DEFENSIVE; tendencia 20%; volatilidad anualizada 37.5%; drawdown a 252 sesiones -7.4%; exposición propuesta 70%.,HOLD,aggressive,Agresivo,0.7,DEFENSIVE,0.8,Estado DEFENSIVE; tendencia 20%; volatilidad anualizada 37.5%; drawdown a 252 sesiones -7.4%; exposición propuesta 70%.,HOLD
2015-09-18,0.2,0.3664131394140017,-0.0734665367451762,0.0230263500951003,-0.6,0.5,0.0,1.0,0.5,-0.41999999999999993,conservative,Conservador,0.7,DEFENSIVE,0.8,Estado DEFENSIVE; tendencia 20%; volatilidad anualizada 36.6%; drawdown a 252 sesiones -7.3%; exposición propuesta 70%.,HOLD,balanced,Equilibrado,0.7,DEFENSIVE,0.8,Estado DEFENSIVE; tendencia 20%; volatilidad anualizada 36.6%; drawdown a 252 sesiones -7.3%; exposición propuesta 70%.,HOLD,aggressive,Agresivo,0.7,DEFENSIVE,0.8,Estado DEFENSIVE; tendencia 20%; volatilidad anualizada 36.6%; drawdown a 252 sesiones -7.3%; exposición propuesta 70%.,HOLD
2015-09-25,0.0,0.2256550513787336,-0.0948375811948808,0.0038093514817726,-1.0,0.0,0.0,1.0,0.0,-0.6,conservative,Conservador,0.7,DEFENSIVE,1.0,Estado DEFENSIVE; tendencia 0%; volatilidad anualizada 22.6%; drawdown a 252 sesiones -9.5%; exposición propuesta 70%.,HOLD,balanced,Equilibrado,0.7,DEFENSIVE,1.0,Estado DEFENSIVE; tendencia 0%; volatilidad anualizada 22.6%; drawdown a 252 sesiones -9.5%; exposición propuesta 70%.,HOLD,aggressive,Agresivo,0.7,DEFENSIVE,1.0,Estado DEFENSIVE; tendencia 0%; volatilidad anualizada 22.6%; drawdown a 252 sesiones -9.5%; exposición propuesta 70%.,HOLD
2015-10-02,0.2,0.2185735778055917,-0.0852514663363446,0.0060723773615483,-0.6,0.0,0.0,1.0,0.0,-0.31999999999999995,conservative,Conservador,0.7,DEFENSIVE,0.8,Estado DEFENSIVE; tendencia 20%; volatilidad anualizada 21.9%; drawdown a 252 sesiones -8.5%; exposición propuesta 70%.,HOLD,balanced,Equilibrado,0.7,DEFENSIVE,0.8,Estado DEFENSIVE; tendencia 20%; volatilidad anualizada 21.9%; drawdown a 252 sesiones -8.5%; exposición propuesta 70%.,HOLD,aggressive,Agresivo,0.7,DEFENSIVE,0.8,Estado DEFENSIVE; tendencia 20%; volatilidad anualizada 21.9%; drawdown a 252 sesiones -8.5%; exposición propuesta 70%.,HOLD
2015-10-09,0.8,0.1888015220018188,-0.0630885494343042,-0.0171019485004606,0.6000000000000001,0.0,0.0,-1.0,0.0,0.32000000000000006,conservative,Conservador,1.15,GROWTH,0.8,Estado GROWTH; tendencia 80%; volatilidad anualizada 18.9%; drawdown a 252 sesiones -6.3%; exposición propuesta 115%.,INCREASE,balanced,Equilibrado,1.5,VOLATILITY_MANAGED,0.8,Estado VOLATILITY_MANAGED; tendencia 80%; volatilidad anualizada 18.9%; drawdown a 252 sesiones -6.3%; exposición propuesta 150%.,INCREASE,aggressive,Agresivo,1.75,GROWTH,0.8,Estado GROWTH; tendencia 80%; volatilidad anualizada 18.9%; drawdown a 252 sesiones -6.3%; exposición propuesta 175%.,INCREASE
2015-10-16,0.8,0.1861984335204717,-0.0491048777193839,-0.0137169813749009,0.6000000000000001,0.0,0.0,-1.0,0.0,0.32000000000000006,conservative,Conservador,1.15,GROWTH,0.8,Estado GROWTH; tendencia 80%; volatilidad anualizada 18.6%; drawdown a 252 sesiones -4.9%; exposición propuesta 115%.,HOLD,balanced,Equilibrado,1.5,VOLATILITY_MANAGED,0.8,Estado VOLATILITY_MANAGED; tendencia 80%; volatilidad anualizada 18.6%; drawdown a 252 sesiones -4.9%; exposición propuesta 150%.,HOLD,aggressive,Agresivo,1.75,GROWTH,0.8,Estado GROWTH; tendencia 80%; volatilidad anualizada 18.6%; drawdown a 252 sesiones -4.9%; exposición propuesta 175%.,HOLD
2015-10-23,1.0,0.2057416359623838,-0.0081207224293189,0.019784537334258,1.0,0.0,0.0,1.0,0.0,0.7999999999999999,conservative,Conservador,1.15,GROWTH,1.0,Estado GROWTH; tendencia 100%; volatilidad anualizada 20.6%; drawdown a 252 sesiones -0.8%; exposición propuesta 115%.,HOLD,balanced,Equilibrado,1.5,VOLATILITY_MANAGED,1.0,Estado VOLATILITY_MANAGED; tendencia 100%; volatilidad anualizada 20.6%; drawdown a 252 sesiones -0.8%; exposición propuesta 150%.,HOLD,aggressive,Agresivo,1.75,GROWTH,1.0,Estado GROWTH; tendencia 100%; volatilidad anualizada 20.6%; drawdown a 252 sesiones -0.8%; exposición propuesta 175%.,HOLD
2015-10-30,1.0,0.1479966794805937,-0.0060518693593855,0.0232990426509103,1.0,0.0,0.0,1.0,0.0,0.7999999999999999,conservative,Conservador,1.15,GROWTH,1.0,Estado GROWTH; tendencia 100%; volatilidad anualizada 14.8%; drawdown a 252 sesiones -0.6%; exposición propuesta 115%.,HOLD,balanced,Equilibrado,1.5,VOLATILITY_MANAGED,1.0,Estado VOLATILITY_MANAGED; tendencia 100%; volatilidad anualizada 14.8%; drawdown a 252 sesiones -0.6%; exposición propuesta 150%.,HOLD,aggressive,Agresivo,1.75,GROWTH,1.0,Estado GROWTH; tendencia 100%; volatilidad anualizada 14.8%; drawdown a 252 sesiones -0.6%; exposición propuesta 175%.,HOLD
2015-11-06,1.0,0.1452200417381105,-0.0019995127726351,0.0342746850297697,1.0,0.0,0.0,1.0,0.0,0.7999999999999999,conservative,Conservador,1.15,GROWTH,1.0,Estado GROWTH; tendencia 100%; volatilidad anualizada 14.5%; drawdown a 252 sesiones -0.2%; exposición propuesta 115%.,HOLD,balanced,Equilibrado,1.5,VOLATILITY_MANAGED,1.0,Estado VOLATILITY_MANAGED; tendencia 100%; volatilidad anualizada 14.5%; drawdown a 252 sesiones -0.2%; exposición propuesta 150%.,HOLD,aggressive,Agresivo,1.75,GROWTH,1.0,Estado GROWTH; tendencia 100%; volatilidad anualizada 14.5%; drawdown a 252 sesiones -0.2%; exposición propuesta 175%.,HOLD
2015-11-13,1.0,0.1678886310553978,-0.0450352981439564,0.0194997984460455,1.0,0.0,0.0,1.0,0.0,0.7999999999999999,conservative,Conservador,1.15,GROWTH,1.0,Estado GROWTH; tendencia 100%; volatilidad anualizada 16.8%; drawdown a 252 sesiones -4.5%; exposición propuesta 115%.,HOLD,balanced,Equilibrado,1.5,VOLATILITY_MANAGED,1.0,Estado VOLATILITY_MANAGED; tendencia 100%; volatilidad anualizada 16.8%; drawdown a 252 sesiones -4.5%; exposición propuesta 150%.,HOLD,aggressive,Agresivo,1.75,GROWTH,1.0,Estado GROWTH; tendencia 100%; volatilidad anualizada 16.8%; drawdown a 252 sesiones -4.5%; exposición propuesta 175%.,HOLD
2015-11-20,1.0,0.1388966146593961,-0.0046945519395998,0.0063992491499127,1.0,0.0,0.0,1.0,0.0,0.7999999999999999,conservative,Conservador,1.15,GROWTH,1.0,Estado GROWTH; tendencia 100%; volatilidad anualizada 13.9%; drawdown a 252 sesiones -0.5%; exposición propuesta 115%.,HOLD,balanced,Equilibrado,1.5,VOLATILITY_MANAGED,1.0,Estado VOLATILITY_MANAGED; tendencia 100%; volatilidad anualizada 13.9%; drawdown a 252 sesiones -0.5%; exposición propuesta 150%.,HOLD,aggressive,Agresivo,1.75,GROWTH,1.0,Estado GROWTH; tendencia 100%; volatilidad anualizada 13.9%; drawdown a 252 sesiones -0.5%; exposición propuesta 175%.,HOLD
2015-11-27,1.0,0.1363339656117866,-0.0061724558053627,0.0006330864861203,1.0,0.0,0.0,1.0,0.0,0.7999999999999999,conservative,Conservador,1.15,GROWTH,1.0,Estado GROWTH; tendencia 100%; volatilidad anualizada 13.6%; drawdown a 252 sesiones -0.6%; exposición propuesta 115%.,HOLD,balanced,Equilibrado,1.5,VOLATILITY_MANAGED,1.0,Estado VOLATILITY_MANAGED; tendencia 100%; volatilidad anualizada 13.6%; drawdown a 252 sesiones -0.6%; exposición propuesta 150%.,HOLD,aggressive,Agresivo,1.75,GROWTH,1.0,Estado GROWTH; tendencia 100%; volatilidad anualizada 13.6%; drawdown a 252 sesiones -0.6%; exposición propuesta 175%.,HOLD
2015-12-04,1.0,0.1713009459636413,-0.0001738493698802,0.006271002086903,1.0,0.0,0.0,1.0,0.0,0.7999999999999999,conservative,Conservador,1.15,GROWTH,1.0,Estado GROWTH; tendencia 100%; volatilidad anualizada 17.1%; drawdown a 252 sesiones -0.0%; exposición propuesta 115%.,HOLD,balanced,Equilibrado,1.5,VOLATILITY_MANAGED,1.0,Estado VOLATILITY_MANAGED; tendencia 100%; volatilidad anualizada 17.1%; drawdown a 252 sesiones -0.0%; exposición propuesta 150%.,HOLD,aggressive,Agresivo,1.75,GROWTH,1.0,Estado GROWTH; tendencia 100%; volatilidad anualizada 17.1%; drawdown a 252 sesiones -0.0%; exposición propuesta 175%.,HOLD
2015-12-11,0.6,0.1924935808488922,-0.037947266933771,0.0032934142033044,0.19999999999999996,0.0,0.0,1.0,0.0,0.23999999999999996,conservative,Conservador,1.15,GROWTH,0.6,Estado GROWTH; tendencia 60%; volatilidad anualizada 19.2%; drawdown a 252 sesiones -3.8%; exposición propuesta 115%.,HOLD,balanced,Equilibrado,1.5,VOLATILITY_MANAGED,0.6,Estado VOLATILITY_MANAGED; tendencia 60%; volatilidad anualizada 19.2%; drawdown a 252 sesiones -3.8%; exposición propuesta 150%.,HOLD,aggressive,Agresivo,1.75,GROWTH,0.6,Estado GROWTH; tendencia 60%; volatilidad anualizada 19.2%; drawdown a 252 sesiones -3.8%; exposición propuesta 175%.,HOLD
2015-12-18,0.6,0.1887676530150488,-0.0433705786789556,0.0040218257318017,0.19999999999999996,0.0,0.0,1.0,0.0,0.23999999999999996,conservative,Conservador,1.15,GROWTH,0.6,Estado GROWTH; tendencia 60%; volatilidad anualizada 18.9%; drawdown a 252 sesiones -4.3%; exposición propuesta 115%.,HOLD,balanced,Equilibrado,1.5,VOLATILITY_MANAGED,0.6,Estado VOLATILITY_MANAGED; tendencia 60%; volatilidad anualizada 18.9%; drawdown a 252 sesiones -4.3%; exposición propuesta 150%.,HOLD,aggressive,Agresivo,1.75,GROWTH,0.6,Estado GROWTH; tendencia 60%; volatilidad anualizada 18.9%; drawdown a 252 sesiones -4.3%; exposición propuesta 175%.,HOLD
2015-12-25,0.6,0.1887676530150488,-0.0433705786789556,0.0040218257318017,0.19999999999999996,0.0,0.0,1.0,0.0,0.23999999999999996,conservative,Conservador,1.15,GROWTH,0.6,Estado GROWTH; tendencia 60%; volatilidad anualizada 18.9%; drawdown a 252 sesiones -4.3%; exposición propuesta 115%.,HOLD,balanced,Equilibrado,1.5,VOLATILITY_MANAGED,0.6,Estado VOLATILITY_MANAGED; tendencia 60%; volatilidad anualizada 18.9%; drawdown a 252 sesiones -4.3%; exposición propuesta 150%.,HOLD,aggressive,Agresivo,1.75,GROWTH,0.6,Estado GROWTH; tendencia 60%; volatilidad anualizada 18.9%; drawdown a 252 sesiones -4.3%; exposición propuesta 175%.,HOLD
2016-01-01,0.8,0.1959276097316422,-0.0193309745737589,0.000887842405132,0.6000000000000001,0.0,0.0,1.0,0.0,0.52,conservative,Conservador,1.15,GROWTH,0.8,Estado GROWTH; tendencia 80%; volatilidad anualizada 19.6%; drawdown a 252 sesiones -1.9%; exposición propuesta 115%.,HOLD,balanced,Equilibrado,1.5,VOLATILITY_MANAGED,0.8,Estado VOLATILITY_MANAGED; tendencia 80%; volatilidad anualizada 19.6%; drawdown a 252 sesiones -1.9%; exposición propuesta 150%.,HOLD,aggressive,Agresivo,1.75,GROWTH,0.8,Estado GROWTH; tendencia 80%; volatilidad anualizada 19.6%; drawdown a 252 sesiones -1.9%; exposición propuesta 175%.,HOLD
2016-01-08,0.0,0.2137036566500861,-0.0940636211268063,-0.0160541939726043,-1.0,0.0,0.0,-1.0,0.0,-0.7999999999999999,conservative,Conservador,0.7,DEFENSIVE,1.0,Estado DEFENSIVE; tendencia 0%; volatilidad anualizada 21.4%; drawdown a 252 sesiones -9.4%; exposición propuesta 70%.,REDUCE,balanced,Equilibrado,0.7,DEFENSIVE,1.0,Estado DEFENSIVE; tendencia 0%; volatilidad anualizada 21.4%; drawdown a 252 sesiones -9.4%; exposición propuesta 70%.,REDUCE,aggressive,Agresivo,0.7,DEFENSIVE,1.0,Estado DEFENSIVE; tendencia 0%; volatilidad anualizada 21.4%; drawdown a 252 sesiones -9.4%; exposición propuesta 70%.,REDUCE
2016-01-15,0.0,0.2560833434276273,-0.1216744855868835,-0.0207568014107102,-1.0,0.0,0.0,-1.0,0.0,-0.7999999999999999,conservative,Conservador,0.7,DEFENSIVE,1.0,Estado DEFENSIVE; tendencia 0%; volatilidad anualizada 25.6%; drawdown a 252 sesiones -12.2%; exposición propuesta 70%.,HOLD,balanced,Equilibrado,0.7,DEFENSIVE,1.0,Estado DEFENSIVE; tendencia 0%; volatilidad anualizada 25.6%; drawdown a 252 sesiones -12.2%; exposición propuesta 70%.,HOLD,aggressive,Agresivo,0.7,DEFENSIVE,1.0,Estado DEFENSIVE; tendencia 0%; volatilidad anualizada 25.6%; drawdown a 252 sesiones -12.2%; exposición propuesta 70%.,HOLD
2016-01-22,0.0,0.2694862772720816,-0.096154114993078,-0.0078747823086561,-1.0,0.0,0.0,-1.0,0.0,-0.7999999999999999,conservative,Conservador,0.7,DEFENSIVE,1.0,Estado DEFENSIVE; tendencia 0%; volatilidad anualizada 26.9%; drawdown a 252 sesiones -9.6%; exposición propuesta 70%.,HOLD,balanced,Equilibrado,0.7,DEFENSIVE,1.0,Estado DEFENSIVE; tendencia 0%; volatilidad anualizada 26.9%; drawdown a 252 sesiones -9.6%; exposición propuesta 70%.,HOLD,aggressive,Agresivo,0.7,DEFENSIVE,1.0,Estado DEFENSIVE; tendencia 0%; volatilidad anualizada 26.9%; drawdown a 252 sesiones -9.6%; exposición propuesta 70%.,HOLD
2016-01-29,0.0,0.2953950151104954,-0.0930180157413614,-0.0213997821381436,-1.0,0.0,0.0,-1.0,0.0,-0.7999999999999999,conservative,Conservador,0.7,DEFENSIVE,1.0,Estado DEFENSIVE; tendencia 0%; volatilidad anualizada 29.5%; drawdown a 252 sesiones -9.3%; exposición propuesta 70%.,HOLD,balanced,Equilibrado,0.7,DEFENSIVE,1.0,Estado DEFENSIVE; tendencia 0%; volatilidad anualizada 29.5%; drawdown a 252 sesiones -9.3%; exposición propuesta 70%.,HOLD,aggressive,Agresivo,0.7,DEFENSIVE,1.0,Estado DEFENSIVE; tendencia 0%; volatilidad anualizada 29.5%; drawdown a 252 sesiones -9.3%; exposición propuesta 70%.,HOLD
2016-02-05,0.0,0.2988643777527009,-0.1453656740477015,-0.0329302067870074,-1.0,0.0,0.0,-1.0,0.0,-0.7999999999999999,conservative,Conservador,0.7,DEFENSIVE,1.0,Estado DEFENSIVE; tendencia 0%; volatilidad anualizada 29.9%; drawdown a 252 sesiones -14.5%; exposición propuesta 70%.,HOLD,balanced,Equilibrado,0.7,DEFENSIVE,1.0,Estado DEFENSIVE; tendencia 0%; volatilidad anualizada 29.9%; drawdown a 252 sesiones -14.5%; exposición propuesta 70%.,HOLD,aggressive,Agresivo,0.7,DEFENSIVE,1.0,Estado DEFENSIVE; tendencia 0%; volatilidad anualizada 29.9%; drawdown a 252 sesiones -14.5%; exposición propuesta 70%.,HOLD
2016-02-12,0.0,0.2678181949735146,-0.1462369282300334,-0.0305202229931133,-1.0,0.0,0.0,-1.0,0.0,-0.7999999999999999,conservative,Conservador,0.7,DEFENSIVE,1.0,Estado DEFENSIVE; tendencia 0%; volatilidad anualizada 26.8%; drawdown a 252 sesiones -14.6%; exposición propuesta 70%.,HOLD,balanced,Equilibrado,0.7,DEFENSIVE,1.0,Estado DEFENSIVE; tendencia 0%; volatilidad anualizada 26.8%; drawdown a 252 sesiones -14.6%; exposición propuesta 70%.,HOLD,aggressive,Agresivo,0.7,DEFENSIVE,1.0,Estado DEFENSIVE; tendencia 0%; volatilidad anualizada 26.8%; drawdown a 252 sesiones -14.6%; exposición propuesta 70%.,HOLD
2016-02-19,0.2,0.2760898632249178,-0.1147934199913297,-0.0207088815548108,-0.6,0.0,0.0,-1.0,0.0,-0.52,conservative,Conservador,0.7,DEFENSIVE,0.8,Estado DEFENSIVE; tendencia 20%; volatilidad anualizada 27.6%; drawdown a 252 sesiones -11.5%; exposición propuesta 70%.,HOLD,balanced,Equilibrado,0.7,DEFENSIVE,0.8,Estado DEFENSIVE; tendencia 20%; volatilidad anualizada 27.6%; drawdown a 252 sesiones -11.5%; exposición propuesta 70%.,HOLD,aggressive,Agresivo,0.7,DEFENSIVE,0.8,Estado DEFENSIVE; tendencia 20%; volatilidad anualizada 27.6%; drawdown a 252 sesiones -11.5%; exposición propuesta 70%.,HOLD
2016-02-26,0.2,0.2444205069752236,-0.0991152895179872,-0.0176021495391003,-0.6,0.0,0.0,-1.0,0.0,-0.52,conservative,Conservador,0.7,DEFENSIVE,0.8,Estado DEFENSIVE; tendencia 20%; volatilidad anualizada 24.4%; drawdown a 252 sesiones -9.9%; exposición propuesta 70%.,HOLD,balanced,Equilibrado,0.7,DEFENSIVE,0.8,Estado DEFENSIVE; tendencia 20%; volatilidad anualizada 24.4%; drawdown a 252 sesiones -9.9%; exposición propuesta 70%.,HOLD,aggressive,Agresivo,0.7,DEFENSIVE,0.8,Estado DEFENSIVE; tendencia 20%; volatilidad anualizada 24.4%; drawdown a 252 sesiones -9.9%; exposición propuesta 70%.,HOLD
2016-03-04,0.4,0.2473501627715673,-0.0796048020278651,-0.0065380612009138,-0.19999999999999996,0.0,0.0,-1.0,0.0,-0.23999999999999996,conservative,Conservador,0.7,DEFENSIVE,0.6,Estado DEFENSIVE; tendencia 40%; volatilidad anualizada 24.7%; drawdown a 252 sesiones -8.0%; exposición propuesta 70%.,HOLD,balanced,Equilibrado,0.7,DEFENSIVE,0.6,Estado DEFENSIVE; tendencia 40%; volatilidad anualizada 24.7%; drawdown a 252 sesiones -8.0%; exposición propuesta 70%.,HOLD,aggressive,Agresivo,0.7,DEFENSIVE,0.6,Estado DEFENSIVE; tendencia 40%; volatilidad anualizada 24.7%; drawdown a 252 sesiones -8.0%; exposición propuesta 70%.,HOLD
2016-03-11,0.4,0.2056654009306051,-0.0724624246990273,-0.0058741671325941,-0.19999999999999996,0.0,0.0,-1.0,0.0,-0.23999999999999996,conservative,Conservador,0.7,DEFENSIVE,0.6,Estado DEFENSIVE; tendencia 40%; volatilidad anualizada 20.6%; drawdown a 252 sesiones -7.2%; exposición propuesta 70%.,HOLD,balanced,Equilibrado,0.7,DEFENSIVE,0.6,Estado DEFENSIVE; tendencia 40%; volatilidad anualizada 20.6%; drawdown a 252 sesiones -7.2%; exposición propuesta 70%.,HOLD,aggressive,Agresivo,0.7,DEFENSIVE,0.6,Estado DEFENSIVE; tendencia 40%; volatilidad anualizada 20.6%; drawdown a 252 sesiones -7.2%; exposición propuesta 70%.,HOLD
2016-03-18,0.8,0.171042264984327,-0.0620235765554123,-0.0103562131432619,0.6000000000000001,0.0,0.0,-1.0,0.0,0.32000000000000006,conservative,Conservador,1.15,GROWTH,0.8,Estado GROWTH; tendencia 80%; volatilidad anualizada 17.1%; drawdown a 252 sesiones -6.2%; exposición propuesta 115%.,INCREASE,balanced,Equilibrado,1.5,VOLATILITY_MANAGED,0.8,Estado VOLATILITY_MANAGED; tendencia 80%; volatilidad anualizada 17.1%; drawdown a 252 sesiones -6.2%; exposición propuesta 150%.,INCREASE,aggressive,Agresivo,1.75,GROWTH,0.8,Estado GROWTH; tendencia 80%; volatilidad anualizada 17.1%; drawdown a 252 sesiones -6.2%; exposición propuesta 175%.,INCREASE
2016-03-25,0.8,0.171042264984327,-0.0620235765554123,-0.0103562131432619,0.6000000000000001,0.0,0.0,-1.0,0.0,0.32000000000000006,conservative,Conservador,1.15,GROWTH,0.8,Estado GROWTH; tendencia 80%; volatilidad anualizada 17.1%; drawdown a 252 sesiones -6.2%; exposición propuesta 115%.,HOLD,balanced,Equilibrado,1.5,VOLATILITY_MANAGED,0.8,Estado VOLATILITY_MANAGED; tendencia 80%; volatilidad anualizada 17.1%; drawdown a 252 sesiones -6.2%; exposición propuesta 150%.,HOLD,aggressive,Agresivo,1.75,GROWTH,0.8,Estado GROWTH; tendencia 80%; volatilidad anualizada 17.1%; drawdown a 252 sesiones -6.2%; exposición propuesta 175%.,HOLD
2016-04-01,1.0,0.1104917406144048,-0.0359033001772117,0.0067967102758617,1.0,0.0,0.0,1.0,0.0,0.7999999999999999,conservative,Conservador,1.15,GROWTH,1.0,Estado GROWTH; tendencia 100%; volatilidad anualizada 11.0%; drawdown a 252 sesiones -3.6%; exposición propuesta 115%.,HOLD,balanced,Equilibrado,1.5,VOLATILITY_MANAGED,1.0,Estado VOLATILITY_MANAGED; tendencia 100%; volatilidad anualizada 11.0%; drawdown a 252 sesiones -3.6%; exposición propuesta 150%.,HOLD,aggressive,Agresivo,1.75,GROWTH,1.0,Estado GROWTH; tendencia 100%; volatilidad anualizada 11.0%; drawdown a 252 sesiones -3.6%; exposición propuesta 175%.,HOLD
2016-04-08,1.0,0.1347191906257762,-0.0477839151982131,0.0144140138551822,1.0,0.0,0.0,1.0,0.0,0.7999999999999999,conservative,Conservador,1.15,GROWTH,1.0,Estado GROWTH; tendencia 100%; volatilidad anualizada 13.5%; drawdown a 252 sesiones -4.8%; exposición propuesta 115%.,HOLD,balanced,Equilibrado,1.5,VOLATILITY_MANAGED,1.0,Estado VOLATILITY_MANAGED; tendencia 100%; volatilidad anualizada 13.5%; drawdown a 252 sesiones -4.8%; exposición propuesta 150%.,HOLD,aggressive,Agresivo,1.75,GROWTH,1.0,Estado GROWTH; tendencia 100%; volatilidad anualizada 13.5%; drawdown a 252 sesiones -4.8%; exposición propuesta 175%.,HOLD
2016-04-15,1.0,0.1302821391962098,-0.0334570065489955,0.0114399374977764,1.0,0.0,0.0,1.0,0.0,0.7999999999999999,conservative,Conservador,1.15,GROWTH,1.0,Estado GROWTH; tendencia 100%; volatilidad anualizada 13.0%; drawdown a 252 sesiones -3.3%; exposición propuesta 115%.,HOLD,balanced,Equilibrado,1.5,VOLATILITY_MANAGED,1.0,Estado VOLATILITY_MANAGED; tendencia 100%; volatilidad anualizada 13.0%; drawdown a 252 sesiones -3.3%; exposición propuesta 150%.,HOLD,aggressive,Agresivo,1.75,GROWTH,1.0,Estado GROWTH; tendencia 100%; volatilidad anualizada 13.0%; drawdown a 252 sesiones -3.3%; exposición propuesta 175%.,HOLD
2016-04-22,1.0,0.1418502419225023,-0.0479585531631731,-0.0127652553581838,1.0,0.0,0.0,-1.0,0.0,0.6,conservative,Conservador,1.15,GROWTH,1.0,Estado GROWTH; tendencia 100%; volatilidad anualizada 14.2%; drawdown a 252 sesiones -4.8%; exposición propuesta 115%.,HOLD,balanced,Equilibrado,1.5,VOLATILITY_MANAGED,1.0,Estado VOLATILITY_MANAGED; tendencia 100%; volatilidad anualizada 14.2%; drawdown a 252 sesiones -4.8%; exposición propuesta 150%.,HOLD,aggressive,Agresivo,1.75,GROWTH,1.0,Estado GROWTH; tendencia 100%; volatilidad anualizada 14.2%; drawdown a 252 sesiones -4.8%; exposición propuesta 175%.,HOLD
2016-04-29,0.2,0.1315606817237145,-0.0764378041871101,-0.0391926669233226,-0.6,0.0,0.0,-1.0,0.0,-0.52,conservative,Conservador,0.7,DEFENSIVE,0.8,Estado DEFENSIVE; tendencia 20%; volatilidad anualizada 13.2%; drawdown a 252 sesiones -7.6%; exposición propuesta 70%.,REDUCE,balanced,Equilibrado,0.7,DEFENSIVE,0.8,Estado DEFENSIVE; tendencia 20%; volatilidad anualizada 13.2%; drawdown a 252 sesiones -7.6%; exposición propuesta 70%.,REDUCE,aggressive,Agresivo,0.7,DEFENSIVE,0.8,Estado DEFENSIVE; tendencia 20%; volatilidad anualizada 13.2%; drawdown a 252 sesiones -7.6%; exposición propuesta 70%.,REDUCE
2016-05-06,0.2,0.1155014101420669,-0.0776608434655254,-0.0373420972062962,-0.6,0.0,0.0,-1.0,0.0,-0.52,conservative,Conservador,0.7,DEFENSIVE,0.8,Estado DEFENSIVE; tendencia 20%; volatilidad anualizada 11.6%; drawdown a 252 sesiones -7.8%; exposición propuesta 70%.,HOLD,balanced,Equilibrado,0.7,DEFENSIVE,0.8,Estado DEFENSIVE; tendencia 20%; volatilidad anualizada 11.6%; drawdown a 252 sesiones -7.8%; exposición propuesta 70%.,HOLD,aggressive,Agresivo,0.7,DEFENSIVE,0.8,Estado DEFENSIVE; tendencia 20%; volatilidad anualizada 11.6%; drawdown a 252 sesiones -7.8%; exposición propuesta 70%.,HOLD
2016-05-13,0.2,0.1152445652879571,-0.0783598971585987,-0.0319230488520172,-0.6,0.0,0.0,-1.0,0.0,-0.52,conservative,Conservador,0.7,DEFENSIVE,0.8,Estado DEFENSIVE; tendencia 20%; volatilidad anualizada 11.5%; drawdown a 252 sesiones -7.8%; exposición propuesta 70%.,HOLD,balanced,Equilibrado,0.7,DEFENSIVE,0.8,Estado DEFENSIVE; tendencia 20%; volatilidad anualizada 11.5%; drawdown a 252 sesiones -7.8%; exposición propuesta 70%.,HOLD,aggressive,Agresivo,0.7,DEFENSIVE,0.8,Estado DEFENSIVE; tendencia 20%; volatilidad anualizada 11.5%; drawdown a 252 sesiones -7.8%; exposición propuesta 70%.,HOLD
2016-05-20,0.2,0.1296391358058046,-0.0698860128826326,-0.0063792148616614,-0.6,0.0,0.0,-1.0,0.0,-0.52,conservative,Conservador,0.7,DEFENSIVE,0.8,Estado DEFENSIVE; tendencia 20%; volatilidad anualizada 13.0%; drawdown a 252 sesiones -7.0%; exposición propuesta 70%.,HOLD,balanced,Equilibrado,0.7,DEFENSIVE,0.8,Estado DEFENSIVE; tendencia 20%; volatilidad anualizada 13.0%; drawdown a 252 sesiones -7.0%; exposición propuesta 70%.,HOLD,aggressive,Agresivo,0.7,DEFENSIVE,0.8,Estado DEFENSIVE; tendencia 20%; volatilidad anualizada 13.0%; drawdown a 252 sesiones -7.0%; exposición propuesta 70%.,HOLD
2016-05-27,1.0,0.1379474909397505,-0.0379123536788713,0.0227633474515172,1.0,0.0,0.0,1.0,0.0,0.7999999999999999,conservative,Conservador,1.15,GROWTH,1.0,Estado GROWTH; tendencia 100%; volatilidad anualizada 13.8%; drawdown a 252 sesiones -3.8%; exposición propuesta 115%.,INCREASE,balanced,Equilibrado,1.5,VOLATILITY_MANAGED,1.0,Estado VOLATILITY_MANAGED; tendencia 100%; volatilidad anualizada 13.8%; drawdown a 252 sesiones -3.8%; exposición propuesta 150%.,INCREASE,aggressive,Agresivo,1.75,GROWTH,1.0,Estado GROWTH; tendencia 100%; volatilidad anualizada 13.8%; drawdown a 252 sesiones -3.8%; exposición propuesta 175%.,INCREASE
2016-06-03,1.0,0.1272842877429736,-0.0385239450085408,0.0220844155521837,1.0,0.0,0.0,1.0,0.0,0.7999999999999999,conservative,Conservador,1.15,GROWTH,1.0,Estado GROWTH; tendencia 100%; volatilidad anualizada 12.7%; drawdown a 252 sesiones -3.9%; exposición propuesta 115%.,HOLD,balanced,Equilibrado,1.5,VOLATILITY_MANAGED,1.0,Estado VOLATILITY_MANAGED; tendencia 100%; volatilidad anualizada 12.7%; drawdown a 252 sesiones -3.9%; exposición propuesta 150%.,HOLD,aggressive,Agresivo,1.75,GROWTH,1.0,Estado GROWTH; tendencia 100%; volatilidad anualizada 12.7%; drawdown a 252 sesiones -3.9%; exposición propuesta 175%.,HOLD
2016-06-10,1.0,0.1219476178869854,-0.0483080441644788,0.0118104636966787,1.0,0.0,0.0,1.0,0.0,0.7999999999999999,conservative,Conservador,1.15,GROWTH,1.0,Estado GROWTH; tendencia 100%; volatilidad anualizada 12.2%; drawdown a 252 sesiones -4.8%; exposición propuesta 115%.,HOLD,balanced,Equilibrado,1.5,VOLATILITY_MANAGED,1.0,Estado VOLATILITY_MANAGED; tendencia 100%; volatilidad anualizada 12.2%; drawdown a 252 sesiones -4.8%; exposición propuesta 150%.,HOLD,aggressive,Agresivo,1.75,GROWTH,1.0,Estado GROWTH; tendencia 100%; volatilidad anualizada 12.2%; drawdown a 252 sesiones -4.8%; exposición propuesta 175%.,HOLD
2016-06-17,0.2,0.1157264021274226,-0.0672331790339524,-0.0027225222927387,-0.6,0.0,0.0,-1.0,0.0,-0.52,conservative,Conservador,0.7,DEFENSIVE,0.8,Estado DEFENSIVE; tendencia 20%; volatilidad anualizada 11.6%; drawdown a 252 sesiones -6.7%; exposición propuesta 70%.,REDUCE,balanced,Equilibrado,0.7,DEFENSIVE,0.8,Estado DEFENSIVE; tendencia 20%; volatilidad anualizada 11.6%; drawdown a 252 sesiones -6.7%; exposición propuesta 70%.,REDUCE,aggressive,Agresivo,0.7,DEFENSIVE,0.8,Estado DEFENSIVE; tendencia 20%; volatilidad anualizada 11.6%; drawdown a 252 sesiones -6.7%; exposición propuesta 70%.,REDUCE
2016-06-24,0.0,0.1741906333041536,-0.0865036468579469,-0.0214758442263022,-1.0,0.0,0.0,-1.0,0.0,-0.7999999999999999,conservative,Conservador,0.7,DEFENSIVE,1.0,Estado DEFENSIVE; tendencia 0%; volatilidad anualizada 17.4%; drawdown a 252 sesiones -8.7%; exposición propuesta 70%.,HOLD,balanced,Equilibrado,0.7,DEFENSIVE,1.0,Estado DEFENSIVE; tendencia 0%; volatilidad anualizada 17.4%; drawdown a 252 sesiones -8.7%; exposición propuesta 70%.,HOLD,aggressive,Agresivo,0.7,DEFENSIVE,1.0,Estado DEFENSIVE; tendencia 0%; volatilidad anualizada 17.4%; drawdown a 252 sesiones -8.7%; exposición propuesta 70%.,HOLD
2016-07-01,0.6,0.220664163864596,-0.053306303161614,-0.0188546613697995,0.19999999999999996,0.0,0.0,-1.0,0.0,0.03999999999999995,conservative,Conservador,1.15,GROWTH,0.6,Estado GROWTH; tendencia 60%; volatilidad anualizada 22.1%; drawdown a 252 sesiones -5.3%; exposición propuesta 115%.,INCREASE,balanced,Equilibrado,1.5,VOLATILITY_MANAGED,0.6,Estado VOLATILITY_MANAGED; tendencia 60%; volatilidad anualizada 22.1%; drawdown a 252 sesiones -5.3%; exposición propuesta 150%.,INCREASE,aggressive,Agresivo,1.75,GROWTH,0.6,Estado GROWTH; tendencia 60%; volatilidad anualizada 22.1%; drawdown a 252 sesiones -5.3%; exposición propuesta 175%.,INCREASE
2016-07-08,0.8,0.2305055156544952,-0.0338604087775792,-0.0042372857956261,0.6000000000000001,0.0,0.0,-1.0,0.0,0.32000000000000006,conservative,Conservador,1.15,GROWTH,0.8,Estado GROWTH; tendencia 80%; volatilidad anualizada 23.1%; drawdown a 252 sesiones -3.4%; exposición propuesta 115%.,HOLD,balanced,Equilibrado,1.5,VOLATILITY_MANAGED,0.8,Estado VOLATILITY_MANAGED; tendencia 80%; volatilidad anualizada 23.1%; drawdown a 252 sesiones -3.4%; exposición propuesta 150%.,HOLD,aggressive,Agresivo,1.75,GROWTH,0.8,Estado GROWTH; tendencia 80%; volatilidad anualizada 23.1%; drawdown a 252 sesiones -3.4%; exposición propuesta 175%.,HOLD
2016-07-15,1.0,0.2253823816718251,-0.0207220562946484,-0.0036307607985444,1.0,0.0,0.0,-1.0,0.0,0.6,conservative,Conservador,1.15,GROWTH,1.0,Estado GROWTH; tendencia 100%; volatilidad anualizada 22.5%; drawdown a 252 sesiones -2.1%; exposición propuesta 115%.,HOLD,balanced,Equilibrado,1.5,VOLATILITY_MANAGED,1.0,Estado VOLATILITY_MANAGED; tendencia 100%; volatilidad anualizada 22.5%; drawdown a 252 sesiones -2.1%; exposición propuesta 150%.,HOLD,aggressive,Agresivo,1.75,GROWTH,1.0,Estado GROWTH; tendencia 100%; volatilidad anualizada 22.5%; drawdown a 252 sesiones -2.1%; exposición propuesta 175%.,HOLD
2016-07-22,1.0,0.2191261039082034,-0.0045173593793383,0.0143641526446278,1.0,0.0,0.0,1.0,0.0,0.7999999999999999,conservative,Conservador,1.15,GROWTH,1.0,Estado GROWTH; tendencia 100%; volatilidad anualizada 21.9%; drawdown a 252 sesiones -0.5%; exposición propuesta 115%.,HOLD,balanced,Equilibrado,1.5,VOLATILITY_MANAGED,1.0,Estado VOLATILITY_MANAGED; tendencia 100%; volatilidad anualizada 21.9%; drawdown a 252 sesiones -0.5%; exposición propuesta 150%.,HOLD,aggressive,Agresivo,1.75,GROWTH,1.0,Estado GROWTH; tendencia 100%; volatilidad anualizada 21.9%; drawdown a 252 sesiones -0.5%; exposición propuesta 175%.,HOLD
2016-07-29,1.0,0.0840119157042821,0.0,0.0350367992072586,1.0,0.0,0.0,1.0,0.0,0.7999999999999999,conservative,Conservador,1.15,GROWTH,1.0,Estado GROWTH; tendencia 100%; volatilidad anualizada 8.4%; drawdown a 252 sesiones 0.0%; exposición propuesta 115%.,HOLD,balanced,Equilibrado,1.5,VOLATILITY_MANAGED,1.0,Estado VOLATILITY_MANAGED; tendencia 100%; volatilidad anualizada 8.4%; drawdown a 252 sesiones 0.0%; exposición propuesta 150%.,HOLD,aggressive,Agresivo,1.75,GROWTH,1.0,Estado GROWTH; tendencia 100%; volatilidad anualizada 8.4%; drawdown a 252 sesiones 0.0%; exposición propuesta 175%.,HOLD
2016-08-05,1.0,0.0753467672519289,0.0,0.0327430762215306,1.0,0.0,0.0,1.0,0.0,0.7999999999999999,conservative,Conservador,1.15,GROWTH,1.0,Estado GROWTH; tendencia 100%; volatilidad anualizada 7.5%; drawdown a 252 sesiones 0.0%; exposición propuesta 115%.,HOLD,balanced,Equilibrado,1.5,VOLATILITY_MANAGED,1.0,Estado VOLATILITY_MANAGED; tendencia 100%; volatilidad anualizada 7.5%; drawdown a 252 sesiones 0.0%; exposición propuesta 150%.,HOLD,aggressive,Agresivo,1.75,GROWTH,1.0,Estado GROWTH; tendencia 100%; volatilidad anualizada 7.5%; drawdown a 252 sesiones 0.0%; exposición propuesta 175%.,HOLD
2016-08-12,1.0,0.0727459262283839,0.0,0.0361152637830699,1.0,0.0,0.0,1.0,0.0,0.7999999999999999,conservative,Conservador,1.15,GROWTH,1.0,Estado GROWTH; tendencia 100%; volatilidad anualizada 7.3%; drawdown a 252 sesiones 0.0%; exposición propuesta 115%.,HOLD,balanced,Equilibrado,1.5,VOLATILITY_MANAGED,1.0,Estado VOLATILITY_MANAGED; tendencia 100%; volatilidad anualizada 7.3%; drawdown a 252 sesiones 0.0%; exposición propuesta 150%.,HOLD,aggressive,Agresivo,1.75,GROWTH,1.0,Estado GROWTH; tendencia 100%; volatilidad anualizada 7.3%; drawdown a 252 sesiones 0.0%; exposición propuesta 175%.,HOLD
2016-08-19,1.0,0.0628679831692935,-0.0037381416379966,0.0257803009213204,1.0,0.0,0.0,1.0,0.0,0.7999999999999999,conservative,Conservador,1.15,GROWTH,1.0,Estado GROWTH; tendencia 100%; volatilidad anualizada 6.3%; drawdown a 252 sesiones -0.4%; exposición propuesta 115%.,HOLD,balanced,Equilibrado,1.5,VOLATILITY_MANAGED,1.0,Estado VOLATILITY_MANAGED; tendencia 100%; volatilidad anualizada 6.3%; drawdown a 252 sesiones -0.4%; exposición propuesta 150%.,HOLD,aggressive,Agresivo,1.75,GROWTH,1.0,Estado GROWTH; tendencia 100%; volatilidad anualizada 6.3%; drawdown a 252 sesiones -0.4%; exposición propuesta 175%.,HOLD
2016-08-26,1.0,0.06537182373184,-0.007816601098349,0.0126679380436942,1.0,0.0,0.0,1.0,0.0,0.7999999999999999,conservative,Conservador,1.15,GROWTH,1.0,Estado GROWTH; tendencia 100%; volatilidad anualizada 6.5%; drawdown a 252 sesiones -0.8%; exposición propuesta 115%.,HOLD,balanced,Equilibrado,1.5,VOLATILITY_MANAGED,1.0,Estado VOLATILITY_MANAGED; tendencia 100%; volatilidad anualizada 6.5%; drawdown a 252 sesiones -0.8%; exposición propuesta 150%.,HOLD,aggressive,Agresivo,1.75,GROWTH,1.0,Estado GROWTH; tendencia 100%; volatilidad anualizada 6.5%; drawdown a 252 sesiones -0.8%; exposición propuesta 175%.,HOLD
2016-09-02,1.0,0.0467399935501845,-0.0049277241854085,0.0020406611207883,1.0,0.0,0.0,1.0,0.0,0.7999999999999999,conservative,Conservador,1.15,GROWTH,1.0,Estado GROWTH; tendencia 100%; volatilidad anualizada 4.7%; drawdown a 252 sesiones -0.5%; exposición propuesta 115%.,HOLD,balanced,Equilibrado,1.5,VOLATILITY_MANAGED,1.0,Estado VOLATILITY_MANAGED; tendencia 100%; volatilidad anualizada 4.7%; drawdown a 252 sesiones -0.5%; exposición propuesta 150%.,HOLD,aggressive,Agresivo,1.75,GROWTH,1.0,Estado GROWTH; tendencia 100%; volatilidad anualizada 4.7%; drawdown a 252 sesiones -0.5%; exposición propuesta 175%.,HOLD
2016-09-09,0.6,0.103725219639175,-0.0308685899442503,0.0003110747764695,0.19999999999999996,0.0,0.0,1.0,0.0,0.23999999999999996,conservative,Conservador,1.15,GROWTH,0.6,Estado GROWTH; tendencia 60%; volatilidad anualizada 10.4%; drawdown a 252 sesiones -3.1%; exposición propuesta 115%.,HOLD,balanced,Equilibrado,1.5,VOLATILITY_MANAGED,0.6,Estado VOLATILITY_MANAGED; tendencia 60%; volatilidad anualizada 10.4%; drawdown a 252 sesiones -3.1%; exposición propuesta 150%.,HOLD,aggressive,Agresivo,1.75,GROWTH,0.6,Estado GROWTH; tendencia 60%; volatilidad anualizada 10.4%; drawdown a 252 sesiones -3.1%; exposición propuesta 175%.,HOLD
2016-09-16,1.0,0.1388434239465122,-0.0028505871709834,0.0226654483342247,1.0,0.0,0.0,1.0,0.0,0.7999999999999999,conservative,Conservador,1.15,GROWTH,1.0,Estado GROWTH; tendencia 100%; volatilidad anualizada 13.9%; drawdown a 252 sesiones -0.3%; exposición propuesta 115%.,HOLD,balanced,Equilibrado,1.5,VOLATILITY_MANAGED,1.0,Estado VOLATILITY_MANAGED; tendencia 100%; volatilidad anualizada 13.9%; drawdown a 252 sesiones -0.3%; exposición propuesta 150%.,HOLD,aggressive,Agresivo,1.75,GROWTH,1.0,Estado GROWTH; tendencia 100%; volatilidad anualizada 13.9%; drawdown a 252 sesiones -0.3%; exposición propuesta 175%.,HOLD
2016-09-23,1.0,0.1462493522634127,-0.0063817263663262,0.0201356707301041,1.0,0.0,0.0,1.0,0.0,0.7999999999999999,conservative,Conservador,1.15,GROWTH,1.0,Estado GROWTH; tendencia 100%; volatilidad anualizada 14.6%; drawdown a 252 sesiones -0.6%; exposición propuesta 115%.,HOLD,balanced,Equilibrado,1.5,VOLATILITY_MANAGED,1.0,Estado VOLATILITY_MANAGED; tendencia 100%; volatilidad anualizada 14.6%; drawdown a 252 sesiones -0.6%; exposición propuesta 150%.,HOLD,aggressive,Agresivo,1.75,GROWTH,1.0,Estado GROWTH; tendencia 100%; volatilidad anualizada 14.6%; drawdown a 252 sesiones -0.6%; exposición propuesta 175%.,HOLD
2016-09-30,1.0,0.157268480050639,-0.0031068155247131,0.0194968608362007,1.0,0.0,0.0,1.0,0.0,0.7999999999999999,conservative,Conservador,1.15,GROWTH,1.0,Estado GROWTH; tendencia 100%; volatilidad anualizada 15.7%; drawdown a 252 sesiones -0.3%; exposición propuesta 115%.,HOLD,balanced,Equilibrado,1.5,VOLATILITY_MANAGED,1.0,Estado VOLATILITY_MANAGED; tendencia 100%; volatilidad anualizada 15.7%; drawdown a 252 sesiones -0.3%; exposición propuesta 150%.,HOLD,aggressive,Agresivo,1.75,GROWTH,1.0,Estado GROWTH; tendencia 100%; volatilidad anualizada 15.7%; drawdown a 252 sesiones -0.3%; exposición propuesta 175%.,HOLD
2016-10-07,1.0,0.1215324818086546,-0.0052062931266975,0.025916245428279,1.0,0.0,0.0,1.0,0.0,0.7999999999999999,conservative,Conservador,1.15,GROWTH,1.0,Estado GROWTH; tendencia 100%; volatilidad anualizada 12.2%; drawdown a 252 sesiones -0.5%; exposición propuesta 115%.,HOLD,balanced,Equilibrado,1.5,VOLATILITY_MANAGED,1.0,Estado VOLATILITY_MANAGED; tendencia 100%; volatilidad anualizada 12.2%; drawdown a 252 sesiones -0.5%; exposición propuesta 150%.,HOLD,aggressive,Agresivo,1.75,GROWTH,1.0,Estado GROWTH; tendencia 100%; volatilidad anualizada 12.2%; drawdown a 252 sesiones -0.5%; exposición propuesta 175%.,HOLD
2016-10-14,0.6,0.1018576901540285,-0.017446756757534,-0.0001071652406804,0.19999999999999996,0.0,0.0,-1.0,0.0,0.03999999999999995,conservative,Conservador,1.15,GROWTH,0.6,Estado GROWTH; tendencia 60%; volatilidad anualizada 10.2%; drawdown a 252 sesiones -1.7%; exposición propuesta 115%.,HOLD,balanced,Equilibrado,1.5,VOLATILITY_MANAGED,0.6,Estado VOLATILITY_MANAGED; tendencia 60%; volatilidad anualizada 10.2%; drawdown a 252 sesiones -1.7%; exposición propuesta 150%.,HOLD,aggressive,Agresivo,1.75,GROWTH,0.6,Estado GROWTH; tendencia 60%; volatilidad anualizada 10.2%; drawdown a 252 sesiones -1.7%; exposición propuesta 175%.,HOLD
2016-10-21,0.8,0.0936477461626173,-0.0089750067212741,0.0077848986835232,0.6000000000000001,0.0,0.0,1.0,0.0,0.52,conservative,Conservador,1.15,GROWTH,0.8,Estado GROWTH; tendencia 80%; volatilidad anualizada 9.4%; drawdown a 252 sesiones -0.9%; exposición propuesta 115%.,HOLD,balanced,Equilibrado,1.5,VOLATILITY_MANAGED,0.8,Estado VOLATILITY_MANAGED; tendencia 80%; volatilidad anualizada 9.4%; drawdown a 252 sesiones -0.9%; exposición propuesta 150%.,HOLD,aggressive,Agresivo,1.75,GROWTH,0.8,Estado GROWTH; tendencia 80%; volatilidad anualizada 9.4%; drawdown a 252 sesiones -0.9%; exposición propuesta 175%.,HOLD
2016-10-28,0.6,0.0917320546827574,-0.0206577193672434,0.0037372635249944,0.19999999999999996,0.0,0.0,1.0,0.0,0.23999999999999996,conservative,Conservador,1.15,GROWTH,0.6,Estado GROWTH; tendencia 60%; volatilidad anualizada 9.2%; drawdown a 252 sesiones -2.1%; exposición propuesta 115%.,HOLD,balanced,Equilibrado,1.5,VOLATILITY_MANAGED,0.6,Estado VOLATILITY_MANAGED; tendencia 60%; volatilidad anualizada 9.2%; drawdown a 252 sesiones -2.1%; exposición propuesta 150%.,HOLD,aggressive,Agresivo,1.75,GROWTH,0.6,Estado GROWTH; tendencia 60%; volatilidad anualizada 9.2%; drawdown a 252 sesiones -2.1%; exposición propuesta 175%.,HOLD
2016-11-04,0.4,0.1008684285411836,-0.0495111895866107,-0.0105049710957484,-0.19999999999999996,0.0,0.0,-1.0,0.0,-0.23999999999999996,conservative,Conservador,0.7,DEFENSIVE,0.6,Estado DEFENSIVE; tendencia 40%; volatilidad anualizada 10.1%; drawdown a 252 sesiones -5.0%; exposición propuesta 70%.,REDUCE,balanced,Equilibrado,0.7,DEFENSIVE,0.6,Estado DEFENSIVE; tendencia 40%; volatilidad anualizada 10.1%; drawdown a 252 sesiones -5.0%; exposición propuesta 70%.,REDUCE,aggressive,Agresivo,0.7,DEFENSIVE,0.6,Estado DEFENSIVE; tendencia 40%; volatilidad anualizada 10.1%; drawdown a 252 sesiones -5.0%; exposición propuesta 70%.,REDUCE
2016-11-11,0.4,0.1399543288776891,-0.0315298079444152,-0.0269237328409317,-0.19999999999999996,0.0,0.0,-1.0,0.0,-0.23999999999999996,conservative,Conservador,0.7,DEFENSIVE,0.6,Estado DEFENSIVE; tendencia 40%; volatilidad anualizada 14.0%; drawdown a 252 sesiones -3.2%; exposición propuesta 70%.,HOLD,balanced,Equilibrado,0.7,DEFENSIVE,0.6,Estado DEFENSIVE; tendencia 40%; volatilidad anualizada 14.0%; drawdown a 252 sesiones -3.2%; exposición propuesta 70%.,HOLD,aggressive,Agresivo,0.7,DEFENSIVE,0.6,Estado DEFENSIVE; tendencia 40%; volatilidad anualizada 14.0%; drawdown a 252 sesiones -3.2%; exposición propuesta 70%.,HOLD
2016-11-18,0.8,0.1534408312176715,-0.0188178011929733,-0.0281490867483743,0.6000000000000001,0.0,0.0,-1.0,0.0,0.32000000000000006,conservative,Conservador,1.15,GROWTH,0.8,Estado GROWTH; tendencia 80%; volatilidad anualizada 15.3%; drawdown a 252 sesiones -1.9%; exposición propuesta 115%.,INCREASE,balanced,Equilibrado,1.5,VOLATILITY_MANAGED,0.8,Estado VOLATILITY_MANAGED; tendencia 80%; volatilidad anualizada 15.3%; drawdown a 252 sesiones -1.9%; exposición propuesta 150%.,INCREASE,aggressive,Agresivo,1.75,GROWTH,0.8,Estado GROWTH; tendencia 80%; volatilidad anualizada 15.3%; drawdown a 252 sesiones -1.9%; exposición propuesta 175%.,INCREASE
2016-11-25,1.0,0.1499564854999198,-0.0064400208661071,-0.0310241926478642,1.0,0.0,0.0,-1.0,0.0,0.6,conservative,Conservador,1.15,GROWTH,1.0,Estado GROWTH; tendencia 100%; volatilidad anualizada 15.0%; drawdown a 252 sesiones -0.6%; exposición propuesta 115%.,HOLD,balanced,Equilibrado,1.5,VOLATILITY_MANAGED,1.0,Estado VOLATILITY_MANAGED; tendencia 100%; volatilidad anualizada 15.0%; drawdown a 252 sesiones -0.6%; exposición propuesta 150%.,HOLD,aggressive,Agresivo,1.75,GROWTH,1.0,Estado GROWTH; tendencia 100%; volatilidad anualizada 15.0%; drawdown a 252 sesiones -0.6%; exposición propuesta 175%.,HOLD
2016-12-02,0.6,0.1586024774710219,-0.0323662957743401,-0.0377409791524629,0.19999999999999996,0.0,0.0,-1.0,0.0,0.03999999999999995,conservative,Conservador,1.15,GROWTH,0.6,Estado GROWTH; tendencia 60%; volatilidad anualizada 15.9%; drawdown a 252 sesiones -3.2%; exposición propuesta 115%.,HOLD,balanced,Equilibrado,1.5,VOLATILITY_MANAGED,0.6,Estado VOLATILITY_MANAGED; tendencia 60%; volatilidad anualizada 15.9%; drawdown a 252 sesiones -3.2%; exposición propuesta 150%.,HOLD,aggressive,Agresivo,1.75,GROWTH,0.6,Estado GROWTH; tendencia 60%; volatilidad anualizada 15.9%; drawdown a 252 sesiones -3.2%; exposición propuesta 175%.,HOLD
2016-12-09,1.0,0.1285129581836862,-0.0005855619646915,-0.0118118103610671,1.0,0.0,0.0,-1.0,0.0,0.6,conservative,Conservador,1.15,GROWTH,1.0,Estado GROWTH; tendencia 100%; volatilidad anualizada 12.9%; drawdown a 252 sesiones -0.1%; exposición propuesta 115%.,HOLD,balanced,Equilibrado,1.5,VOLATILITY_MANAGED,1.0,Estado VOLATILITY_MANAGED; tendencia 100%; volatilidad anualizada 12.9%; drawdown a 252 sesiones -0.1%; exposición propuesta 150%.,HOLD,aggressive,Agresivo,1.75,GROWTH,1.0,Estado GROWTH; tendencia 100%; volatilidad anualizada 12.9%; drawdown a 252 sesiones -0.1%; exposición propuesta 175%.,HOLD
2016-12-16,1.0,0.1206356853370686,-0.0042027773125795,-0.015055108568899,1.0,0.0,0.0,-1.0,0.0,0.6,conservative,Conservador,1.15,GROWTH,1.0,Estado GROWTH; tendencia 100%; volatilidad anualizada 12.1%; drawdown a 252 sesiones -0.4%; exposición propuesta 115%.,HOLD,balanced,Equilibrado,1.5,VOLATILITY_MANAGED,1.0,Estado VOLATILITY_MANAGED; tendencia 100%; volatilidad anualizada 12.1%; drawdown a 252 sesiones -0.4%; exposición propuesta 150%.,HOLD,aggressive,Agresivo,1.75,GROWTH,1.0,Estado GROWTH; tendencia 100%; volatilidad anualizada 12.1%; drawdown a 252 sesiones -0.4%; exposición propuesta 175%.,HOLD
2016-12-23,1.0,0.1143756753863776,-0.0029032797824201,-0.0101436364966089,1.0,0.0,0.0,-1.0,0.0,0.6,conservative,Conservador,1.15,GROWTH,1.0,Estado GROWTH; tendencia 100%; volatilidad anualizada 11.4%; drawdown a 252 sesiones -0.3%; exposición propuesta 115%.,HOLD,balanced,Equilibrado,1.5,VOLATILITY_MANAGED,1.0,Estado VOLATILITY_MANAGED; tendencia 100%; volatilidad anualizada 11.4%; drawdown a 252 sesiones -0.3%; exposición propuesta 150%.,HOLD,aggressive,Agresivo,1.75,GROWTH,1.0,Estado GROWTH; tendencia 100%; volatilidad anualizada 11.4%; drawdown a 252 sesiones -0.3%; exposición propuesta 175%.,HOLD
2016-12-30,1.0,0.0955369998137351,-0.0193679274247267,0.0050657280654482,1.0,0.0,0.0,1.0,0.0,0.7999999999999999,conservative,Conservador,1.15,GROWTH,1.0,Estado GROWTH; tendencia 100%; volatilidad anualizada 9.6%; drawdown a 252 sesiones -1.9%; exposición propuesta 115%.,HOLD,balanced,Equilibrado,1.5,VOLATILITY_MANAGED,1.0,Estado VOLATILITY_MANAGED; tendencia 100%; volatilidad anualizada 9.6%; drawdown a 252 sesiones -1.9%; exposición propuesta 150%.,HOLD,aggressive,Agresivo,1.75,GROWTH,1.0,Estado GROWTH; tendencia 100%; volatilidad anualizada 9.6%; drawdown a 252 sesiones -1.9%; exposición propuesta 175%.,HOLD
2017-01-06,1.0,0.0938276532878018,0.0,0.0156252463097934,1.0,0.0,0.0,1.0,0.0,0.7999999999999999,conservative,Conservador,1.15,GROWTH,1.0,Estado GROWTH; tendencia 100%; volatilidad anualizada 9.4%; drawdown a 252 sesiones 0.0%; exposición propuesta 115%.,HOLD,balanced,Equilibrado,1.5,VOLATILITY_MANAGED,1.0,Estado VOLATILITY_MANAGED; tendencia 100%; volatilidad anualizada 9.4%; drawdown a 252 sesiones 0.0%; exposición propuesta 150%.,HOLD,aggressive,Agresivo,1.75,GROWTH,1.0,Estado GROWTH; tendencia 100%; volatilidad anualizada 9.4%; drawdown a 252 sesiones 0.0%; exposición propuesta 175%.,HOLD
2017-01-13,1.0,0.0788880333312584,0.0,0.0164659729003073,1.0,0.0,0.0,1.0,0.0,0.7999999999999999,conservative,Conservador,1.15,GROWTH,1.0,Estado GROWTH; tendencia 100%; volatilidad anualizada 7.9%; drawdown a 252 sesiones 0.0%; exposición propuesta 115%.,HOLD,balanced,Equilibrado,1.5,VOLATILITY_MANAGED,1.0,Estado VOLATILITY_MANAGED; tendencia 100%; volatilidad anualizada 7.9%; drawdown a 252 sesiones 0.0%; exposición propuesta 150%.,HOLD,aggressive,Agresivo,1.75,GROWTH,1.0,Estado GROWTH; tendencia 100%; volatilidad anualizada 7.9%; drawdown a 252 sesiones 0.0%; exposición propuesta 175%.,HOLD
2017-01-20,1.0,0.0774583137961317,0.0,0.0208953131930789,1.0,0.0,0.0,1.0,0.0,0.7999999999999999,conservative,Conservador,1.15,GROWTH,1.0,Estado GROWTH; tendencia 100%; volatilidad anualizada 7.7%; drawdown a 252 sesiones 0.0%; exposición propuesta 115%.,HOLD,balanced,Equilibrado,1.5,VOLATILITY_MANAGED,1.0,Estado VOLATILITY_MANAGED; tendencia 100%; volatilidad anualizada 7.7%; drawdown a 252 sesiones 0.0%; exposición propuesta 150%.,HOLD,aggressive,Agresivo,1.75,GROWTH,1.0,Estado GROWTH; tendencia 100%; volatilidad anualizada 7.7%; drawdown a 252 sesiones 0.0%; exposición propuesta 175%.,HOLD
2017-01-27,1.0,0.0742666858077558,0.0,0.0290167122985227,1.0,0.0,0.0,1.0,0.0,0.7999999999999999,conservative,Conservador,1.15,GROWTH,1.0,Estado GROWTH; tendencia 100%; volatilidad anualizada 7.4%; drawdown a 252 sesiones 0.0%; exposición propuesta 115%.,HOLD,balanced,Equilibrado,1.5,VOLATILITY_MANAGED,1.0,Estado VOLATILITY_MANAGED; tendencia 100%; volatilidad anualizada 7.4%; drawdown a 252 sesiones 0.0%; exposición propuesta 150%.,HOLD,aggressive,Agresivo,1.75,GROWTH,1.0,Estado GROWTH; tendencia 100%; volatilidad anualizada 7.4%; drawdown a 252 sesiones 0.0%; exposición propuesta 175%.,HOLD
2017-02-03,1.0,0.0660124932030559,-0.0009537728185619,0.0268089369050066,1.0,0.0,0.0,1.0,0.0,0.7999999999999999,conservative,Conservador,1.15,GROWTH,1.0,Estado GROWTH; tendencia 100%; volatilidad anualizada 6.6%; drawdown a 252 sesiones -0.1%; exposición propuesta 115%.,HOLD,balanced,Equilibrado,1.5,VOLATILITY_MANAGED,1.0,Estado VOLATILITY_MANAGED; tendencia 100%; volatilidad anualizada 6.6%; drawdown a 252 sesiones -0.1%; exposición propuesta 150%.,HOLD,aggressive,Agresivo,1.75,GROWTH,1.0,Estado GROWTH; tendencia 100%; volatilidad anualizada 6.6%; drawdown a 252 sesiones -0.1%; exposición propuesta 175%.,HOLD
2017-02-10,1.0,0.0604532499807965,0.0,0.0158195901411264,1.0,0.0,0.0,1.0,0.0,0.7999999999999999,conservative,Conservador,1.15,GROWTH,1.0,Estado GROWTH; tendencia 100%; volatilidad anualizada 6.0%; drawdown a 252 sesiones 0.0%; exposición propuesta 115%.,HOLD,balanced,Equilibrado,1.5,VOLATILITY_MANAGED,1.0,Estado VOLATILITY_MANAGED; tendencia 100%; volatilidad anualizada 6.0%; drawdown a 252 sesiones 0.0%; exposición propuesta 150%.,HOLD,aggressive,Agresivo,1.75,GROWTH,1.0,Estado GROWTH; tendencia 100%; volatilidad anualizada 6.0%; drawdown a 252 sesiones 0.0%; exposición propuesta 175%.,HOLD
2017-02-17,1.0,0.0605710916340358,0.0,0.0163994492018586,1.0,0.0,0.0,1.0,0.0,0.7999999999999999,conservative,Conservador,1.15,GROWTH,1.0,Estado GROWTH; tendencia 100%; volatilidad anualizada 6.1%; drawdown a 252 sesiones 0.0%; exposición propuesta 115%.,HOLD,balanced,Equilibrado,1.5,VOLATILITY_MANAGED,1.0,Estado VOLATILITY_MANAGED; tendencia 100%; volatilidad anualizada 6.1%; drawdown a 252 sesiones 0.0%; exposición propuesta 150%.,HOLD,aggressive,Agresivo,1.75,GROWTH,1.0,Estado GROWTH; tendencia 100%; volatilidad anualizada 6.1%; drawdown a 252 sesiones 0.0%; exposición propuesta 175%.,HOLD
2017-02-24,1.0,0.0561808737024936,-0.0018393432706188,0.0051201579440394,1.0,0.0,0.0,1.0,0.0,0.7999999999999999,conservative,Conservador,1.15,GROWTH,1.0,Estado GROWTH; tendencia 100%; volatilidad anualizada 5.6%; drawdown a 252 sesiones -0.2%; exposición propuesta 115%.,HOLD,balanced,Equilibrado,1.5,VOLATILITY_MANAGED,1.0,Estado VOLATILITY_MANAGED; tendencia 100%; volatilidad anualizada 5.6%; drawdown a 252 sesiones -0.2%; exposición propuesta 150%.,HOLD,aggressive,Agresivo,1.75,GROWTH,1.0,Estado GROWTH; tendencia 100%; volatilidad anualizada 5.6%; drawdown a 252 sesiones -0.2%; exposición propuesta 175%.,HOLD
2017-03-03,1.0,0.0573932035783731,-0.0031955826643353,-0.0012742483240475,1.0,0.0,0.0,-1.0,0.0,0.6,conservative,Conservador,1.15,GROWTH,1.0,Estado GROWTH; tendencia 100%; volatilidad anualizada 5.7%; drawdown a 252 sesiones -0.3%; exposición propuesta 115%.,HOLD,balanced,Equilibrado,1.5,VOLATILITY_MANAGED,1.0,Estado VOLATILITY_MANAGED; tendencia 100%; volatilidad anualizada 5.7%; drawdown a 252 sesiones -0.3%; exposición propuesta 150%.,HOLD,aggressive,Agresivo,1.75,GROWTH,1.0,Estado GROWTH; tendencia 100%; volatilidad anualizada 5.7%; drawdown a 252 sesiones -0.3%; exposición propuesta 175%.,HOLD
2017-03-10,1.0,0.0608007437809294,-0.0003805592145801,0.0041468558188044,1.0,0.0,0.0,1.0,0.0,0.7999999999999999,conservative,Conservador,1.15,GROWTH,1.0,Estado GROWTH; tendencia 100%; volatilidad anualizada 6.1%; drawdown a 252 sesiones -0.0%; exposición propuesta 115%.,HOLD,balanced,Equilibrado,1.5,VOLATILITY_MANAGED,1.0,Estado VOLATILITY_MANAGED; tendencia 100%; volatilidad anualizada 6.1%; drawdown a 252 sesiones -0.0%; exposición propuesta 150%.,HOLD,aggressive,Agresivo,1.75,GROWTH,1.0,Estado GROWTH; tendencia 100%; volatilidad anualizada 6.1%; drawdown a 252 sesiones -0.0%; exposición propuesta 175%.,HOLD
2017-03-17,1.0,0.0603229479973588,-0.0010297404648565,0.0067629402265325,1.0,0.0,0.0,1.0,0.0,0.7999999999999999,conservative,Conservador,1.15,GROWTH,1.0,Estado GROWTH; tendencia 100%; volatilidad anualizada 6.0%; drawdown a 252 sesiones -0.1%; exposición propuesta 115%.,HOLD,balanced,Equilibrado,1.5,VOLATILITY_MANAGED,1.0,Estado VOLATILITY_MANAGED; tendencia 100%; volatilidad anualizada 6.0%; drawdown a 252 sesiones -0.1%; exposición propuesta 150%.,HOLD,aggressive,Agresivo,1.75,GROWTH,1.0,Estado GROWTH; tendencia 100%; volatilidad anualizada 6.0%; drawdown a 252 sesiones -0.1%; exposición propuesta 175%.,HOLD
2017-03-24,1.0,0.0831731902376567,-0.0090709098719211,0.012794307837279,1.0,0.0,0.0,1.0,0.0,0.7999999999999999,conservative,Conservador,1.15,GROWTH,1.0,Estado GROWTH; tendencia 100%; volatilidad anualizada 8.3%; drawdown a 252 sesiones -0.9%; exposición propuesta 115%.,HOLD,balanced,Equilibrado,1.5,VOLATILITY_MANAGED,1.0,Estado VOLATILITY_MANAGED; tendencia 100%; volatilidad anualizada 8.3%; drawdown a 252 sesiones -0.9%; exposición propuesta 150%.,HOLD,aggressive,Agresivo,1.75,GROWTH,1.0,Estado GROWTH; tendencia 100%; volatilidad anualizada 8.3%; drawdown a 252 sesiones -0.9%; exposición propuesta 175%.,HOLD
2017-03-31,1.0,0.0747118226766762,-0.0006794348916796,0.0194205210764092,1.0,0.0,0.0,1.0,0.0,0.7999999999999999,conservative,Conservador,1.15,GROWTH,1.0,Estado GROWTH; tendencia 100%; volatilidad anualizada 7.5%; drawdown a 252 sesiones -0.1%; exposición propuesta 115%.,HOLD,balanced,Equilibrado,1.5,VOLATILITY_MANAGED,1.0,Estado VOLATILITY_MANAGED; tendencia 100%; volatilidad anualizada 7.5%; drawdown a 252 sesiones -0.1%; exposición propuesta 150%.,HOLD,aggressive,Agresivo,1.75,GROWTH,1.0,Estado GROWTH; tendencia 100%; volatilidad anualizada 7.5%; drawdown a 252 sesiones -0.1%; exposición propuesta 175%.,HOLD
2017-04-07,1.0,0.0744166269074735,-0.0040750720532203,0.0126744863724181,1.0,0.0,0.0,1.0,0.0,0.7999999999999999,conservative,Conservador,1.15,GROWTH,1.0,Estado GROWTH; tendencia 100%; volatilidad anualizada 7.4%; drawdown a 252 sesiones -0.4%; exposición propuesta 115%.,HOLD,balanced,Equilibrado,1.5,VOLATILITY_MANAGED,1.0,Estado VOLATILITY_MANAGED; tendencia 100%; volatilidad anualizada 7.4%; drawdown a 252 sesiones -0.4%; exposición propuesta 150%.,HOLD,aggressive,Agresivo,1.75,GROWTH,1.0,Estado GROWTH; tendencia 100%; volatilidad anualizada 7.4%; drawdown a 252 sesiones -0.4%; exposición propuesta 175%.,HOLD
2017-04-14,1.0,0.0744166269074735,-0.0040750720532203,0.0126744863724181,1.0,0.0,0.0,1.0,0.0,0.7999999999999999,conservative,Conservador,1.15,GROWTH,1.0,Estado GROWTH; tendencia 100%; volatilidad anualizada 7.4%; drawdown a 252 sesiones -0.4%; exposición propuesta 115%.,HOLD,balanced,Equilibrado,1.5,VOLATILITY_MANAGED,1.0,Estado VOLATILITY_MANAGED; tendencia 100%; volatilidad anualizada 7.4%; drawdown a 252 sesiones -0.4%; exposición propuesta 150%.,HOLD,aggressive,Agresivo,1.75,GROWTH,1.0,Estado GROWTH; tendencia 100%; volatilidad anualizada 7.4%; drawdown a 252 sesiones -0.4%; exposición propuesta 175%.,HOLD
2017-04-21,1.0,0.0597421232791537,-0.0002263141614279,0.0144836133404901,1.0,0.0,0.0,1.0,0.0,0.7999999999999999,conservative,Conservador,1.15,GROWTH,1.0,Estado GROWTH; tendencia 100%; volatilidad anualizada 6.0%; drawdown a 252 sesiones -0.0%; exposición propuesta 115%.,HOLD,balanced,Equilibrado,1.5,VOLATILITY_MANAGED,1.0,Estado VOLATILITY_MANAGED; tendencia 100%; volatilidad anualizada 6.0%; drawdown a 252 sesiones -0.0%; exposición propuesta 150%.,HOLD,aggressive,Agresivo,1.75,GROWTH,1.0,Estado GROWTH; tendencia 100%; volatilidad anualizada 6.0%; drawdown a 252 sesiones -0.0%; exposición propuesta 175%.,HOLD
2017-04-28,1.0,0.0745428306909961,0.0,0.0189966923019944,1.0,0.0,0.0,1.0,0.0,0.7999999999999999,conservative,Conservador,1.15,GROWTH,1.0,Estado GROWTH; tendencia 100%; volatilidad anualizada 7.5%; drawdown a 252 sesiones 0.0%; exposición propuesta 115%.,HOLD,balanced,Equilibrado,1.5,VOLATILITY_MANAGED,1.0,Estado VOLATILITY_MANAGED; tendencia 100%; volatilidad anualizada 7.5%; drawdown a 252 sesiones 0.0%; exposición propuesta 150%.,HOLD,aggressive,Agresivo,1.75,GROWTH,1.0,Estado GROWTH; tendencia 100%; volatilidad anualizada 7.5%; drawdown a 252 sesiones 0.0%; exposición propuesta 175%.,HOLD
2017-05-05,1.0,0.0776841034907453,0.0,0.0235599487338835,1.0,0.0,0.0,1.0,0.0,0.7999999999999999,conservative,Conservador,1.15,GROWTH,1.0,Estado GROWTH; tendencia 100%; volatilidad anualizada 7.8%; drawdown a 252 sesiones 0.0%; exposición propuesta 115%.,HOLD,balanced,Equilibrado,1.5,VOLATILITY_MANAGED,1.0,Estado VOLATILITY_MANAGED; tendencia 100%; volatilidad anualizada 7.8%; drawdown a 252 sesiones 0.0%; exposición propuesta 150%.,HOLD,aggressive,Agresivo,1.75,GROWTH,1.0,Estado GROWTH; tendencia 100%; volatilidad anualizada 7.8%; drawdown a 252 sesiones 0.0%; exposición propuesta 175%.,HOLD
2017-05-12,1.0,0.0655166922736098,0.0,0.0350572160157398,1.0,0.0,0.0,1.0,0.0,0.7999999999999999,conservative,Conservador,1.15,GROWTH,1.0,Estado GROWTH; tendencia 100%; volatilidad anualizada 6.6%; drawdown a 252 sesiones 0.0%; exposición propuesta 115%.,HOLD,balanced,Equilibrado,1.5,VOLATILITY_MANAGED,1.0,Estado VOLATILITY_MANAGED; tendencia 100%; volatilidad anualizada 6.6%; drawdown a 252 sesiones 0.0%; exposición propuesta 150%.,HOLD,aggressive,Agresivo,1.75,GROWTH,1.0,Estado GROWTH; tendencia 100%; volatilidad anualizada 6.6%; drawdown a 252 sesiones 0.0%; exposición propuesta 175%.,HOLD
2017-05-19,1.0,0.1184256144189444,-0.0127486478539331,0.0239733376268291,1.0,0.0,0.0,1.0,0.0,0.7999999999999999,conservative,Conservador,1.15,GROWTH,1.0,Estado GROWTH; tendencia 100%; volatilidad anualizada 11.8%; drawdown a 252 sesiones -1.3%; exposición propuesta 115%.,HOLD,balanced,Equilibrado,1.5,VOLATILITY_MANAGED,1.0,Estado VOLATILITY_MANAGED; tendencia 100%; volatilidad anualizada 11.8%; drawdown a 252 sesiones -1.3%; exposición propuesta 150%.,HOLD,aggressive,Agresivo,1.75,GROWTH,1.0,Estado GROWTH; tendencia 100%; volatilidad anualizada 11.8%; drawdown a 252 sesiones -1.3%; exposición propuesta 175%.,HOLD
2017-05-26,1.0,0.1147162983648139,0.0,0.0232118021888503,1.0,0.0,0.0,1.0,0.0,0.7999999999999999,conservative,Conservador,1.15,GROWTH,1.0,Estado GROWTH; tendencia 100%; volatilidad anualizada 11.5%; drawdown a 252 sesiones 0.0%; exposición propuesta 115%.,HOLD,balanced,Equilibrado,1.5,VOLATILITY_MANAGED,1.0,Estado VOLATILITY_MANAGED; tendencia 100%; volatilidad anualizada 11.5%; drawdown a 252 sesiones 0.0%; exposición propuesta 150%.,HOLD,aggressive,Agresivo,1.75,GROWTH,1.0,Estado GROWTH; tendencia 100%; volatilidad anualizada 11.5%; drawdown a 252 sesiones 0.0%; exposición propuesta 175%.,HOLD
2017-06-02,1.0,0.1158627464884162,0.0,0.0241888514949379,1.0,0.0,0.0,1.0,0.0,0.7999999999999999,conservative,Conservador,1.15,GROWTH,1.0,Estado GROWTH; tendencia 100%; volatilidad anualizada 11.6%; drawdown a 252 sesiones 0.0%; exposición propuesta 115%.,HOLD,balanced,Equilibrado,1.5,VOLATILITY_MANAGED,1.0,Estado VOLATILITY_MANAGED; tendencia 100%; volatilidad anualizada 11.6%; drawdown a 252 sesiones 0.0%; exposición propuesta 150%.,HOLD,aggressive,Agresivo,1.75,GROWTH,1.0,Estado GROWTH; tendencia 100%; volatilidad anualizada 11.6%; drawdown a 252 sesiones 0.0%; exposición propuesta 175%.,HOLD
2017-06-09,1.0,0.1518028035119207,-0.0250052477830592,-0.0046141351064865,1.0,0.0,0.0,-1.0,0.0,0.6,conservative,Conservador,1.15,GROWTH,1.0,Estado GROWTH; tendencia 100%; volatilidad anualizada 15.2%; drawdown a 252 sesiones -2.5%; exposición propuesta 115%.,HOLD,balanced,Equilibrado,1.5,VOLATILITY_MANAGED,1.0,Estado VOLATILITY_MANAGED; tendencia 100%; volatilidad anualizada 15.2%; drawdown a 252 sesiones -2.5%; exposición propuesta 150%.,HOLD,aggressive,Agresivo,1.75,GROWTH,1.0,Estado GROWTH; tendencia 100%; volatilidad anualizada 15.2%; drawdown a 252 sesiones -2.5%; exposición propuesta 175%.,HOLD
2017-06-16,1.0,0.1228376803087925,-0.0351298762654795,-0.020563492987444,1.0,0.0,0.0,-1.0,0.0,0.6,conservative,Conservador,1.15,GROWTH,1.0,Estado GROWTH; tendencia 100%; volatilidad anualizada 12.3%; drawdown a 252 sesiones -3.5%; exposición propuesta 115%.,HOLD,balanced,Equilibrado,1.5,VOLATILITY_MANAGED,1.0,Estado VOLATILITY_MANAGED; tendencia 100%; volatilidad anualizada 12.3%; drawdown a 252 sesiones -3.5%; exposición propuesta 150%.,HOLD,aggressive,Agresivo,1.75,GROWTH,1.0,Estado GROWTH; tendencia 100%; volatilidad anualizada 12.3%; drawdown a 252 sesiones -3.5%; exposición propuesta 175%.,HOLD
2017-06-23,1.0,0.1368235817293028,-0.0135491817701918,-0.0059265205578269,1.0,0.0,0.0,-1.0,0.0,0.6,conservative,Conservador,1.15,GROWTH,1.0,Estado GROWTH; tendencia 100%; volatilidad anualizada 13.7%; drawdown a 252 sesiones -1.4%; exposición propuesta 115%.,HOLD,balanced,Equilibrado,1.5,VOLATILITY_MANAGED,1.0,Estado VOLATILITY_MANAGED; tendencia 100%; volatilidad anualizada 13.7%; drawdown a 252 sesiones -1.4%; exposición propuesta 150%.,HOLD,aggressive,Agresivo,1.75,GROWTH,1.0,Estado GROWTH; tendencia 100%; volatilidad anualizada 13.7%; drawdown a 252 sesiones -1.4%; exposición propuesta 175%.,HOLD
2017-06-30,0.6,0.1649956766678907,-0.0386920318001507,-0.0330780508279966,0.19999999999999996,0.0,0.0,-1.0,0.0,0.03999999999999995,conservative,Conservador,1.15,GROWTH,0.6,Estado GROWTH; tendencia 60%; volatilidad anualizada 16.5%; drawdown a 252 sesiones -3.9%; exposición propuesta 115%.,HOLD,balanced,Equilibrado,1.5,VOLATILITY_MANAGED,0.6,Estado VOLATILITY_MANAGED; tendencia 60%; volatilidad anualizada 16.5%; drawdown a 252 sesiones -3.9%; exposición propuesta 150%.,HOLD,aggressive,Agresivo,1.75,GROWTH,0.6,Estado GROWTH; tendencia 60%; volatilidad anualizada 16.5%; drawdown a 252 sesiones -3.9%; exposición propuesta 175%.,HOLD
2017-07-07,0.6,0.1794070368689782,-0.03785419706656,-0.0358472852165882,0.19999999999999996,0.0,0.0,-1.0,0.0,0.03999999999999995,conservative,Conservador,1.15,GROWTH,0.6,Estado GROWTH; tendencia 60%; volatilidad anualizada 17.9%; drawdown a 252 sesiones -3.8%; exposición propuesta 115%.,HOLD,balanced,Equilibrado,1.5,VOLATILITY_MANAGED,0.6,Estado VOLATILITY_MANAGED; tendencia 60%; volatilidad anualizada 17.9%; drawdown a 252 sesiones -3.8%; exposición propuesta 150%.,HOLD,aggressive,Agresivo,1.75,GROWTH,0.6,Estado GROWTH; tendencia 60%; volatilidad anualizada 17.9%; drawdown a 252 sesiones -3.8%; exposición propuesta 175%.,HOLD
2017-07-14,1.0,0.1614415797307195,-0.0074030235151603,0.0120178678288085,1.0,0.0,0.0,1.0,0.0,0.7999999999999999,conservative,Conservador,1.15,GROWTH,1.0,Estado GROWTH; tendencia 100%; volatilidad anualizada 16.1%; drawdown a 252 sesiones -0.7%; exposición propuesta 115%.,HOLD,balanced,Equilibrado,1.5,VOLATILITY_MANAGED,1.0,Estado VOLATILITY_MANAGED; tendencia 100%; volatilidad anualizada 16.1%; drawdown a 252 sesiones -0.7%; exposición propuesta 150%.,HOLD,aggressive,Agresivo,1.75,GROWTH,1.0,Estado GROWTH; tendencia 100%; volatilidad anualizada 16.1%; drawdown a 252 sesiones -0.7%; exposición propuesta 175%.,HOLD
2017-07-21,1.0,0.1451727122744944,-0.0004162653201427,0.0075994518752964,1.0,0.0,0.0,1.0,0.0,0.7999999999999999,conservative,Conservador,1.15,GROWTH,1.0,Estado GROWTH; tendencia 100%; volatilidad anualizada 14.5%; drawdown a 252 sesiones -0.0%; exposición propuesta 115%.,HOLD,balanced,Equilibrado,1.5,VOLATILITY_MANAGED,1.0,Estado VOLATILITY_MANAGED; tendencia 100%; volatilidad anualizada 14.5%; drawdown a 252 sesiones -0.0%; exposición propuesta 150%.,HOLD,aggressive,Agresivo,1.75,GROWTH,1.0,Estado GROWTH; tendencia 100%; volatilidad anualizada 14.5%; drawdown a 252 sesiones -0.0%; exposición propuesta 175%.,HOLD
2017-07-28,1.0,0.0979084070511853,-0.0071094202950418,0.0223885489297088,1.0,0.0,0.0,1.0,0.0,0.7999999999999999,conservative,Conservador,1.15,GROWTH,1.0,Estado GROWTH; tendencia 100%; volatilidad anualizada 9.8%; drawdown a 252 sesiones -0.7%; exposición propuesta 115%.,HOLD,balanced,Equilibrado,1.5,VOLATILITY_MANAGED,1.0,Estado VOLATILITY_MANAGED; tendencia 100%; volatilidad anualizada 9.8%; drawdown a 252 sesiones -0.7%; exposición propuesta 150%.,HOLD,aggressive,Agresivo,1.75,GROWTH,1.0,Estado GROWTH; tendencia 100%; volatilidad anualizada 9.8%; drawdown a 252 sesiones -0.7%; exposición propuesta 175%.,HOLD
2017-08-04,1.0,0.0708245050728636,-0.0084212989141716,0.0208650044490656,1.0,0.0,0.0,1.0,0.0,0.7999999999999999,conservative,Conservador,1.15,GROWTH,1.0,Estado GROWTH; tendencia 100%; volatilidad anualizada 7.1%; drawdown a 252 sesiones -0.8%; exposición propuesta 115%.,HOLD,balanced,Equilibrado,1.5,VOLATILITY_MANAGED,1.0,Estado VOLATILITY_MANAGED; tendencia 100%; volatilidad anualizada 7.1%; drawdown a 252 sesiones -0.8%; exposición propuesta 150%.,HOLD,aggressive,Agresivo,1.75,GROWTH,1.0,Estado GROWTH; tendencia 100%; volatilidad anualizada 7.1%; drawdown a 252 sesiones -0.8%; exposición propuesta 175%.,HOLD
2017-08-11,0.8,0.1011038308237652,-0.0191203233148902,0.0057240030689452,0.6000000000000001,0.0,0.0,1.0,0.0,0.52,conservative,Conservador,1.15,GROWTH,0.8,Estado GROWTH; tendencia 80%; volatilidad anualizada 10.1%; drawdown a 252 sesiones -1.9%; exposición propuesta 115%.,HOLD,balanced,Equilibrado,1.5,VOLATILITY_MANAGED,0.8,Estado VOLATILITY_MANAGED; tendencia 80%; volatilidad anualizada 10.1%; drawdown a 252 sesiones -1.9%; exposición propuesta 150%.,HOLD,aggressive,Agresivo,1.75,GROWTH,0.8,Estado GROWTH; tendencia 80%; volatilidad anualizada 10.1%; drawdown a 252 sesiones -1.9%; exposición propuesta 175%.,HOLD
2017-08-18,0.6,0.1291835875650762,-0.0251259985040334,-0.0030935475750867,0.19999999999999996,0.0,0.0,-1.0,0.0,0.03999999999999995,conservative,Conservador,1.15,GROWTH,0.6,Estado GROWTH; tendencia 60%; volatilidad anualizada 12.9%; drawdown a 252 sesiones -2.5%; exposición propuesta 115%.,HOLD,balanced,Equilibrado,1.5,VOLATILITY_MANAGED,0.6,Estado VOLATILITY_MANAGED; tendencia 60%; volatilidad anualizada 12.9%; drawdown a 252 sesiones -2.5%; exposición propuesta 150%.,HOLD,aggressive,Agresivo,1.75,GROWTH,0.6,Estado GROWTH; tendencia 60%; volatilidad anualizada 12.9%; drawdown a 252 sesiones -2.5%; exposición propuesta 175%.,HOLD
2017-08-25,0.8,0.1387366450426534,-0.0200179480205283,-0.0034831228778052,0.6000000000000001,0.0,0.0,-1.0,0.0,0.32000000000000006,conservative,Conservador,1.15,GROWTH,0.8,Estado GROWTH; tendencia 80%; volatilidad anualizada 13.9%; drawdown a 252 sesiones -2.0%; exposición propuesta 115%.,HOLD,balanced,Equilibrado,1.5,VOLATILITY_MANAGED,0.8,Estado VOLATILITY_MANAGED; tendencia 80%; volatilidad anualizada 13.9%; drawdown a 252 sesiones -2.0%; exposición propuesta 150%.,HOLD,aggressive,Agresivo,1.75,GROWTH,0.8,Estado GROWTH; tendencia 80%; volatilidad anualizada 13.9%; drawdown a 252 sesiones -2.0%; exposición propuesta 175%.,HOLD
2017-09-01,1.0,0.1490502612982298,-0.0013679892076911,0.0146211397283044,1.0,0.0,0.0,1.0,0.0,0.7999999999999999,conservative,Conservador,1.15,GROWTH,1.0,Estado GROWTH; tendencia 100%; volatilidad anualizada 14.9%; drawdown a 252 sesiones -0.1%; exposición propuesta 115%.,HOLD,balanced,Equilibrado,1.5,VOLATILITY_MANAGED,1.0,Estado VOLATILITY_MANAGED; tendencia 100%; volatilidad anualizada 14.9%; drawdown a 252 sesiones -0.1%; exposición propuesta 150%.,HOLD,aggressive,Agresivo,1.75,GROWTH,1.0,Estado GROWTH; tendencia 100%; volatilidad anualizada 14.9%; drawdown a 252 sesiones -0.1%; exposición propuesta 175%.,HOLD
2017-09-08,1.0,0.1327621083005928,-0.013611514780966,0.0109793561719109,1.0,0.0,0.0,1.0,0.0,0.7999999999999999,conservative,Conservador,1.15,GROWTH,1.0,Estado GROWTH; tendencia 100%; volatilidad anualizada 13.3%; drawdown a 252 sesiones -1.4%; exposición propuesta 115%.,HOLD,balanced,Equilibrado,1.5,VOLATILITY_MANAGED,1.0,Estado VOLATILITY_MANAGED; tendencia 100%; volatilidad anualizada 13.3%; drawdown a 252 sesiones -1.4%; exposición propuesta 150%.,HOLD,aggressive,Agresivo,1.75,GROWTH,1.0,Estado GROWTH; tendencia 100%; volatilidad anualizada 13.3%; drawdown a 252 sesiones -1.4%; exposición propuesta 175%.,HOLD
2017-09-15,1.0,0.105623218783572,-0.002458548102194,0.0032873639062342,1.0,0.0,0.0,1.0,0.0,0.7999999999999999,conservative,Conservador,1.15,GROWTH,1.0,Estado GROWTH; tendencia 100%; volatilidad anualizada 10.6%; drawdown a 252 sesiones -0.2%; exposición propuesta 115%.,HOLD,balanced,Equilibrado,1.5,VOLATILITY_MANAGED,1.0,Estado VOLATILITY_MANAGED; tendencia 100%; volatilidad anualizada 10.6%; drawdown a 252 sesiones -0.2%; exposición propuesta 150%.,HOLD,aggressive,Agresivo,1.75,GROWTH,1.0,Estado GROWTH; tendencia 100%; volatilidad anualizada 10.6%; drawdown a 252 sesiones -0.2%; exposición propuesta 175%.,HOLD
2017-09-22,1.0,0.0949288087353973,-0.0121845192469526,-0.0107808632483539,1.0,0.0,0.0,-1.0,0.0,0.6,conservative,Conservador,1.15,GROWTH,1.0,Estado GROWTH; tendencia 100%; volatilidad anualizada 9.5%; drawdown a 252 sesiones -1.2%; exposición propuesta 115%.,HOLD,balanced,Equilibrado,1.5,VOLATILITY_MANAGED,1.0,Estado VOLATILITY_MANAGED; tendencia 100%; volatilidad anualizada 9.5%; drawdown a 252 sesiones -1.2%; exposición propuesta 150%.,HOLD,aggressive,Agresivo,1.75,GROWTH,1.0,Estado GROWTH; tendencia 100%; volatilidad anualizada 9.5%; drawdown a 252 sesiones -1.2%; exposición propuesta 175%.,HOLD
2017-09-29,0.8,0.0936792301318448,-0.0044503505074282,-0.02310181680277,0.6000000000000001,0.0,0.0,-1.0,0.0,0.32000000000000006,conservative,Conservador,1.15,GROWTH,0.8,Estado GROWTH; tendencia 80%; volatilidad anualizada 9.4%; drawdown a 252 sesiones -0.4%; exposición propuesta 115%.,HOLD,balanced,Equilibrado,1.5,VOLATILITY_MANAGED,0.8,Estado VOLATILITY_MANAGED; tendencia 80%; volatilidad anualizada 9.4%; drawdown a 252 sesiones -0.4%; exposición propuesta 150%.,HOLD,aggressive,Agresivo,1.75,GROWTH,0.8,Estado GROWTH; tendencia 80%; volatilidad anualizada 9.4%; drawdown a 252 sesiones -0.4%; exposición propuesta 175%.,HOLD
2017-10-06,1.0,0.0861622357711529,0.0,-0.0105469583198523,1.0,0.0,0.0,-1.0,0.0,0.6,conservative,Conservador,1.15,GROWTH,1.0,Estado GROWTH; tendencia 100%; volatilidad anualizada 8.6%; drawdown a 252 sesiones 0.0%; exposición propuesta 115%.,HOLD,balanced,Equilibrado,1.5,VOLATILITY_MANAGED,1.0,Estado VOLATILITY_MANAGED; tendencia 100%; volatilidad anualizada 8.6%; drawdown a 252 sesiones 0.0%; exposición propuesta 150%.,HOLD,aggressive,Agresivo,1.75,GROWTH,1.0,Estado GROWTH; tendencia 100%; volatilidad anualizada 8.6%; drawdown a 252 sesiones 0.0%; exposición propuesta 175%.,HOLD
2017-10-13,1.0,0.0746710028888514,0.0,-0.0052818416216002,1.0,0.0,0.0,-1.0,0.0,0.6,conservative,Conservador,1.15,GROWTH,1.0,Estado GROWTH; tendencia 100%; volatilidad anualizada 7.5%; drawdown a 252 sesiones 0.0%; exposición propuesta 115%.,HOLD,balanced,Equilibrado,1.5,VOLATILITY_MANAGED,1.0,Estado VOLATILITY_MANAGED; tendencia 100%; volatilidad anualizada 7.5%; drawdown a 252 sesiones 0.0%; exposición propuesta 150%.,HOLD,aggressive,Agresivo,1.75,GROWTH,1.0,Estado GROWTH; tendencia 100%; volatilidad anualizada 7.5%; drawdown a 252 sesiones 0.0%; exposición propuesta 175%.,HOLD
2017-10-20,1.0,0.0704386751176327,-0.0022142593398506,-0.000330393255427,1.0,0.0,0.0,-1.0,0.0,0.6,conservative,Conservador,1.15,GROWTH,1.0,Estado GROWTH; tendencia 100%; volatilidad anualizada 7.0%; drawdown a 252 sesiones -0.2%; exposición propuesta 115%.,HOLD,balanced,Equilibrado,1.5,VOLATILITY_MANAGED,1.0,Estado VOLATILITY_MANAGED; tendencia 100%; volatilidad anualizada 7.0%; drawdown a 252 sesiones -0.2%; exposición propuesta 150%.,HOLD,aggressive,Agresivo,1.75,GROWTH,1.0,Estado GROWTH; tendencia 100%; volatilidad anualizada 7.0%; drawdown a 252 sesiones -0.2%; exposición propuesta 175%.,HOLD
2017-10-27,1.0,0.1156581456063105,0.0,0.0140145806911686,1.0,0.0,0.0,1.0,0.0,0.7999999999999999,conservative,Conservador,1.15,GROWTH,1.0,Estado GROWTH; tendencia 100%; volatilidad anualizada 11.6%; drawdown a 252 sesiones 0.0%; exposición propuesta 115%.,HOLD,balanced,Equilibrado,1.5,VOLATILITY_MANAGED,1.0,Estado VOLATILITY_MANAGED; tendencia 100%; volatilidad anualizada 11.6%; drawdown a 252 sesiones 0.0%; exposición propuesta 150%.,HOLD,aggressive,Agresivo,1.75,GROWTH,1.0,Estado GROWTH; tendencia 100%; volatilidad anualizada 11.6%; drawdown a 252 sesiones 0.0%; exposición propuesta 175%.,HOLD
2017-11-03,1.0,0.1166954030027797,0.0,0.0219529228641572,1.0,0.0,0.0,1.0,0.0,0.7999999999999999,conservative,Conservador,1.15,GROWTH,1.0,Estado GROWTH; tendencia 100%; volatilidad anualizada 11.7%; drawdown a 252 sesiones 0.0%; exposición propuesta 115%.,HOLD,balanced,Equilibrado,1.5,VOLATILITY_MANAGED,1.0,Estado VOLATILITY_MANAGED; tendencia 100%; volatilidad anualizada 11.7%; drawdown a 252 sesiones 0.0%; exposición propuesta 150%.,HOLD,aggressive,Agresivo,1.75,GROWTH,1.0,Estado GROWTH; tendencia 100%; volatilidad anualizada 11.7%; drawdown a 252 sesiones 0.0%; exposición propuesta 175%.,HOLD
2017-11-10,1.0,0.1185916525578411,-0.0053071131514444,0.0236819600538291,1.0,0.0,0.0,1.0,0.0,0.7999999999999999,conservative,Conservador,1.15,GROWTH,1.0,Estado GROWTH; tendencia 100%; volatilidad anualizada 11.9%; drawdown a 252 sesiones -0.5%; exposición propuesta 115%.,HOLD,balanced,Equilibrado,1.5,VOLATILITY_MANAGED,1.0,Estado VOLATILITY_MANAGED; tendencia 100%; volatilidad anualizada 11.9%; drawdown a 252 sesiones -0.5%; exposición propuesta 150%.,HOLD,aggressive,Agresivo,1.75,GROWTH,1.0,Estado GROWTH; tendencia 100%; volatilidad anualizada 11.9%; drawdown a 252 sesiones -0.5%; exposición propuesta 175%.,HOLD
2017-11-17,1.0,0.1283237496292033,-0.0038176252034191,0.0323192485210466,1.0,0.0,0.0,1.0,0.0,0.7999999999999999,conservative,Conservador,1.15,GROWTH,1.0,Estado GROWTH; tendencia 100%; volatilidad anualizada 12.8%; drawdown a 252 sesiones -0.4%; exposición propuesta 115%.,HOLD,balanced,Equilibrado,1.5,VOLATILITY_MANAGED,1.0,Estado VOLATILITY_MANAGED; tendencia 100%; volatilidad anualizada 12.8%; drawdown a 252 sesiones -0.4%; exposición propuesta 150%.,HOLD,aggressive,Agresivo,1.75,GROWTH,1.0,Estado GROWTH; tendencia 100%; volatilidad anualizada 12.8%; drawdown a 252 sesiones -0.4%; exposición propuesta 175%.,HOLD
2017-11-24,1.0,0.1248269171061046,0.0,0.0447385893765774,1.0,0.0,0.0,1.0,0.0,0.7999999999999999,conservative,Conservador,1.15,GROWTH,1.0,Estado GROWTH; tendencia 100%; volatilidad anualizada 12.5%; drawdown a 252 sesiones 0.0%; exposición propuesta 115%.,HOLD,balanced,Equilibrado,1.5,VOLATILITY_MANAGED,1.0,Estado VOLATILITY_MANAGED; tendencia 100%; volatilidad anualizada 12.5%; drawdown a 252 sesiones 0.0%; exposición propuesta 150%.,HOLD,aggressive,Agresivo,1.75,GROWTH,1.0,Estado GROWTH; tendencia 100%; volatilidad anualizada 12.5%; drawdown a 252 sesiones 0.0%; exposición propuesta 175%.,HOLD
2017-12-01,1.0,0.1079817387239334,-0.0134110546372093,-0.0090171615997012,1.0,0.0,0.0,-1.0,0.0,0.6,conservative,Conservador,1.15,GROWTH,1.0,Estado GROWTH; tendencia 100%; volatilidad anualizada 10.8%; drawdown a 252 sesiones -1.3%; exposición propuesta 115%.,HOLD,balanced,Equilibrado,1.5,VOLATILITY_MANAGED,1.0,Estado VOLATILITY_MANAGED; tendencia 100%; volatilidad anualizada 10.8%; drawdown a 252 sesiones -1.3%; exposición propuesta 150%.,HOLD,aggressive,Agresivo,1.75,GROWTH,1.0,Estado GROWTH; tendencia 100%; volatilidad anualizada 10.8%; drawdown a 252 sesiones -1.3%; exposición propuesta 175%.,HOLD
2017-12-08,1.0,0.1110172899840173,-0.0120698252819306,-0.0218590965282068,1.0,0.0,0.0,-1.0,0.0,0.6,conservative,Conservador,1.15,GROWTH,1.0,Estado GROWTH; tendencia 100%; volatilidad anualizada 11.1%; drawdown a 252 sesiones -1.2%; exposición propuesta 115%.,HOLD,balanced,Equilibrado,1.5,VOLATILITY_MANAGED,1.0,Estado VOLATILITY_MANAGED; tendencia 100%; volatilidad anualizada 11.1%; drawdown a 252 sesiones -1.2%; exposición propuesta 150%.,HOLD,aggressive,Agresivo,1.75,GROWTH,1.0,Estado GROWTH; tendencia 100%; volatilidad anualizada 11.1%; drawdown a 252 sesiones -1.2%; exposición propuesta 175%.,HOLD
2017-12-15,1.0,0.1096137810647917,0.0,-0.0156511506524315,1.0,0.0,0.0,-1.0,0.0,0.6,conservative,Conservador,1.15,GROWTH,1.0,Estado GROWTH; tendencia 100%; volatilidad anualizada 11.0%; drawdown a 252 sesiones 0.0%; exposición propuesta 115%.,HOLD,balanced,Equilibrado,1.5,VOLATILITY_MANAGED,1.0,Estado VOLATILITY_MANAGED; tendencia 100%; volatilidad anualizada 11.0%; drawdown a 252 sesiones 0.0%; exposición propuesta 150%.,HOLD,aggressive,Agresivo,1.75,GROWTH,1.0,Estado GROWTH; tendencia 100%; volatilidad anualizada 11.0%; drawdown a 252 sesiones 0.0%; exposición propuesta 175%.,HOLD
2017-12-22,1.0,0.1081594951013451,-0.0080052190485101,-0.0235035921176969,1.0,0.0,0.0,-1.0,0.0,0.6,conservative,Conservador,1.15,GROWTH,1.0,Estado GROWTH; tendencia 100%; volatilidad anualizada 10.8%; drawdown a 252 sesiones -0.8%; exposición propuesta 115%.,HOLD,balanced,Equilibrado,1.5,VOLATILITY_MANAGED,1.0,Estado VOLATILITY_MANAGED; tendencia 100%; volatilidad anualizada 10.8%; drawdown a 252 sesiones -0.8%; exposición propuesta 150%.,HOLD,aggressive,Agresivo,1.75,GROWTH,1.0,Estado GROWTH; tendencia 100%; volatilidad anualizada 10.8%; drawdown a 252 sesiones -0.8%; exposición propuesta 175%.,HOLD
2017-12-29,1.0,0.0871483211177643,-0.0181544988869352,-0.0060976872198867,1.0,0.0,0.0,-1.0,0.0,0.6,conservative,Conservador,1.15,GROWTH,1.0,Estado GROWTH; tendencia 100%; volatilidad anualizada 8.7%; drawdown a 252 sesiones -1.8%; exposición propuesta 115%.,HOLD,balanced,Equilibrado,1.5,VOLATILITY_MANAGED,1.0,Estado VOLATILITY_MANAGED; tendencia 100%; volatilidad anualizada 8.7%; drawdown a 252 sesiones -1.8%; exposición propuesta 150%.,HOLD,aggressive,Agresivo,1.75,GROWTH,1.0,Estado GROWTH; tendencia 100%; volatilidad anualizada 8.7%; drawdown a 252 sesiones -1.8%; exposición propuesta 175%.,HOLD
2018-01-05,1.0,0.0998704146787726,0.0,0.0130779316463687,1.0,0.0,0.0,1.0,0.0,0.7999999999999999,conservative,Conservador,1.15,GROWTH,1.0,Estado GROWTH; tendencia 100%; volatilidad anualizada 10.0%; drawdown a 252 sesiones 0.0%; exposición propuesta 115%.,HOLD,balanced,Equilibrado,1.5,VOLATILITY_MANAGED,1.0,Estado VOLATILITY_MANAGED; tendencia 100%; volatilidad anualizada 10.0%; drawdown a 252 sesiones 0.0%; exposición propuesta 150%.,HOLD,aggressive,Agresivo,1.75,GROWTH,1.0,Estado GROWTH; tendencia 100%; volatilidad anualizada 10.0%; drawdown a 252 sesiones 0.0%; exposición propuesta 175%.,HOLD
2018-01-12,1.0,0.1016238319458998,0.0,0.0094954550610042,1.0,0.0,0.0,1.0,0.0,0.7999999999999999,conservative,Conservador,1.15,GROWTH,1.0,Estado GROWTH; tendencia 100%; volatilidad anualizada 10.2%; drawdown a 252 sesiones 0.0%; exposición propuesta 115%.,HOLD,balanced,Equilibrado,1.5,VOLATILITY_MANAGED,1.0,Estado VOLATILITY_MANAGED; tendencia 100%; volatilidad anualizada 10.2%; drawdown a 252 sesiones 0.0%; exposición propuesta 150%.,HOLD,aggressive,Agresivo,1.75,GROWTH,1.0,Estado GROWTH; tendencia 100%; volatilidad anualizada 10.2%; drawdown a 252 sesiones 0.0%; exposición propuesta 175%.,HOLD
2018-01-19,1.0,0.0955580221479606,0.0,0.0052315063809482,1.0,0.0,0.0,1.0,0.0,0.7999999999999999,conservative,Conservador,1.15,GROWTH,1.0,Estado GROWTH; tendencia 100%; volatilidad anualizada 9.6%; drawdown a 252 sesiones 0.0%; exposición propuesta 115%.,HOLD,balanced,Equilibrado,1.5,VOLATILITY_MANAGED,1.0,Estado VOLATILITY_MANAGED; tendencia 100%; volatilidad anualizada 9.6%; drawdown a 252 sesiones 0.0%; exposición propuesta 150%.,HOLD,aggressive,Agresivo,1.75,GROWTH,1.0,Estado GROWTH; tendencia 100%; volatilidad anualizada 9.6%; drawdown a 252 sesiones 0.0%; exposición propuesta 175%.,HOLD
2018-01-26,1.0,0.1073586619561209,0.0,0.0198769272847898,1.0,0.0,0.0,1.0,0.0,0.7999999999999999,conservative,Conservador,1.15,GROWTH,1.0,Estado GROWTH; tendencia 100%; volatilidad anualizada 10.7%; drawdown a 252 sesiones 0.0%; exposición propuesta 115%.,HOLD,balanced,Equilibrado,1.5,VOLATILITY_MANAGED,1.0,Estado VOLATILITY_MANAGED; tendencia 100%; volatilidad anualizada 10.7%; drawdown a 252 sesiones 0.0%; exposición propuesta 150%.,HOLD,aggressive,Agresivo,1.75,GROWTH,1.0,Estado GROWTH; tendencia 100%; volatilidad anualizada 10.7%; drawdown a 252 sesiones 0.0%; exposición propuesta 175%.,HOLD
2018-02-02,1.0,0.1342294614799542,-0.0369741317651474,0.0126850428712685,1.0,0.0,0.0,1.0,0.0,0.7999999999999999,conservative,Conservador,1.15,GROWTH,1.0,Estado GROWTH; tendencia 100%; volatilidad anualizada 13.4%; drawdown a 252 sesiones -3.7%; exposición propuesta 115%.,HOLD,balanced,Equilibrado,1.5,VOLATILITY_MANAGED,1.0,Estado VOLATILITY_MANAGED; tendencia 100%; volatilidad anualizada 13.4%; drawdown a 252 sesiones -3.7%; exposición propuesta 150%.,HOLD,aggressive,Agresivo,1.75,GROWTH,1.0,Estado GROWTH; tendencia 100%; volatilidad anualizada 13.4%; drawdown a 252 sesiones -3.7%; exposición propuesta 175%.,HOLD
2018-02-09,0.6,0.2735267404904755,-0.0867605310503952,0.0089157305945271,0.19999999999999996,0.0,0.0,1.0,0.0,0.23999999999999996,conservative,Conservador,1.15,GROWTH,0.6,Estado GROWTH; tendencia 60%; volatilidad anualizada 27.4%; drawdown a 252 sesiones -8.7%; exposición propuesta 115%.,HOLD,balanced,Equilibrado,1.2795823888092117,VOLATILITY_MANAGED,0.6,Estado VOLATILITY_MANAGED; tendencia 60%; volatilidad anualizada 27.4%; drawdown a 252 sesiones -8.7%; exposición propuesta 128%.,REDUCE,aggressive,Agresivo,1.75,GROWTH,0.6,Estado GROWTH; tendencia 60%; volatilidad anualizada 27.4%; drawdown a 252 sesiones -8.7%; exposición propuesta 175%.,HOLD
2018-02-16,0.8,0.2957905014869845,-0.034926468159232,0.0177371189326334,0.6000000000000001,0.0,0.0,1.0,0.0,0.52,conservative,Conservador,1.15,GROWTH,0.8,Estado GROWTH; tendencia 80%; volatilidad anualizada 29.6%; drawdown a 252 sesiones -3.5%; exposición propuesta 115%.,HOLD,balanced,Equilibrado,1.1832699097519899,VOLATILITY_MANAGED,0.8,Estado VOLATILITY_MANAGED; tendencia 80%; volatilidad anualizada 29.6%; drawdown a 252 sesiones -3.5%; exposición propuesta 118%.,REDUCE,aggressive,Agresivo,1.75,GROWTH,0.8,Estado GROWTH; tendencia 80%; volatilidad anualizada 29.6%; drawdown a 252 sesiones -3.5%; exposición propuesta 175%.,HOLD
2018-02-23,0.8,0.3003758847283758,-0.0161474249839688,0.0292518186676132,0.6000000000000001,0.0,0.0,1.0,0.0,0.52,conservative,Conservador,1.15,GROWTH,0.8,Estado GROWTH; tendencia 80%; volatilidad anualizada 30.0%; drawdown a 252 sesiones -1.6%; exposición propuesta 115%.,HOLD,balanced,Equilibrado,1.165206721959382,VOLATILITY_MANAGED,0.8,Estado VOLATILITY_MANAGED; tendencia 80%; volatilidad anualizada 30.0%; drawdown a 252 sesiones -1.6%; exposición propuesta 117%.,HOLD,aggressive,Agresivo,1.75,GROWTH,0.8,Estado GROWTH; tendencia 80%; volatilidad anualizada 30.0%; drawdown a 252 sesiones -1.6%; exposición propuesta 175%.,HOLD
2018-03-02,0.8,0.3069806822832764,-0.0289007024255398,0.0326636274406659,0.6000000000000001,0.0,0.0,1.0,0.0,0.52,conservative,Conservador,1.15,GROWTH,0.8,Estado GROWTH; tendencia 80%; volatilidad anualizada 30.7%; drawdown a 252 sesiones -2.9%; exposición propuesta 115%.,HOLD,balanced,Equilibrado,1.1401368887343408,VOLATILITY_MANAGED,0.8,Estado VOLATILITY_MANAGED; tendencia 80%; volatilidad anualizada 30.7%; drawdown a 252 sesiones -2.9%; exposición propuesta 114%.,HOLD,aggressive,Agresivo,1.75,GROWTH,0.8,Estado GROWTH; tendencia 80%; volatilidad anualizada 30.7%; drawdown a 252 sesiones -2.9%; exposición propuesta 175%.,HOLD
2018-03-09,1.0,0.1750994980536861,0.0,0.046002015125226,1.0,0.0,0.0,1.0,0.0,0.7999999999999999,conservative,Conservador,1.15,GROWTH,1.0,Estado GROWTH; tendencia 100%; volatilidad anualizada 17.5%; drawdown a 252 sesiones 0.0%; exposición propuesta 115%.,HOLD,balanced,Equilibrado,1.5,VOLATILITY_MANAGED,1.0,Estado VOLATILITY_MANAGED; tendencia 100%; volatilidad anualizada 17.5%; drawdown a 252 sesiones 0.0%; exposición propuesta 150%.,INCREASE,aggressive,Agresivo,1.75,GROWTH,1.0,Estado GROWTH; tendencia 100%; volatilidad anualizada 17.5%; drawdown a 252 sesiones 0.0%; exposición propuesta 175%.,HOLD
2018-03-16,1.0,0.1585546577654663,-0.0175780897033813,0.0237980379586184,1.0,0.0,0.0,1.0,0.0,0.7999999999999999,conservative,Conservador,1.15,GROWTH,1.0,Estado GROWTH; tendencia 100%; volatilidad anualizada 15.9%; drawdown a 252 sesiones -1.8%; exposición propuesta 115%.,HOLD,balanced,Equilibrado,1.5,VOLATILITY_MANAGED,1.0,Estado VOLATILITY_MANAGED; tendencia 100%; volatilidad anualizada 15.9%; drawdown a 252 sesiones -1.8%; exposición propuesta 150%.,HOLD,aggressive,Agresivo,1.75,GROWTH,1.0,Estado GROWTH; tendencia 100%; volatilidad anualizada 15.9%; drawdown a 252 sesiones -1.8%; exposición propuesta 175%.,HOLD
2018-03-23,0.6,0.2037755448246969,-0.087964589516963,0.0009706584200348,0.19999999999999996,0.0,0.0,1.0,0.0,0.23999999999999996,conservative,Conservador,1.15,GROWTH,0.6,Estado GROWTH; tendencia 60%; volatilidad anualizada 20.4%; drawdown a 252 sesiones -8.8%; exposición propuesta 115%.,HOLD,balanced,Equilibrado,1.5,VOLATILITY_MANAGED,0.6,Estado VOLATILITY_MANAGED; tendencia 60%; volatilidad anualizada 20.4%; drawdown a 252 sesiones -8.8%; exposición propuesta 150%.,HOLD,aggressive,Agresivo,1.75,GROWTH,0.6,Estado GROWTH; tendencia 60%; volatilidad anualizada 20.4%; drawdown a 252 sesiones -8.8%; exposición propuesta 175%.,HOLD
2018-03-30,0.6,0.2037755448246969,-0.087964589516963,0.0009706584200348,0.19999999999999996,0.0,0.0,1.0,0.0,0.23999999999999996,conservative,Conservador,1.15,GROWTH,0.6,Estado GROWTH; tendencia 60%; volatilidad anualizada 20.4%; drawdown a 252 sesiones -8.8%; exposición propuesta 115%.,HOLD,balanced,Equilibrado,1.5,VOLATILITY_MANAGED,0.6,Estado VOLATILITY_MANAGED; tendencia 60%; volatilidad anualizada 20.4%; drawdown a 252 sesiones -8.8%; exposición propuesta 150%.,HOLD,aggressive,Agresivo,1.75,GROWTH,0.6,Estado GROWTH; tendencia 60%; volatilidad anualizada 20.4%; drawdown a 252 sesiones -8.8%; exposición propuesta 175%.,HOLD
2018-04-06,0.4,0.3017168359974502,-0.0987812980439473,-0.0277240691302015,-0.19999999999999996,0.0,0.0,-1.0,0.0,-0.23999999999999996,conservative,Conservador,0.7,DEFENSIVE,0.6,Estado DEFENSIVE; tendencia 40%; volatilidad anualizada 30.2%; drawdown a 252 sesiones -9.9%; exposición propuesta 70%.,REDUCE,balanced,Equilibrado,0.7,DEFENSIVE,0.6,Estado DEFENSIVE; tendencia 40%; volatilidad anualizada 30.2%; drawdown a 252 sesiones -9.9%; exposición propuesta 70%.,REDUCE,aggressive,Agresivo,0.7,DEFENSIVE,0.6,Estado DEFENSIVE; tendencia 40%; volatilidad anualizada 30.2%; drawdown a 252 sesiones -9.9%; exposición propuesta 70%.,REDUCE
2018-04-13,0.4,0.307846252663467,-0.0715085311731859,-0.0257488679107268,-0.19999999999999996,0.0,0.0,-1.0,0.0,-0.23999999999999996,conservative,Conservador,0.7,DEFENSIVE,0.6,Estado DEFENSIVE; tendencia 40%; volatilidad anualizada 30.8%; drawdown a 252 sesiones -7.2%; exposición propuesta 70%.,HOLD,balanced,Equilibrado,0.7,DEFENSIVE,0.6,Estado DEFENSIVE; tendencia 40%; volatilidad anualizada 30.8%; drawdown a 252 sesiones -7.2%; exposición propuesta 70%.,HOLD,aggressive,Agresivo,0.7,DEFENSIVE,0.6,Estado DEFENSIVE; tendencia 40%; volatilidad anualizada 30.8%; drawdown a 252 sesiones -7.2%; exposición propuesta 70%.,HOLD
2018-04-20,0.4,0.3059676742536463,-0.0661574044941123,-0.0142215898371211,-0.19999999999999996,0.0,0.0,-1.0,0.0,-0.23999999999999996,conservative,Conservador,0.7,DEFENSIVE,0.6,Estado DEFENSIVE; tendencia 40%; volatilidad anualizada 30.6%; drawdown a 252 sesiones -6.6%; exposición propuesta 70%.,HOLD,balanced,Equilibrado,0.7,DEFENSIVE,0.6,Estado DEFENSIVE; tendencia 40%; volatilidad anualizada 30.6%; drawdown a 252 sesiones -6.6%; exposición propuesta 70%.,HOLD,aggressive,Agresivo,0.7,DEFENSIVE,0.6,Estado DEFENSIVE; tendencia 40%; volatilidad anualizada 30.6%; drawdown a 252 sesiones -6.6%; exposición propuesta 70%.,HOLD
2018-04-27,0.6,0.2404232893230559,-0.0673660881475324,-0.0007190045601843,0.19999999999999996,0.0,0.0,-1.0,0.0,0.03999999999999995,conservative,Conservador,1.15,GROWTH,0.6,Estado GROWTH; tendencia 60%; volatilidad anualizada 24.0%; drawdown a 252 sesiones -6.7%; exposición propuesta 115%.,INCREASE,balanced,Equilibrado,1.4557657911821773,VOLATILITY_MANAGED,0.6,Estado VOLATILITY_MANAGED; tendencia 60%; volatilidad anualizada 24.0%; drawdown a 252 sesiones -6.7%; exposición propuesta 146%.,INCREASE,aggressive,Agresivo,1.75,GROWTH,0.6,Estado GROWTH; tendencia 60%; volatilidad anualizada 24.0%; drawdown a 252 sesiones -6.7%; exposición propuesta 175%.,INCREASE
2018-05-04,1.0,0.1974194103578463,-0.0513701673853554,0.0283508712681295,1.0,0.0,0.0,1.0,0.0,0.7999999999999999,conservative,Conservador,1.15,GROWTH,1.0,Estado GROWTH; tendencia 100%; volatilidad anualizada 19.7%; drawdown a 252 sesiones -5.1%; exposición propuesta 115%.,HOLD,balanced,Equilibrado,1.5,VOLATILITY_MANAGED,1.0,Estado VOLATILITY_MANAGED; tendencia 100%; volatilidad anualizada 19.7%; drawdown a 252 sesiones -5.1%; exposición propuesta 150%.,HOLD,aggressive,Agresivo,1.75,GROWTH,1.0,Estado GROWTH; tendencia 100%; volatilidad anualizada 19.7%; drawdown a 252 sesiones -5.1%; exposición propuesta 175%.,HOLD
2018-05-11,1.0,0.1823767937144953,-0.0249602164027509,0.0210927674151459,1.0,0.0,0.0,1.0,0.0,0.7999999999999999,conservative,Conservador,1.15,GROWTH,1.0,Estado GROWTH; tendencia 100%; volatilidad anualizada 18.2%; drawdown a 252 sesiones -2.5%; exposición propuesta 115%.,HOLD,balanced,Equilibrado,1.5,VOLATILITY_MANAGED,1.0,Estado VOLATILITY_MANAGED; tendencia 100%; volatilidad anualizada 18.2%; drawdown a 252 sesiones -2.5%; exposición propuesta 150%.,HOLD,aggressive,Agresivo,1.75,GROWTH,1.0,Estado GROWTH; tendencia 100%; volatilidad anualizada 18.2%; drawdown a 252 sesiones -2.5%; exposición propuesta 175%.,HOLD
2018-05-18,1.0,0.1600771985906973,-0.036467733697761,0.0140894024087918,1.0,0.0,0.0,1.0,0.0,0.7999999999999999,conservative,Conservador,1.15,GROWTH,1.0,Estado GROWTH; tendencia 100%; volatilidad anualizada 16.0%; drawdown a 252 sesiones -3.6%; exposición propuesta 115%.,HOLD,balanced,Equilibrado,1.5,VOLATILITY_MANAGED,1.0,Estado VOLATILITY_MANAGED; tendencia 100%; volatilidad anualizada 16.0%; drawdown a 252 sesiones -3.6%; exposición propuesta 150%.,HOLD,aggressive,Agresivo,1.75,GROWTH,1.0,Estado GROWTH; tendencia 100%; volatilidad anualizada 16.0%; drawdown a 252 sesiones -3.6%; exposición propuesta 175%.,HOLD
2018-05-25,1.0,0.1197340180119495,-0.023464143697862,0.0261021945855446,1.0,0.0,0.0,1.0,0.0,0.7999999999999999,conservative,Conservador,1.15,GROWTH,1.0,Estado GROWTH; tendencia 100%; volatilidad anualizada 12.0%; drawdown a 252 sesiones -2.3%; exposición propuesta 115%.,HOLD,balanced,Equilibrado,1.5,VOLATILITY_MANAGED,1.0,Estado VOLATILITY_MANAGED; tendencia 100%; volatilidad anualizada 12.0%; drawdown a 252 sesiones -2.3%; exposición propuesta 150%.,HOLD,aggressive,Agresivo,1.75,GROWTH,1.0,Estado GROWTH; tendencia 100%; volatilidad anualizada 12.0%; drawdown a 252 sesiones -2.3%; exposición propuesta 175%.,HOLD
2018-06-01,1.0,0.119299405633137,-0.006087532162134,0.0258049358474889,1.0,0.0,0.0,1.0,0.0,0.7999999999999999,conservative,Conservador,1.15,GROWTH,1.0,Estado GROWTH; tendencia 100%; volatilidad anualizada 11.9%; drawdown a 252 sesiones -0.6%; exposición propuesta 115%.,HOLD,balanced,Equilibrado,1.5,VOLATILITY_MANAGED,1.0,Estado VOLATILITY_MANAGED; tendencia 100%; volatilidad anualizada 11.9%; drawdown a 252 sesiones -0.6%; exposición propuesta 150%.,HOLD,aggressive,Agresivo,1.75,GROWTH,1.0,Estado GROWTH; tendencia 100%; volatilidad anualizada 11.9%; drawdown a 252 sesiones -0.6%; exposición propuesta 175%.,HOLD
2018-06-08,1.0,0.1020955887866215,-0.0080743583207847,0.0057345040046192,1.0,0.0,0.0,1.0,0.0,0.7999999999999999,conservative,Conservador,1.15,GROWTH,1.0,Estado GROWTH; tendencia 100%; volatilidad anualizada 10.2%; drawdown a 252 sesiones -0.8%; exposición propuesta 115%.,HOLD,balanced,Equilibrado,1.5,VOLATILITY_MANAGED,1.0,Estado VOLATILITY_MANAGED; tendencia 100%; volatilidad anualizada 10.2%; drawdown a 252 sesiones -0.8%; exposición propuesta 150%.,HOLD,aggressive,Agresivo,1.75,GROWTH,1.0,Estado GROWTH; tendencia 100%; volatilidad anualizada 10.2%; drawdown a 252 sesiones -0.8%; exposición propuesta 175%.,HOLD
2018-06-15,1.0,0.0938012074675353,-0.0034909275063901,0.0279899428353709,1.0,0.0,0.0,1.0,0.0,0.7999999999999999,conservative,Conservador,1.15,GROWTH,1.0,Estado GROWTH; tendencia 100%; volatilidad anualizada 9.4%; drawdown a 252 sesiones -0.3%; exposición propuesta 115%.,HOLD,balanced,Equilibrado,1.5,VOLATILITY_MANAGED,1.0,Estado VOLATILITY_MANAGED; tendencia 100%; volatilidad anualizada 9.4%; drawdown a 252 sesiones -0.3%; exposición propuesta 150%.,HOLD,aggressive,Agresivo,1.75,GROWTH,1.0,Estado GROWTH; tendencia 100%; volatilidad anualizada 9.4%; drawdown a 252 sesiones -0.3%; exposición propuesta 175%.,HOLD
2018-06-22,1.0,0.0986694277283075,-0.0108887996422962,0.0246112278945145,1.0,0.0,0.0,1.0,0.0,0.7999999999999999,conservative,Conservador,1.15,GROWTH,1.0,Estado GROWTH; tendencia 100%; volatilidad anualizada 9.9%; drawdown a 252 sesiones -1.1%; exposición propuesta 115%.,HOLD,balanced,Equilibrado,1.5,VOLATILITY_MANAGED,1.0,Estado VOLATILITY_MANAGED; tendencia 100%; volatilidad anualizada 9.9%; drawdown a 252 sesiones -1.1%; exposición propuesta 150%.,HOLD,aggressive,Agresivo,1.75,GROWTH,1.0,Estado GROWTH; tendencia 100%; volatilidad anualizada 9.9%; drawdown a 252 sesiones -1.1%; exposición propuesta 175%.,HOLD
2018-06-29,0.8,0.1297821540394815,-0.0315936867214279,-0.0001561245364981,0.6000000000000001,0.0,0.0,-1.0,0.0,0.32000000000000006,conservative,Conservador,1.15,GROWTH,0.8,Estado GROWTH; tendencia 80%; volatilidad anualizada 13.0%; drawdown a 252 sesiones -3.2%; exposición propuesta 115%.,HOLD,balanced,Equilibrado,1.5,VOLATILITY_MANAGED,0.8,Estado VOLATILITY_MANAGED; tendencia 80%; volatilidad anualizada 13.0%; drawdown a 252 sesiones -3.2%; exposición propuesta 150%.,HOLD,aggressive,Agresivo,1.75,GROWTH,0.8,Estado GROWTH; tendencia 80%; volatilidad anualizada 13.0%; drawdown a 252 sesiones -3.2%; exposición propuesta 175%.,HOLD
2018-07-06,1.0,0.1479081115108933,-0.0092525281505344,0.0114914660329757,1.0,0.0,0.0,1.0,0.0,0.7999999999999999,conservative,Conservador,1.15,GROWTH,1.0,Estado GROWTH; tendencia 100%; volatilidad anualizada 14.8%; drawdown a 252 sesiones -0.9%; exposición propuesta 115%.,HOLD,balanced,Equilibrado,1.5,VOLATILITY_MANAGED,1.0,Estado VOLATILITY_MANAGED; tendencia 100%; volatilidad anualizada 14.8%; drawdown a 252 sesiones -0.9%; exposición propuesta 150%.,HOLD,aggressive,Agresivo,1.75,GROWTH,1.0,Estado GROWTH; tendencia 100%; volatilidad anualizada 14.8%; drawdown a 252 sesiones -0.9%; exposición propuesta 175%.,HOLD
2018-07-13,1.0,0.159216772067103,0.0,0.0058928863363612,1.0,0.0,0.0,1.0,0.0,0.7999999999999999,conservative,Conservador,1.15,GROWTH,1.0,Estado GROWTH; tendencia 100%; volatilidad anualizada 15.9%; drawdown a 252 sesiones 0.0%; exposición propuesta 115%.,HOLD,balanced,Equilibrado,1.5,VOLATILITY_MANAGED,1.0,Estado VOLATILITY_MANAGED; tendencia 100%; volatilidad anualizada 15.9%; drawdown a 252 sesiones 0.0%; exposición propuesta 150%.,HOLD,aggressive,Agresivo,1.75,GROWTH,1.0,Estado GROWTH; tendencia 100%; volatilidad anualizada 15.9%; drawdown a 252 sesiones 0.0%; exposición propuesta 175%.,HOLD
2018-07-20,1.0,0.1556934740623779,-0.0071006471101157,-0.0011699593039147,1.0,0.0,0.0,-1.0,0.0,0.6,conservative,Conservador,1.15,GROWTH,1.0,Estado GROWTH; tendencia 100%; volatilidad anualizada 15.6%; drawdown a 252 sesiones -0.7%; exposición propuesta 115%.,HOLD,balanced,Equilibrado,1.5,VOLATILITY_MANAGED,1.0,Estado VOLATILITY_MANAGED; tendencia 100%; volatilidad anualizada 15.6%; drawdown a 252 sesiones -0.7%; exposición propuesta 150%.,HOLD,aggressive,Agresivo,1.75,GROWTH,1.0,Estado GROWTH; tendencia 100%; volatilidad anualizada 15.6%; drawdown a 252 sesiones -0.7%; exposición propuesta 175%.,HOLD
2018-07-27,1.0,0.1466455209131155,-0.0284429325472358,-0.0013116062125215,1.0,0.0,0.0,-1.0,0.0,0.6,conservative,Conservador,1.15,GROWTH,1.0,Estado GROWTH; tendencia 100%; volatilidad anualizada 14.7%; drawdown a 252 sesiones -2.8%; exposición propuesta 115%.,HOLD,balanced,Equilibrado,1.5,VOLATILITY_MANAGED,1.0,Estado VOLATILITY_MANAGED; tendencia 100%; volatilidad anualizada 14.7%; drawdown a 252 sesiones -2.8%; exposición propuesta 150%.,HOLD,aggressive,Agresivo,1.75,GROWTH,1.0,Estado GROWTH; tendencia 100%; volatilidad anualizada 14.7%; drawdown a 252 sesiones -2.8%; exposición propuesta 175%.,HOLD
2018-08-03,1.0,0.1431028356056362,-0.0149869829202092,-0.0042457901475689,1.0,0.0,0.0,-1.0,0.0,0.6,conservative,Conservador,1.15,GROWTH,1.0,Estado GROWTH; tendencia 100%; volatilidad anualizada 14.3%; drawdown a 252 sesiones -1.5%; exposición propuesta 115%.,HOLD,balanced,Equilibrado,1.5,VOLATILITY_MANAGED,1.0,Estado VOLATILITY_MANAGED; tendencia 100%; volatilidad anualizada 14.3%; drawdown a 252 sesiones -1.5%; exposición propuesta 150%.,HOLD,aggressive,Agresivo,1.75,GROWTH,1.0,Estado GROWTH; tendencia 100%; volatilidad anualizada 14.3%; drawdown a 252 sesiones -1.5%; exposición propuesta 175%.,HOLD
2018-08-10,1.0,0.1302568659119138,-0.012580407820147,-0.0077023975922079,1.0,0.0,0.0,-1.0,0.0,0.6,conservative,Conservador,1.15,GROWTH,1.0,Estado GROWTH; tendencia 100%; volatilidad anualizada 13.0%; drawdown a 252 sesiones -1.3%; exposición propuesta 115%.,HOLD,balanced,Equilibrado,1.5,VOLATILITY_MANAGED,1.0,Estado VOLATILITY_MANAGED; tendencia 100%; volatilidad anualizada 13.0%; drawdown a 252 sesiones -1.3%; exposición propuesta 150%.,HOLD,aggressive,Agresivo,1.75,GROWTH,1.0,Estado GROWTH; tendencia 100%; volatilidad anualizada 13.0%; drawdown a 252 sesiones -1.3%; exposición propuesta 175%.,HOLD
2018-08-17,1.0,0.1367051411581489,-0.0161905342141324,-0.0143755245521433,1.0,0.0,0.0,-1.0,0.0,0.6,conservative,Conservador,1.15,GROWTH,1.0,Estado GROWTH; tendencia 100%; volatilidad anualizada 13.7%; drawdown a 252 sesiones -1.6%; exposición propuesta 115%.,HOLD,balanced,Equilibrado,1.5,VOLATILITY_MANAGED,1.0,Estado VOLATILITY_MANAGED; tendencia 100%; volatilidad anualizada 13.7%; drawdown a 252 sesiones -1.6%; exposición propuesta 150%.,HOLD,aggressive,Agresivo,1.75,GROWTH,1.0,Estado GROWTH; tendencia 100%; volatilidad anualizada 13.7%; drawdown a 252 sesiones -1.6%; exposición propuesta 175%.,HOLD
2018-08-24,1.0,0.1065832486325904,-0.0018593065241183,0.005721673195016,1.0,0.0,0.0,1.0,0.0,0.7999999999999999,conservative,Conservador,1.15,GROWTH,1.0,Estado GROWTH; tendencia 100%; volatilidad anualizada 10.7%; drawdown a 252 sesiones -0.2%; exposición propuesta 115%.,HOLD,balanced,Equilibrado,1.5,VOLATILITY_MANAGED,1.0,Estado VOLATILITY_MANAGED; tendencia 100%; volatilidad anualizada 10.7%; drawdown a 252 sesiones -0.2%; exposición propuesta 150%.,HOLD,aggressive,Agresivo,1.75,GROWTH,1.0,Estado GROWTH; tendencia 100%; volatilidad anualizada 10.7%; drawdown a 252 sesiones -0.2%; exposición propuesta 175%.,HOLD
2018-08-31,1.0,0.0896144703186925,-0.0004817289015307,0.0128240154960801,1.0,0.0,0.0,1.0,0.0,0.7999999999999999,conservative,Conservador,1.15,GROWTH,1.0,Estado GROWTH; tendencia 100%; volatilidad anualizada 9.0%; drawdown a 252 sesiones -0.0%; exposición propuesta 115%.,HOLD,balanced,Equilibrado,1.5,VOLATILITY_MANAGED,1.0,Estado VOLATILITY_MANAGED; tendencia 100%; volatilidad anualizada 9.0%; drawdown a 252 sesiones -0.0%; exposición propuesta 150%.,HOLD,aggressive,Agresivo,1.75,GROWTH,1.0,Estado GROWTH; tendencia 100%; volatilidad anualizada 9.0%; drawdown a 252 sesiones -0.0%; exposición propuesta 175%.,HOLD
2018-09-07,0.8,0.1092705234941654,-0.0301487240079844,-0.0132723520335547,0.6000000000000001,0.0,0.0,-1.0,0.0,0.32000000000000006,conservative,Conservador,1.15,GROWTH,0.8,Estado GROWTH; tendencia 80%; volatilidad anualizada 10.9%; drawdown a 252 sesiones -3.0%; exposición propuesta 115%.,HOLD,balanced,Equilibrado,1.5,VOLATILITY_MANAGED,0.8,Estado VOLATILITY_MANAGED; tendencia 80%; volatilidad anualizada 10.9%; drawdown a 252 sesiones -3.0%; exposición propuesta 150%.,HOLD,aggressive,Agresivo,1.75,GROWTH,0.8,Estado GROWTH; tendencia 80%; volatilidad anualizada 10.9%; drawdown a 252 sesiones -3.0%; exposición propuesta 175%.,HOLD
2018-09-14,1.0,0.1040562985348472,-0.0147261693523677,-0.0008188838668099,1.0,0.0,0.0,-1.0,0.0,0.6,conservative,Conservador,1.15,GROWTH,1.0,Estado GROWTH; tendencia 100%; volatilidad anualizada 10.4%; drawdown a 252 sesiones -1.5%; exposición propuesta 115%.,HOLD,balanced,Equilibrado,1.5,VOLATILITY_MANAGED,1.0,Estado VOLATILITY_MANAGED; tendencia 100%; volatilidad anualizada 10.4%; drawdown a 252 sesiones -1.5%; exposición propuesta 150%.,HOLD,aggressive,Agresivo,1.75,GROWTH,1.0,Estado GROWTH; tendencia 100%; volatilidad anualizada 10.4%; drawdown a 252 sesiones -1.5%; exposición propuesta 175%.,HOLD
2018-09-21,1.0,0.1275701506135709,-0.016225837814092,-0.0102244117226835,1.0,0.0,0.0,-1.0,0.0,0.6,conservative,Conservador,1.15,GROWTH,1.0,Estado GROWTH; tendencia 100%; volatilidad anualizada 12.8%; drawdown a 252 sesiones -1.6%; exposición propuesta 115%.,HOLD,balanced,Equilibrado,1.5,VOLATILITY_MANAGED,1.0,Estado VOLATILITY_MANAGED; tendencia 100%; volatilidad anualizada 12.8%; drawdown a 252 sesiones -1.6%; exposición propuesta 150%.,HOLD,aggressive,Agresivo,1.75,GROWTH,1.0,Estado GROWTH; tendencia 100%; volatilidad anualizada 12.8%; drawdown a 252 sesiones -1.6%; exposición propuesta 175%.,HOLD
2018-09-28,0.8,0.1148137318878855,-0.0032967918249477,-0.0075126307691346,0.6000000000000001,0.0,0.0,-1.0,0.0,0.32000000000000006,conservative,Conservador,1.15,GROWTH,0.8,Estado GROWTH; tendencia 80%; volatilidad anualizada 11.5%; drawdown a 252 sesiones -0.3%; exposición propuesta 115%.,HOLD,balanced,Equilibrado,1.5,VOLATILITY_MANAGED,0.8,Estado VOLATILITY_MANAGED; tendencia 80%; volatilidad anualizada 11.5%; drawdown a 252 sesiones -0.3%; exposición propuesta 150%.,HOLD,aggressive,Agresivo,1.75,GROWTH,0.8,Estado GROWTH; tendencia 80%; volatilidad anualizada 11.5%; drawdown a 252 sesiones -0.3%; exposición propuesta 175%.,HOLD
2018-10-05,0.6,0.1282700914704769,-0.0335536186559307,-0.0088063568301997,0.19999999999999996,0.0,0.0,-1.0,0.0,0.03999999999999995,conservative,Conservador,1.15,GROWTH,0.6,Estado GROWTH; tendencia 60%; volatilidad anualizada 12.8%; drawdown a 252 sesiones -3.4%; exposición propuesta 115%.,HOLD,balanced,Equilibrado,1.5,VOLATILITY_MANAGED,0.6,Estado VOLATILITY_MANAGED; tendencia 60%; volatilidad anualizada 12.8%; drawdown a 252 sesiones -3.4%; exposición propuesta 150%.,HOLD,aggressive,Agresivo,1.75,GROWTH,0.6,Estado GROWTH; tendencia 60%; volatilidad anualizada 12.8%; drawdown a 252 sesiones -3.4%; exposición propuesta 175%.,HOLD
2018-10-12,0.4,0.2251860428741777,-0.064829503945753,-0.003819990889656,-0.19999999999999996,0.0,0.0,-1.0,0.0,-0.23999999999999996,conservative,Conservador,0.7,DEFENSIVE,0.6,Estado DEFENSIVE; tendencia 40%; volatilidad anualizada 22.5%; drawdown a 252 sesiones -6.5%; exposición propuesta 70%.,REDUCE,balanced,Equilibrado,0.7,DEFENSIVE,0.6,Estado DEFENSIVE; tendencia 40%; volatilidad anualizada 22.5%; drawdown a 252 sesiones -6.5%; exposición propuesta 70%.,REDUCE,aggressive,Agresivo,0.7,DEFENSIVE,0.6,Estado DEFENSIVE; tendencia 40%; volatilidad anualizada 22.5%; drawdown a 252 sesiones -6.5%; exposición propuesta 70%.,REDUCE
2018-10-19,0.4,0.2548615033537009,-0.0718038574116879,-0.0025887282731096,-0.19999999999999996,0.0,0.0,-1.0,0.0,-0.23999999999999996,conservative,Conservador,0.7,DEFENSIVE,0.6,Estado DEFENSIVE; tendencia 40%; volatilidad anualizada 25.5%; drawdown a 252 sesiones -7.2%; exposición propuesta 70%.,HOLD,balanced,Equilibrado,0.7,DEFENSIVE,0.6,Estado DEFENSIVE; tendencia 40%; volatilidad anualizada 25.5%; drawdown a 252 sesiones -7.2%; exposición propuesta 70%.,HOLD,aggressive,Agresivo,0.7,DEFENSIVE,0.6,Estado DEFENSIVE; tendencia 40%; volatilidad anualizada 25.5%; drawdown a 252 sesiones -7.2%; exposición propuesta 70%.,HOLD
2018-10-26,0.0,0.3341994962426244,-0.1059229502293226,-0.015630684249324,-1.0,0.0,0.0,-1.0,0.0,-0.7999999999999999,conservative,Conservador,0.7,DEFENSIVE,1.0,Estado DEFENSIVE; tendencia 0%; volatilidad anualizada 33.4%; drawdown a 252 sesiones -10.6%; exposición propuesta 70%.,HOLD,balanced,Equilibrado,0.7,DEFENSIVE,1.0,Estado DEFENSIVE; tendencia 0%; volatilidad anualizada 33.4%; drawdown a 252 sesiones -10.6%; exposición propuesta 70%.,HOLD,aggressive,Agresivo,0.7,DEFENSIVE,1.0,Estado DEFENSIVE; tendencia 0%; volatilidad anualizada 33.4%; drawdown a 252 sesiones -10.6%; exposición propuesta 70%.,HOLD
2018-11-02,0.2,0.3630738617170448,-0.0913311347835637,-0.0044360245117254,-0.6,0.5,0.0,-1.0,0.5,-0.62,conservative,Conservador,0.7,DEFENSIVE,0.8,Estado DEFENSIVE; tendencia 20%; volatilidad anualizada 36.3%; drawdown a 252 sesiones -9.1%; exposición propuesta 70%.,HOLD,balanced,Equilibrado,0.7,DEFENSIVE,0.8,Estado DEFENSIVE; tendencia 20%; volatilidad anualizada 36.3%; drawdown a 252 sesiones -9.1%; exposición propuesta 70%.,HOLD,aggressive,Agresivo,0.7,DEFENSIVE,0.8,Estado DEFENSIVE; tendencia 20%; volatilidad anualizada 36.3%; drawdown a 252 sesiones -9.1%; exposición propuesta 70%.,HOLD
2018-11-09,0.2,0.3368212843162755,-0.0798508904023284,-0.0226215218260118,-0.6,0.0,0.0,-1.0,0.0,-0.52,conservative,Conservador,0.7,DEFENSIVE,0.8,Estado DEFENSIVE; tendencia 20%; volatilidad anualizada 33.7%; drawdown a 252 sesiones -8.0%; exposición propuesta 70%.,HOLD,balanced,Equilibrado,0.7,DEFENSIVE,0.8,Estado DEFENSIVE; tendencia 20%; volatilidad anualizada 33.7%; drawdown a 252 sesiones -8.0%; exposición propuesta 70%.,HOLD,aggressive,Agresivo,0.7,DEFENSIVE,0.8,Estado DEFENSIVE; tendencia 20%; volatilidad anualizada 33.7%; drawdown a 252 sesiones -8.0%; exposición propuesta 70%.,HOLD
2018-11-16,0.0,0.331437889991325,-0.101416887175769,-0.0227817968562383,-1.0,0.0,0.0,-1.0,0.0,-0.7999999999999999,conservative,Conservador,0.7,DEFENSIVE,1.0,Estado DEFENSIVE; tendencia 0%; volatilidad anualizada 33.1%; drawdown a 252 sesiones -10.1%; exposición propuesta 70%.,HOLD,balanced,Equilibrado,0.7,DEFENSIVE,1.0,Estado DEFENSIVE; tendencia 0%; volatilidad anualizada 33.1%; drawdown a 252 sesiones -10.1%; exposición propuesta 70%.,HOLD,aggressive,Agresivo,0.7,DEFENSIVE,1.0,Estado DEFENSIVE; tendencia 0%; volatilidad anualizada 33.1%; drawdown a 252 sesiones -10.1%; exposición propuesta 70%.,HOLD
2018-11-23,0.0,0.2877098912400395,-0.1458897516458138,-0.0439846644672542,-1.0,0.0,0.0,-1.0,0.0,-0.7999999999999999,conservative,Conservador,0.7,DEFENSIVE,1.0,Estado DEFENSIVE; tendencia 0%; volatilidad anualizada 28.8%; drawdown a 252 sesiones -14.6%; exposición propuesta 70%.,HOLD,balanced,Equilibrado,0.7,DEFENSIVE,1.0,Estado DEFENSIVE; tendencia 0%; volatilidad anualizada 28.8%; drawdown a 252 sesiones -14.6%; exposición propuesta 70%.,HOLD,aggressive,Agresivo,0.7,DEFENSIVE,1.0,Estado DEFENSIVE; tendencia 0%; volatilidad anualizada 28.8%; drawdown a 252 sesiones -14.6%; exposición propuesta 70%.,HOLD
2018-11-30,0.0,0.2827851584704721,-0.0913848419185565,-0.0234580237331634,-1.0,0.0,0.0,-1.0,0.0,-0.7999999999999999,conservative,Conservador,0.7,DEFENSIVE,1.0,Estado DEFENSIVE; tendencia 0%; volatilidad anualizada 28.3%; drawdown a 252 sesiones -9.1%; exposición propuesta 70%.,HOLD,balanced,Equilibrado,0.7,DEFENSIVE,1.0,Estado DEFENSIVE; tendencia 0%; volatilidad anualizada 28.3%; drawdown a 252 sesiones -9.1%; exposición propuesta 70%.,HOLD,aggressive,Agresivo,0.7,DEFENSIVE,1.0,Estado DEFENSIVE; tendencia 0%; volatilidad anualizada 28.3%; drawdown a 252 sesiones -9.1%; exposición propuesta 70%.,HOLD
2018-12-07,0.0,0.3120167182760283,-0.1342488162052328,-0.0188130332143975,-1.0,0.0,0.0,-1.0,0.0,-0.7999999999999999,conservative,Conservador,0.7,DEFENSIVE,1.0,Estado DEFENSIVE; tendencia 0%; volatilidad anualizada 31.2%; drawdown a 252 sesiones -13.4%; exposición propuesta 70%.,HOLD,balanced,Equilibrado,0.7,DEFENSIVE,1.0,Estado DEFENSIVE; tendencia 0%; volatilidad anualizada 31.2%; drawdown a 252 sesiones -13.4%; exposición propuesta 70%.,HOLD,aggressive,Agresivo,0.7,DEFENSIVE,1.0,Estado DEFENSIVE; tendencia 0%; volatilidad anualizada 31.2%; drawdown a 252 sesiones -13.4%; exposición propuesta 70%.,HOLD
2018-12-14,0.0,0.307567960810494,-0.1358581367342344,0.0110705618189539,-1.0,0.0,0.0,1.0,0.0,-0.6,conservative,Conservador,0.7,DEFENSIVE,1.0,Estado DEFENSIVE; tendencia 0%; volatilidad anualizada 30.8%; drawdown a 252 sesiones -13.6%; exposición propuesta 70%.,HOLD,balanced,Equilibrado,0.7,DEFENSIVE,1.0,Estado DEFENSIVE; tendencia 0%; volatilidad anualizada 30.8%; drawdown a 252 sesiones -13.6%; exposición propuesta 70%.,HOLD,aggressive,Agresivo,0.7,DEFENSIVE,1.0,Estado DEFENSIVE; tendencia 0%; volatilidad anualizada 30.8%; drawdown a 252 sesiones -13.6%; exposición propuesta 70%.,HOLD
2018-12-21,0.0,0.3136459030990982,-0.2083346243702322,0.0066473650101462,-1.0,0.0,0.5,1.0,0.5,-0.7,conservative,Conservador,0.7,DEFENSIVE,1.0,Estado DEFENSIVE; tendencia 0%; volatilidad anualizada 31.4%; drawdown a 252 sesiones -20.8%; exposición propuesta 70%.,HOLD,balanced,Equilibrado,0.7,DEFENSIVE,1.0,Estado DEFENSIVE; tendencia 0%; volatilidad anualizada 31.4%; drawdown a 252 sesiones -20.8%; exposición propuesta 70%.,HOLD,aggressive,Agresivo,0.7,DEFENSIVE,1.0,Estado DEFENSIVE; tendencia 0%; volatilidad anualizada 31.4%; drawdown a 252 sesiones -20.8%; exposición propuesta 70%.,HOLD
2018-12-28,0.0,0.3682401287241421,-0.1770175119687727,0.0017958301218645,-1.0,0.5,0.5,1.0,0.5,-0.7,conservative,Conservador,0.7,DEFENSIVE,1.0,Estado DEFENSIVE; tendencia 0%; volatilidad anualizada 36.8%; drawdown a 252 sesiones -17.7%; exposición propuesta 70%.,HOLD,balanced,Equilibrado,0.7,DEFENSIVE,1.0,Estado DEFENSIVE; tendencia 0%; volatilidad anualizada 36.8%; drawdown a 252 sesiones -17.7%; exposición propuesta 70%.,HOLD,aggressive,Agresivo,0.7,DEFENSIVE,1.0,Estado DEFENSIVE; tendencia 0%; volatilidad anualizada 36.8%; drawdown a 252 sesiones -17.7%; exposición propuesta 70%.,HOLD
2019-01-04,0.0,0.3930053194639036,-0.1594786035594059,0.006065340992422,-1.0,0.5,0.5,1.0,0.5,-0.7,conservative,Conservador,0.7,DEFENSIVE,1.0,Estado DEFENSIVE; tendencia 0%; volatilidad anualizada 39.3%; drawdown a 252 sesiones -15.9%; exposición propuesta 70%.,HOLD,balanced,Equilibrado,0.7,DEFENSIVE,1.0,Estado DEFENSIVE; tendencia 0%; volatilidad anualizada 39.3%; drawdown a 252 sesiones -15.9%; exposición propuesta 70%.,HOLD,aggressive,Agresivo,0.7,DEFENSIVE,1.0,Estado DEFENSIVE; tendencia 0%; volatilidad anualizada 39.3%; drawdown a 252 sesiones -15.9%; exposición propuesta 70%.,HOLD
2019-01-11,0.0,0.3772079533356319,-0.1354837360335627,-0.0049176506213701,-1.0,0.5,0.0,-1.0,0.5,-0.8999999999999999,conservative,Conservador,0.7,DEFENSIVE,1.0,Estado DEFENSIVE; tendencia 0%; volatilidad anualizada 37.7%; drawdown a 252 sesiones -13.5%; exposición propuesta 70%.,HOLD,balanced,Equilibrado,0.7,DEFENSIVE,1.0,Estado DEFENSIVE; tendencia 0%; volatilidad anualizada 37.7%; drawdown a 252 sesiones -13.5%; exposición propuesta 70%.,HOLD,aggressive,Agresivo,0.7,DEFENSIVE,1.0,Estado DEFENSIVE; tendencia 0%; volatilidad anualizada 37.7%; drawdown a 252 sesiones -13.5%; exposición propuesta 70%.,HOLD
2019-01-18,0.4,0.3519098917187671,-0.1109508503973983,0.0057430392630499,-0.19999999999999996,0.5,0.0,1.0,0.5,-0.13999999999999996,conservative,Conservador,0.7,DEFENSIVE,0.6,Estado DEFENSIVE; tendencia 40%; volatilidad anualizada 35.2%; drawdown a 252 sesiones -11.1%; exposición propuesta 70%.,HOLD,balanced,Equilibrado,0.7,DEFENSIVE,0.6,Estado DEFENSIVE; tendencia 40%; volatilidad anualizada 35.2%; drawdown a 252 sesiones -11.1%; exposición propuesta 70%.,HOLD,aggressive,Agresivo,0.7,DEFENSIVE,0.6,Estado DEFENSIVE; tendencia 40%; volatilidad anualizada 35.2%; drawdown a 252 sesiones -11.1%; exposición propuesta 70%.,HOLD
2019-01-25,0.4,0.2354948896023563,-0.111489212784226,0.0036184896208466,-0.19999999999999996,0.0,0.0,1.0,0.0,-0.03999999999999995,conservative,Conservador,0.7,DEFENSIVE,0.6,Estado DEFENSIVE; tendencia 40%; volatilidad anualizada 23.5%; drawdown a 252 sesiones -11.1%; exposición propuesta 70%.,HOLD,balanced,Equilibrado,0.7,DEFENSIVE,0.6,Estado DEFENSIVE; tendencia 40%; volatilidad anualizada 23.5%; drawdown a 252 sesiones -11.1%; exposición propuesta 70%.,HOLD,aggressive,Agresivo,0.7,DEFENSIVE,0.6,Estado DEFENSIVE; tendencia 40%; volatilidad anualizada 23.5%; drawdown a 252 sesiones -11.1%; exposición propuesta 70%.,HOLD
2019-02-01,0.4,0.2255697103343032,-0.0991147962468352,0.0118235216264261,-0.19999999999999996,0.0,0.0,1.0,0.0,-0.03999999999999995,conservative,Conservador,0.7,DEFENSIVE,0.6,Estado DEFENSIVE; tendencia 40%; volatilidad anualizada 22.6%; drawdown a 252 sesiones -9.9%; exposición propuesta 70%.,HOLD,balanced,Equilibrado,0.7,DEFENSIVE,0.6,Estado DEFENSIVE; tendencia 40%; volatilidad anualizada 22.6%; drawdown a 252 sesiones -9.9%; exposición propuesta 70%.,HOLD,aggressive,Agresivo,0.7,DEFENSIVE,0.6,Estado DEFENSIVE; tendencia 40%; volatilidad anualizada 22.6%; drawdown a 252 sesiones -9.9%; exposición propuesta 70%.,HOLD
2019-02-08,0.4,0.1882969389354568,-0.0931431481056873,0.0003696626178522,-0.19999999999999996,0.0,0.0,1.0,0.0,-0.03999999999999995,conservative,Conservador,0.7,DEFENSIVE,0.6,Estado DEFENSIVE; tendencia 40%; volatilidad anualizada 18.8%; drawdown a 252 sesiones -9.3%; exposición propuesta 70%.,HOLD,balanced,Equilibrado,0.7,DEFENSIVE,0.6,Estado DEFENSIVE; tendencia 40%; volatilidad anualizada 18.8%; drawdown a 252 sesiones -9.3%; exposición propuesta 70%.,HOLD,aggressive,Agresivo,0.7,DEFENSIVE,0.6,Estado DEFENSIVE; tendencia 40%; volatilidad anualizada 18.8%; drawdown a 252 sesiones -9.3%; exposición propuesta 70%.,HOLD
2019-02-15,1.0,0.1766322414980274,-0.0749584630395071,-0.0040138012522057,1.0,0.0,0.0,-1.0,0.0,0.6,conservative,Conservador,1.15,GROWTH,1.0,Estado GROWTH; tendencia 100%; volatilidad anualizada 17.7%; drawdown a 252 sesiones -7.5%; exposición propuesta 115%.,INCREASE,balanced,Equilibrado,1.5,VOLATILITY_MANAGED,1.0,Estado VOLATILITY_MANAGED; tendencia 100%; volatilidad anualizada 17.7%; drawdown a 252 sesiones -7.5%; exposición propuesta 150%.,INCREASE,aggressive,Agresivo,1.75,GROWTH,1.0,Estado GROWTH; tendencia 100%; volatilidad anualizada 17.7%; drawdown a 252 sesiones -7.5%; exposición propuesta 175%.,INCREASE
2019-02-22,1.0,0.1561457040350365,-0.069847678302524,0.0002207041283477,1.0,0.0,0.0,1.0,0.0,0.7999999999999999,conservative,Conservador,1.15,GROWTH,1.0,Estado GROWTH; tendencia 100%; volatilidad anualizada 15.6%; drawdown a 252 sesiones -7.0%; exposición propuesta 115%.,HOLD,balanced,Equilibrado,1.5,VOLATILITY_MANAGED,1.0,Estado VOLATILITY_MANAGED; tendencia 100%; volatilidad anualizada 15.6%; drawdown a 252 sesiones -7.0%; exposición propuesta 150%.,HOLD,aggressive,Agresivo,1.75,GROWTH,1.0,Estado GROWTH; tendencia 100%; volatilidad anualizada 15.6%; drawdown a 252 sesiones -7.0%; exposición propuesta 175%.,HOLD
2019-03-01,1.0,0.1000824691479771,-0.0617775787859571,-0.0018138579039557,1.0,0.0,0.0,-1.0,0.0,0.6,conservative,Conservador,1.15,GROWTH,1.0,Estado GROWTH; tendencia 100%; volatilidad anualizada 10.0%; drawdown a 252 sesiones -6.2%; exposición propuesta 115%.,HOLD,balanced,Equilibrado,1.5,VOLATILITY_MANAGED,1.0,Estado VOLATILITY_MANAGED; tendencia 100%; volatilidad anualizada 10.0%; drawdown a 252 sesiones -6.2%; exposición propuesta 150%.,HOLD,aggressive,Agresivo,1.75,GROWTH,1.0,Estado GROWTH; tendencia 100%; volatilidad anualizada 10.0%; drawdown a 252 sesiones -6.2%; exposición propuesta 175%.,HOLD
2019-03-08,0.8,0.0856722754433266,-0.0791012283097194,0.0014847452999993,0.6000000000000001,0.0,0.0,1.0,0.0,0.52,conservative,Conservador,1.15,GROWTH,0.8,Estado GROWTH; tendencia 80%; volatilidad anualizada 8.6%; drawdown a 252 sesiones -7.9%; exposición propuesta 115%.,HOLD,balanced,Equilibrado,1.5,VOLATILITY_MANAGED,0.8,Estado VOLATILITY_MANAGED; tendencia 80%; volatilidad anualizada 8.6%; drawdown a 252 sesiones -7.9%; exposición propuesta 150%.,HOLD,aggressive,Agresivo,1.75,GROWTH,0.8,Estado GROWTH; tendencia 80%; volatilidad anualizada 8.6%; drawdown a 252 sesiones -7.9%; exposición propuesta 175%.,HOLD
2019-03-15,1.0,0.1072046145434409,-0.0404727157425941,0.0118690418476326,1.0,0.0,0.0,1.0,0.0,0.7999999999999999,conservative,Conservador,1.15,GROWTH,1.0,Estado GROWTH; tendencia 100%; volatilidad anualizada 10.7%; drawdown a 252 sesiones -4.0%; exposición propuesta 115%.,HOLD,balanced,Equilibrado,1.5,VOLATILITY_MANAGED,1.0,Estado VOLATILITY_MANAGED; tendencia 100%; volatilidad anualizada 10.7%; drawdown a 252 sesiones -4.0%; exposición propuesta 150%.,HOLD,aggressive,Agresivo,1.75,GROWTH,1.0,Estado GROWTH; tendencia 100%; volatilidad anualizada 10.7%; drawdown a 252 sesiones -4.0%; exposición propuesta 175%.,HOLD
2019-03-22,1.0,0.1438659890229695,-0.0375945641493856,0.029874865512204,1.0,0.0,0.0,1.0,0.0,0.7999999999999999,conservative,Conservador,1.15,GROWTH,1.0,Estado GROWTH; tendencia 100%; volatilidad anualizada 14.4%; drawdown a 252 sesiones -3.8%; exposición propuesta 115%.,HOLD,balanced,Equilibrado,1.5,VOLATILITY_MANAGED,1.0,Estado VOLATILITY_MANAGED; tendencia 100%; volatilidad anualizada 14.4%; drawdown a 252 sesiones -3.8%; exposición propuesta 150%.,HOLD,aggressive,Agresivo,1.75,GROWTH,1.0,Estado GROWTH; tendencia 100%; volatilidad anualizada 14.4%; drawdown a 252 sesiones -3.8%; exposición propuesta 175%.,HOLD
2019-03-29,1.0,0.1470315866514538,-0.0316654341567739,0.0203117322379537,1.0,0.0,0.0,1.0,0.0,0.7999999999999999,conservative,Conservador,1.15,GROWTH,1.0,Estado GROWTH; tendencia 100%; volatilidad anualizada 14.7%; drawdown a 252 sesiones -3.2%; exposición propuesta 115%.,HOLD,balanced,Equilibrado,1.5,VOLATILITY_MANAGED,1.0,Estado VOLATILITY_MANAGED; tendencia 100%; volatilidad anualizada 14.7%; drawdown a 252 sesiones -3.2%; exposición propuesta 150%.,HOLD,aggressive,Agresivo,1.75,GROWTH,1.0,Estado GROWTH; tendencia 100%; volatilidad anualizada 14.7%; drawdown a 252 sesiones -3.2%; exposición propuesta 175%.,HOLD
2019-04-05,1.0,0.1381093025850335,-0.0047167602754487,0.0247322369380087,1.0,0.0,0.0,1.0,0.0,0.7999999999999999,conservative,Conservador,1.15,GROWTH,1.0,Estado GROWTH; tendencia 100%; volatilidad anualizada 13.8%; drawdown a 252 sesiones -0.5%; exposición propuesta 115%.,HOLD,balanced,Equilibrado,1.5,VOLATILITY_MANAGED,1.0,Estado VOLATILITY_MANAGED; tendencia 100%; volatilidad anualizada 13.8%; drawdown a 252 sesiones -0.5%; exposición propuesta 150%.,HOLD,aggressive,Agresivo,1.75,GROWTH,1.0,Estado GROWTH; tendencia 100%; volatilidad anualizada 13.8%; drawdown a 252 sesiones -0.5%; exposición propuesta 175%.,HOLD
2019-04-12,1.0,0.1216468516358915,0.0,0.0123769883651878,1.0,0.0,0.0,1.0,0.0,0.7999999999999999,conservative,Conservador,1.15,GROWTH,1.0,Estado GROWTH; tendencia 100%; volatilidad anualizada 12.2%; drawdown a 252 sesiones 0.0%; exposición propuesta 115%.,HOLD,balanced,Equilibrado,1.5,VOLATILITY_MANAGED,1.0,Estado VOLATILITY_MANAGED; tendencia 100%; volatilidad anualizada 12.2%; drawdown a 252 sesiones 0.0%; exposición propuesta 150%.,HOLD,aggressive,Agresivo,1.75,GROWTH,1.0,Estado GROWTH; tendencia 100%; volatilidad anualizada 12.2%; drawdown a 252 sesiones 0.0%; exposición propuesta 175%.,HOLD
2019-04-19,1.0,0.1216468516358915,0.0,0.0123769883651878,1.0,0.0,0.0,1.0,0.0,0.7999999999999999,conservative,Conservador,1.15,GROWTH,1.0,Estado GROWTH; tendencia 100%; volatilidad anualizada 12.2%; drawdown a 252 sesiones 0.0%; exposición propuesta 115%.,HOLD,balanced,Equilibrado,1.5,VOLATILITY_MANAGED,1.0,Estado VOLATILITY_MANAGED; tendencia 100%; volatilidad anualizada 12.2%; drawdown a 252 sesiones 0.0%; exposición propuesta 150%.,HOLD,aggressive,Agresivo,1.75,GROWTH,1.0,Estado GROWTH; tendencia 100%; volatilidad anualizada 12.2%; drawdown a 252 sesiones 0.0%; exposición propuesta 175%.,HOLD
2019-04-26,1.0,0.0705955709370843,0.0,0.0239625066973168,1.0,0.0,0.0,1.0,0.0,0.7999999999999999,conservative,Conservador,1.15,GROWTH,1.0,Estado GROWTH; tendencia 100%; volatilidad anualizada 7.1%; drawdown a 252 sesiones 0.0%; exposición propuesta 115%.,HOLD,balanced,Equilibrado,1.5,VOLATILITY_MANAGED,1.0,Estado VOLATILITY_MANAGED; tendencia 100%; volatilidad anualizada 7.1%; drawdown a 252 sesiones 0.0%; exposición propuesta 150%.,HOLD,aggressive,Agresivo,1.75,GROWTH,1.0,Estado GROWTH; tendencia 100%; volatilidad anualizada 7.1%; drawdown a 252 sesiones 0.0%; exposición propuesta 175%.,HOLD
2019-05-03,1.0,0.0884129616639757,0.0,0.0164284059629158,1.0,0.0,0.0,1.0,0.0,0.7999999999999999,conservative,Conservador,1.15,GROWTH,1.0,Estado GROWTH; tendencia 100%; volatilidad anualizada 8.8%; drawdown a 252 sesiones 0.0%; exposición propuesta 115%.,HOLD,balanced,Equilibrado,1.5,VOLATILITY_MANAGED,1.0,Estado VOLATILITY_MANAGED; tendencia 100%; volatilidad anualizada 8.8%; drawdown a 252 sesiones 0.0%; exposición propuesta 150%.,HOLD,aggressive,Agresivo,1.75,GROWTH,1.0,Estado GROWTH; tendencia 100%; volatilidad anualizada 8.8%; drawdown a 252 sesiones 0.0%; exposición propuesta 175%.,HOLD
2019-05-10,0.8,0.1175884726384148,-0.0319716048604901,0.0002191302439868,0.6000000000000001,0.0,0.0,1.0,0.0,0.52,conservative,Conservador,1.15,GROWTH,0.8,Estado GROWTH; tendencia 80%; volatilidad anualizada 11.8%; drawdown a 252 sesiones -3.2%; exposición propuesta 115%.,HOLD,balanced,Equilibrado,1.5,VOLATILITY_MANAGED,0.8,Estado VOLATILITY_MANAGED; tendencia 80%; volatilidad anualizada 11.8%; drawdown a 252 sesiones -3.2%; exposición propuesta 150%.,HOLD,aggressive,Agresivo,1.75,GROWTH,0.8,Estado GROWTH; tendencia 80%; volatilidad anualizada 11.8%; drawdown a 252 sesiones -3.2%; exposición propuesta 175%.,HOLD
2019-05-17,0.6,0.189354990540083,-0.0422271413963037,-0.0088008238340576,0.19999999999999996,0.0,0.0,-1.0,0.0,0.03999999999999995,conservative,Conservador,1.15,GROWTH,0.6,Estado GROWTH; tendencia 60%; volatilidad anualizada 18.9%; drawdown a 252 sesiones -4.2%; exposición propuesta 115%.,HOLD,balanced,Equilibrado,1.5,VOLATILITY_MANAGED,0.6,Estado VOLATILITY_MANAGED; tendencia 60%; volatilidad anualizada 18.9%; drawdown a 252 sesiones -4.2%; exposición propuesta 150%.,HOLD,aggressive,Agresivo,1.75,GROWTH,0.6,Estado GROWTH; tendencia 60%; volatilidad anualizada 18.9%; drawdown a 252 sesiones -4.2%; exposición propuesta 175%.,HOLD
2019-05-24,0.6,0.1981540149101615,-0.067762245019545,-0.0292831766936888,0.19999999999999996,0.0,0.0,-1.0,0.0,0.03999999999999995,conservative,Conservador,1.15,GROWTH,0.6,Estado GROWTH; tendencia 60%; volatilidad anualizada 19.8%; drawdown a 252 sesiones -6.8%; exposición propuesta 115%.,HOLD,balanced,Equilibrado,1.5,VOLATILITY_MANAGED,0.6,Estado VOLATILITY_MANAGED; tendencia 60%; volatilidad anualizada 19.8%; drawdown a 252 sesiones -6.8%; exposición propuesta 150%.,HOLD,aggressive,Agresivo,1.75,GROWTH,0.6,Estado GROWTH; tendencia 60%; volatilidad anualizada 19.8%; drawdown a 252 sesiones -6.8%; exposición propuesta 175%.,HOLD
2019-05-31,0.4,0.2043167408801746,-0.0897914901147941,-0.0206353527582889,-0.19999999999999996,0.0,0.0,-1.0,0.0,-0.23999999999999996,conservative,Conservador,0.7,DEFENSIVE,0.6,Estado DEFENSIVE; tendencia 40%; volatilidad anualizada 20.4%; drawdown a 252 sesiones -9.0%; exposición propuesta 70%.,REDUCE,balanced,Equilibrado,0.7,DEFENSIVE,0.6,Estado DEFENSIVE; tendencia 40%; volatilidad anualizada 20.4%; drawdown a 252 sesiones -9.0%; exposición propuesta 70%.,REDUCE,aggressive,Agresivo,0.7,DEFENSIVE,0.6,Estado DEFENSIVE; tendencia 40%; volatilidad anualizada 20.4%; drawdown a 252 sesiones -9.0%; exposición propuesta 70%.,REDUCE
2019-06-07,0.6,0.2439243359974375,-0.0526924094406919,-0.0236407147608682,0.19999999999999996,0.0,0.0,-1.0,0.0,0.03999999999999995,conservative,Conservador,1.15,GROWTH,0.6,Estado GROWTH; tendencia 60%; volatilidad anualizada 24.4%; drawdown a 252 sesiones -5.3%; exposición propuesta 115%.,INCREASE,balanced,Equilibrado,1.4348711807241603,VOLATILITY_MANAGED,0.6,Estado VOLATILITY_MANAGED; tendencia 60%; volatilidad anualizada 24.4%; drawdown a 252 sesiones -5.3%; exposición propuesta 143%.,INCREASE,aggressive,Agresivo,1.75,GROWTH,0.6,Estado GROWTH; tendencia 60%; volatilidad anualizada 24.4%; drawdown a 252 sesiones -5.3%; exposición propuesta 175%.,INCREASE
2019-06-14,0.6,0.2025746389472719,-0.0443201950051814,-0.0178049666453992,0.19999999999999996,0.0,0.0,-1.0,0.0,0.03999999999999995,conservative,Conservador,1.15,GROWTH,0.6,Estado GROWTH; tendencia 60%; volatilidad anualizada 20.3%; drawdown a 252 sesiones -4.4%; exposición propuesta 115%.,HOLD,balanced,Equilibrado,1.5,VOLATILITY_MANAGED,0.6,Estado VOLATILITY_MANAGED; tendencia 60%; volatilidad anualizada 20.3%; drawdown a 252 sesiones -4.4%; exposición propuesta 150%.,INCREASE,aggressive,Agresivo,1.75,GROWTH,0.6,Estado GROWTH; tendencia 60%; volatilidad anualizada 20.3%; drawdown a 252 sesiones -4.4%; exposición propuesta 175%.,HOLD
2019-06-21,1.0,0.1832390384943817,-0.0132908778826175,0.0107925829261945,1.0,0.0,0.0,1.0,0.0,0.7999999999999999,conservative,Conservador,1.15,GROWTH,1.0,Estado GROWTH; tendencia 100%; volatilidad anualizada 18.3%; drawdown a 252 sesiones -1.3%; exposición propuesta 115%.,HOLD,balanced,Equilibrado,1.5,VOLATILITY_MANAGED,1.0,Estado VOLATILITY_MANAGED; tendencia 100%; volatilidad anualizada 18.3%; drawdown a 252 sesiones -1.3%; exposición propuesta 150%.,HOLD,aggressive,Agresivo,1.75,GROWTH,1.0,Estado GROWTH; tendencia 100%; volatilidad anualizada 18.3%; drawdown a 252 sesiones -1.3%; exposición propuesta 175%.,HOLD
2019-06-28,1.0,0.1783580949775566,-0.0207061818654606,0.0063139310867885,1.0,0.0,0.0,1.0,0.0,0.7999999999999999,conservative,Conservador,1.15,GROWTH,1.0,Estado GROWTH; tendencia 100%; volatilidad anualizada 17.8%; drawdown a 252 sesiones -2.1%; exposición propuesta 115%.,HOLD,balanced,Equilibrado,1.5,VOLATILITY_MANAGED,1.0,Estado VOLATILITY_MANAGED; tendencia 100%; volatilidad anualizada 17.8%; drawdown a 252 sesiones -2.1%; exposición propuesta 150%.,HOLD,aggressive,Agresivo,1.75,GROWTH,1.0,Estado GROWTH; tendencia 100%; volatilidad anualizada 17.8%; drawdown a 252 sesiones -2.1%; exposición propuesta 175%.,HOLD
2019-07-05,1.0,0.1287799532466642,-0.0020374782810475,0.0249887640131973,1.0,0.0,0.0,1.0,0.0,0.7999999999999999,conservative,Conservador,1.15,GROWTH,1.0,Estado GROWTH; tendencia 100%; volatilidad anualizada 12.9%; drawdown a 252 sesiones -0.2%; exposición propuesta 115%.,HOLD,balanced,Equilibrado,1.5,VOLATILITY_MANAGED,1.0,Estado VOLATILITY_MANAGED; tendencia 100%; volatilidad anualizada 12.9%; drawdown a 252 sesiones -0.2%; exposición propuesta 150%.,HOLD,aggressive,Agresivo,1.75,GROWTH,1.0,Estado GROWTH; tendencia 100%; volatilidad anualizada 12.9%; drawdown a 252 sesiones -0.2%; exposición propuesta 175%.,HOLD
2019-07-12,1.0,0.1155990912012618,0.0,0.0141750982064918,1.0,0.0,0.0,1.0,0.0,0.7999999999999999,conservative,Conservador,1.15,GROWTH,1.0,Estado GROWTH; tendencia 100%; volatilidad anualizada 11.6%; drawdown a 252 sesiones 0.0%; exposición propuesta 115%.,HOLD,balanced,Equilibrado,1.5,VOLATILITY_MANAGED,1.0,Estado VOLATILITY_MANAGED; tendencia 100%; volatilidad anualizada 11.6%; drawdown a 252 sesiones 0.0%; exposición propuesta 150%.,HOLD,aggressive,Agresivo,1.75,GROWTH,1.0,Estado GROWTH; tendencia 100%; volatilidad anualizada 11.6%; drawdown a 252 sesiones 0.0%; exposición propuesta 175%.,HOLD
2019-07-19,1.0,0.1096732154222448,-0.0161734194473485,0.0043606039477146,1.0,0.0,0.0,1.0,0.0,0.7999999999999999,conservative,Conservador,1.15,GROWTH,1.0,Estado GROWTH; tendencia 100%; volatilidad anualizada 11.0%; drawdown a 252 sesiones -1.6%; exposición propuesta 115%.,HOLD,balanced,Equilibrado,1.5,VOLATILITY_MANAGED,1.0,Estado VOLATILITY_MANAGED; tendencia 100%; volatilidad anualizada 11.0%; drawdown a 252 sesiones -1.6%; exposición propuesta 150%.,HOLD,aggressive,Agresivo,1.75,GROWTH,1.0,Estado GROWTH; tendencia 100%; volatilidad anualizada 11.0%; drawdown a 252 sesiones -1.6%; exposición propuesta 175%.,HOLD
2019-07-26,1.0,0.1047115889438319,0.0,0.0110765015223937,1.0,0.0,0.0,1.0,0.0,0.7999999999999999,conservative,Conservador,1.15,GROWTH,1.0,Estado GROWTH; tendencia 100%; volatilidad anualizada 10.5%; drawdown a 252 sesiones 0.0%; exposición propuesta 115%.,HOLD,balanced,Equilibrado,1.5,VOLATILITY_MANAGED,1.0,Estado VOLATILITY_MANAGED; tendencia 100%; volatilidad anualizada 10.5%; drawdown a 252 sesiones 0.0%; exposición propuesta 150%.,HOLD,aggressive,Agresivo,1.75,GROWTH,1.0,Estado GROWTH; tendencia 100%; volatilidad anualizada 10.5%; drawdown a 252 sesiones 0.0%; exposición propuesta 175%.,HOLD
2019-08-02,0.8,0.1218703183435472,-0.0406574384582585,0.0002005778461543,0.6000000000000001,0.0,0.0,1.0,0.0,0.52,conservative,Conservador,1.15,GROWTH,0.8,Estado GROWTH; tendencia 80%; volatilidad anualizada 12.2%; drawdown a 252 sesiones -4.1%; exposición propuesta 115%.,HOLD,balanced,Equilibrado,1.5,VOLATILITY_MANAGED,0.8,Estado VOLATILITY_MANAGED; tendencia 80%; volatilidad anualizada 12.2%; drawdown a 252 sesiones -4.1%; exposición propuesta 150%.,HOLD,aggressive,Agresivo,1.75,GROWTH,0.8,Estado GROWTH; tendencia 80%; volatilidad anualizada 12.2%; drawdown a 252 sesiones -4.1%; exposición propuesta 175%.,HOLD
2019-08-09,0.6,0.196222450475066,-0.0450610689302424,-0.006341793329797,0.19999999999999996,0.0,0.0,-1.0,0.0,0.03999999999999995,conservative,Conservador,1.15,GROWTH,0.6,Estado GROWTH; tendencia 60%; volatilidad anualizada 19.6%; drawdown a 252 sesiones -4.5%; exposición propuesta 115%.,HOLD,balanced,Equilibrado,1.5,VOLATILITY_MANAGED,0.6,Estado VOLATILITY_MANAGED; tendencia 60%; volatilidad anualizada 19.6%; drawdown a 252 sesiones -4.5%; exposición propuesta 150%.,HOLD,aggressive,Agresivo,1.75,GROWTH,0.6,Estado GROWTH; tendencia 60%; volatilidad anualizada 19.6%; drawdown a 252 sesiones -4.5%; exposición propuesta 175%.,HOLD
2019-08-16,0.6,0.2464016380953881,-0.0502330277915075,-0.0009538256244031,0.19999999999999996,0.0,0.0,-1.0,0.0,0.03999999999999995,conservative,Conservador,1.15,GROWTH,0.6,Estado GROWTH; tendencia 60%; volatilidad anualizada 24.6%; drawdown a 252 sesiones -5.0%; exposición propuesta 115%.,HOLD,balanced,Equilibrado,1.4204451021730076,VOLATILITY_MANAGED,0.6,Estado VOLATILITY_MANAGED; tendencia 60%; volatilidad anualizada 24.6%; drawdown a 252 sesiones -5.0%; exposición propuesta 142%.,REDUCE,aggressive,Agresivo,1.75,GROWTH,0.6,Estado GROWTH; tendencia 60%; volatilidad anualizada 24.6%; drawdown a 252 sesiones -5.0%; exposición propuesta 175%.,HOLD
2019-08-23,0.6,0.2686271757316403,-0.0676941614059112,-0.0108749111916761,0.19999999999999996,0.0,0.0,-1.0,0.0,0.03999999999999995,conservative,Conservador,1.15,GROWTH,0.6,Estado GROWTH; tendencia 60%; volatilidad anualizada 26.9%; drawdown a 252 sesiones -6.8%; exposición propuesta 115%.,HOLD,balanced,Equilibrado,1.3029210430654696,VOLATILITY_MANAGED,0.6,Estado VOLATILITY_MANAGED; tendencia 60%; volatilidad anualizada 26.9%; drawdown a 252 sesiones -6.8%; exposición propuesta 130%.,REDUCE,aggressive,Agresivo,1.75,GROWTH,0.6,Estado GROWTH; tendencia 60%; volatilidad anualizada 26.9%; drawdown a 252 sesiones -6.8%; exposición propuesta 175%.,HOLD
2019-08-30,0.8,0.2746595605737111,-0.0400431510585667,0.0012211468194237,0.6000000000000001,0.0,0.0,1.0,0.0,0.52,conservative,Conservador,1.15,GROWTH,0.8,Estado GROWTH; tendencia 80%; volatilidad anualizada 27.5%; drawdown a 252 sesiones -4.0%; exposición propuesta 115%.,HOLD,balanced,Equilibrado,1.274304813089037,VOLATILITY_MANAGED,0.8,Estado VOLATILITY_MANAGED; tendencia 80%; volatilidad anualizada 27.5%; drawdown a 252 sesiones -4.0%; exposición propuesta 127%.,HOLD,aggressive,Agresivo,1.75,GROWTH,0.8,Estado GROWTH; tendencia 80%; volatilidad anualizada 27.5%; drawdown a 252 sesiones -4.0%; exposición propuesta 175%.,HOLD
2019-09-06,1.0,0.240493439190528,-0.0189461442349099,0.0026008402495647,1.0,0.0,0.0,1.0,0.0,0.7999999999999999,conservative,Conservador,1.15,GROWTH,1.0,Estado GROWTH; tendencia 100%; volatilidad anualizada 24.0%; drawdown a 252 sesiones -1.9%; exposición propuesta 115%.,HOLD,balanced,Equilibrado,1.4553411568234786,VOLATILITY_MANAGED,1.0,Estado VOLATILITY_MANAGED; tendencia 100%; volatilidad anualizada 24.0%; drawdown a 252 sesiones -1.9%; exposición propuesta 146%.,INCREASE,aggressive,Agresivo,1.75,GROWTH,1.0,Estado GROWTH; tendencia 100%; volatilidad anualizada 24.0%; drawdown a 252 sesiones -1.9%; exposición propuesta 175%.,HOLD
2019-09-13,1.0,0.1915511180472155,-0.0140816962262732,-0.0030309014248404,1.0,0.0,0.0,-1.0,0.0,0.6,conservative,Conservador,1.15,GROWTH,1.0,Estado GROWTH; tendencia 100%; volatilidad anualizada 19.2%; drawdown a 252 sesiones -1.4%; exposición propuesta 115%.,HOLD,balanced,Equilibrado,1.5,VOLATILITY_MANAGED,1.0,Estado VOLATILITY_MANAGED; tendencia 100%; volatilidad anualizada 19.2%; drawdown a 252 sesiones -1.4%; exposición propuesta 150%.,HOLD,aggressive,Agresivo,1.75,GROWTH,1.0,Estado GROWTH; tendencia 100%; volatilidad anualizada 19.2%; drawdown a 252 sesiones -1.4%; exposición propuesta 175%.,HOLD
2019-09-20,1.0,0.1784738073966807,-0.0229916783598028,-0.0101757045436845,1.0,0.0,0.0,-1.0,0.0,0.6,conservative,Conservador,1.15,GROWTH,1.0,Estado GROWTH; tendencia 100%; volatilidad anualizada 17.8%; drawdown a 252 sesiones -2.3%; exposición propuesta 115%.,HOLD,balanced,Equilibrado,1.5,VOLATILITY_MANAGED,1.0,Estado VOLATILITY_MANAGED; tendencia 100%; volatilidad anualizada 17.8%; drawdown a 252 sesiones -2.3%; exposición propuesta 150%.,HOLD,aggressive,Agresivo,1.75,GROWTH,1.0,Estado GROWTH; tendencia 100%; volatilidad anualizada 17.8%; drawdown a 252 sesiones -2.3%; exposición propuesta 175%.,HOLD
2019-09-27,0.4,0.1364365733492069,-0.0403646137169259,-0.0170295749477059,-0.19999999999999996,0.0,0.0,-1.0,0.0,-0.23999999999999996,conservative,Conservador,0.7,DEFENSIVE,0.6,Estado DEFENSIVE; tendencia 40%; volatilidad anualizada 13.6%; drawdown a 252 sesiones -4.0%; exposición propuesta 70%.,REDUCE,balanced,Equilibrado,0.7,DEFENSIVE,0.6,Estado DEFENSIVE; tendencia 40%; volatilidad anualizada 13.6%; drawdown a 252 sesiones -4.0%; exposición propuesta 70%.,REDUCE,aggressive,Agresivo,0.7,DEFENSIVE,0.6,Estado DEFENSIVE; tendencia 40%; volatilidad anualizada 13.6%; drawdown a 252 sesiones -4.0%; exposición propuesta 70%.,REDUCE
2019-10-04,0.6,0.1430014576596156,-0.0312317290497319,-0.0046695999135735,0.19999999999999996,0.0,0.0,-1.0,0.0,0.03999999999999995,conservative,Conservador,1.15,GROWTH,0.6,Estado GROWTH; tendencia 60%; volatilidad anualizada 14.3%; drawdown a 252 sesiones -3.1%; exposición propuesta 115%.,INCREASE,balanced,Equilibrado,1.5,VOLATILITY_MANAGED,0.6,Estado VOLATILITY_MANAGED; tendencia 60%; volatilidad anualizada 14.3%; drawdown a 252 sesiones -3.1%; exposición propuesta 150%.,INCREASE,aggressive,Agresivo,1.75,GROWTH,0.6,Estado GROWTH; tendencia 60%; volatilidad anualizada 14.3%; drawdown a 252 sesiones -3.1%; exposición propuesta 175%.,INCREASE
2019-10-11,0.6,0.1617113856856345,-0.0194305411391428,0.0060058314526715,0.19999999999999996,0.0,0.0,1.0,0.0,0.23999999999999996,conservative,Conservador,1.15,GROWTH,0.6,Estado GROWTH; tendencia 60%; volatilidad anualizada 16.2%; drawdown a 252 sesiones -1.9%; exposición propuesta 115%.,HOLD,balanced,Equilibrado,1.5,VOLATILITY_MANAGED,0.6,Estado VOLATILITY_MANAGED; tendencia 60%; volatilidad anualizada 16.2%; drawdown a 252 sesiones -1.9%; exposición propuesta 150%.,HOLD,aggressive,Agresivo,1.75,GROWTH,0.6,Estado GROWTH; tendencia 60%; volatilidad anualizada 16.2%; drawdown a 252 sesiones -1.9%; exposición propuesta 175%.,HOLD
2019-10-18,0.8,0.1660568388080018,-0.016454890222134,0.0077300031974413,0.6000000000000001,0.0,0.0,1.0,0.0,0.52,conservative,Conservador,1.15,GROWTH,0.8,Estado GROWTH; tendencia 80%; volatilidad anualizada 16.6%; drawdown a 252 sesiones -1.6%; exposición propuesta 115%.,HOLD,balanced,Equilibrado,1.5,VOLATILITY_MANAGED,0.8,Estado VOLATILITY_MANAGED; tendencia 80%; volatilidad anualizada 16.6%; drawdown a 252 sesiones -1.6%; exposición propuesta 150%.,HOLD,aggressive,Agresivo,1.75,GROWTH,0.8,Estado GROWTH; tendencia 80%; volatilidad anualizada 16.6%; drawdown a 252 sesiones -1.6%; exposición propuesta 175%.,HOLD
2019-10-25,1.0,0.1549602534426025,0.0,0.0250462614006867,1.0,0.0,0.0,1.0,0.0,0.7999999999999999,conservative,Conservador,1.15,GROWTH,1.0,Estado GROWTH; tendencia 100%; volatilidad anualizada 15.5%; drawdown a 252 sesiones 0.0%; exposición propuesta 115%.,HOLD,balanced,Equilibrado,1.5,VOLATILITY_MANAGED,1.0,Estado VOLATILITY_MANAGED; tendencia 100%; volatilidad anualizada 15.5%; drawdown a 252 sesiones 0.0%; exposición propuesta 150%.,HOLD,aggressive,Agresivo,1.75,GROWTH,1.0,Estado GROWTH; tendencia 100%; volatilidad anualizada 15.5%; drawdown a 252 sesiones 0.0%; exposición propuesta 175%.,HOLD
2019-11-01,1.0,0.1288215178125422,0.0,0.0132268753892854,1.0,0.0,0.0,1.0,0.0,0.7999999999999999,conservative,Conservador,1.15,GROWTH,1.0,Estado GROWTH; tendencia 100%; volatilidad anualizada 12.9%; drawdown a 252 sesiones 0.0%; exposición propuesta 115%.,HOLD,balanced,Equilibrado,1.5,VOLATILITY_MANAGED,1.0,Estado VOLATILITY_MANAGED; tendencia 100%; volatilidad anualizada 12.9%; drawdown a 252 sesiones 0.0%; exposición propuesta 150%.,HOLD,aggressive,Agresivo,1.75,GROWTH,1.0,Estado GROWTH; tendencia 100%; volatilidad anualizada 12.9%; drawdown a 252 sesiones 0.0%; exposición propuesta 175%.,HOLD
2019-11-08,1.0,0.1010717909391661,0.0,0.0102234530800924,1.0,0.0,0.0,1.0,0.0,0.7999999999999999,conservative,Conservador,1.15,GROWTH,1.0,Estado GROWTH; tendencia 100%; volatilidad anualizada 10.1%; drawdown a 252 sesiones 0.0%; exposición propuesta 115%.,HOLD,balanced,Equilibrado,1.5,VOLATILITY_MANAGED,1.0,Estado VOLATILITY_MANAGED; tendencia 100%; volatilidad anualizada 10.1%; drawdown a 252 sesiones 0.0%; exposición propuesta 150%.,HOLD,aggressive,Agresivo,1.75,GROWTH,1.0,Estado GROWTH; tendencia 100%; volatilidad anualizada 10.1%; drawdown a 252 sesiones 0.0%; exposición propuesta 175%.,HOLD
2019-11-15,1.0,0.0845897667688204,0.0,0.0121520862717661,1.0,0.0,0.0,1.0,0.0,0.7999999999999999,conservative,Conservador,1.15,GROWTH,1.0,Estado GROWTH; tendencia 100%; volatilidad anualizada 8.5%; drawdown a 252 sesiones 0.0%; exposición propuesta 115%.,HOLD,balanced,Equilibrado,1.5,VOLATILITY_MANAGED,1.0,Estado VOLATILITY_MANAGED; tendencia 100%; volatilidad anualizada 8.5%; drawdown a 252 sesiones 0.0%; exposición propuesta 150%.,HOLD,aggressive,Agresivo,1.75,GROWTH,1.0,Estado GROWTH; tendencia 100%; volatilidad anualizada 8.5%; drawdown a 252 sesiones 0.0%; exposición propuesta 175%.,HOLD
2019-11-22,1.0,0.0722932229298239,-0.0075723337910068,0.0006052762065626,1.0,0.0,0.0,1.0,0.0,0.7999999999999999,conservative,Conservador,1.15,GROWTH,1.0,Estado GROWTH; tendencia 100%; volatilidad anualizada 7.2%; drawdown a 252 sesiones -0.8%; exposición propuesta 115%.,HOLD,balanced,Equilibrado,1.5,VOLATILITY_MANAGED,1.0,Estado VOLATILITY_MANAGED; tendencia 100%; volatilidad anualizada 7.2%; drawdown a 252 sesiones -0.8%; exposición propuesta 150%.,HOLD,aggressive,Agresivo,1.75,GROWTH,1.0,Estado GROWTH; tendencia 100%; volatilidad anualizada 7.2%; drawdown a 252 sesiones -0.8%; exposición propuesta 175%.,HOLD
2019-11-29,1.0,0.0724066497566137,-0.0045620861866307,0.0044958052975518,1.0,0.0,0.0,1.0,0.0,0.7999999999999999,conservative,Conservador,1.15,GROWTH,1.0,Estado GROWTH; tendencia 100%; volatilidad anualizada 7.2%; drawdown a 252 sesiones -0.5%; exposición propuesta 115%.,HOLD,balanced,Equilibrado,1.5,VOLATILITY_MANAGED,1.0,Estado VOLATILITY_MANAGED; tendencia 100%; volatilidad anualizada 7.2%; drawdown a 252 sesiones -0.5%; exposición propuesta 150%.,HOLD,aggressive,Agresivo,1.75,GROWTH,1.0,Estado GROWTH; tendencia 100%; volatilidad anualizada 7.2%; drawdown a 252 sesiones -0.5%; exposición propuesta 175%.,HOLD
2019-12-06,1.0,0.0908626937663321,-0.005047683802788,0.0010927360678314,1.0,0.0,0.0,1.0,0.0,0.7999999999999999,conservative,Conservador,1.15,GROWTH,1.0,Estado GROWTH; tendencia 100%; volatilidad anualizada 9.1%; drawdown a 252 sesiones -0.5%; exposición propuesta 115%.,HOLD,balanced,Equilibrado,1.5,VOLATILITY_MANAGED,1.0,Estado VOLATILITY_MANAGED; tendencia 100%; volatilidad anualizada 9.1%; drawdown a 252 sesiones -0.5%; exposición propuesta 150%.,HOLD,aggressive,Agresivo,1.75,GROWTH,1.0,Estado GROWTH; tendencia 100%; volatilidad anualizada 9.1%; drawdown a 252 sesiones -0.5%; exposición propuesta 175%.,HOLD
2019-12-13,1.0,0.0961456686447873,0.0,0.0034941701700808,1.0,0.0,0.0,1.0,0.0,0.7999999999999999,conservative,Conservador,1.15,GROWTH,1.0,Estado GROWTH; tendencia 100%; volatilidad anualizada 9.6%; drawdown a 252 sesiones 0.0%; exposición propuesta 115%.,HOLD,balanced,Equilibrado,1.5,VOLATILITY_MANAGED,1.0,Estado VOLATILITY_MANAGED; tendencia 100%; volatilidad anualizada 9.6%; drawdown a 252 sesiones 0.0%; exposición propuesta 150%.,HOLD,aggressive,Agresivo,1.75,GROWTH,1.0,Estado GROWTH; tendencia 100%; volatilidad anualizada 9.6%; drawdown a 252 sesiones 0.0%; exposición propuesta 175%.,HOLD
2019-12-20,1.0,0.0948157081751412,0.0,0.0108334672728347,1.0,0.0,0.0,1.0,0.0,0.7999999999999999,conservative,Conservador,1.15,GROWTH,1.0,Estado GROWTH; tendencia 100%; volatilidad anualizada 9.5%; drawdown a 252 sesiones 0.0%; exposición propuesta 115%.,HOLD,balanced,Equilibrado,1.5,VOLATILITY_MANAGED,1.0,Estado VOLATILITY_MANAGED; tendencia 100%; volatilidad anualizada 9.5%; drawdown a 252 sesiones 0.0%; exposición propuesta 150%.,HOLD,aggressive,Agresivo,1.75,GROWTH,1.0,Estado GROWTH; tendencia 100%; volatilidad anualizada 9.5%; drawdown a 252 sesiones 0.0%; exposición propuesta 175%.,HOLD
2019-12-27,1.0,0.0903355710946556,-0.000841859108128,0.0105637786811472,1.0,0.0,0.0,1.0,0.0,0.7999999999999999,conservative,Conservador,1.15,GROWTH,1.0,Estado GROWTH; tendencia 100%; volatilidad anualizada 9.0%; drawdown a 252 sesiones -0.1%; exposición propuesta 115%.,HOLD,balanced,Equilibrado,1.5,VOLATILITY_MANAGED,1.0,Estado VOLATILITY_MANAGED; tendencia 100%; volatilidad anualizada 9.0%; drawdown a 252 sesiones -0.1%; exposición propuesta 150%.,HOLD,aggressive,Agresivo,1.75,GROWTH,1.0,Estado GROWTH; tendencia 100%; volatilidad anualizada 9.0%; drawdown a 252 sesiones -0.1%; exposición propuesta 175%.,HOLD
2020-01-03,1.0,0.0971830092309274,-0.0091600188972919,0.0200920887997866,1.0,0.0,0.0,1.0,0.0,0.7999999999999999,conservative,Conservador,1.15,GROWTH,1.0,Estado GROWTH; tendencia 100%; volatilidad anualizada 9.7%; drawdown a 252 sesiones -0.9%; exposición propuesta 115%.,HOLD,balanced,Equilibrado,1.5,VOLATILITY_MANAGED,1.0,Estado VOLATILITY_MANAGED; tendencia 100%; volatilidad anualizada 9.7%; drawdown a 252 sesiones -0.9%; exposición propuesta 150%.,HOLD,aggressive,Agresivo,1.75,GROWTH,1.0,Estado GROWTH; tendencia 100%; volatilidad anualizada 9.7%; drawdown a 252 sesiones -0.9%; exposición propuesta 175%.,HOLD
2020-01-10,1.0,0.0946958496730638,-0.0025571185450363,0.0269265647832572,1.0,0.0,0.0,1.0,0.0,0.7999999999999999,conservative,Conservador,1.15,GROWTH,1.0,Estado GROWTH; tendencia 100%; volatilidad anualizada 9.5%; drawdown a 252 sesiones -0.3%; exposición propuesta 115%.,HOLD,balanced,Equilibrado,1.5,VOLATILITY_MANAGED,1.0,Estado VOLATILITY_MANAGED; tendencia 100%; volatilidad anualizada 9.5%; drawdown a 252 sesiones -0.3%; exposición propuesta 150%.,HOLD,aggressive,Agresivo,1.75,GROWTH,1.0,Estado GROWTH; tendencia 100%; volatilidad anualizada 9.5%; drawdown a 252 sesiones -0.3%; exposición propuesta 175%.,HOLD
2020-01-17,1.0,0.1010744702804155,0.0,0.0245283273149021,1.0,0.0,0.0,1.0,0.0,0.7999999999999999,conservative,Conservador,1.15,GROWTH,1.0,Estado GROWTH; tendencia 100%; volatilidad anualizada 10.1%; drawdown a 252 sesiones 0.0%; exposición propuesta 115%.,HOLD,balanced,Equilibrado,1.5,VOLATILITY_MANAGED,1.0,Estado VOLATILITY_MANAGED; tendencia 100%; volatilidad anualizada 10.1%; drawdown a 252 sesiones 0.0%; exposición propuesta 150%.,HOLD,aggressive,Agresivo,1.75,GROWTH,1.0,Estado GROWTH; tendencia 100%; volatilidad anualizada 10.1%; drawdown a 252 sesiones 0.0%; exposición propuesta 175%.,HOLD
2020-01-24,1.0,0.1087684844395873,-0.008415262503867,0.027396265040759,1.0,0.0,0.0,1.0,0.0,0.7999999999999999,conservative,Conservador,1.15,GROWTH,1.0,Estado GROWTH; tendencia 100%; volatilidad anualizada 10.9%; drawdown a 252 sesiones -0.8%; exposición propuesta 115%.,HOLD,balanced,Equilibrado,1.5,VOLATILITY_MANAGED,1.0,Estado VOLATILITY_MANAGED; tendencia 100%; volatilidad anualizada 10.9%; drawdown a 252 sesiones -0.8%; exposición propuesta 150%.,HOLD,aggressive,Agresivo,1.75,GROWTH,1.0,Estado GROWTH; tendencia 100%; volatilidad anualizada 10.9%; drawdown a 252 sesiones -0.8%; exposición propuesta 175%.,HOLD
2020-01-31,1.0,0.1425960665711152,-0.0245778680425966,0.0231277847959375,1.0,0.0,0.0,1.0,0.0,0.7999999999999999,conservative,Conservador,1.15,GROWTH,1.0,Estado GROWTH; tendencia 100%; volatilidad anualizada 14.3%; drawdown a 252 sesiones -2.5%; exposición propuesta 115%.,HOLD,balanced,Equilibrado,1.5,VOLATILITY_MANAGED,1.0,Estado VOLATILITY_MANAGED; tendencia 100%; volatilidad anualizada 14.3%; drawdown a 252 sesiones -2.5%; exposición propuesta 150%.,HOLD,aggressive,Agresivo,1.75,GROWTH,1.0,Estado GROWTH; tendencia 100%; volatilidad anualizada 14.3%; drawdown a 252 sesiones -2.5%; exposición propuesta 175%.,HOLD
2020-02-07,1.0,0.1643553544648786,-0.0043007212765627,0.0296326749913076,1.0,0.0,0.0,1.0,0.0,0.7999999999999999,conservative,Conservador,1.15,GROWTH,1.0,Estado GROWTH; tendencia 100%; volatilidad anualizada 16.4%; drawdown a 252 sesiones -0.4%; exposición propuesta 115%.,HOLD,balanced,Equilibrado,1.5,VOLATILITY_MANAGED,1.0,Estado VOLATILITY_MANAGED; tendencia 100%; volatilidad anualizada 16.4%; drawdown a 252 sesiones -0.4%; exposición propuesta 150%.,HOLD,aggressive,Agresivo,1.75,GROWTH,1.0,Estado GROWTH; tendencia 100%; volatilidad anualizada 16.4%; drawdown a 252 sesiones -0.4%; exposición propuesta 175%.,HOLD
2020-02-14,1.0,0.1627390859266903,0.0,0.0354189870852534,1.0,0.0,0.0,1.0,0.0,0.7999999999999999,conservative,Conservador,1.15,GROWTH,1.0,Estado GROWTH; tendencia 100%; volatilidad anualizada 16.3%; drawdown a 252 sesiones 0.0%; exposición propuesta 115%.,HOLD,balanced,Equilibrado,1.5,VOLATILITY_MANAGED,1.0,Estado VOLATILITY_MANAGED; tendencia 100%; volatilidad anualizada 16.3%; drawdown a 252 sesiones 0.0%; exposición propuesta 150%.,HOLD,aggressive,Agresivo,1.75,GROWTH,1.0,Estado GROWTH; tendencia 100%; volatilidad anualizada 16.3%; drawdown a 252 sesiones 0.0%; exposición propuesta 175%.,HOLD
2020-02-21,1.0,0.186401426334011,-0.0283146058388004,0.0199845598634964,1.0,0.0,0.0,1.0,0.0,0.7999999999999999,conservative,Conservador,1.15,GROWTH,1.0,Estado GROWTH; tendencia 100%; volatilidad anualizada 18.6%; drawdown a 252 sesiones -2.8%; exposición propuesta 115%.,HOLD,balanced,Equilibrado,1.5,VOLATILITY_MANAGED,1.0,Estado VOLATILITY_MANAGED; tendencia 100%; volatilidad anualizada 18.6%; drawdown a 252 sesiones -2.8%; exposición propuesta 150%.,HOLD,aggressive,Agresivo,1.75,GROWTH,1.0,Estado GROWTH; tendencia 100%; volatilidad anualizada 18.6%; drawdown a 252 sesiones -2.8%; exposición propuesta 175%.,HOLD
2020-02-28,0.6,0.2910045129158619,-0.1315722658996228,0.0204146611088978,0.19999999999999996,0.0,0.0,1.0,0.0,0.23999999999999996,conservative,Conservador,1.15,GROWTH,0.6,Estado GROWTH; tendencia 60%; volatilidad anualizada 29.1%; drawdown a 252 sesiones -13.2%; exposición propuesta 115%.,HOLD,balanced,Equilibrado,1.2027304885859122,VOLATILITY_MANAGED,0.6,Estado VOLATILITY_MANAGED; tendencia 60%; volatilidad anualizada 29.1%; drawdown a 252 sesiones -13.2%; exposición propuesta 120%.,REDUCE,aggressive,Agresivo,1.75,GROWTH,0.6,Estado GROWTH; tendencia 60%; volatilidad anualizada 29.1%; drawdown a 252 sesiones -13.2%; exposición propuesta 175%.,HOLD
2020-03-06,0.6,0.3950167687655231,-0.1222041665160165,0.0130363548475379,0.19999999999999996,0.5,0.0,1.0,0.5,0.13999999999999996,conservative,Conservador,0.7,VOLATILITY_GUARD,0.6,Estado VOLATILITY_GUARD; tendencia 60%; volatilidad anualizada 39.5%; drawdown a 252 sesiones -12.2%; exposición propuesta 70%.,REDUCE,balanced,Equilibrado,0.8860383347618225,VOLATILITY_MANAGED,0.6,Estado VOLATILITY_MANAGED; tendencia 60%; volatilidad anualizada 39.5%; drawdown a 252 sesiones -12.2%; exposición propuesta 89%.,REDUCE,aggressive,Agresivo,0.7,VOLATILITY_GUARD,0.6,Estado VOLATILITY_GUARD; tendencia 60%; volatilidad anualizada 39.5%; drawdown a 252 sesiones -12.2%; exposición propuesta 70%.,REDUCE
2020-03-13,0.0,0.6876991424424473,-0.1883703397195629,0.0230443350584476,-1.0,1.0,0.5,1.0,1.0,-0.8,conservative,Conservador,0.45,SEVERE_RISK,1.0,Estado SEVERE_RISK; tendencia 0%; volatilidad anualizada 68.8%; drawdown a 252 sesiones -18.8%; exposición propuesta 45%.,REDUCE,balanced,Equilibrado,0.5,SEVERE_RISK,1.0,Estado SEVERE_RISK; tendencia 0%; volatilidad anualizada 68.8%; drawdown a 252 sesiones -18.8%; exposición propuesta 50%.,REDUCE,aggressive,Agresivo,0.5,SEVERE_RISK,1.0,Estado SEVERE_RISK; tendencia 0%; volatilidad anualizada 68.8%; drawdown a 252 sesiones -18.8%; exposición propuesta 50%.,REDUCE
2020-03-20,0.0,0.8591224705289257,-0.2796860583612204,0.0511713610502247,-1.0,1.0,1.0,1.0,1.0,-0.8,conservative,Conservador,0.45,SEVERE_RISK,1.0,Estado SEVERE_RISK; tendencia 0%; volatilidad anualizada 85.9%; drawdown a 252 sesiones -28.0%; exposición propuesta 45%.,HOLD,balanced,Equilibrado,0.5,SEVERE_RISK,1.0,Estado SEVERE_RISK; tendencia 0%; volatilidad anualizada 85.9%; drawdown a 252 sesiones -28.0%; exposición propuesta 50%.,HOLD,aggressive,Agresivo,0.5,SEVERE_RISK,1.0,Estado SEVERE_RISK; tendencia 0%; volatilidad anualizada 85.9%; drawdown a 252 sesiones -28.0%; exposición propuesta 50%.,HOLD
2020-03-27,0.0,0.923258239534959,-0.2164109630498565,0.0418804273967471,-1.0,1.0,0.5,1.0,1.0,-0.8,conservative,Conservador,0.45,SEVERE_RISK,1.0,Estado SEVERE_RISK; tendencia 0%; volatilidad anualizada 92.3%; drawdown a 252 sesiones -21.6%; exposición propuesta 45%.,HOLD,balanced,Equilibrado,0.5,SEVERE_RISK,1.0,Estado SEVERE_RISK; tendencia 0%; volatilidad anualizada 92.3%; drawdown a 252 sesiones -21.6%; exposición propuesta 50%.,HOLD,aggressive,Agresivo,0.5,SEVERE_RISK,1.0,Estado SEVERE_RISK; tendencia 0%; volatilidad anualizada 92.3%; drawdown a 252 sesiones -21.6%; exposición propuesta 50%.,HOLD
2020-04-03,0.0,0.9013893623686334,-0.2245726555814897,0.0441093034871707,-1.0,1.0,0.5,1.0,1.0,-0.8,conservative,Conservador,0.45,SEVERE_RISK,1.0,Estado SEVERE_RISK; tendencia 0%; volatilidad anualizada 90.1%; drawdown a 252 sesiones -22.5%; exposición propuesta 45%.,HOLD,balanced,Equilibrado,0.5,SEVERE_RISK,1.0,Estado SEVERE_RISK; tendencia 0%; volatilidad anualizada 90.1%; drawdown a 252 sesiones -22.5%; exposición propuesta 50%.,HOLD,aggressive,Agresivo,0.5,SEVERE_RISK,1.0,Estado SEVERE_RISK; tendencia 0%; volatilidad anualizada 90.1%; drawdown a 252 sesiones -22.5%; exposición propuesta 50%.,HOLD
2020-04-10,0.0,0.9013893623686334,-0.2245726555814897,0.0441093034871707,-1.0,1.0,0.5,1.0,1.0,-0.8,conservative,Conservador,0.45,SEVERE_RISK,1.0,Estado SEVERE_RISK; tendencia 0%; volatilidad anualizada 90.1%; drawdown a 252 sesiones -22.5%; exposición propuesta 45%.,HOLD,balanced,Equilibrado,0.5,SEVERE_RISK,1.0,Estado SEVERE_RISK; tendencia 0%; volatilidad anualizada 90.1%; drawdown a 252 sesiones -22.5%; exposición propuesta 50%.,HOLD,aggressive,Agresivo,0.5,SEVERE_RISK,1.0,Estado SEVERE_RISK; tendencia 0%; volatilidad anualizada 90.1%; drawdown a 252 sesiones -22.5%; exposición propuesta 50%.,HOLD
2020-04-17,0.8,0.5323899326102113,-0.0895905394348675,0.0155828388410999,0.6000000000000001,1.0,0.0,1.0,1.0,0.32,conservative,Conservador,0.45,SEVERE_RISK,0.9500000000000001,Estado SEVERE_RISK; tendencia 80%; volatilidad anualizada 53.2%; drawdown a 252 sesiones -9.0%; exposición propuesta 45%.,HOLD,balanced,Equilibrado,0.5,SEVERE_RISK,0.9500000000000001,Estado SEVERE_RISK; tendencia 80%; volatilidad anualizada 53.2%; drawdown a 252 sesiones -9.0%; exposición propuesta 50%.,HOLD,aggressive,Agresivo,0.5,SEVERE_RISK,0.9500000000000001,Estado SEVERE_RISK; tendencia 80%; volatilidad anualizada 53.2%; drawdown a 252 sesiones -9.0%; exposición propuesta 50%.,HOLD
2020-04-24,0.8,0.4473524388262422,-0.0957224045647682,0.0309843738809523,0.6000000000000001,0.5,0.0,1.0,0.5,0.42000000000000004,conservative,Conservador,0.7,VOLATILITY_GUARD,0.8,Estado VOLATILITY_GUARD; tendencia 80%; volatilidad anualizada 44.7%; drawdown a 252 sesiones -9.6%; exposición propuesta 70%.,INCREASE,balanced,Equilibrado,0.7823808917155468,VOLATILITY_MANAGED,0.8,Estado VOLATILITY_MANAGED; tendencia 80%; volatilidad anualizada 44.7%; drawdown a 252 sesiones -9.6%; exposición propuesta 78%.,INCREASE,aggressive,Agresivo,0.7,VOLATILITY_GUARD,0.8,Estado VOLATILITY_GUARD; tendencia 80%; volatilidad anualizada 44.7%; drawdown a 252 sesiones -9.6%; exposición propuesta 70%.,INCREASE
2020-05-01,0.8,0.4062810718580733,-0.1003740142454835,0.0207617020819608,0.6000000000000001,0.5,0.0,1.0,0.5,0.42000000000000004,conservative,Conservador,0.7,VOLATILITY_GUARD,0.8,Estado VOLATILITY_GUARD; tendencia 80%; volatilidad anualizada 40.6%; drawdown a 252 sesiones -10.0%; exposición propuesta 70%.,HOLD,balanced,Equilibrado,0.8614725721760081,VOLATILITY_MANAGED,0.8,Estado VOLATILITY_MANAGED; tendencia 80%; volatilidad anualizada 40.6%; drawdown a 252 sesiones -10.0%; exposición propuesta 86%.,INCREASE,aggressive,Agresivo,0.7,VOLATILITY_GUARD,0.8,Estado VOLATILITY_GUARD; tendencia 80%; volatilidad anualizada 40.6%; drawdown a 252 sesiones -10.0%; exposición propuesta 70%.,HOLD
2020-05-08,0.8,0.3183796540955741,-0.049121541908209,0.0682996519400311,0.6000000000000001,0.0,0.0,1.0,0.0,0.52,conservative,Conservador,1.15,GROWTH,0.8,Estado GROWTH; tendencia 80%; volatilidad anualizada 31.8%; drawdown a 252 sesiones -4.9%; exposición propuesta 115%.,INCREASE,balanced,Equilibrado,1.0993164779773703,VOLATILITY_MANAGED,0.8,Estado VOLATILITY_MANAGED; tendencia 80%; volatilidad anualizada 31.8%; drawdown a 252 sesiones -4.9%; exposición propuesta 110%.,INCREASE,aggressive,Agresivo,1.75,GROWTH,0.8,Estado GROWTH; tendencia 80%; volatilidad anualizada 31.8%; drawdown a 252 sesiones -4.9%; exposición propuesta 175%.,INCREASE
2020-05-15,0.8,0.2942994502803413,-0.0558450271371238,0.0383220986472407,0.6000000000000001,0.0,0.0,1.0,0.0,0.52,conservative,Conservador,1.15,GROWTH,0.8,Estado GROWTH; tendencia 80%; volatilidad anualizada 29.4%; drawdown a 252 sesiones -5.6%; exposición propuesta 115%.,HOLD,balanced,Equilibrado,1.189264878567051,VOLATILITY_MANAGED,0.8,Estado VOLATILITY_MANAGED; tendencia 80%; volatilidad anualizada 29.4%; drawdown a 252 sesiones -5.6%; exposición propuesta 119%.,INCREASE,aggressive,Agresivo,1.75,GROWTH,0.8,Estado GROWTH; tendencia 80%; volatilidad anualizada 29.4%; drawdown a 252 sesiones -5.6%; exposición propuesta 175%.,HOLD
2020-05-22,1.0,0.2465689810710579,-0.0288233348465309,0.029912332297852,1.0,0.0,0.0,1.0,0.0,0.7999999999999999,conservative,Conservador,1.15,GROWTH,1.0,Estado GROWTH; tendencia 100%; volatilidad anualizada 24.7%; drawdown a 252 sesiones -2.9%; exposición propuesta 115%.,HOLD,balanced,Equilibrado,1.4194810656216916,VOLATILITY_MANAGED,1.0,Estado VOLATILITY_MANAGED; tendencia 100%; volatilidad anualizada 24.7%; drawdown a 252 sesiones -2.9%; exposición propuesta 142%.,INCREASE,aggressive,Agresivo,1.75,GROWTH,1.0,Estado GROWTH; tendencia 100%; volatilidad anualizada 24.7%; drawdown a 252 sesiones -2.9%; exposición propuesta 175%.,HOLD
2020-05-29,1.0,0.2065630446796986,-0.0131770052881571,0.0183632296415261,1.0,0.0,0.0,1.0,0.0,0.7999999999999999,conservative,Conservador,1.15,GROWTH,1.0,Estado GROWTH; tendencia 100%; volatilidad anualizada 20.7%; drawdown a 252 sesiones -1.3%; exposición propuesta 115%.,HOLD,balanced,Equilibrado,1.5,VOLATILITY_MANAGED,1.0,Estado VOLATILITY_MANAGED; tendencia 100%; volatilidad anualizada 20.7%; drawdown a 252 sesiones -1.3%; exposición propuesta 150%.,INCREASE,aggressive,Agresivo,1.75,GROWTH,1.0,Estado GROWTH; tendencia 100%; volatilidad anualizada 20.7%; drawdown a 252 sesiones -1.3%; exposición propuesta 175%.,HOLD
2020-06-05,1.0,0.177514194762245,0.0,-0.0294926932494097,1.0,0.0,0.0,-1.0,0.0,0.6,conservative,Conservador,1.15,GROWTH,1.0,Estado GROWTH; tendencia 100%; volatilidad anualizada 17.8%; drawdown a 252 sesiones 0.0%; exposición propuesta 115%.,HOLD,balanced,Equilibrado,1.5,VOLATILITY_MANAGED,1.0,Estado VOLATILITY_MANAGED; tendencia 100%; volatilidad anualizada 17.8%; drawdown a 252 sesiones 0.0%; exposición propuesta 150%.,HOLD,aggressive,Agresivo,1.75,GROWTH,1.0,Estado GROWTH; tendencia 100%; volatilidad anualizada 17.8%; drawdown a 252 sesiones 0.0%; exposición propuesta 175%.,HOLD
2020-06-12,1.0,0.2378991885936109,-0.0419951118495433,-0.0041788781440439,1.0,0.0,0.0,-1.0,0.0,0.6,conservative,Conservador,1.15,GROWTH,1.0,Estado GROWTH; tendencia 100%; volatilidad anualizada 23.8%; drawdown a 252 sesiones -4.2%; exposición propuesta 115%.,HOLD,balanced,Equilibrado,1.4712114071052351,VOLATILITY_MANAGED,1.0,Estado VOLATILITY_MANAGED; tendencia 100%; volatilidad anualizada 23.8%; drawdown a 252 sesiones -4.2%; exposición propuesta 147%.,HOLD,aggressive,Agresivo,1.75,GROWTH,1.0,Estado GROWTH; tendencia 100%; volatilidad anualizada 23.8%; drawdown a 252 sesiones -4.2%; exposición propuesta 175%.,HOLD
2020-06-19,1.0,0.2242813743285285,-0.0080415200196879,0.0158874931048031,1.0,0.0,0.0,1.0,0.0,0.7999999999999999,conservative,Conservador,1.15,GROWTH,1.0,Estado GROWTH; tendencia 100%; volatilidad anualizada 22.4%; drawdown a 252 sesiones -0.8%; exposición propuesta 115%.,HOLD,balanced,Equilibrado,1.5,VOLATILITY_MANAGED,1.0,Estado VOLATILITY_MANAGED; tendencia 100%; volatilidad anualizada 22.4%; drawdown a 252 sesiones -0.8%; exposición propuesta 150%.,HOLD,aggressive,Agresivo,1.75,GROWTH,1.0,Estado GROWTH; tendencia 100%; volatilidad anualizada 22.4%; drawdown a 252 sesiones -0.8%; exposición propuesta 175%.,HOLD
2020-06-26,1.0,0.2571611462942849,-0.0346405865187654,0.0408796101399338,1.0,0.0,0.0,1.0,0.0,0.7999999999999999,conservative,Conservador,1.15,GROWTH,1.0,Estado GROWTH; tendencia 100%; volatilidad anualizada 25.7%; drawdown a 252 sesiones -3.5%; exposición propuesta 115%.,HOLD,balanced,Equilibrado,1.3610143096790914,VOLATILITY_MANAGED,1.0,Estado VOLATILITY_MANAGED; tendencia 100%; volatilidad anualizada 25.7%; drawdown a 252 sesiones -3.5%; exposición propuesta 136%.,REDUCE,aggressive,Agresivo,1.75,GROWTH,1.0,Estado GROWTH; tendencia 100%; volatilidad anualizada 25.7%; drawdown a 252 sesiones -3.5%; exposición propuesta 175%.,HOLD
2020-07-03,1.0,0.2571611462942849,-0.0346405865187654,0.0408796101399338,1.0,0.0,0.0,1.0,0.0,0.7999999999999999,conservative,Conservador,1.15,GROWTH,1.0,Estado GROWTH; tendencia 100%; volatilidad anualizada 25.7%; drawdown a 252 sesiones -3.5%; exposición propuesta 115%.,HOLD,balanced,Equilibrado,1.3610143096790914,VOLATILITY_MANAGED,1.0,Estado VOLATILITY_MANAGED; tendencia 100%; volatilidad anualizada 25.7%; drawdown a 252 sesiones -3.5%; exposición propuesta 136%.,HOLD,aggressive,Agresivo,1.75,GROWTH,1.0,Estado GROWTH; tendencia 100%; volatilidad anualizada 25.7%; drawdown a 252 sesiones -3.5%; exposición propuesta 175%.,HOLD
2020-07-10,1.0,0.1883278000089657,0.0,0.0688076312322116,1.0,0.0,0.0,1.0,0.0,0.7999999999999999,conservative,Conservador,1.15,GROWTH,1.0,Estado GROWTH; tendencia 100%; volatilidad anualizada 18.8%; drawdown a 252 sesiones 0.0%; exposición propuesta 115%.,HOLD,balanced,Equilibrado,1.5,VOLATILITY_MANAGED,1.0,Estado VOLATILITY_MANAGED; tendencia 100%; volatilidad anualizada 18.8%; drawdown a 252 sesiones 0.0%; exposición propuesta 150%.,INCREASE,aggressive,Agresivo,1.75,GROWTH,1.0,Estado GROWTH; tendencia 100%; volatilidad anualizada 18.8%; drawdown a 252 sesiones 0.0%; exposición propuesta 175%.,HOLD
2020-07-17,1.0,0.2073308474175207,-0.0172363444188773,0.027402626814674,1.0,0.0,0.0,1.0,0.0,0.7999999999999999,conservative,Conservador,1.15,GROWTH,1.0,Estado GROWTH; tendencia 100%; volatilidad anualizada 20.7%; drawdown a 252 sesiones -1.7%; exposición propuesta 115%.,HOLD,balanced,Equilibrado,1.5,VOLATILITY_MANAGED,1.0,Estado VOLATILITY_MANAGED; tendencia 100%; volatilidad anualizada 20.7%; drawdown a 252 sesiones -1.7%; exposición propuesta 150%.,HOLD,aggressive,Agresivo,1.75,GROWTH,1.0,Estado GROWTH; tendencia 100%; volatilidad anualizada 20.7%; drawdown a 252 sesiones -1.7%; exposición propuesta 175%.,HOLD
2020-07-24,1.0,0.2396114607254097,-0.0420570897176441,-0.0052865694205752,1.0,0.0,0.0,-1.0,0.0,0.6,conservative,Conservador,1.15,GROWTH,1.0,Estado GROWTH; tendencia 100%; volatilidad anualizada 24.0%; drawdown a 252 sesiones -4.2%; exposición propuesta 115%.,HOLD,balanced,Equilibrado,1.4606980773807539,VOLATILITY_MANAGED,1.0,Estado VOLATILITY_MANAGED; tendencia 100%; volatilidad anualizada 24.0%; drawdown a 252 sesiones -4.2%; exposición propuesta 146%.,HOLD,aggressive,Agresivo,1.75,GROWTH,1.0,Estado GROWTH; tendencia 100%; volatilidad anualizada 24.0%; drawdown a 252 sesiones -4.2%; exposición propuesta 175%.,HOLD
2020-07-31,1.0,0.2296561019993659,-0.0037109963535828,0.0081600058201247,1.0,0.0,0.0,1.0,0.0,0.7999999999999999,conservative,Conservador,1.15,GROWTH,1.0,Estado GROWTH; tendencia 100%; volatilidad anualizada 23.0%; drawdown a 252 sesiones -0.4%; exposición propuesta 115%.,HOLD,balanced,Equilibrado,1.5,VOLATILITY_MANAGED,1.0,Estado VOLATILITY_MANAGED; tendencia 100%; volatilidad anualizada 23.0%; drawdown a 252 sesiones -0.4%; exposición propuesta 150%.,HOLD,aggressive,Agresivo,1.75,GROWTH,1.0,Estado GROWTH; tendencia 100%; volatilidad anualizada 23.0%; drawdown a 252 sesiones -0.4%; exposición propuesta 175%.,HOLD
2020-08-07,1.0,0.2199948681052858,-0.0115423949557342,-0.0250526176614735,1.0,0.0,0.0,-1.0,0.0,0.6,conservative,Conservador,1.15,GROWTH,1.0,Estado GROWTH; tendencia 100%; volatilidad anualizada 22.0%; drawdown a 252 sesiones -1.2%; exposición propuesta 115%.,HOLD,balanced,Equilibrado,1.5,VOLATILITY_MANAGED,1.0,Estado VOLATILITY_MANAGED; tendencia 100%; volatilidad anualizada 22.0%; drawdown a 252 sesiones -1.2%; exposición propuesta 150%.,HOLD,aggressive,Agresivo,1.75,GROWTH,1.0,Estado GROWTH; tendencia 100%; volatilidad anualizada 22.0%; drawdown a 252 sesiones -1.2%; exposición propuesta 175%.,HOLD
2020-08-14,1.0,0.2320368500190606,-0.0090298156570902,0.002112300835271,1.0,0.0,0.0,1.0,0.0,0.7999999999999999,conservative,Conservador,1.15,GROWTH,1.0,Estado GROWTH; tendencia 100%; volatilidad anualizada 23.2%; drawdown a 252 sesiones -0.9%; exposición propuesta 115%.,HOLD,balanced,Equilibrado,1.5,VOLATILITY_MANAGED,1.0,Estado VOLATILITY_MANAGED; tendencia 100%; volatilidad anualizada 23.2%; drawdown a 252 sesiones -0.9%; exposición propuesta 150%.,HOLD,aggressive,Agresivo,1.75,GROWTH,1.0,Estado GROWTH; tendencia 100%; volatilidad anualizada 23.2%; drawdown a 252 sesiones -0.9%; exposición propuesta 175%.,HOLD
2020-08-21,1.0,0.1822603803473788,0.0,0.0449851166875365,1.0,0.0,0.0,1.0,0.0,0.7999999999999999,conservative,Conservador,1.15,GROWTH,1.0,Estado GROWTH; tendencia 100%; volatilidad anualizada 18.2%; drawdown a 252 sesiones 0.0%; exposición propuesta 115%.,HOLD,balanced,Equilibrado,1.5,VOLATILITY_MANAGED,1.0,Estado VOLATILITY_MANAGED; tendencia 100%; volatilidad anualizada 18.2%; drawdown a 252 sesiones 0.0%; exposición propuesta 150%.,HOLD,aggressive,Agresivo,1.75,GROWTH,1.0,Estado GROWTH; tendencia 100%; volatilidad anualizada 18.2%; drawdown a 252 sesiones 0.0%; exposición propuesta 175%.,HOLD
2020-08-28,1.0,0.1692607139266243,0.0,0.0269200546068608,1.0,0.0,0.0,1.0,0.0,0.7999999999999999,conservative,Conservador,1.15,GROWTH,1.0,Estado GROWTH; tendencia 100%; volatilidad anualizada 16.9%; drawdown a 252 sesiones 0.0%; exposición propuesta 115%.,HOLD,balanced,Equilibrado,1.5,VOLATILITY_MANAGED,1.0,Estado VOLATILITY_MANAGED; tendencia 100%; volatilidad anualizada 16.9%; drawdown a 252 sesiones 0.0%; exposición propuesta 150%.,HOLD,aggressive,Agresivo,1.75,GROWTH,1.0,Estado GROWTH; tendencia 100%; volatilidad anualizada 16.9%; drawdown a 252 sesiones 0.0%; exposición propuesta 175%.,HOLD
2020-09-04,1.0,0.2628249034048214,-0.063350333033183,0.0206976810073225,1.0,0.0,0.0,1.0,0.0,0.7999999999999999,conservative,Conservador,1.15,GROWTH,1.0,Estado GROWTH; tendencia 100%; volatilidad anualizada 26.3%; drawdown a 252 sesiones -6.3%; exposición propuesta 115%.,HOLD,balanced,Equilibrado,1.3316850704246446,VOLATILITY_MANAGED,1.0,Estado VOLATILITY_MANAGED; tendencia 100%; volatilidad anualizada 26.3%; drawdown a 252 sesiones -6.3%; exposición propuesta 133%.,REDUCE,aggressive,Agresivo,1.75,GROWTH,1.0,Estado GROWTH; tendencia 100%; volatilidad anualizada 26.3%; drawdown a 252 sesiones -6.3%; exposición propuesta 175%.,HOLD
2020-09-11,0.6,0.3240807502143273,-0.1067182574354023,0.0007732793979885,0.19999999999999996,0.0,0.0,1.0,0.0,0.23999999999999996,conservative,Conservador,1.15,GROWTH,0.6,Estado GROWTH; tendencia 60%; volatilidad anualizada 32.4%; drawdown a 252 sesiones -10.7%; exposición propuesta 115%.,HOLD,balanced,Equilibrado,1.0799777517440676,VOLATILITY_MANAGED,0.6,Estado VOLATILITY_MANAGED; tendencia 60%; volatilidad anualizada 32.4%; drawdown a 252 sesiones -10.7%; exposición propuesta 108%.,REDUCE,aggressive,Agresivo,1.75,GROWTH,0.6,Estado GROWTH; tendencia 60%; volatilidad anualizada 32.4%; drawdown a 252 sesiones -10.7%; exposición propuesta 175%.,HOLD
2020-09-18,0.6,0.3362402365967915,-0.118542835735371,-0.0280119333199978,0.19999999999999996,0.0,0.0,-1.0,0.0,0.03999999999999995,conservative,Conservador,1.15,GROWTH,0.6,Estado GROWTH; tendencia 60%; volatilidad anualizada 33.6%; drawdown a 252 sesiones -11.9%; exposición propuesta 115%.,HOLD,balanced,Equilibrado,1.040922417681108,VOLATILITY_MANAGED,0.6,Estado VOLATILITY_MANAGED; tendencia 60%; volatilidad anualizada 33.6%; drawdown a 252 sesiones -11.9%; exposición propuesta 104%.,HOLD,aggressive,Agresivo,1.75,GROWTH,0.6,Estado GROWTH; tendencia 60%; volatilidad anualizada 33.6%; drawdown a 252 sesiones -11.9%; exposición propuesta 175%.,HOLD
2020-09-25,0.6,0.3576278348524087,-0.1030520315274754,-0.0144737525518505,0.19999999999999996,0.5,0.0,-1.0,0.5,-0.06000000000000005,conservative,Conservador,0.7,VOLATILITY_GUARD,0.6,Estado VOLATILITY_GUARD; tendencia 60%; volatilidad anualizada 35.8%; drawdown a 252 sesiones -10.3%; exposición propuesta 70%.,REDUCE,balanced,Equilibrado,0.9786710258289691,VOLATILITY_MANAGED,0.6,Estado VOLATILITY_MANAGED; tendencia 60%; volatilidad anualizada 35.8%; drawdown a 252 sesiones -10.3%; exposición propuesta 98%.,REDUCE,aggressive,Agresivo,0.7,VOLATILITY_GUARD,0.6,Estado VOLATILITY_GUARD; tendencia 60%; volatilidad anualizada 35.8%; drawdown a 252 sesiones -10.3%; exposición propuesta 70%.,REDUCE
2020-10-02,0.6,0.3309690613240025,-0.0939686913725444,-0.0160080382237304,0.19999999999999996,0.0,0.0,-1.0,0.0,0.03999999999999995,conservative,Conservador,1.15,GROWTH,0.6,Estado GROWTH; tendencia 60%; volatilidad anualizada 33.1%; drawdown a 252 sesiones -9.4%; exposición propuesta 115%.,INCREASE,balanced,Equilibrado,1.0575006576139367,VOLATILITY_MANAGED,0.6,Estado VOLATILITY_MANAGED; tendencia 60%; volatilidad anualizada 33.1%; drawdown a 252 sesiones -9.4%; exposición propuesta 106%.,INCREASE,aggressive,Agresivo,1.75,GROWTH,0.6,Estado GROWTH; tendencia 60%; volatilidad anualizada 33.1%; drawdown a 252 sesiones -9.4%; exposición propuesta 175%.,INCREASE
2020-10-09,1.0,0.2754334831675407,-0.0563152471896409,0.0139819555725453,1.0,0.0,0.0,1.0,0.0,0.7999999999999999,conservative,Conservador,1.15,GROWTH,1.0,Estado GROWTH; tendencia 100%; volatilidad anualizada 27.5%; drawdown a 252 sesiones -5.6%; exposición propuesta 115%.,HOLD,balanced,Equilibrado,1.2707242270436017,VOLATILITY_MANAGED,1.0,Estado VOLATILITY_MANAGED; tendencia 100%; volatilidad anualizada 27.5%; drawdown a 252 sesiones -5.6%; exposición propuesta 127%.,INCREASE,aggressive,Agresivo,1.75,GROWTH,1.0,Estado GROWTH; tendencia 100%; volatilidad anualizada 27.5%; drawdown a 252 sesiones -5.6%; exposición propuesta 175%.,HOLD
2020-10-16,1.0,0.2699041829563828,-0.0470667269194723,0.0307637062017775,1.0,0.0,0.0,1.0,0.0,0.7999999999999999,conservative,Conservador,1.15,GROWTH,1.0,Estado GROWTH; tendencia 100%; volatilidad anualizada 27.0%; drawdown a 252 sesiones -4.7%; exposición propuesta 115%.,HOLD,balanced,Equilibrado,1.2967564865660524,VOLATILITY_MANAGED,1.0,Estado VOLATILITY_MANAGED; tendencia 100%; volatilidad anualizada 27.0%; drawdown a 252 sesiones -4.7%; exposición propuesta 130%.,HOLD,aggressive,Agresivo,1.75,GROWTH,1.0,Estado GROWTH; tendencia 100%; volatilidad anualizada 27.0%; drawdown a 252 sesiones -4.7%; exposición propuesta 175%.,HOLD
2020-10-23,1.0,0.2339644718128618,-0.0595187181855998,-0.0033314812162223,1.0,0.0,0.0,-1.0,0.0,0.6,conservative,Conservador,1.15,GROWTH,1.0,Estado GROWTH; tendencia 100%; volatilidad anualizada 23.4%; drawdown a 252 sesiones -6.0%; exposición propuesta 115%.,HOLD,balanced,Equilibrado,1.4959536261554705,VOLATILITY_MANAGED,1.0,Estado VOLATILITY_MANAGED; tendencia 100%; volatilidad anualizada 23.4%; drawdown a 252 sesiones -6.0%; exposición propuesta 150%.,INCREASE,aggressive,Agresivo,1.75,GROWTH,1.0,Estado GROWTH; tendencia 100%; volatilidad anualizada 23.4%; drawdown a 252 sesiones -6.0%; exposición propuesta 175%.,HOLD
2020-10-30,0.4,0.2688779610781637,-0.1102522974862552,0.0038943522707346,-0.19999999999999996,0.0,0.0,1.0,0.0,-0.03999999999999995,conservative,Conservador,0.7,DEFENSIVE,0.6,Estado DEFENSIVE; tendencia 40%; volatilidad anualizada 26.9%; drawdown a 252 sesiones -11.0%; exposición propuesta 70%.,REDUCE,balanced,Equilibrado,0.7,DEFENSIVE,0.6,Estado DEFENSIVE; tendencia 40%; volatilidad anualizada 26.9%; drawdown a 252 sesiones -11.0%; exposición propuesta 70%.,REDUCE,aggressive,Agresivo,0.7,DEFENSIVE,0.6,Estado DEFENSIVE; tendencia 40%; volatilidad anualizada 26.9%; drawdown a 252 sesiones -11.0%; exposición propuesta 70%.,REDUCE
2020-11-06,1.0,0.3057177202546997,-0.026918929348852,0.0216076047906315,1.0,0.0,0.0,1.0,0.0,0.7999999999999999,conservative,Conservador,1.15,GROWTH,1.0,Estado GROWTH; tendencia 100%; volatilidad anualizada 30.6%; drawdown a 252 sesiones -2.7%; exposición propuesta 115%.,INCREASE,balanced,Equilibrado,1.144846951326236,VOLATILITY_MANAGED,1.0,Estado VOLATILITY_MANAGED; tendencia 100%; volatilidad anualizada 30.6%; drawdown a 252 sesiones -2.7%; exposición propuesta 114%.,INCREASE,aggressive,Agresivo,1.75,GROWTH,1.0,Estado GROWTH; tendencia 100%; volatilidad anualizada 30.6%; drawdown a 252 sesiones -2.7%; exposición propuesta 175%.,INCREASE
2020-11-13,1.0,0.3119730640003665,-0.0390738678792961,-0.0227395076354803,1.0,0.0,0.0,-1.0,0.0,0.6,conservative,Conservador,1.15,GROWTH,1.0,Estado GROWTH; tendencia 100%; volatilidad anualizada 31.2%; drawdown a 252 sesiones -3.9%; exposición propuesta 115%.,HOLD,balanced,Equilibrado,1.1218917284461096,VOLATILITY_MANAGED,1.0,Estado VOLATILITY_MANAGED; tendencia 100%; volatilidad anualizada 31.2%; drawdown a 252 sesiones -3.9%; exposición propuesta 112%.,HOLD,aggressive,Agresivo,1.75,GROWTH,1.0,Estado GROWTH; tendencia 100%; volatilidad anualizada 31.2%; drawdown a 252 sesiones -3.9%; exposición propuesta 175%.,HOLD
2020-11-20,0.8,0.3106554190184438,-0.0408905359102823,-0.0078114865776002,0.6000000000000001,0.0,0.0,-1.0,0.0,0.32000000000000006,conservative,Conservador,1.15,GROWTH,0.8,Estado GROWTH; tendencia 80%; volatilidad anualizada 31.1%; drawdown a 252 sesiones -4.1%; exposición propuesta 115%.,HOLD,balanced,Equilibrado,1.1266502322923273,VOLATILITY_MANAGED,0.8,Estado VOLATILITY_MANAGED; tendencia 80%; volatilidad anualizada 31.1%; drawdown a 252 sesiones -4.1%; exposición propuesta 113%.,HOLD,aggressive,Agresivo,1.75,GROWTH,0.8,Estado GROWTH; tendencia 80%; volatilidad anualizada 31.1%; drawdown a 252 sesiones -4.1%; exposición propuesta 175%.,HOLD
2020-11-27,0.8,0.2621289074102078,-0.0123860027497999,-0.0202564829070197,0.6000000000000001,0.0,0.0,-1.0,0.0,0.32000000000000006,conservative,Conservador,1.15,GROWTH,0.8,Estado GROWTH; tendencia 80%; volatilidad anualizada 26.2%; drawdown a 252 sesiones -1.2%; exposición propuesta 115%.,HOLD,balanced,Equilibrado,1.3352209165251736,VOLATILITY_MANAGED,0.8,Estado VOLATILITY_MANAGED; tendencia 80%; volatilidad anualizada 26.2%; drawdown a 252 sesiones -1.2%; exposición propuesta 134%.,INCREASE,aggressive,Agresivo,1.75,GROWTH,0.8,Estado GROWTH; tendencia 80%; volatilidad anualizada 26.2%; drawdown a 252 sesiones -1.2%; exposición propuesta 175%.,HOLD
2020-12-04,1.0,0.1631949128452663,0.0,-0.0181833777246869,1.0,0.0,0.0,-1.0,0.0,0.6,conservative,Conservador,1.15,GROWTH,1.0,Estado GROWTH; tendencia 100%; volatilidad anualizada 16.3%; drawdown a 252 sesiones 0.0%; exposición propuesta 115%.,HOLD,balanced,Equilibrado,1.5,VOLATILITY_MANAGED,1.0,Estado VOLATILITY_MANAGED; tendencia 100%; volatilidad anualizada 16.3%; drawdown a 252 sesiones 0.0%; exposición propuesta 150%.,INCREASE,aggressive,Agresivo,1.75,GROWTH,1.0,Estado GROWTH; tendencia 100%; volatilidad anualizada 16.3%; drawdown a 252 sesiones 0.0%; exposición propuesta 175%.,HOLD
2020-12-11,1.0,0.1307709270579761,-0.0208892065784712,0.0095766172498361,1.0,0.0,0.0,1.0,0.0,0.7999999999999999,conservative,Conservador,1.15,GROWTH,1.0,Estado GROWTH; tendencia 100%; volatilidad anualizada 13.1%; drawdown a 252 sesiones -2.1%; exposición propuesta 115%.,HOLD,balanced,Equilibrado,1.5,VOLATILITY_MANAGED,1.0,Estado VOLATILITY_MANAGED; tendencia 100%; volatilidad anualizada 13.1%; drawdown a 252 sesiones -2.1%; exposición propuesta 150%.,HOLD,aggressive,Agresivo,1.75,GROWTH,1.0,Estado GROWTH; tendencia 100%; volatilidad anualizada 13.1%; drawdown a 252 sesiones -2.1%; exposición propuesta 175%.,HOLD
2020-12-18,1.0,0.1264358110587856,-0.0030223361558677,0.0242073658633612,1.0,0.0,0.0,1.0,0.0,0.7999999999999999,conservative,Conservador,1.15,GROWTH,1.0,Estado GROWTH; tendencia 100%; volatilidad anualizada 12.6%; drawdown a 252 sesiones -0.3%; exposición propuesta 115%.,HOLD,balanced,Equilibrado,1.5,VOLATILITY_MANAGED,1.0,Estado VOLATILITY_MANAGED; tendencia 100%; volatilidad anualizada 12.6%; drawdown a 252 sesiones -0.3%; exposición propuesta 150%.,HOLD,aggressive,Agresivo,1.75,GROWTH,1.0,Estado GROWTH; tendencia 100%; volatilidad anualizada 12.6%; drawdown a 252 sesiones -0.3%; exposición propuesta 175%.,HOLD
2020-12-25,1.0,0.1264358110587856,-0.0030223361558677,0.0242073658633612,1.0,0.0,0.0,1.0,0.0,0.7999999999999999,conservative,Conservador,1.15,GROWTH,1.0,Estado GROWTH; tendencia 100%; volatilidad anualizada 12.6%; drawdown a 252 sesiones -0.3%; exposición propuesta 115%.,HOLD,balanced,Equilibrado,1.5,VOLATILITY_MANAGED,1.0,Estado VOLATILITY_MANAGED; tendencia 100%; volatilidad anualizada 12.6%; drawdown a 252 sesiones -0.3%; exposición propuesta 150%.,HOLD,aggressive,Agresivo,1.75,GROWTH,1.0,Estado GROWTH; tendencia 100%; volatilidad anualizada 12.6%; drawdown a 252 sesiones -0.3%; exposición propuesta 175%.,HOLD
2021-01-01,1.0,0.1179296266562593,-0.0028259564742528,0.0248968713448514,1.0,0.0,0.0,1.0,0.0,0.7999999999999999,conservative,Conservador,1.15,GROWTH,1.0,Estado GROWTH; tendencia 100%; volatilidad anualizada 11.8%; drawdown a 252 sesiones -0.3%; exposición propuesta 115%.,HOLD,balanced,Equilibrado,1.5,VOLATILITY_MANAGED,1.0,Estado VOLATILITY_MANAGED; tendencia 100%; volatilidad anualizada 11.8%; drawdown a 252 sesiones -0.3%; exposición propuesta 150%.,HOLD,aggressive,Agresivo,1.75,GROWTH,1.0,Estado GROWTH; tendencia 100%; volatilidad anualizada 11.8%; drawdown a 252 sesiones -0.3%; exposición propuesta 175%.,HOLD
2021-01-08,1.0,0.1394112434377229,0.0,0.017018197653251,1.0,0.0,0.0,1.0,0.0,0.7999999999999999,conservative,Conservador,1.15,GROWTH,1.0,Estado GROWTH; tendencia 100%; volatilidad anualizada 13.9%; drawdown a 252 sesiones 0.0%; exposición propuesta 115%.,HOLD,balanced,Equilibrado,1.5,VOLATILITY_MANAGED,1.0,Estado VOLATILITY_MANAGED; tendencia 100%; volatilidad anualizada 13.9%; drawdown a 252 sesiones 0.0%; exposición propuesta 150%.,HOLD,aggressive,Agresivo,1.75,GROWTH,1.0,Estado GROWTH; tendencia 100%; volatilidad anualizada 13.9%; drawdown a 252 sesiones 0.0%; exposición propuesta 175%.,HOLD
2021-01-15,1.0,0.1530864781102078,-0.0224745872985996,-0.0081152010584211,1.0,0.0,0.0,-1.0,0.0,0.6,conservative,Conservador,1.15,GROWTH,1.0,Estado GROWTH; tendencia 100%; volatilidad anualizada 15.3%; drawdown a 252 sesiones -2.2%; exposición propuesta 115%.,HOLD,balanced,Equilibrado,1.5,VOLATILITY_MANAGED,1.0,Estado VOLATILITY_MANAGED; tendencia 100%; volatilidad anualizada 15.3%; drawdown a 252 sesiones -2.2%; exposición propuesta 150%.,HOLD,aggressive,Agresivo,1.75,GROWTH,1.0,Estado GROWTH; tendencia 100%; volatilidad anualizada 15.3%; drawdown a 252 sesiones -2.2%; exposición propuesta 175%.,HOLD
2021-01-22,1.0,0.1787731742522477,-0.0028800048265968,0.0079675266269365,1.0,0.0,0.0,1.0,0.0,0.7999999999999999,conservative,Conservador,1.15,GROWTH,1.0,Estado GROWTH; tendencia 100%; volatilidad anualizada 17.9%; drawdown a 252 sesiones -0.3%; exposición propuesta 115%.,HOLD,balanced,Equilibrado,1.5,VOLATILITY_MANAGED,1.0,Estado VOLATILITY_MANAGED; tendencia 100%; volatilidad anualizada 17.9%; drawdown a 252 sesiones -0.3%; exposición propuesta 150%.,HOLD,aggressive,Agresivo,1.75,GROWTH,1.0,Estado GROWTH; tendencia 100%; volatilidad anualizada 17.9%; drawdown a 252 sesiones -0.3%; exposición propuesta 175%.,HOLD
2021-01-29,1.0,0.2219188941855092,-0.0426976294406274,0.0102420043642981,1.0,0.0,0.0,1.0,0.0,0.7999999999999999,conservative,Conservador,1.15,GROWTH,1.0,Estado GROWTH; tendencia 100%; volatilidad anualizada 22.2%; drawdown a 252 sesiones -4.3%; exposición propuesta 115%.,HOLD,balanced,Equilibrado,1.5,VOLATILITY_MANAGED,1.0,Estado VOLATILITY_MANAGED; tendencia 100%; volatilidad anualizada 22.2%; drawdown a 252 sesiones -4.3%; exposición propuesta 150%.,HOLD,aggressive,Agresivo,1.75,GROWTH,1.0,Estado GROWTH; tendencia 100%; volatilidad anualizada 22.2%; drawdown a 252 sesiones -4.3%; exposición propuesta 175%.,HOLD
2021-02-05,1.0,0.2180411591724298,0.0,0.0292914331345084,1.0,0.0,0.0,1.0,0.0,0.7999999999999999,conservative,Conservador,1.15,GROWTH,1.0,Estado GROWTH; tendencia 100%; volatilidad anualizada 21.8%; drawdown a 252 sesiones 0.0%; exposición propuesta 115%.,HOLD,balanced,Equilibrado,1.5,VOLATILITY_MANAGED,1.0,Estado VOLATILITY_MANAGED; tendencia 100%; volatilidad anualizada 21.8%; drawdown a 252 sesiones 0.0%; exposición propuesta 150%.,HOLD,aggressive,Agresivo,1.75,GROWTH,1.0,Estado GROWTH; tendencia 100%; volatilidad anualizada 21.8%; drawdown a 252 sesiones 0.0%; exposición propuesta 175%.,HOLD
2021-02-12,1.0,0.2041047232129862,0.0,0.0328359154105009,1.0,0.0,0.0,1.0,0.0,0.7999999999999999,conservative,Conservador,1.15,GROWTH,1.0,Estado GROWTH; tendencia 100%; volatilidad anualizada 20.4%; drawdown a 252 sesiones 0.0%; exposición propuesta 115%.,HOLD,balanced,Equilibrado,1.5,VOLATILITY_MANAGED,1.0,Estado VOLATILITY_MANAGED; tendencia 100%; volatilidad anualizada 20.4%; drawdown a 252 sesiones 0.0%; exposición propuesta 150%.,HOLD,aggressive,Agresivo,1.75,GROWTH,1.0,Estado GROWTH; tendencia 100%; volatilidad anualizada 20.4%; drawdown a 252 sesiones 0.0%; exposición propuesta 175%.,HOLD
2021-02-19,1.0,0.184236567874352,-0.0161391506666802,-0.0007898363084593,1.0,0.0,0.0,-1.0,0.0,0.6,conservative,Conservador,1.15,GROWTH,1.0,Estado GROWTH; tendencia 100%; volatilidad anualizada 18.4%; drawdown a 252 sesiones -1.6%; exposición propuesta 115%.,HOLD,balanced,Equilibrado,1.5,VOLATILITY_MANAGED,1.0,Estado VOLATILITY_MANAGED; tendencia 100%; volatilidad anualizada 18.4%; drawdown a 252 sesiones -1.6%; exposición propuesta 150%.,HOLD,aggressive,Agresivo,1.75,GROWTH,1.0,Estado GROWTH; tendencia 100%; volatilidad anualizada 18.4%; drawdown a 252 sesiones -1.6%; exposición propuesta 175%.,HOLD
2021-02-26,0.6,0.2197336857138211,-0.0663099508865545,-0.0295745829936017,0.19999999999999996,0.0,0.0,-1.0,0.0,0.03999999999999995,conservative,Conservador,1.15,GROWTH,0.6,Estado GROWTH; tendencia 60%; volatilidad anualizada 22.0%; drawdown a 252 sesiones -6.6%; exposición propuesta 115%.,HOLD,balanced,Equilibrado,1.5,VOLATILITY_MANAGED,0.6,Estado VOLATILITY_MANAGED; tendencia 60%; volatilidad anualizada 22.0%; drawdown a 252 sesiones -6.6%; exposición propuesta 150%.,HOLD,aggressive,Agresivo,1.75,GROWTH,0.6,Estado GROWTH; tendencia 60%; volatilidad anualizada 22.0%; drawdown a 252 sesiones -6.6%; exposición propuesta 175%.,HOLD
2021-03-05,0.6,0.2432144398242249,-0.0825381992161844,-0.0586566799429711,0.19999999999999996,0.0,0.0,-1.0,0.0,0.03999999999999995,conservative,Conservador,1.15,GROWTH,0.6,Estado GROWTH; tendencia 60%; volatilidad anualizada 24.3%; drawdown a 252 sesiones -8.3%; exposición propuesta 115%.,HOLD,balanced,Equilibrado,1.4390592937366333,VOLATILITY_MANAGED,0.6,Estado VOLATILITY_MANAGED; tendencia 60%; volatilidad anualizada 24.3%; drawdown a 252 sesiones -8.3%; exposición propuesta 144%.,REDUCE,aggressive,Agresivo,1.75,GROWTH,0.6,Estado GROWTH; tendencia 60%; volatilidad anualizada 24.3%; drawdown a 252 sesiones -8.3%; exposición propuesta 175%.,HOLD
2021-03-12,0.6,0.3130827474331288,-0.0623867463193521,-0.065720473428658,0.19999999999999996,0.0,0.0,-1.0,0.0,0.03999999999999995,conservative,Conservador,1.15,GROWTH,0.6,Estado GROWTH; tendencia 60%; volatilidad anualizada 31.3%; drawdown a 252 sesiones -6.2%; exposición propuesta 115%.,HOLD,balanced,Equilibrado,1.1179153206925154,VOLATILITY_MANAGED,0.6,Estado VOLATILITY_MANAGED; tendencia 60%; volatilidad anualizada 31.3%; drawdown a 252 sesiones -6.2%; exposición propuesta 112%.,REDUCE,aggressive,Agresivo,1.75,GROWTH,0.6,Estado GROWTH; tendencia 60%; volatilidad anualizada 31.3%; drawdown a 252 sesiones -6.2%; exposición propuesta 175%.,HOLD
2021-03-19,0.6,0.3342379760762577,-0.0692822489225513,-0.055875158159761,0.19999999999999996,0.0,0.0,-1.0,0.0,0.03999999999999995,conservative,Conservador,1.15,GROWTH,0.6,Estado GROWTH; tendencia 60%; volatilidad anualizada 33.4%; drawdown a 252 sesiones -6.9%; exposición propuesta 115%.,HOLD,balanced,Equilibrado,1.0471580881047045,VOLATILITY_MANAGED,0.6,Estado VOLATILITY_MANAGED; tendencia 60%; volatilidad anualizada 33.4%; drawdown a 252 sesiones -6.9%; exposición propuesta 105%.,REDUCE,aggressive,Agresivo,1.75,GROWTH,0.6,Estado GROWTH; tendencia 60%; volatilidad anualizada 33.4%; drawdown a 252 sesiones -6.9%; exposición propuesta 175%.,HOLD
2021-03-26,0.8,0.3143381565214713,-0.0595953634326497,-0.0372846247637628,0.6000000000000001,0.0,0.0,-1.0,0.0,0.32000000000000006,conservative,Conservador,1.15,GROWTH,0.8,Estado GROWTH; tendencia 80%; volatilidad anualizada 31.4%; drawdown a 252 sesiones -6.0%; exposición propuesta 115%.,HOLD,balanced,Equilibrado,1.1134505714265484,VOLATILITY_MANAGED,0.8,Estado VOLATILITY_MANAGED; tendencia 80%; volatilidad anualizada 31.4%; drawdown a 252 sesiones -6.0%; exposición propuesta 111%.,INCREASE,aggressive,Agresivo,1.75,GROWTH,0.8,Estado GROWTH; tendencia 80%; volatilidad anualizada 31.4%; drawdown a 252 sesiones -6.0%; exposición propuesta 175%.,HOLD
2021-04-02,0.8,0.3143381565214713,-0.0595953634326497,-0.0372846247637628,0.6000000000000001,0.0,0.0,-1.0,0.0,0.32000000000000006,conservative,Conservador,1.15,GROWTH,0.8,Estado GROWTH; tendencia 80%; volatilidad anualizada 31.4%; drawdown a 252 sesiones -6.0%; exposición propuesta 115%.,HOLD,balanced,Equilibrado,1.1134505714265484,VOLATILITY_MANAGED,0.8,Estado VOLATILITY_MANAGED; tendencia 80%; volatilidad anualizada 31.4%; drawdown a 252 sesiones -6.0%; exposición propuesta 111%.,HOLD,aggressive,Agresivo,1.75,GROWTH,0.8,Estado GROWTH; tendencia 80%; volatilidad anualizada 31.4%; drawdown a 252 sesiones -6.0%; exposición propuesta 175%.,HOLD
2021-04-09,1.0,0.1986383516643497,0.0,0.0122369411217202,1.0,0.0,0.0,1.0,0.0,0.7999999999999999,conservative,Conservador,1.15,GROWTH,1.0,Estado GROWTH; tendencia 100%; volatilidad anualizada 19.9%; drawdown a 252 sesiones 0.0%; exposición propuesta 115%.,HOLD,balanced,Equilibrado,1.5,VOLATILITY_MANAGED,1.0,Estado VOLATILITY_MANAGED; tendencia 100%; volatilidad anualizada 19.9%; drawdown a 252 sesiones 0.0%; exposición propuesta 150%.,INCREASE,aggressive,Agresivo,1.75,GROWTH,1.0,Estado GROWTH; tendencia 100%; volatilidad anualizada 19.9%; drawdown a 252 sesiones 0.0%; exposición propuesta 175%.,HOLD
2021-04-16,1.0,0.1655187607802107,0.0,0.0280860874050203,1.0,0.0,0.0,1.0,0.0,0.7999999999999999,conservative,Conservador,1.15,GROWTH,1.0,Estado GROWTH; tendencia 100%; volatilidad anualizada 16.6%; drawdown a 252 sesiones 0.0%; exposición propuesta 115%.,HOLD,balanced,Equilibrado,1.5,VOLATILITY_MANAGED,1.0,Estado VOLATILITY_MANAGED; tendencia 100%; volatilidad anualizada 16.6%; drawdown a 252 sesiones 0.0%; exposición propuesta 150%.,HOLD,aggressive,Agresivo,1.75,GROWTH,1.0,Estado GROWTH; tendencia 100%; volatilidad anualizada 16.6%; drawdown a 252 sesiones 0.0%; exposición propuesta 175%.,HOLD
2021-04-23,1.0,0.161625929190983,-0.0075731062857353,0.0208388198991331,1.0,0.0,0.0,1.0,0.0,0.7999999999999999,conservative,Conservador,1.15,GROWTH,1.0,Estado GROWTH; tendencia 100%; volatilidad anualizada 16.2%; drawdown a 252 sesiones -0.8%; exposición propuesta 115%.,HOLD,balanced,Equilibrado,1.5,VOLATILITY_MANAGED,1.0,Estado VOLATILITY_MANAGED; tendencia 100%; volatilidad anualizada 16.2%; drawdown a 252 sesiones -0.8%; exposición propuesta 150%.,HOLD,aggressive,Agresivo,1.75,GROWTH,1.0,Estado GROWTH; tendencia 100%; volatilidad anualizada 16.2%; drawdown a 252 sesiones -0.8%; exposición propuesta 175%.,HOLD
2021-04-30,1.0,0.1466110218081118,-0.0117545047846779,-0.000314859996592,1.0,0.0,0.0,-1.0,0.0,0.6,conservative,Conservador,1.15,GROWTH,1.0,Estado GROWTH; tendencia 100%; volatilidad anualizada 14.7%; drawdown a 252 sesiones -1.2%; exposición propuesta 115%.,HOLD,balanced,Equilibrado,1.5,VOLATILITY_MANAGED,1.0,Estado VOLATILITY_MANAGED; tendencia 100%; volatilidad anualizada 14.7%; drawdown a 252 sesiones -1.2%; exposición propuesta 150%.,HOLD,aggressive,Agresivo,1.75,GROWTH,1.0,Estado GROWTH; tendencia 100%; volatilidad anualizada 14.7%; drawdown a 252 sesiones -1.2%; exposición propuesta 175%.,HOLD
2021-05-07,0.8,0.14742959860305,-0.0228356070344211,-0.0344649470928509,0.6000000000000001,0.0,0.0,-1.0,0.0,0.32000000000000006,conservative,Conservador,1.15,GROWTH,0.8,Estado GROWTH; tendencia 80%; volatilidad anualizada 14.7%; drawdown a 252 sesiones -2.3%; exposición propuesta 115%.,HOLD,balanced,Equilibrado,1.5,VOLATILITY_MANAGED,0.8,Estado VOLATILITY_MANAGED; tendencia 80%; volatilidad anualizada 14.7%; drawdown a 252 sesiones -2.3%; exposición propuesta 150%.,HOLD,aggressive,Agresivo,1.75,GROWTH,0.8,Estado GROWTH; tendencia 80%; volatilidad anualizada 14.7%; drawdown a 252 sesiones -2.3%; exposición propuesta 175%.,HOLD
2021-05-14,0.4,0.1955475303641876,-0.0456713062147829,-0.044041810837327,-0.19999999999999996,0.0,0.0,-1.0,0.0,-0.23999999999999996,conservative,Conservador,0.7,DEFENSIVE,0.6,Estado DEFENSIVE; tendencia 40%; volatilidad anualizada 19.6%; drawdown a 252 sesiones -4.6%; exposición propuesta 70%.,REDUCE,balanced,Equilibrado,0.7,DEFENSIVE,0.6,Estado DEFENSIVE; tendencia 40%; volatilidad anualizada 19.6%; drawdown a 252 sesiones -4.6%; exposición propuesta 70%.,REDUCE,aggressive,Agresivo,0.7,DEFENSIVE,0.6,Estado DEFENSIVE; tendencia 40%; volatilidad anualizada 19.6%; drawdown a 252 sesiones -4.6%; exposición propuesta 70%.,REDUCE
2021-05-21,0.6,0.1959847692182789,-0.0438584269766456,-0.0322429623747707,0.19999999999999996,0.0,0.0,-1.0,0.0,0.03999999999999995,conservative,Conservador,1.15,GROWTH,0.6,Estado GROWTH; tendencia 60%; volatilidad anualizada 19.6%; drawdown a 252 sesiones -4.4%; exposición propuesta 115%.,INCREASE,balanced,Equilibrado,1.5,VOLATILITY_MANAGED,0.6,Estado VOLATILITY_MANAGED; tendencia 60%; volatilidad anualizada 19.6%; drawdown a 252 sesiones -4.4%; exposición propuesta 150%.,INCREASE,aggressive,Agresivo,1.75,GROWTH,0.6,Estado GROWTH; tendencia 60%; volatilidad anualizada 19.6%; drawdown a 252 sesiones -4.4%; exposición propuesta 175%.,INCREASE
2021-05-28,0.8,0.2042948137533119,-0.0236252056006303,-0.0185779642545561,0.6000000000000001,0.0,0.0,-1.0,0.0,0.32000000000000006,conservative,Conservador,1.15,GROWTH,0.8,Estado GROWTH; tendencia 80%; volatilidad anualizada 20.4%; drawdown a 252 sesiones -2.4%; exposición propuesta 115%.,HOLD,balanced,Equilibrado,1.5,VOLATILITY_MANAGED,0.8,Estado VOLATILITY_MANAGED; tendencia 80%; volatilidad anualizada 20.4%; drawdown a 252 sesiones -2.4%; exposición propuesta 150%.,HOLD,aggressive,Agresivo,1.75,GROWTH,0.8,Estado GROWTH; tendencia 80%; volatilidad anualizada 20.4%; drawdown a 252 sesiones -2.4%; exposición propuesta 175%.,HOLD
2021-06-04,1.0,0.2038646046782988,-0.0187422079088861,0.0039145076587312,1.0,0.0,0.0,1.0,0.0,0.7999999999999999,conservative,Conservador,1.15,GROWTH,1.0,Estado GROWTH; tendencia 100%; volatilidad anualizada 20.4%; drawdown a 252 sesiones -1.9%; exposición propuesta 115%.,HOLD,balanced,Equilibrado,1.5,VOLATILITY_MANAGED,1.0,Estado VOLATILITY_MANAGED; tendencia 100%; volatilidad anualizada 20.4%; drawdown a 252 sesiones -1.9%; exposición propuesta 150%.,HOLD,aggressive,Agresivo,1.75,GROWTH,1.0,Estado GROWTH; tendencia 100%; volatilidad anualizada 20.4%; drawdown a 252 sesiones -1.9%; exposición propuesta 175%.,HOLD
2021-06-11,1.0,0.1459664538833138,-0.0022516782079456,0.0343826728879537,1.0,0.0,0.0,1.0,0.0,0.7999999999999999,conservative,Conservador,1.15,GROWTH,1.0,Estado GROWTH; tendencia 100%; volatilidad anualizada 14.6%; drawdown a 252 sesiones -0.2%; exposición propuesta 115%.,HOLD,balanced,Equilibrado,1.5,VOLATILITY_MANAGED,1.0,Estado VOLATILITY_MANAGED; tendencia 100%; volatilidad anualizada 14.6%; drawdown a 252 sesiones -0.2%; exposición propuesta 150%.,HOLD,aggressive,Agresivo,1.75,GROWTH,1.0,Estado GROWTH; tendencia 100%; volatilidad anualizada 14.6%; drawdown a 252 sesiones -0.2%; exposición propuesta 175%.,HOLD
2021-06-18,1.0,0.1246106611743379,-0.0078470452208019,0.0395651103894685,1.0,0.0,0.0,1.0,0.0,0.7999999999999999,conservative,Conservador,1.15,GROWTH,1.0,Estado GROWTH; tendencia 100%; volatilidad anualizada 12.5%; drawdown a 252 sesiones -0.8%; exposición propuesta 115%.,HOLD,balanced,Equilibrado,1.5,VOLATILITY_MANAGED,1.0,Estado VOLATILITY_MANAGED; tendencia 100%; volatilidad anualizada 12.5%; drawdown a 252 sesiones -0.8%; exposición propuesta 150%.,HOLD,aggressive,Agresivo,1.75,GROWTH,1.0,Estado GROWTH; tendencia 100%; volatilidad anualizada 12.5%; drawdown a 252 sesiones -0.8%; exposición propuesta 175%.,HOLD
2021-06-25,1.0,0.112559970823906,-0.0012292998730575,0.0302383952053215,1.0,0.0,0.0,1.0,0.0,0.7999999999999999,conservative,Conservador,1.15,GROWTH,1.0,Estado GROWTH; tendencia 100%; volatilidad anualizada 11.3%; drawdown a 252 sesiones -0.1%; exposición propuesta 115%.,HOLD,balanced,Equilibrado,1.5,VOLATILITY_MANAGED,1.0,Estado VOLATILITY_MANAGED; tendencia 100%; volatilidad anualizada 11.3%; drawdown a 252 sesiones -0.1%; exposición propuesta 150%.,HOLD,aggressive,Agresivo,1.75,GROWTH,1.0,Estado GROWTH; tendencia 100%; volatilidad anualizada 11.3%; drawdown a 252 sesiones -0.1%; exposición propuesta 175%.,HOLD
2021-07-02,1.0,0.0980386330935258,0.0,0.0402212940318587,1.0,0.0,0.0,1.0,0.0,0.7999999999999999,conservative,Conservador,1.15,GROWTH,1.0,Estado GROWTH; tendencia 100%; volatilidad anualizada 9.8%; drawdown a 252 sesiones 0.0%; exposición propuesta 115%.,HOLD,balanced,Equilibrado,1.5,VOLATILITY_MANAGED,1.0,Estado VOLATILITY_MANAGED; tendencia 100%; volatilidad anualizada 9.8%; drawdown a 252 sesiones 0.0%; exposición propuesta 150%.,HOLD,aggressive,Agresivo,1.75,GROWTH,1.0,Estado GROWTH; tendencia 100%; volatilidad anualizada 9.8%; drawdown a 252 sesiones 0.0%; exposición propuesta 175%.,HOLD
2021-07-09,1.0,0.0999752986987501,0.0,0.0304532427175094,1.0,0.0,0.0,1.0,0.0,0.7999999999999999,conservative,Conservador,1.15,GROWTH,1.0,Estado GROWTH; tendencia 100%; volatilidad anualizada 10.0%; drawdown a 252 sesiones 0.0%; exposición propuesta 115%.,HOLD,balanced,Equilibrado,1.5,VOLATILITY_MANAGED,1.0,Estado VOLATILITY_MANAGED; tendencia 100%; volatilidad anualizada 10.0%; drawdown a 252 sesiones 0.0%; exposición propuesta 150%.,HOLD,aggressive,Agresivo,1.75,GROWTH,1.0,Estado GROWTH; tendencia 100%; volatilidad anualizada 10.0%; drawdown a 252 sesiones 0.0%; exposición propuesta 175%.,HOLD
2021-07-16,1.0,0.0955349631898501,-0.0150659313315363,0.0111531420000043,1.0,0.0,0.0,1.0,0.0,0.7999999999999999,conservative,Conservador,1.15,GROWTH,1.0,Estado GROWTH; tendencia 100%; volatilidad anualizada 9.6%; drawdown a 252 sesiones -1.5%; exposición propuesta 115%.,HOLD,balanced,Equilibrado,1.5,VOLATILITY_MANAGED,1.0,Estado VOLATILITY_MANAGED; tendencia 100%; volatilidad anualizada 9.6%; drawdown a 252 sesiones -1.5%; exposición propuesta 150%.,HOLD,aggressive,Agresivo,1.75,GROWTH,1.0,Estado GROWTH; tendencia 100%; volatilidad anualizada 9.6%; drawdown a 252 sesiones -1.5%; exposición propuesta 175%.,HOLD
2021-07-23,1.0,0.1054303646258892,0.0,0.0174212496634422,1.0,0.0,0.0,1.0,0.0,0.7999999999999999,conservative,Conservador,1.15,GROWTH,1.0,Estado GROWTH; tendencia 100%; volatilidad anualizada 10.5%; drawdown a 252 sesiones 0.0%; exposición propuesta 115%.,HOLD,balanced,Equilibrado,1.5,VOLATILITY_MANAGED,1.0,Estado VOLATILITY_MANAGED; tendencia 100%; volatilidad anualizada 10.5%; drawdown a 252 sesiones 0.0%; exposición propuesta 150%.,HOLD,aggressive,Agresivo,1.75,GROWTH,1.0,Estado GROWTH; tendencia 100%; volatilidad anualizada 10.5%; drawdown a 252 sesiones 0.0%; exposición propuesta 175%.,HOLD
2021-07-30,1.0,0.1112138892492181,-0.010638338767371,0.0094311414290968,1.0,0.0,0.0,1.0,0.0,0.7999999999999999,conservative,Conservador,1.15,GROWTH,1.0,Estado GROWTH; tendencia 100%; volatilidad anualizada 11.1%; drawdown a 252 sesiones -1.1%; exposición propuesta 115%.,HOLD,balanced,Equilibrado,1.5,VOLATILITY_MANAGED,1.0,Estado VOLATILITY_MANAGED; tendencia 100%; volatilidad anualizada 11.1%; drawdown a 252 sesiones -1.1%; exposición propuesta 150%.,HOLD,aggressive,Agresivo,1.75,GROWTH,1.0,Estado GROWTH; tendencia 100%; volatilidad anualizada 11.1%; drawdown a 252 sesiones -1.1%; exposición propuesta 175%.,HOLD
2021-08-06,1.0,0.1043539373982071,-0.0043827126853344,0.0034968421646099,1.0,0.0,0.0,1.0,0.0,0.7999999999999999,conservative,Conservador,1.15,GROWTH,1.0,Estado GROWTH; tendencia 100%; volatilidad anualizada 10.4%; drawdown a 252 sesiones -0.4%; exposición propuesta 115%.,HOLD,balanced,Equilibrado,1.5,VOLATILITY_MANAGED,1.0,Estado VOLATILITY_MANAGED; tendencia 100%; volatilidad anualizada 10.4%; drawdown a 252 sesiones -0.4%; exposición propuesta 150%.,HOLD,aggressive,Agresivo,1.75,GROWTH,1.0,Estado GROWTH; tendencia 100%; volatilidad anualizada 10.4%; drawdown a 252 sesiones -0.4%; exposición propuesta 175%.,HOLD
2021-08-13,1.0,0.0974610856458617,-0.0022996277133835,-0.0024259013273819,1.0,0.0,0.0,-1.0,0.0,0.6,conservative,Conservador,1.15,GROWTH,1.0,Estado GROWTH; tendencia 100%; volatilidad anualizada 9.7%; drawdown a 252 sesiones -0.2%; exposición propuesta 115%.,HOLD,balanced,Equilibrado,1.5,VOLATILITY_MANAGED,1.0,Estado VOLATILITY_MANAGED; tendencia 100%; volatilidad anualizada 9.7%; drawdown a 252 sesiones -0.2%; exposición propuesta 150%.,HOLD,aggressive,Agresivo,1.75,GROWTH,1.0,Estado GROWTH; tendencia 100%; volatilidad anualizada 9.7%; drawdown a 252 sesiones -0.2%; exposición propuesta 175%.,HOLD
2021-08-20,0.8,0.0909972278445913,-0.0052484578886955,-0.0090506614372444,0.6000000000000001,0.0,0.0,-1.0,0.0,0.32000000000000006,conservative,Conservador,1.15,GROWTH,0.8,Estado GROWTH; tendencia 80%; volatilidad anualizada 9.1%; drawdown a 252 sesiones -0.5%; exposición propuesta 115%.,HOLD,balanced,Equilibrado,1.5,VOLATILITY_MANAGED,0.8,Estado VOLATILITY_MANAGED; tendencia 80%; volatilidad anualizada 9.1%; drawdown a 252 sesiones -0.5%; exposición propuesta 150%.,HOLD,aggressive,Agresivo,1.75,GROWTH,0.8,Estado GROWTH; tendencia 80%; volatilidad anualizada 9.1%; drawdown a 252 sesiones -0.5%; exposición propuesta 175%.,HOLD
2021-08-27,1.0,0.1015268154680378,0.0,0.004689486425464,1.0,0.0,0.0,1.0,0.0,0.7999999999999999,conservative,Conservador,1.15,GROWTH,1.0,Estado GROWTH; tendencia 100%; volatilidad anualizada 10.2%; drawdown a 252 sesiones 0.0%; exposición propuesta 115%.,HOLD,balanced,Equilibrado,1.5,VOLATILITY_MANAGED,1.0,Estado VOLATILITY_MANAGED; tendencia 100%; volatilidad anualizada 10.2%; drawdown a 252 sesiones 0.0%; exposición propuesta 150%.,HOLD,aggressive,Agresivo,1.75,GROWTH,1.0,Estado GROWTH; tendencia 100%; volatilidad anualizada 10.2%; drawdown a 252 sesiones 0.0%; exposición propuesta 175%.,HOLD
2021-09-03,1.0,0.1030426800765025,0.0,0.0128018827067257,1.0,0.0,0.0,1.0,0.0,0.7999999999999999,conservative,Conservador,1.15,GROWTH,1.0,Estado GROWTH; tendencia 100%; volatilidad anualizada 10.3%; drawdown a 252 sesiones 0.0%; exposición propuesta 115%.,HOLD,balanced,Equilibrado,1.5,VOLATILITY_MANAGED,1.0,Estado VOLATILITY_MANAGED; tendencia 100%; volatilidad anualizada 10.3%; drawdown a 252 sesiones 0.0%; exposición propuesta 150%.,HOLD,aggressive,Agresivo,1.75,GROWTH,1.0,Estado GROWTH; tendencia 100%; volatilidad anualizada 10.3%; drawdown a 252 sesiones 0.0%; exposición propuesta 175%.,HOLD
2021-09-10,1.0,0.107687611200613,-0.0144460404249899,0.0239097927742473,1.0,0.0,0.0,1.0,0.0,0.7999999999999999,conservative,Conservador,1.15,GROWTH,1.0,Estado GROWTH; tendencia 100%; volatilidad anualizada 10.8%; drawdown a 252 sesiones -1.4%; exposición propuesta 115%.,HOLD,balanced,Equilibrado,1.5,VOLATILITY_MANAGED,1.0,Estado VOLATILITY_MANAGED; tendencia 100%; volatilidad anualizada 10.8%; drawdown a 252 sesiones -1.4%; exposición propuesta 150%.,HOLD,aggressive,Agresivo,1.75,GROWTH,1.0,Estado GROWTH; tendencia 100%; volatilidad anualizada 10.8%; drawdown a 252 sesiones -1.4%; exposición propuesta 175%.,HOLD
2021-09-17,1.0,0.1072073672481664,-0.0216690606374849,0.0204019617496826,1.0,0.0,0.0,1.0,0.0,0.7999999999999999,conservative,Conservador,1.15,GROWTH,1.0,Estado GROWTH; tendencia 100%; volatilidad anualizada 10.7%; drawdown a 252 sesiones -2.2%; exposición propuesta 115%.,HOLD,balanced,Equilibrado,1.5,VOLATILITY_MANAGED,1.0,Estado VOLATILITY_MANAGED; tendencia 100%; volatilidad anualizada 10.7%; drawdown a 252 sesiones -2.2%; exposición propuesta 150%.,HOLD,aggressive,Agresivo,1.75,GROWTH,1.0,Estado GROWTH; tendencia 100%; volatilidad anualizada 10.7%; drawdown a 252 sesiones -2.2%; exposición propuesta 175%.,HOLD
2021-09-24,1.0,0.122016541240245,-0.0218943706921294,0.0056340733001237,1.0,0.0,0.0,1.0,0.0,0.7999999999999999,conservative,Conservador,1.15,GROWTH,1.0,Estado GROWTH; tendencia 100%; volatilidad anualizada 12.2%; drawdown a 252 sesiones -2.2%; exposición propuesta 115%.,HOLD,balanced,Equilibrado,1.5,VOLATILITY_MANAGED,1.0,Estado VOLATILITY_MANAGED; tendencia 100%; volatilidad anualizada 12.2%; drawdown a 252 sesiones -2.2%; exposición propuesta 150%.,HOLD,aggressive,Agresivo,1.75,GROWTH,1.0,Estado GROWTH; tendencia 100%; volatilidad anualizada 12.2%; drawdown a 252 sesiones -2.2%; exposición propuesta 175%.,HOLD
2021-10-01,0.6,0.1492776403184118,-0.0563467082654107,-0.0133599579257398,0.19999999999999996,0.0,0.0,-1.0,0.0,0.03999999999999995,conservative,Conservador,1.15,GROWTH,0.6,Estado GROWTH; tendencia 60%; volatilidad anualizada 14.9%; drawdown a 252 sesiones -5.6%; exposición propuesta 115%.,HOLD,balanced,Equilibrado,1.5,VOLATILITY_MANAGED,0.6,Estado VOLATILITY_MANAGED; tendencia 60%; volatilidad anualizada 14.9%; drawdown a 252 sesiones -5.6%; exposición propuesta 150%.,HOLD,aggressive,Agresivo,1.75,GROWTH,0.6,Estado GROWTH; tendencia 60%; volatilidad anualizada 14.9%; drawdown a 252 sesiones -5.6%; exposición propuesta 175%.,HOLD
2021-10-08,0.6,0.1791715728123459,-0.0537792445860506,-0.0260419727704357,0.19999999999999996,0.0,0.0,-1.0,0.0,0.03999999999999995,conservative,Conservador,1.15,GROWTH,0.6,Estado GROWTH; tendencia 60%; volatilidad anualizada 17.9%; drawdown a 252 sesiones -5.4%; exposición propuesta 115%.,HOLD,balanced,Equilibrado,1.5,VOLATILITY_MANAGED,0.6,Estado VOLATILITY_MANAGED; tendencia 60%; volatilidad anualizada 17.9%; drawdown a 252 sesiones -5.4%; exposición propuesta 150%.,HOLD,aggressive,Agresivo,1.75,GROWTH,0.6,Estado GROWTH; tendencia 60%; volatilidad anualizada 17.9%; drawdown a 252 sesiones -5.4%; exposición propuesta 175%.,HOLD
2021-10-15,0.6,0.1927810385135575,-0.0333959752951438,-0.0221134842471674,0.19999999999999996,0.0,0.0,-1.0,0.0,0.03999999999999995,conservative,Conservador,1.15,GROWTH,0.6,Estado GROWTH; tendencia 60%; volatilidad anualizada 19.3%; drawdown a 252 sesiones -3.3%; exposición propuesta 115%.,HOLD,balanced,Equilibrado,1.5,VOLATILITY_MANAGED,0.6,Estado VOLATILITY_MANAGED; tendencia 60%; volatilidad anualizada 19.3%; drawdown a 252 sesiones -3.3%; exposición propuesta 150%.,HOLD,aggressive,Agresivo,1.75,GROWTH,0.6,Estado GROWTH; tendencia 60%; volatilidad anualizada 19.3%; drawdown a 252 sesiones -3.3%; exposición propuesta 175%.,HOLD
2021-10-22,1.0,0.1811235866411581,-0.019876877734819,-0.0186847966072429,1.0,0.0,0.0,-1.0,0.0,0.6,conservative,Conservador,1.15,GROWTH,1.0,Estado GROWTH; tendencia 100%; volatilidad anualizada 18.1%; drawdown a 252 sesiones -2.0%; exposición propuesta 115%.,HOLD,balanced,Equilibrado,1.5,VOLATILITY_MANAGED,1.0,Estado VOLATILITY_MANAGED; tendencia 100%; volatilidad anualizada 18.1%; drawdown a 252 sesiones -2.0%; exposición propuesta 150%.,HOLD,aggressive,Agresivo,1.75,GROWTH,1.0,Estado GROWTH; tendencia 100%; volatilidad anualizada 18.1%; drawdown a 252 sesiones -2.0%; exposición propuesta 175%.,HOLD
2021-10-29,1.0,0.1445090017078915,0.0,0.01439676350021,1.0,0.0,0.0,1.0,0.0,0.7999999999999999,conservative,Conservador,1.15,GROWTH,1.0,Estado GROWTH; tendencia 100%; volatilidad anualizada 14.5%; drawdown a 252 sesiones 0.0%; exposición propuesta 115%.,HOLD,balanced,Equilibrado,1.5,VOLATILITY_MANAGED,1.0,Estado VOLATILITY_MANAGED; tendencia 100%; volatilidad anualizada 14.5%; drawdown a 252 sesiones 0.0%; exposición propuesta 150%.,HOLD,aggressive,Agresivo,1.75,GROWTH,1.0,Estado GROWTH; tendencia 100%; volatilidad anualizada 14.5%; drawdown a 252 sesiones 0.0%; exposición propuesta 175%.,HOLD
2021-11-05,1.0,0.1070215287054385,0.0,0.033620624059929,1.0,0.0,0.0,1.0,0.0,0.7999999999999999,conservative,Conservador,1.15,GROWTH,1.0,Estado GROWTH; tendencia 100%; volatilidad anualizada 10.7%; drawdown a 252 sesiones 0.0%; exposición propuesta 115%.,HOLD,balanced,Equilibrado,1.5,VOLATILITY_MANAGED,1.0,Estado VOLATILITY_MANAGED; tendencia 100%; volatilidad anualizada 10.7%; drawdown a 252 sesiones 0.0%; exposición propuesta 150%.,HOLD,aggressive,Agresivo,1.75,GROWTH,1.0,Estado GROWTH; tendencia 100%; volatilidad anualizada 10.7%; drawdown a 252 sesiones 0.0%; exposición propuesta 175%.,HOLD
2021-11-12,1.0,0.114844807626771,-0.0097840774099354,0.0218257451596175,1.0,0.0,0.0,1.0,0.0,0.7999999999999999,conservative,Conservador,1.15,GROWTH,1.0,Estado GROWTH; tendencia 100%; volatilidad anualizada 11.5%; drawdown a 252 sesiones -1.0%; exposición propuesta 115%.,HOLD,balanced,Equilibrado,1.5,VOLATILITY_MANAGED,1.0,Estado VOLATILITY_MANAGED; tendencia 100%; volatilidad anualizada 11.5%; drawdown a 252 sesiones -1.0%; exposición propuesta 150%.,HOLD,aggressive,Agresivo,1.75,GROWTH,1.0,Estado GROWTH; tendencia 100%; volatilidad anualizada 11.5%; drawdown a 252 sesiones -1.0%; exposición propuesta 175%.,HOLD
2021-11-19,1.0,0.1060527194382639,0.0,0.0450950117267767,1.0,0.0,0.0,1.0,0.0,0.7999999999999999,conservative,Conservador,1.15,GROWTH,1.0,Estado GROWTH; tendencia 100%; volatilidad anualizada 10.6%; drawdown a 252 sesiones 0.0%; exposición propuesta 115%.,HOLD,balanced,Equilibrado,1.5,VOLATILITY_MANAGED,1.0,Estado VOLATILITY_MANAGED; tendencia 100%; volatilidad anualizada 10.6%; drawdown a 252 sesiones 0.0%; exposición propuesta 150%.,HOLD,aggressive,Agresivo,1.75,GROWTH,1.0,Estado GROWTH; tendencia 100%; volatilidad anualizada 10.6%; drawdown a 252 sesiones 0.0%; exposición propuesta 175%.,HOLD
2021-11-26,1.0,0.1368600272853559,-0.0316591375607003,0.0167484293187119,1.0,0.0,0.0,1.0,0.0,0.7999999999999999,conservative,Conservador,1.15,GROWTH,1.0,Estado GROWTH; tendencia 100%; volatilidad anualizada 13.7%; drawdown a 252 sesiones -3.2%; exposición propuesta 115%.,HOLD,balanced,Equilibrado,1.5,VOLATILITY_MANAGED,1.0,Estado VOLATILITY_MANAGED; tendencia 100%; volatilidad anualizada 13.7%; drawdown a 252 sesiones -3.2%; exposición propuesta 150%.,HOLD,aggressive,Agresivo,1.75,GROWTH,1.0,Estado GROWTH; tendencia 100%; volatilidad anualizada 13.7%; drawdown a 252 sesiones -3.2%; exposición propuesta 175%.,HOLD
2021-12-03,0.8,0.1769153379148774,-0.0516350266758477,-0.0090016566986623,0.6000000000000001,0.0,0.0,-1.0,0.0,0.32000000000000006,conservative,Conservador,1.15,GROWTH,0.8,Estado GROWTH; tendencia 80%; volatilidad anualizada 17.7%; drawdown a 252 sesiones -5.2%; exposición propuesta 115%.,HOLD,balanced,Equilibrado,1.5,VOLATILITY_MANAGED,0.8,Estado VOLATILITY_MANAGED; tendencia 80%; volatilidad anualizada 17.7%; drawdown a 252 sesiones -5.2%; exposición propuesta 150%.,HOLD,aggressive,Agresivo,1.75,GROWTH,0.8,Estado GROWTH; tendencia 80%; volatilidad anualizada 17.7%; drawdown a 252 sesiones -5.2%; exposición propuesta 175%.,HOLD
2021-12-10,1.0,0.2142403628493294,-0.0148023772158754,0.0039678589946461,1.0,0.0,0.0,1.0,0.0,0.7999999999999999,conservative,Conservador,1.15,GROWTH,1.0,Estado GROWTH; tendencia 100%; volatilidad anualizada 21.4%; drawdown a 252 sesiones -1.5%; exposición propuesta 115%.,HOLD,balanced,Equilibrado,1.5,VOLATILITY_MANAGED,1.0,Estado VOLATILITY_MANAGED; tendencia 100%; volatilidad anualizada 21.4%; drawdown a 252 sesiones -1.5%; exposición propuesta 150%.,HOLD,aggressive,Agresivo,1.75,GROWTH,1.0,Estado GROWTH; tendencia 100%; volatilidad anualizada 21.4%; drawdown a 252 sesiones -1.5%; exposición propuesta 175%.,HOLD
2021-12-17,0.6,0.2484084203232502,-0.0472288632618311,-0.0243651771591935,0.19999999999999996,0.0,0.0,-1.0,0.0,0.03999999999999995,conservative,Conservador,1.15,GROWTH,0.6,Estado GROWTH; tendencia 60%; volatilidad anualizada 24.8%; drawdown a 252 sesiones -4.7%; exposición propuesta 115%.,HOLD,balanced,Equilibrado,1.4089699517614989,VOLATILITY_MANAGED,0.6,Estado VOLATILITY_MANAGED; tendencia 60%; volatilidad anualizada 24.8%; drawdown a 252 sesiones -4.7%; exposición propuesta 141%.,REDUCE,aggressive,Agresivo,1.75,GROWTH,0.6,Estado GROWTH; tendencia 60%; volatilidad anualizada 24.8%; drawdown a 252 sesiones -4.7%; exposición propuesta 175%.,HOLD
2021-12-24,0.6,0.2484084203232502,-0.0472288632618311,-0.0243651771591935,0.19999999999999996,0.0,0.0,-1.0,0.0,0.03999999999999995,conservative,Conservador,1.15,GROWTH,0.6,Estado GROWTH; tendencia 60%; volatilidad anualizada 24.8%; drawdown a 252 sesiones -4.7%; exposición propuesta 115%.,HOLD,balanced,Equilibrado,1.4089699517614989,VOLATILITY_MANAGED,0.6,Estado VOLATILITY_MANAGED; tendencia 60%; volatilidad anualizada 24.8%; drawdown a 252 sesiones -4.7%; exposición propuesta 141%.,HOLD,aggressive,Agresivo,1.75,GROWTH,0.6,Estado GROWTH; tendencia 60%; volatilidad anualizada 24.8%; drawdown a 252 sesiones -4.7%; exposición propuesta 175%.,HOLD
2021-12-31,1.0,0.2378315940047946,-0.0139535104544504,-0.0203722537940895,1.0,0.0,0.0,-1.0,0.0,0.6,conservative,Conservador,1.15,GROWTH,1.0,Estado GROWTH; tendencia 100%; volatilidad anualizada 23.8%; drawdown a 252 sesiones -1.4%; exposición propuesta 115%.,HOLD,balanced,Equilibrado,1.4716295430158204,VOLATILITY_MANAGED,1.0,Estado VOLATILITY_MANAGED; tendencia 100%; volatilidad anualizada 23.8%; drawdown a 252 sesiones -1.4%; exposición propuesta 147%.,INCREASE,aggressive,Agresivo,1.75,GROWTH,1.0,Estado GROWTH; tendencia 100%; volatilidad anualizada 23.8%; drawdown a 252 sesiones -1.4%; exposición propuesta 175%.,HOLD
2022-01-07,0.6,0.2318298750477495,-0.0585407821792566,-0.0369487640169795,0.19999999999999996,0.0,0.0,-1.0,0.0,0.03999999999999995,conservative,Conservador,1.15,GROWTH,0.6,Estado GROWTH; tendencia 60%; volatilidad anualizada 23.2%; drawdown a 252 sesiones -5.9%; exposición propuesta 115%.,HOLD,balanced,Equilibrado,1.5,VOLATILITY_MANAGED,0.6,Estado VOLATILITY_MANAGED; tendencia 60%; volatilidad anualizada 23.2%; drawdown a 252 sesiones -5.9%; exposición propuesta 150%.,HOLD,aggressive,Agresivo,1.75,GROWTH,0.6,Estado GROWTH; tendencia 60%; volatilidad anualizada 23.2%; drawdown a 252 sesiones -5.9%; exposición propuesta 175%.,HOLD
2022-01-14,0.6,0.2119013413775468,-0.0581686709253856,-0.0161922792976093,0.19999999999999996,0.0,0.0,-1.0,0.0,0.03999999999999995,conservative,Conservador,1.15,GROWTH,0.6,Estado GROWTH; tendencia 60%; volatilidad anualizada 21.2%; drawdown a 252 sesiones -5.8%; exposición propuesta 115%.,HOLD,balanced,Equilibrado,1.5,VOLATILITY_MANAGED,0.6,Estado VOLATILITY_MANAGED; tendencia 60%; volatilidad anualizada 21.2%; drawdown a 252 sesiones -5.8%; exposición propuesta 150%.,HOLD,aggressive,Agresivo,1.75,GROWTH,0.6,Estado GROWTH; tendencia 60%; volatilidad anualizada 21.2%; drawdown a 252 sesiones -5.8%; exposición propuesta 175%.,HOLD
2022-01-21,0.0,0.2211336895407163,-0.1283580686266238,-0.0437470568061275,-1.0,0.0,0.0,-1.0,0.0,-0.7999999999999999,conservative,Conservador,0.7,DEFENSIVE,1.0,Estado DEFENSIVE; tendencia 0%; volatilidad anualizada 22.1%; drawdown a 252 sesiones -12.8%; exposición propuesta 70%.,REDUCE,balanced,Equilibrado,0.7,DEFENSIVE,1.0,Estado DEFENSIVE; tendencia 0%; volatilidad anualizada 22.1%; drawdown a 252 sesiones -12.8%; exposición propuesta 70%.,REDUCE,aggressive,Agresivo,0.7,DEFENSIVE,1.0,Estado DEFENSIVE; tendencia 0%; volatilidad anualizada 22.1%; drawdown a 252 sesiones -12.8%; exposición propuesta 70%.,REDUCE
2022-01-28,0.0,0.252116762396558,-0.1280856592167623,-0.0494231696774387,-1.0,0.0,0.0,-1.0,0.0,-0.7999999999999999,conservative,Conservador,0.7,DEFENSIVE,1.0,Estado DEFENSIVE; tendencia 0%; volatilidad anualizada 25.2%; drawdown a 252 sesiones -12.8%; exposición propuesta 70%.,HOLD,balanced,Equilibrado,0.7,DEFENSIVE,1.0,Estado DEFENSIVE; tendencia 0%; volatilidad anualizada 25.2%; drawdown a 252 sesiones -12.8%; exposición propuesta 70%.,HOLD,aggressive,Agresivo,0.7,DEFENSIVE,1.0,Estado DEFENSIVE; tendencia 0%; volatilidad anualizada 25.2%; drawdown a 252 sesiones -12.8%; exposición propuesta 70%.,HOLD
2022-02-04,0.2,0.3061076061583099,-0.1126943718970622,-0.0266140598272531,-0.6,0.0,0.0,-1.0,0.0,-0.52,conservative,Conservador,0.7,DEFENSIVE,0.8,Estado DEFENSIVE; tendencia 20%; volatilidad anualizada 30.6%; drawdown a 252 sesiones -11.3%; exposición propuesta 70%.,HOLD,balanced,Equilibrado,0.7,DEFENSIVE,0.8,Estado DEFENSIVE; tendencia 20%; volatilidad anualizada 30.6%; drawdown a 252 sesiones -11.3%; exposición propuesta 70%.,HOLD,aggressive,Agresivo,0.7,DEFENSIVE,0.8,Estado DEFENSIVE; tendencia 20%; volatilidad anualizada 30.6%; drawdown a 252 sesiones -11.3%; exposición propuesta 70%.,HOLD
2022-02-11,0.0,0.3285220868385421,-0.1398333539326735,-0.0292094125664331,-1.0,0.0,0.0,-1.0,0.0,-0.7999999999999999,conservative,Conservador,0.7,DEFENSIVE,1.0,Estado DEFENSIVE; tendencia 0%; volatilidad anualizada 32.9%; drawdown a 252 sesiones -14.0%; exposición propuesta 70%.,HOLD,balanced,Equilibrado,0.7,DEFENSIVE,1.0,Estado DEFENSIVE; tendencia 0%; volatilidad anualizada 32.9%; drawdown a 252 sesiones -14.0%; exposición propuesta 70%.,HOLD,aggressive,Agresivo,0.7,DEFENSIVE,1.0,Estado DEFENSIVE; tendencia 0%; volatilidad anualizada 32.9%; drawdown a 252 sesiones -14.0%; exposición propuesta 70%.,HOLD
2022-02-18,0.0,0.3326976815296144,-0.1535886281680046,-0.0203841815127456,-1.0,0.0,0.5,-1.0,0.5,-0.8999999999999999,conservative,Conservador,0.7,DEFENSIVE,1.0,Estado DEFENSIVE; tendencia 0%; volatilidad anualizada 33.3%; drawdown a 252 sesiones -15.4%; exposición propuesta 70%.,HOLD,balanced,Equilibrado,0.7,DEFENSIVE,1.0,Estado DEFENSIVE; tendencia 0%; volatilidad anualizada 33.3%; drawdown a 252 sesiones -15.4%; exposición propuesta 70%.,HOLD,aggressive,Agresivo,0.7,DEFENSIVE,1.0,Estado DEFENSIVE; tendencia 0%; volatilidad anualizada 33.3%; drawdown a 252 sesiones -15.4%; exposición propuesta 70%.,HOLD
2022-02-25,0.2,0.3609769110007784,-0.143030662091849,-0.0014052580175327,-0.6,0.5,0.0,-1.0,0.5,-0.62,conservative,Conservador,0.7,DEFENSIVE,0.8,Estado DEFENSIVE; tendencia 20%; volatilidad anualizada 36.1%; drawdown a 252 sesiones -14.3%; exposición propuesta 70%.,HOLD,balanced,Equilibrado,0.7,DEFENSIVE,0.8,Estado DEFENSIVE; tendencia 20%; volatilidad anualizada 36.1%; drawdown a 252 sesiones -14.3%; exposición propuesta 70%.,HOLD,aggressive,Agresivo,0.7,DEFENSIVE,0.8,Estado DEFENSIVE; tendencia 20%; volatilidad anualizada 36.1%; drawdown a 252 sesiones -14.3%; exposición propuesta 70%.,HOLD
2022-03-04,0.0,0.3030225090109814,-0.1640230760346032,-0.0136517266690763,-1.0,0.0,0.5,-1.0,0.5,-0.8999999999999999,conservative,Conservador,0.7,DEFENSIVE,1.0,Estado DEFENSIVE; tendencia 0%; volatilidad anualizada 30.3%; drawdown a 252 sesiones -16.4%; exposición propuesta 70%.,HOLD,balanced,Equilibrado,0.7,DEFENSIVE,1.0,Estado DEFENSIVE; tendencia 0%; volatilidad anualizada 30.3%; drawdown a 252 sesiones -16.4%; exposición propuesta 70%.,HOLD,aggressive,Agresivo,0.7,DEFENSIVE,1.0,Estado DEFENSIVE; tendencia 0%; volatilidad anualizada 30.3%; drawdown a 252 sesiones -16.4%; exposición propuesta 70%.,HOLD
2022-03-11,0.0,0.3354429762825379,-0.1959947566636789,-0.0298436113770179,-1.0,0.0,0.5,-1.0,0.5,-0.8999999999999999,conservative,Conservador,0.7,DEFENSIVE,1.0,Estado DEFENSIVE; tendencia 0%; volatilidad anualizada 33.5%; drawdown a 252 sesiones -19.6%; exposición propuesta 70%.,HOLD,balanced,Equilibrado,0.7,DEFENSIVE,1.0,Estado DEFENSIVE; tendencia 0%; volatilidad anualizada 33.5%; drawdown a 252 sesiones -19.6%; exposición propuesta 70%.,HOLD,aggressive,Agresivo,0.7,DEFENSIVE,1.0,Estado DEFENSIVE; tendencia 0%; volatilidad anualizada 33.5%; drawdown a 252 sesiones -19.6%; exposición propuesta 70%.,HOLD
2022-03-18,0.2,0.3586059150034822,-0.1288538537525719,-0.0027436914082552,-0.6,0.5,0.0,-1.0,0.5,-0.62,conservative,Conservador,0.7,DEFENSIVE,0.8,Estado DEFENSIVE; tendencia 20%; volatilidad anualizada 35.9%; drawdown a 252 sesiones -12.9%; exposición propuesta 70%.,HOLD,balanced,Equilibrado,0.7,DEFENSIVE,0.8,Estado DEFENSIVE; tendencia 20%; volatilidad anualizada 35.9%; drawdown a 252 sesiones -12.9%; exposición propuesta 70%.,HOLD,aggressive,Agresivo,0.7,DEFENSIVE,0.8,Estado DEFENSIVE; tendencia 20%; volatilidad anualizada 35.9%; drawdown a 252 sesiones -12.9%; exposición propuesta 70%.,HOLD
2022-03-25,0.4,0.335011664017715,-0.1082722331998889,0.0032178013070223,-0.19999999999999996,0.0,0.0,1.0,0.0,-0.03999999999999995,conservative,Conservador,0.7,DEFENSIVE,0.6,Estado DEFENSIVE; tendencia 40%; volatilidad anualizada 33.5%; drawdown a 252 sesiones -10.8%; exposición propuesta 70%.,HOLD,balanced,Equilibrado,0.7,DEFENSIVE,0.6,Estado DEFENSIVE; tendencia 40%; volatilidad anualizada 33.5%; drawdown a 252 sesiones -10.8%; exposición propuesta 70%.,HOLD,aggressive,Agresivo,0.7,DEFENSIVE,0.6,Estado DEFENSIVE; tendencia 40%; volatilidad anualizada 33.5%; drawdown a 252 sesiones -10.8%; exposición propuesta 70%.,HOLD
2022-04-01,0.6,0.328744317606169,-0.1020686147934809,0.022841018571067,0.19999999999999996,0.0,0.0,1.0,0.0,0.23999999999999996,conservative,Conservador,1.15,GROWTH,0.6,Estado GROWTH; tendencia 60%; volatilidad anualizada 32.9%; drawdown a 252 sesiones -10.2%; exposición propuesta 115%.,INCREASE,balanced,Equilibrado,1.064657185707754,VOLATILITY_MANAGED,0.6,Estado VOLATILITY_MANAGED; tendencia 60%; volatilidad anualizada 32.9%; drawdown a 252 sesiones -10.2%; exposición propuesta 106%.,INCREASE,aggressive,Agresivo,1.75,GROWTH,0.6,Estado GROWTH; tendencia 60%; volatilidad anualizada 32.9%; drawdown a 252 sesiones -10.2%; exposición propuesta 175%.,INCREASE
2022-04-08,0.2,0.2933410138504416,-0.1335835815891088,0.0088501641511606,-0.6,0.0,0.0,1.0,0.0,-0.31999999999999995,conservative,Conservador,0.7,DEFENSIVE,0.8,Estado DEFENSIVE; tendencia 20%; volatilidad anualizada 29.3%; drawdown a 252 sesiones -13.4%; exposición propuesta 70%.,REDUCE,balanced,Equilibrado,0.7,DEFENSIVE,0.8,Estado DEFENSIVE; tendencia 20%; volatilidad anualizada 29.3%; drawdown a 252 sesiones -13.4%; exposición propuesta 70%.,REDUCE,aggressive,Agresivo,0.7,DEFENSIVE,0.8,Estado DEFENSIVE; tendencia 20%; volatilidad anualizada 29.3%; drawdown a 252 sesiones -13.4%; exposición propuesta 70%.,REDUCE
2022-04-15,0.2,0.2933410138504416,-0.1335835815891088,0.0088501641511606,-0.6,0.0,0.0,1.0,0.0,-0.31999999999999995,conservative,Conservador,0.7,DEFENSIVE,0.8,Estado DEFENSIVE; tendencia 20%; volatilidad anualizada 29.3%; drawdown a 252 sesiones -13.4%; exposición propuesta 70%.,HOLD,balanced,Equilibrado,0.7,DEFENSIVE,0.8,Estado DEFENSIVE; tendencia 20%; volatilidad anualizada 29.3%; drawdown a 252 sesiones -13.4%; exposición propuesta 70%.,HOLD,aggressive,Agresivo,0.7,DEFENSIVE,0.8,Estado DEFENSIVE; tendencia 20%; volatilidad anualizada 29.3%; drawdown a 252 sesiones -13.4%; exposición propuesta 70%.,HOLD
2022-04-22,0.0,0.2644514979863311,-0.1925190460876249,-0.0409568125921383,-1.0,0.0,0.5,-1.0,0.5,-0.8999999999999999,conservative,Conservador,0.7,DEFENSIVE,1.0,Estado DEFENSIVE; tendencia 0%; volatilidad anualizada 26.4%; drawdown a 252 sesiones -19.3%; exposición propuesta 70%.,HOLD,balanced,Equilibrado,0.7,DEFENSIVE,1.0,Estado DEFENSIVE; tendencia 0%; volatilidad anualizada 26.4%; drawdown a 252 sesiones -19.3%; exposición propuesta 70%.,HOLD,aggressive,Agresivo,0.7,DEFENSIVE,1.0,Estado DEFENSIVE; tendencia 0%; volatilidad anualizada 26.4%; drawdown a 252 sesiones -19.3%; exposición propuesta 70%.,HOLD
2022-04-29,0.0,0.3419103418834425,-0.222669553064886,-0.0481880474270413,-1.0,0.0,0.5,-1.0,0.5,-0.8999999999999999,conservative,Conservador,0.7,DEFENSIVE,1.0,Estado DEFENSIVE; tendencia 0%; volatilidad anualizada 34.2%; drawdown a 252 sesiones -22.3%; exposición propuesta 70%.,HOLD,balanced,Equilibrado,0.7,DEFENSIVE,1.0,Estado DEFENSIVE; tendencia 0%; volatilidad anualizada 34.2%; drawdown a 252 sesiones -22.3%; exposición propuesta 70%.,HOLD,aggressive,Agresivo,0.7,DEFENSIVE,1.0,Estado DEFENSIVE; tendencia 0%; volatilidad anualizada 34.2%; drawdown a 252 sesiones -22.3%; exposición propuesta 70%.,HOLD
2022-05-06,0.0,0.3936420277910923,-0.2325953736476429,-0.0432532519323709,-1.0,0.5,0.5,-1.0,0.5,-0.8999999999999999,conservative,Conservador,0.7,DEFENSIVE,1.0,Estado DEFENSIVE; tendencia 0%; volatilidad anualizada 39.4%; drawdown a 252 sesiones -23.3%; exposición propuesta 70%.,HOLD,balanced,Equilibrado,0.7,DEFENSIVE,1.0,Estado DEFENSIVE; tendencia 0%; volatilidad anualizada 39.4%; drawdown a 252 sesiones -23.3%; exposición propuesta 70%.,HOLD,aggressive,Agresivo,0.7,DEFENSIVE,1.0,Estado DEFENSIVE; tendencia 0%; volatilidad anualizada 39.4%; drawdown a 252 sesiones -23.3%; exposición propuesta 70%.,HOLD
2022-05-13,0.0,0.4336101988077756,-0.2507351940815865,-0.0254302749879129,-1.0,0.5,1.0,-1.0,1.0,-1.0,conservative,Conservador,0.7,DEFENSIVE,1.0,Estado DEFENSIVE; tendencia 0%; volatilidad anualizada 43.4%; drawdown a 252 sesiones -25.1%; exposición propuesta 70%.,HOLD,balanced,Equilibrado,0.7,DEFENSIVE,1.0,Estado DEFENSIVE; tendencia 0%; volatilidad anualizada 43.4%; drawdown a 252 sesiones -25.1%; exposición propuesta 70%.,HOLD,aggressive,Agresivo,0.7,DEFENSIVE,1.0,Estado DEFENSIVE; tendencia 0%; volatilidad anualizada 43.4%; drawdown a 252 sesiones -25.1%; exposición propuesta 70%.,HOLD
2022-05-20,0.0,0.4541280319511219,-0.2836399936863282,-0.0273842986428116,-1.0,0.5,1.0,-1.0,1.0,-1.0,conservative,Conservador,0.7,DEFENSIVE,1.0,Estado DEFENSIVE; tendencia 0%; volatilidad anualizada 45.4%; drawdown a 252 sesiones -28.4%; exposición propuesta 70%.,HOLD,balanced,Equilibrado,0.7,DEFENSIVE,1.0,Estado DEFENSIVE; tendencia 0%; volatilidad anualizada 45.4%; drawdown a 252 sesiones -28.4%; exposición propuesta 70%.,HOLD,aggressive,Agresivo,0.7,DEFENSIVE,1.0,Estado DEFENSIVE; tendencia 0%; volatilidad anualizada 45.4%; drawdown a 252 sesiones -28.4%; exposición propuesta 70%.,HOLD
2022-05-27,0.0,0.431670394877947,-0.2329677962265537,-0.0211610025604965,-1.0,0.5,0.5,-1.0,0.5,-0.8999999999999999,conservative,Conservador,0.7,DEFENSIVE,1.0,Estado DEFENSIVE; tendencia 0%; volatilidad anualizada 43.2%; drawdown a 252 sesiones -23.3%; exposición propuesta 70%.,HOLD,balanced,Equilibrado,0.7,DEFENSIVE,1.0,Estado DEFENSIVE; tendencia 0%; volatilidad anualizada 43.2%; drawdown a 252 sesiones -23.3%; exposición propuesta 70%.,HOLD,aggressive,Agresivo,0.7,DEFENSIVE,1.0,Estado DEFENSIVE; tendencia 0%; volatilidad anualizada 43.2%; drawdown a 252 sesiones -23.3%; exposición propuesta 70%.,HOLD
2022-06-03,0.0,0.3916874522203962,-0.2401642301850173,-0.0138232684857301,-1.0,0.5,0.5,-1.0,0.5,-0.8999999999999999,conservative,Conservador,0.7,DEFENSIVE,1.0,Estado DEFENSIVE; tendencia 0%; volatilidad anualizada 39.2%; drawdown a 252 sesiones -24.0%; exposición propuesta 70%.,HOLD,balanced,Equilibrado,0.7,DEFENSIVE,1.0,Estado DEFENSIVE; tendencia 0%; volatilidad anualizada 39.2%; drawdown a 252 sesiones -24.0%; exposición propuesta 70%.,HOLD,aggressive,Agresivo,0.7,DEFENSIVE,1.0,Estado DEFENSIVE; tendencia 0%; volatilidad anualizada 39.2%; drawdown a 252 sesiones -24.0%; exposición propuesta 70%.,HOLD
2022-06-10,0.0,0.3814664458959531,-0.28324289859801,-0.0014597907807911,-1.0,0.5,1.0,-1.0,1.0,-1.0,conservative,Conservador,0.7,DEFENSIVE,1.0,Estado DEFENSIVE; tendencia 0%; volatilidad anualizada 38.1%; drawdown a 252 sesiones -28.3%; exposición propuesta 70%.,HOLD,balanced,Equilibrado,0.7,DEFENSIVE,1.0,Estado DEFENSIVE; tendencia 0%; volatilidad anualizada 38.1%; drawdown a 252 sesiones -28.3%; exposición propuesta 70%.,HOLD,aggressive,Agresivo,0.7,DEFENSIVE,1.0,Estado DEFENSIVE; tendencia 0%; volatilidad anualizada 38.1%; drawdown a 252 sesiones -28.3%; exposición propuesta 70%.,HOLD
2022-06-17,0.0,0.3786008412505679,-0.3183565493604294,0.0051190618605373,-1.0,0.5,1.0,1.0,1.0,-0.8,conservative,Conservador,0.7,DEFENSIVE,1.0,Estado DEFENSIVE; tendencia 0%; volatilidad anualizada 37.9%; drawdown a 252 sesiones -31.8%; exposición propuesta 70%.,HOLD,balanced,Equilibrado,0.7,DEFENSIVE,1.0,Estado DEFENSIVE; tendencia 0%; volatilidad anualizada 37.9%; drawdown a 252 sesiones -31.8%; exposición propuesta 70%.,HOLD,aggressive,Agresivo,0.7,DEFENSIVE,1.0,Estado DEFENSIVE; tendencia 0%; volatilidad anualizada 37.9%; drawdown a 252 sesiones -31.8%; exposición propuesta 70%.,HOLD
2022-06-24,0.2,0.3989554461493915,-0.2675195052920587,0.0275512155958778,-0.6,0.5,1.0,1.0,1.0,-0.52,conservative,Conservador,0.7,DEFENSIVE,0.8,Estado DEFENSIVE; tendencia 20%; volatilidad anualizada 39.9%; drawdown a 252 sesiones -26.8%; exposición propuesta 70%.,HOLD,balanced,Equilibrado,0.7,DEFENSIVE,0.8,Estado DEFENSIVE; tendencia 20%; volatilidad anualizada 39.9%; drawdown a 252 sesiones -26.8%; exposición propuesta 70%.,HOLD,aggressive,Agresivo,0.7,DEFENSIVE,0.8,Estado DEFENSIVE; tendencia 20%; volatilidad anualizada 39.9%; drawdown a 252 sesiones -26.8%; exposición propuesta 70%.,HOLD
2022-07-01,0.0,0.365007953384864,-0.2985480267129337,-0.0181934896999013,-1.0,0.5,1.0,-1.0,1.0,-1.0,conservative,Conservador,0.7,DEFENSIVE,1.0,Estado DEFENSIVE; tendencia 0%; volatilidad anualizada 36.5%; drawdown a 252 sesiones -29.9%; exposición propuesta 70%.,HOLD,balanced,Equilibrado,0.7,DEFENSIVE,1.0,Estado DEFENSIVE; tendencia 0%; volatilidad anualizada 36.5%; drawdown a 252 sesiones -29.9%; exposición propuesta 70%.,HOLD,aggressive,Agresivo,0.7,DEFENSIVE,1.0,Estado DEFENSIVE; tendencia 0%; volatilidad anualizada 36.5%; drawdown a 252 sesiones -29.9%; exposición propuesta 70%.,HOLD
2022-07-08,0.0,0.3727900414694061,-0.2656797299691135,0.0126498413195511,-1.0,0.5,1.0,1.0,1.0,-0.8,conservative,Conservador,0.7,DEFENSIVE,1.0,Estado DEFENSIVE; tendencia 0%; volatilidad anualizada 37.3%; drawdown a 252 sesiones -26.6%; exposición propuesta 70%.,HOLD,balanced,Equilibrado,0.7,DEFENSIVE,1.0,Estado DEFENSIVE; tendencia 0%; volatilidad anualizada 37.3%; drawdown a 252 sesiones -26.6%; exposición propuesta 70%.,HOLD,aggressive,Agresivo,0.7,DEFENSIVE,1.0,Estado DEFENSIVE; tendencia 0%; volatilidad anualizada 37.3%; drawdown a 252 sesiones -26.6%; exposición propuesta 70%.,HOLD
2022-07-15,0.2,0.296145859978342,-0.2743317641513575,0.0140308265996516,-0.6,0.0,1.0,1.0,1.0,-0.52,conservative,Conservador,0.7,DEFENSIVE,0.8,Estado DEFENSIVE; tendencia 20%; volatilidad anualizada 29.6%; drawdown a 252 sesiones -27.4%; exposición propuesta 70%.,HOLD,balanced,Equilibrado,0.7,DEFENSIVE,0.8,Estado DEFENSIVE; tendencia 20%; volatilidad anualizada 29.6%; drawdown a 252 sesiones -27.4%; exposición propuesta 70%.,HOLD,aggressive,Agresivo,0.7,DEFENSIVE,0.8,Estado DEFENSIVE; tendencia 20%; volatilidad anualizada 29.6%; drawdown a 252 sesiones -27.4%; exposición propuesta 70%.,HOLD
2022-07-22,0.4,0.2734676539602052,-0.2491707079251213,0.0151258997041086,-0.19999999999999996,0.0,0.5,1.0,0.5,-0.13999999999999996,conservative,Conservador,0.7,DEFENSIVE,0.6,Estado DEFENSIVE; tendencia 40%; volatilidad anualizada 27.3%; drawdown a 252 sesiones -24.9%; exposición propuesta 70%.,HOLD,balanced,Equilibrado,0.7,DEFENSIVE,0.6,Estado DEFENSIVE; tendencia 40%; volatilidad anualizada 27.3%; drawdown a 252 sesiones -24.9%; exposición propuesta 70%.,HOLD,aggressive,Agresivo,0.7,DEFENSIVE,0.6,Estado DEFENSIVE; tendencia 40%; volatilidad anualizada 27.3%; drawdown a 252 sesiones -24.9%; exposición propuesta 70%.,HOLD
2022-07-29,0.4,0.2679454344371152,-0.2156807729079969,0.0334296597956571,-0.19999999999999996,0.0,0.5,1.0,0.5,-0.13999999999999996,conservative,Conservador,0.7,DEFENSIVE,0.6,Estado DEFENSIVE; tendencia 40%; volatilidad anualizada 26.8%; drawdown a 252 sesiones -21.6%; exposición propuesta 70%.,HOLD,balanced,Equilibrado,0.7,DEFENSIVE,0.6,Estado DEFENSIVE; tendencia 40%; volatilidad anualizada 26.8%; drawdown a 252 sesiones -21.6%; exposición propuesta 70%.,HOLD,aggressive,Agresivo,0.7,DEFENSIVE,0.6,Estado DEFENSIVE; tendencia 40%; volatilidad anualizada 26.8%; drawdown a 252 sesiones -21.6%; exposición propuesta 70%.,HOLD
2022-08-05,0.6,0.2763456644002781,-0.2000420600128826,0.025578277565472,0.19999999999999996,0.0,0.5,1.0,0.5,0.13999999999999996,conservative,Conservador,1.15,GROWTH,0.6,Estado GROWTH; tendencia 60%; volatilidad anualizada 27.6%; drawdown a 252 sesiones -20.0%; exposición propuesta 115%.,INCREASE,balanced,Equilibrado,1.2665297310148347,VOLATILITY_MANAGED,0.6,Estado VOLATILITY_MANAGED; tendencia 60%; volatilidad anualizada 27.6%; drawdown a 252 sesiones -20.0%; exposición propuesta 127%.,INCREASE,aggressive,Agresivo,1.75,GROWTH,0.6,Estado GROWTH; tendencia 60%; volatilidad anualizada 27.6%; drawdown a 252 sesiones -20.0%; exposición propuesta 175%.,INCREASE
2022-08-12,0.6,0.2767399408248194,-0.1785606322637969,0.0230003250494661,0.19999999999999996,0.0,0.5,1.0,0.5,0.13999999999999996,conservative,Conservador,1.15,GROWTH,0.6,Estado GROWTH; tendencia 60%; volatilidad anualizada 27.7%; drawdown a 252 sesiones -17.9%; exposición propuesta 115%.,HOLD,balanced,Equilibrado,1.2647252830828468,VOLATILITY_MANAGED,0.6,Estado VOLATILITY_MANAGED; tendencia 60%; volatilidad anualizada 27.7%; drawdown a 252 sesiones -17.9%; exposición propuesta 126%.,HOLD,aggressive,Agresivo,1.75,GROWTH,0.6,Estado GROWTH; tendencia 60%; volatilidad anualizada 27.7%; drawdown a 252 sesiones -17.9%; exposición propuesta 175%.,HOLD
2022-08-19,0.6,0.261261320968434,-0.1972822413659448,0.0006426507270176,0.19999999999999996,0.0,0.5,1.0,0.5,0.13999999999999996,conservative,Conservador,1.15,GROWTH,0.6,Estado GROWTH; tendencia 60%; volatilidad anualizada 26.1%; drawdown a 252 sesiones -19.7%; exposición propuesta 115%.,HOLD,balanced,Equilibrado,1.3396548662566377,VOLATILITY_MANAGED,0.6,Estado VOLATILITY_MANAGED; tendencia 60%; volatilidad anualizada 26.1%; drawdown a 252 sesiones -19.7%; exposición propuesta 134%.,INCREASE,aggressive,Agresivo,1.75,GROWTH,0.6,Estado GROWTH; tendencia 60%; volatilidad anualizada 26.1%; drawdown a 252 sesiones -19.7%; exposición propuesta 175%.,HOLD
2022-08-26,0.4,0.2682050744238321,-0.2356205190597858,-0.0092091920480066,-0.19999999999999996,0.0,0.5,-1.0,0.5,-0.33999999999999997,conservative,Conservador,0.7,DEFENSIVE,0.6,Estado DEFENSIVE; tendencia 40%; volatilidad anualizada 26.8%; drawdown a 252 sesiones -23.6%; exposición propuesta 70%.,REDUCE,balanced,Equilibrado,0.7,DEFENSIVE,0.6,Estado DEFENSIVE; tendencia 40%; volatilidad anualizada 26.8%; drawdown a 252 sesiones -23.6%; exposición propuesta 70%.,REDUCE,aggressive,Agresivo,0.7,DEFENSIVE,0.6,Estado DEFENSIVE; tendencia 40%; volatilidad anualizada 26.8%; drawdown a 252 sesiones -23.6%; exposición propuesta 70%.,REDUCE
2022-09-02,0.0,0.2500798873633557,-0.2661270262201062,-0.0312646611166487,-1.0,0.0,1.0,-1.0,1.0,-1.0,conservative,Conservador,0.7,DEFENSIVE,1.0,Estado DEFENSIVE; tendencia 0%; volatilidad anualizada 25.0%; drawdown a 252 sesiones -26.6%; exposición propuesta 70%.,HOLD,balanced,Equilibrado,0.7,DEFENSIVE,1.0,Estado DEFENSIVE; tendencia 0%; volatilidad anualizada 25.0%; drawdown a 252 sesiones -26.6%; exposición propuesta 70%.,HOLD,aggressive,Agresivo,0.7,DEFENSIVE,1.0,Estado DEFENSIVE; tendencia 0%; volatilidad anualizada 25.0%; drawdown a 252 sesiones -26.6%; exposición propuesta 70%.,HOLD
2022-09-09,0.4,0.2561902681012067,-0.2364906725461438,-0.0205435925842745,-0.19999999999999996,0.0,0.5,-1.0,0.5,-0.33999999999999997,conservative,Conservador,0.7,DEFENSIVE,0.6,Estado DEFENSIVE; tendencia 40%; volatilidad anualizada 25.6%; drawdown a 252 sesiones -23.6%; exposición propuesta 70%.,HOLD,balanced,Equilibrado,0.7,DEFENSIVE,0.6,Estado DEFENSIVE; tendencia 40%; volatilidad anualizada 25.6%; drawdown a 252 sesiones -23.6%; exposición propuesta 70%.,HOLD,aggressive,Agresivo,0.7,DEFENSIVE,0.6,Estado DEFENSIVE; tendencia 40%; volatilidad anualizada 25.6%; drawdown a 252 sesiones -23.6%; exposición propuesta 70%.,HOLD
2022-09-16,0.2,0.3097839908390564,-0.2806719764189962,-0.0261299417277904,-0.6,0.0,1.0,-1.0,1.0,-0.72,conservative,Conservador,0.7,DEFENSIVE,0.8,Estado DEFENSIVE; tendencia 20%; volatilidad anualizada 31.0%; drawdown a 252 sesiones -28.1%; exposición propuesta 70%.,HOLD,balanced,Equilibrado,0.7,DEFENSIVE,0.8,Estado DEFENSIVE; tendencia 20%; volatilidad anualizada 31.0%; drawdown a 252 sesiones -28.1%; exposición propuesta 70%.,HOLD,aggressive,Agresivo,0.7,DEFENSIVE,0.8,Estado DEFENSIVE; tendencia 20%; volatilidad anualizada 31.0%; drawdown a 252 sesiones -28.1%; exposición propuesta 70%.,HOLD
2022-09-23,0.0,0.291861639979008,-0.3137761797117566,-0.0197422808413307,-1.0,0.0,1.0,-1.0,1.0,-1.0,conservative,Conservador,0.7,DEFENSIVE,1.0,Estado DEFENSIVE; tendencia 0%; volatilidad anualizada 29.2%; drawdown a 252 sesiones -31.4%; exposición propuesta 70%.,HOLD,balanced,Equilibrado,0.7,DEFENSIVE,1.0,Estado DEFENSIVE; tendencia 0%; volatilidad anualizada 29.2%; drawdown a 252 sesiones -31.4%; exposición propuesta 70%.,HOLD,aggressive,Agresivo,0.7,DEFENSIVE,1.0,Estado DEFENSIVE; tendencia 0%; volatilidad anualizada 29.2%; drawdown a 252 sesiones -31.4%; exposición propuesta 70%.,HOLD
2022-09-30,0.0,0.2935750720122708,-0.3343247998102162,-0.0104590684471552,-1.0,0.0,1.0,-1.0,1.0,-1.0,conservative,Conservador,0.7,DEFENSIVE,1.0,Estado DEFENSIVE; tendencia 0%; volatilidad anualizada 29.4%; drawdown a 252 sesiones -33.4%; exposición propuesta 70%.,HOLD,balanced,Equilibrado,0.7,DEFENSIVE,1.0,Estado DEFENSIVE; tendencia 0%; volatilidad anualizada 29.4%; drawdown a 252 sesiones -33.4%; exposición propuesta 70%.,HOLD,aggressive,Agresivo,0.7,DEFENSIVE,1.0,Estado DEFENSIVE; tendencia 0%; volatilidad anualizada 29.4%; drawdown a 252 sesiones -33.4%; exposición propuesta 70%.,HOLD
2022-10-07,0.0,0.3294218647035152,-0.3297417838987048,-0.0180528777431699,-1.0,0.0,1.0,-1.0,1.0,-1.0,conservative,Conservador,0.7,DEFENSIVE,1.0,Estado DEFENSIVE; tendencia 0%; volatilidad anualizada 32.9%; drawdown a 252 sesiones -33.0%; exposición propuesta 70%.,HOLD,balanced,Equilibrado,0.7,DEFENSIVE,1.0,Estado DEFENSIVE; tendencia 0%; volatilidad anualizada 32.9%; drawdown a 252 sesiones -33.0%; exposición propuesta 70%.,HOLD,aggressive,Agresivo,0.7,DEFENSIVE,1.0,Estado DEFENSIVE; tendencia 0%; volatilidad anualizada 32.9%; drawdown a 252 sesiones -33.0%; exposición propuesta 70%.,HOLD
2022-10-14,0.0,0.2981472591887118,-0.3505645646103751,-0.024723665888428,-1.0,0.0,1.0,-1.0,1.0,-1.0,conservative,Conservador,0.7,DEFENSIVE,1.0,Estado DEFENSIVE; tendencia 0%; volatilidad anualizada 29.8%; drawdown a 252 sesiones -35.1%; exposición propuesta 70%.,HOLD,balanced,Equilibrado,0.7,DEFENSIVE,1.0,Estado DEFENSIVE; tendencia 0%; volatilidad anualizada 29.8%; drawdown a 252 sesiones -35.1%; exposición propuesta 70%.,HOLD,aggressive,Agresivo,0.7,DEFENSIVE,1.0,Estado DEFENSIVE; tendencia 0%; volatilidad anualizada 29.8%; drawdown a 252 sesiones -35.1%; exposición propuesta 70%.,HOLD
2022-10-21,0.0,0.3271246624425121,-0.3140003337404426,-0.0175570256975189,-1.0,0.0,1.0,-1.0,1.0,-1.0,conservative,Conservador,0.7,DEFENSIVE,1.0,Estado DEFENSIVE; tendencia 0%; volatilidad anualizada 32.7%; drawdown a 252 sesiones -31.4%; exposición propuesta 70%.,HOLD,balanced,Equilibrado,0.7,DEFENSIVE,1.0,Estado DEFENSIVE; tendencia 0%; volatilidad anualizada 32.7%; drawdown a 252 sesiones -31.4%; exposición propuesta 70%.,HOLD,aggressive,Agresivo,0.7,DEFENSIVE,1.0,Estado DEFENSIVE; tendencia 0%; volatilidad anualizada 32.7%; drawdown a 252 sesiones -31.4%; exposición propuesta 70%.,HOLD
2022-10-28,0.2,0.3394838156809281,-0.2995540735791825,-0.0369089298343736,-0.6,0.0,1.0,-1.0,1.0,-0.72,conservative,Conservador,0.7,DEFENSIVE,0.8,Estado DEFENSIVE; tendencia 20%; volatilidad anualizada 33.9%; drawdown a 252 sesiones -30.0%; exposición propuesta 70%.,HOLD,balanced,Equilibrado,0.7,DEFENSIVE,0.8,Estado DEFENSIVE; tendencia 20%; volatilidad anualizada 33.9%; drawdown a 252 sesiones -30.0%; exposición propuesta 70%.,HOLD,aggressive,Agresivo,0.7,DEFENSIVE,0.8,Estado DEFENSIVE; tendencia 20%; volatilidad anualizada 33.9%; drawdown a 252 sesiones -30.0%; exposición propuesta 70%.,HOLD
2022-11-04,0.0,0.3223872800715519,-0.3407509377888512,-0.0538022897010267,-1.0,0.0,1.0,-1.0,1.0,-1.0,conservative,Conservador,0.7,DEFENSIVE,1.0,Estado DEFENSIVE; tendencia 0%; volatilidad anualizada 32.2%; drawdown a 252 sesiones -34.1%; exposición propuesta 70%.,HOLD,balanced,Equilibrado,0.7,DEFENSIVE,1.0,Estado DEFENSIVE; tendencia 0%; volatilidad anualizada 32.2%; drawdown a 252 sesiones -34.1%; exposición propuesta 70%.,HOLD,aggressive,Agresivo,0.7,DEFENSIVE,1.0,Estado DEFENSIVE; tendencia 0%; volatilidad anualizada 32.2%; drawdown a 252 sesiones -34.1%; exposición propuesta 70%.,HOLD
2022-11-11,0.4,0.3995542924664115,-0.2827668047808318,-0.0099130148460264,-0.19999999999999996,0.5,1.0,-1.0,1.0,-0.43999999999999995,conservative,Conservador,0.7,DEFENSIVE,0.6,Estado DEFENSIVE; tendencia 40%; volatilidad anualizada 40.0%; drawdown a 252 sesiones -28.3%; exposición propuesta 70%.,HOLD,balanced,Equilibrado,0.7,DEFENSIVE,0.6,Estado DEFENSIVE; tendencia 40%; volatilidad anualizada 40.0%; drawdown a 252 sesiones -28.3%; exposición propuesta 70%.,HOLD,aggressive,Agresivo,0.7,DEFENSIVE,0.6,Estado DEFENSIVE; tendencia 40%; volatilidad anualizada 40.0%; drawdown a 252 sesiones -28.3%; exposición propuesta 70%.,HOLD
2022-11-18,0.4,0.3859935974697061,-0.2905875232754382,-0.0239538636898131,-0.19999999999999996,0.5,1.0,-1.0,1.0,-0.43999999999999995,conservative,Conservador,0.7,DEFENSIVE,0.6,Estado DEFENSIVE; tendencia 40%; volatilidad anualizada 38.6%; drawdown a 252 sesiones -29.1%; exposición propuesta 70%.,HOLD,balanced,Equilibrado,0.7,DEFENSIVE,0.6,Estado DEFENSIVE; tendencia 40%; volatilidad anualizada 38.6%; drawdown a 252 sesiones -29.1%; exposición propuesta 70%.,HOLD,aggressive,Agresivo,0.7,DEFENSIVE,0.6,Estado DEFENSIVE; tendencia 40%; volatilidad anualizada 38.6%; drawdown a 252 sesiones -29.1%; exposición propuesta 70%.,HOLD
2022-11-25,0.4,0.3686327301543481,-0.2853567956185359,-0.0073288624492278,-0.19999999999999996,0.5,1.0,-1.0,1.0,-0.43999999999999995,conservative,Conservador,0.7,DEFENSIVE,0.6,Estado DEFENSIVE; tendencia 40%; volatilidad anualizada 36.9%; drawdown a 252 sesiones -28.5%; exposición propuesta 70%.,HOLD,balanced,Equilibrado,0.7,DEFENSIVE,0.6,Estado DEFENSIVE; tendencia 40%; volatilidad anualizada 36.9%; drawdown a 252 sesiones -28.5%; exposición propuesta 70%.,HOLD,aggressive,Agresivo,0.7,DEFENSIVE,0.6,Estado DEFENSIVE; tendencia 40%; volatilidad anualizada 36.9%; drawdown a 252 sesiones -28.5%; exposición propuesta 70%.,HOLD
2022-12-02,0.4,0.3512611086993722,-0.2713338596802007,0.026313294585603,-0.19999999999999996,0.5,1.0,1.0,1.0,-0.23999999999999996,conservative,Conservador,0.7,DEFENSIVE,0.6,Estado DEFENSIVE; tendencia 40%; volatilidad anualizada 35.1%; drawdown a 252 sesiones -27.1%; exposición propuesta 70%.,HOLD,balanced,Equilibrado,0.7,DEFENSIVE,0.6,Estado DEFENSIVE; tendencia 40%; volatilidad anualizada 35.1%; drawdown a 252 sesiones -27.1%; exposición propuesta 70%.,HOLD,aggressive,Agresivo,0.7,DEFENSIVE,0.6,Estado DEFENSIVE; tendencia 40%; volatilidad anualizada 35.1%; drawdown a 252 sesiones -27.1%; exposición propuesta 70%.,HOLD
2022-12-09,0.2,0.2451845112322808,-0.2975117813178202,0.0010613547547831,-0.6,0.0,1.0,1.0,1.0,-0.52,conservative,Conservador,0.7,DEFENSIVE,0.8,Estado DEFENSIVE; tendencia 20%; volatilidad anualizada 24.5%; drawdown a 252 sesiones -29.8%; exposición propuesta 70%.,HOLD,balanced,Equilibrado,0.7,DEFENSIVE,0.8,Estado DEFENSIVE; tendencia 20%; volatilidad anualizada 24.5%; drawdown a 252 sesiones -29.8%; exposición propuesta 70%.,HOLD,aggressive,Agresivo,0.7,DEFENSIVE,0.8,Estado DEFENSIVE; tendencia 20%; volatilidad anualizada 24.5%; drawdown a 252 sesiones -29.8%; exposición propuesta 70%.,HOLD
2022-12-16,0.0,0.2630806156912625,-0.316914569607142,-0.0137158686473266,-1.0,0.0,1.0,-1.0,1.0,-1.0,conservative,Conservador,0.7,DEFENSIVE,1.0,Estado DEFENSIVE; tendencia 0%; volatilidad anualizada 26.3%; drawdown a 252 sesiones -31.7%; exposición propuesta 70%.,HOLD,balanced,Equilibrado,0.7,DEFENSIVE,1.0,Estado DEFENSIVE; tendencia 0%; volatilidad anualizada 26.3%; drawdown a 252 sesiones -31.7%; exposición propuesta 70%.,HOLD,aggressive,Agresivo,0.7,DEFENSIVE,1.0,Estado DEFENSIVE; tendencia 0%; volatilidad anualizada 26.3%; drawdown a 252 sesiones -31.7%; exposición propuesta 70%.,HOLD
2022-12-23,0.0,0.2730605611827039,-0.3324815999118328,-0.0220432992287976,-1.0,0.0,1.0,-1.0,1.0,-1.0,conservative,Conservador,0.7,DEFENSIVE,1.0,Estado DEFENSIVE; tendencia 0%; volatilidad anualizada 27.3%; drawdown a 252 sesiones -33.2%; exposición propuesta 70%.,HOLD,balanced,Equilibrado,0.7,DEFENSIVE,1.0,Estado DEFENSIVE; tendencia 0%; volatilidad anualizada 27.3%; drawdown a 252 sesiones -33.2%; exposición propuesta 70%.,HOLD,aggressive,Agresivo,0.7,DEFENSIVE,1.0,Estado DEFENSIVE; tendencia 0%; volatilidad anualizada 27.3%; drawdown a 252 sesiones -33.2%; exposición propuesta 70%.,HOLD
2022-12-30,0.0,0.2307608382255225,-0.3321986804774298,-0.0343175239744687,-1.0,0.0,1.0,-1.0,1.0,-1.0,conservative,Conservador,0.7,DEFENSIVE,1.0,Estado DEFENSIVE; tendencia 0%; volatilidad anualizada 23.1%; drawdown a 252 sesiones -33.2%; exposición propuesta 70%.,HOLD,balanced,Equilibrado,0.7,DEFENSIVE,1.0,Estado DEFENSIVE; tendencia 0%; volatilidad anualizada 23.1%; drawdown a 252 sesiones -33.2%; exposición propuesta 70%.,HOLD,aggressive,Agresivo,0.7,DEFENSIVE,1.0,Estado DEFENSIVE; tendencia 0%; volatilidad anualizada 23.1%; drawdown a 252 sesiones -33.2%; exposición propuesta 70%.,HOLD
2023-01-06,0.2,0.2499744387622085,-0.3009397010879986,-0.0311312376425508,-0.6,0.0,1.0,-1.0,1.0,-0.72,conservative,Conservador,0.7,DEFENSIVE,0.8,Estado DEFENSIVE; tendencia 20%; volatilidad anualizada 25.0%; drawdown a 252 sesiones -30.1%; exposición propuesta 70%.,HOLD,balanced,Equilibrado,0.7,DEFENSIVE,0.8,Estado DEFENSIVE; tendencia 20%; volatilidad anualizada 25.0%; drawdown a 252 sesiones -30.1%; exposición propuesta 70%.,HOLD,aggressive,Agresivo,0.7,DEFENSIVE,0.8,Estado DEFENSIVE; tendencia 20%; volatilidad anualizada 25.0%; drawdown a 252 sesiones -30.1%; exposición propuesta 70%.,HOLD
2023-01-13,0.4,0.2510763544846029,-0.2551759826241583,-0.0193167028057152,-0.19999999999999996,0.0,1.0,-1.0,1.0,-0.43999999999999995,conservative,Conservador,0.7,DEFENSIVE,0.6,Estado DEFENSIVE; tendencia 40%; volatilidad anualizada 25.1%; drawdown a 252 sesiones -25.5%; exposición propuesta 70%.,HOLD,balanced,Equilibrado,0.7,DEFENSIVE,0.6,Estado DEFENSIVE; tendencia 40%; volatilidad anualizada 25.1%; drawdown a 252 sesiones -25.5%; exposición propuesta 70%.,HOLD,aggressive,Agresivo,0.7,DEFENSIVE,0.6,Estado DEFENSIVE; tendencia 40%; volatilidad anualizada 25.1%; drawdown a 252 sesiones -25.5%; exposición propuesta 70%.,HOLD
2023-01-20,0.6,0.2372014380865917,-0.2337842788926923,0.0084381812762859,0.19999999999999996,0.0,0.5,1.0,0.5,0.13999999999999996,conservative,Conservador,1.15,GROWTH,0.6,Estado GROWTH; tendencia 60%; volatilidad anualizada 23.7%; drawdown a 252 sesiones -23.4%; exposición propuesta 115%.,INCREASE,balanced,Equilibrado,1.4755391148692385,VOLATILITY_MANAGED,0.6,Estado VOLATILITY_MANAGED; tendencia 60%; volatilidad anualizada 23.7%; drawdown a 252 sesiones -23.4%; exposición propuesta 148%.,INCREASE,aggressive,Agresivo,1.75,GROWTH,0.6,Estado GROWTH; tendencia 60%; volatilidad anualizada 23.7%; drawdown a 252 sesiones -23.4%; exposición propuesta 175%.,INCREASE
2023-01-27,0.8,0.2087473732099379,-0.1969750279855286,0.0619781661501717,0.6000000000000001,0.0,0.5,1.0,0.5,0.42000000000000004,conservative,Conservador,1.15,GROWTH,0.8,Estado GROWTH; tendencia 80%; volatilidad anualizada 20.9%; drawdown a 252 sesiones -19.7%; exposición propuesta 115%.,HOLD,balanced,Equilibrado,1.5,VOLATILITY_MANAGED,0.8,Estado VOLATILITY_MANAGED; tendencia 80%; volatilidad anualizada 20.9%; drawdown a 252 sesiones -19.7%; exposición propuesta 150%.,HOLD,aggressive,Agresivo,1.75,GROWTH,0.8,Estado GROWTH; tendencia 80%; volatilidad anualizada 20.9%; drawdown a 252 sesiones -19.7%; exposición propuesta 175%.,HOLD
2023-02-03,1.0,0.2486169039536792,-0.1700864441884737,0.0835978873433895,1.0,0.0,0.5,1.0,0.5,0.7,conservative,Conservador,1.15,GROWTH,1.0,Estado GROWTH; tendencia 100%; volatilidad anualizada 24.9%; drawdown a 252 sesiones -17.0%; exposición propuesta 115%.,HOLD,balanced,Equilibrado,1.4077884264265872,VOLATILITY_MANAGED,1.0,Estado VOLATILITY_MANAGED; tendencia 100%; volatilidad anualizada 24.9%; drawdown a 252 sesiones -17.0%; exposición propuesta 141%.,REDUCE,aggressive,Agresivo,1.75,GROWTH,1.0,Estado GROWTH; tendencia 100%; volatilidad anualizada 24.9%; drawdown a 252 sesiones -17.0%; exposición propuesta 175%.,HOLD
2023-02-10,0.8,0.2677505845090587,-0.1876508278038254,0.0460886610389383,0.6000000000000001,0.0,0.5,1.0,0.5,0.42000000000000004,conservative,Conservador,1.15,GROWTH,0.8,Estado GROWTH; tendencia 80%; volatilidad anualizada 26.8%; drawdown a 252 sesiones -18.8%; exposición propuesta 115%.,HOLD,balanced,Equilibrado,1.307186688842349,VOLATILITY_MANAGED,0.8,Estado VOLATILITY_MANAGED; tendencia 80%; volatilidad anualizada 26.8%; drawdown a 252 sesiones -18.8%; exposición propuesta 131%.,REDUCE,aggressive,Agresivo,1.75,GROWTH,0.8,Estado GROWTH; tendencia 80%; volatilidad anualizada 26.8%; drawdown a 252 sesiones -18.8%; exposición propuesta 175%.,HOLD
2023-02-17,1.0,0.2618219555655203,-0.1836933935224992,0.0366281926028646,1.0,0.0,0.5,1.0,0.5,0.7,conservative,Conservador,1.15,GROWTH,1.0,Estado GROWTH; tendencia 100%; volatilidad anualizada 26.2%; drawdown a 252 sesiones -18.4%; exposición propuesta 115%.,HOLD,balanced,Equilibrado,1.336786287628248,VOLATILITY_MANAGED,1.0,Estado VOLATILITY_MANAGED; tendencia 100%; volatilidad anualizada 26.2%; drawdown a 252 sesiones -18.4%; exposición propuesta 134%.,HOLD,aggressive,Agresivo,1.75,GROWTH,1.0,Estado GROWTH; tendencia 100%; volatilidad anualizada 26.2%; drawdown a 252 sesiones -18.4%; exposición propuesta 175%.,HOLD
2023-02-24,0.6,0.2681398145158247,-0.2089284483038336,0.0156003097302274,0.19999999999999996,0.0,0.5,1.0,0.5,0.13999999999999996,conservative,Conservador,1.15,GROWTH,0.6,Estado GROWTH; tendencia 60%; volatilidad anualizada 26.8%; drawdown a 252 sesiones -20.9%; exposición propuesta 115%.,HOLD,balanced,Equilibrado,1.3052891851662864,VOLATILITY_MANAGED,0.6,Estado VOLATILITY_MANAGED; tendencia 60%; volatilidad anualizada 26.8%; drawdown a 252 sesiones -20.9%; exposición propuesta 131%.,HOLD,aggressive,Agresivo,1.75,GROWTH,0.6,Estado GROWTH; tendencia 60%; volatilidad anualizada 26.8%; drawdown a 252 sesiones -20.9%; exposición propuesta 175%.,HOLD
2023-03-03,0.8,0.2150301210558373,-0.1877051596121502,-0.0084165066117423,0.6000000000000001,0.0,0.5,-1.0,0.5,0.22000000000000006,conservative,Conservador,1.15,GROWTH,0.8,Estado GROWTH; tendencia 80%; volatilidad anualizada 21.5%; drawdown a 252 sesiones -18.8%; exposición propuesta 115%.,HOLD,balanced,Equilibrado,1.5,VOLATILITY_MANAGED,0.8,Estado VOLATILITY_MANAGED; tendencia 80%; volatilidad anualizada 21.5%; drawdown a 252 sesiones -18.8%; exposición propuesta 150%.,INCREASE,aggressive,Agresivo,1.75,GROWTH,0.8,Estado GROWTH; tendencia 80%; volatilidad anualizada 21.5%; drawdown a 252 sesiones -18.8%; exposición propuesta 175%.,HOLD
2023-03-10,0.2,0.1970533958679987,-0.2178733397956921,0.0085050271592331,-0.6,0.0,0.5,1.0,0.5,-0.41999999999999993,conservative,Conservador,0.7,DEFENSIVE,0.8,Estado DEFENSIVE; tendencia 20%; volatilidad anualizada 19.7%; drawdown a 252 sesiones -21.8%; exposición propuesta 70%.,REDUCE,balanced,Equilibrado,0.7,DEFENSIVE,0.8,Estado DEFENSIVE; tendencia 20%; volatilidad anualizada 19.7%; drawdown a 252 sesiones -21.8%; exposición propuesta 70%.,REDUCE,aggressive,Agresivo,0.7,DEFENSIVE,0.8,Estado DEFENSIVE; tendencia 20%; volatilidad anualizada 19.7%; drawdown a 252 sesiones -21.8%; exposición propuesta 70%.,REDUCE
2023-03-17,1.0,0.2178799901831673,-0.172309147482384,0.0479441821390085,1.0,0.0,0.5,1.0,0.5,0.7,conservative,Conservador,1.15,GROWTH,1.0,Estado GROWTH; tendencia 100%; volatilidad anualizada 21.8%; drawdown a 252 sesiones -17.2%; exposición propuesta 115%.,INCREASE,balanced,Equilibrado,1.5,VOLATILITY_MANAGED,1.0,Estado VOLATILITY_MANAGED; tendencia 100%; volatilidad anualizada 21.8%; drawdown a 252 sesiones -17.2%; exposición propuesta 150%.,INCREASE,aggressive,Agresivo,1.75,GROWTH,1.0,Estado GROWTH; tendencia 100%; volatilidad anualizada 21.8%; drawdown a 252 sesiones -17.2%; exposición propuesta 175%.,INCREASE
2023-03-24,1.0,0.1978409683741165,-0.1560153508060373,0.0646667421460094,1.0,0.0,0.5,1.0,0.5,0.7,conservative,Conservador,1.15,GROWTH,1.0,Estado GROWTH; tendencia 100%; volatilidad anualizada 19.8%; drawdown a 252 sesiones -15.6%; exposición propuesta 115%.,HOLD,balanced,Equilibrado,1.5,VOLATILITY_MANAGED,1.0,Estado VOLATILITY_MANAGED; tendencia 100%; volatilidad anualizada 19.8%; drawdown a 252 sesiones -15.6%; exposición propuesta 150%.,HOLD,aggressive,Agresivo,1.75,GROWTH,1.0,Estado GROWTH; tendencia 100%; volatilidad anualizada 19.8%; drawdown a 252 sesiones -15.6%; exposición propuesta 175%.,HOLD
2023-03-31,1.0,0.2019269446871463,-0.1243003906431803,0.0558363638622951,1.0,0.0,0.0,1.0,0.0,0.7999999999999999,conservative,Conservador,1.15,GROWTH,1.0,Estado GROWTH; tendencia 100%; volatilidad anualizada 20.2%; drawdown a 252 sesiones -12.4%; exposición propuesta 115%.,HOLD,balanced,Equilibrado,1.5,VOLATILITY_MANAGED,1.0,Estado VOLATILITY_MANAGED; tendencia 100%; volatilidad anualizada 20.2%; drawdown a 252 sesiones -12.4%; exposición propuesta 150%.,HOLD,aggressive,Agresivo,1.75,GROWTH,1.0,Estado GROWTH; tendencia 100%; volatilidad anualizada 20.2%; drawdown a 252 sesiones -12.4%; exposición propuesta 175%.,HOLD
2023-04-07,1.0,0.2019269446871463,-0.1243003906431803,0.0558363638622951,1.0,0.0,0.0,1.0,0.0,0.7999999999999999,conservative,Conservador,1.15,GROWTH,1.0,Estado GROWTH; tendencia 100%; volatilidad anualizada 20.2%; drawdown a 252 sesiones -12.4%; exposición propuesta 115%.,HOLD,balanced,Equilibrado,1.5,VOLATILITY_MANAGED,1.0,Estado VOLATILITY_MANAGED; tendencia 100%; volatilidad anualizada 20.2%; drawdown a 252 sesiones -12.4%; exposición propuesta 150%.,HOLD,aggressive,Agresivo,1.75,GROWTH,1.0,Estado GROWTH; tendencia 100%; volatilidad anualizada 20.2%; drawdown a 252 sesiones -12.4%; exposición propuesta 175%.,HOLD
2023-04-14,1.0,0.1603202202427106,-0.0731405606051412,-0.0053130679082751,1.0,0.0,0.0,-1.0,0.0,0.6,conservative,Conservador,1.15,GROWTH,1.0,Estado GROWTH; tendencia 100%; volatilidad anualizada 16.0%; drawdown a 252 sesiones -7.3%; exposición propuesta 115%.,HOLD,balanced,Equilibrado,1.5,VOLATILITY_MANAGED,1.0,Estado VOLATILITY_MANAGED; tendencia 100%; volatilidad anualizada 16.0%; drawdown a 252 sesiones -7.3%; exposición propuesta 150%.,HOLD,aggressive,Agresivo,1.75,GROWTH,1.0,Estado GROWTH; tendencia 100%; volatilidad anualizada 16.0%; drawdown a 252 sesiones -7.3%; exposición propuesta 175%.,HOLD
2023-04-21,1.0,0.1405113801730567,-0.0452114553596117,-0.0262547859432484,1.0,0.0,0.0,-1.0,0.0,0.6,conservative,Conservador,1.15,GROWTH,1.0,Estado GROWTH; tendencia 100%; volatilidad anualizada 14.1%; drawdown a 252 sesiones -4.5%; exposición propuesta 115%.,HOLD,balanced,Equilibrado,1.5,VOLATILITY_MANAGED,1.0,Estado VOLATILITY_MANAGED; tendencia 100%; volatilidad anualizada 14.1%; drawdown a 252 sesiones -4.5%; exposición propuesta 150%.,HOLD,aggressive,Agresivo,1.75,GROWTH,1.0,Estado GROWTH; tendencia 100%; volatilidad anualizada 14.1%; drawdown a 252 sesiones -4.5%; exposición propuesta 175%.,HOLD
2023-04-28,1.0,0.1693269647119288,-0.0259572957041366,-0.0085005904193422,1.0,0.0,0.0,-1.0,0.0,0.6,conservative,Conservador,1.15,GROWTH,1.0,Estado GROWTH; tendencia 100%; volatilidad anualizada 16.9%; drawdown a 252 sesiones -2.6%; exposición propuesta 115%.,HOLD,balanced,Equilibrado,1.5,VOLATILITY_MANAGED,1.0,Estado VOLATILITY_MANAGED; tendencia 100%; volatilidad anualizada 16.9%; drawdown a 252 sesiones -2.6%; exposición propuesta 150%.,HOLD,aggressive,Agresivo,1.75,GROWTH,1.0,Estado GROWTH; tendencia 100%; volatilidad anualizada 16.9%; drawdown a 252 sesiones -2.6%; exposición propuesta 175%.,HOLD
2023-05-05,1.0,0.1754827869462234,-0.0249605287817976,0.0068109118581838,1.0,0.0,0.0,1.0,0.0,0.7999999999999999,conservative,Conservador,1.15,GROWTH,1.0,Estado GROWTH; tendencia 100%; volatilidad anualizada 17.5%; drawdown a 252 sesiones -2.5%; exposición propuesta 115%.,HOLD,balanced,Equilibrado,1.5,VOLATILITY_MANAGED,1.0,Estado VOLATILITY_MANAGED; tendencia 100%; volatilidad anualizada 17.5%; drawdown a 252 sesiones -2.5%; exposición propuesta 150%.,HOLD,aggressive,Agresivo,1.75,GROWTH,1.0,Estado GROWTH; tendencia 100%; volatilidad anualizada 17.5%; drawdown a 252 sesiones -2.5%; exposición propuesta 175%.,HOLD
2023-05-12,1.0,0.1626416674112623,-0.0184984150419036,0.022387181217327,1.0,0.0,0.0,1.0,0.0,0.7999999999999999,conservative,Conservador,1.15,GROWTH,1.0,Estado GROWTH; tendencia 100%; volatilidad anualizada 16.3%; drawdown a 252 sesiones -1.8%; exposición propuesta 115%.,HOLD,balanced,Equilibrado,1.5,VOLATILITY_MANAGED,1.0,Estado VOLATILITY_MANAGED; tendencia 100%; volatilidad anualizada 16.3%; drawdown a 252 sesiones -1.8%; exposición propuesta 150%.,HOLD,aggressive,Agresivo,1.75,GROWTH,1.0,Estado GROWTH; tendencia 100%; volatilidad anualizada 16.3%; drawdown a 252 sesiones -1.8%; exposición propuesta 175%.,HOLD
2023-05-19,1.0,0.1742872091834318,-0.0022534486494627,0.0472785155342803,1.0,0.0,0.0,1.0,0.0,0.7999999999999999,conservative,Conservador,1.15,GROWTH,1.0,Estado GROWTH; tendencia 100%; volatilidad anualizada 17.4%; drawdown a 252 sesiones -0.2%; exposición propuesta 115%.,HOLD,balanced,Equilibrado,1.5,VOLATILITY_MANAGED,1.0,Estado VOLATILITY_MANAGED; tendencia 100%; volatilidad anualizada 17.4%; drawdown a 252 sesiones -0.2%; exposición propuesta 150%.,HOLD,aggressive,Agresivo,1.75,GROWTH,1.0,Estado GROWTH; tendencia 100%; volatilidad anualizada 17.4%; drawdown a 252 sesiones -0.2%; exposición propuesta 175%.,HOLD
2023-05-26,1.0,0.1797265372824313,0.0,0.0702756910964408,1.0,0.0,0.0,1.0,0.0,0.7999999999999999,conservative,Conservador,1.15,GROWTH,1.0,Estado GROWTH; tendencia 100%; volatilidad anualizada 18.0%; drawdown a 252 sesiones 0.0%; exposición propuesta 115%.,HOLD,balanced,Equilibrado,1.5,VOLATILITY_MANAGED,1.0,Estado VOLATILITY_MANAGED; tendencia 100%; volatilidad anualizada 18.0%; drawdown a 252 sesiones 0.0%; exposición propuesta 150%.,HOLD,aggressive,Agresivo,1.75,GROWTH,1.0,Estado GROWTH; tendencia 100%; volatilidad anualizada 18.0%; drawdown a 252 sesiones 0.0%; exposición propuesta 175%.,HOLD
2023-06-02,1.0,0.169923506670848,0.0,0.0654525933724203,1.0,0.0,0.0,1.0,0.0,0.7999999999999999,conservative,Conservador,1.15,GROWTH,1.0,Estado GROWTH; tendencia 100%; volatilidad anualizada 17.0%; drawdown a 252 sesiones 0.0%; exposición propuesta 115%.,HOLD,balanced,Equilibrado,1.5,VOLATILITY_MANAGED,1.0,Estado VOLATILITY_MANAGED; tendencia 100%; volatilidad anualizada 17.0%; drawdown a 252 sesiones 0.0%; exposición propuesta 150%.,HOLD,aggressive,Agresivo,1.75,GROWTH,1.0,Estado GROWTH; tendencia 100%; volatilidad anualizada 17.0%; drawdown a 252 sesiones 0.0%; exposición propuesta 175%.,HOLD
2023-06-09,1.0,0.1756269549293397,-0.0011270581572007,0.0436391196968724,1.0,0.0,0.0,1.0,0.0,0.7999999999999999,conservative,Conservador,1.15,GROWTH,1.0,Estado GROWTH; tendencia 100%; volatilidad anualizada 17.6%; drawdown a 252 sesiones -0.1%; exposición propuesta 115%.,HOLD,balanced,Equilibrado,1.5,VOLATILITY_MANAGED,1.0,Estado VOLATILITY_MANAGED; tendencia 100%; volatilidad anualizada 17.6%; drawdown a 252 sesiones -0.1%; exposición propuesta 150%.,HOLD,aggressive,Agresivo,1.75,GROWTH,1.0,Estado GROWTH; tendencia 100%; volatilidad anualizada 17.6%; drawdown a 252 sesiones -0.1%; exposición propuesta 175%.,HOLD
2023-06-16,1.0,0.1760367504000345,-0.0062929260883185,0.0387568623254528,1.0,0.0,0.0,1.0,0.0,0.7999999999999999,conservative,Conservador,1.15,GROWTH,1.0,Estado GROWTH; tendencia 100%; volatilidad anualizada 17.6%; drawdown a 252 sesiones -0.6%; exposición propuesta 115%.,HOLD,balanced,Equilibrado,1.5,VOLATILITY_MANAGED,1.0,Estado VOLATILITY_MANAGED; tendencia 100%; volatilidad anualizada 17.6%; drawdown a 252 sesiones -0.6%; exposición propuesta 150%.,HOLD,aggressive,Agresivo,1.75,GROWTH,1.0,Estado GROWTH; tendencia 100%; volatilidad anualizada 17.6%; drawdown a 252 sesiones -0.6%; exposición propuesta 175%.,HOLD
2023-06-23,1.0,0.1830580189035505,-0.0195069023880655,0.0369173805783087,1.0,0.0,0.0,1.0,0.0,0.7999999999999999,conservative,Conservador,1.15,GROWTH,1.0,Estado GROWTH; tendencia 100%; volatilidad anualizada 18.3%; drawdown a 252 sesiones -2.0%; exposición propuesta 115%.,HOLD,balanced,Equilibrado,1.5,VOLATILITY_MANAGED,1.0,Estado VOLATILITY_MANAGED; tendencia 100%; volatilidad anualizada 18.3%; drawdown a 252 sesiones -2.0%; exposición propuesta 150%.,HOLD,aggressive,Agresivo,1.75,GROWTH,1.0,Estado GROWTH; tendencia 100%; volatilidad anualizada 18.3%; drawdown a 252 sesiones -2.0%; exposición propuesta 175%.,HOLD
2023-06-30,1.0,0.1672719063551399,-0.0008999021330161,-0.0038799608302342,1.0,0.0,0.0,-1.0,0.0,0.6,conservative,Conservador,1.15,GROWTH,1.0,Estado GROWTH; tendencia 100%; volatilidad anualizada 16.7%; drawdown a 252 sesiones -0.1%; exposición propuesta 115%.,HOLD,balanced,Equilibrado,1.5,VOLATILITY_MANAGED,1.0,Estado VOLATILITY_MANAGED; tendencia 100%; volatilidad anualizada 16.7%; drawdown a 252 sesiones -0.1%; exposición propuesta 150%.,HOLD,aggressive,Agresivo,1.75,GROWTH,1.0,Estado GROWTH; tendencia 100%; volatilidad anualizada 16.7%; drawdown a 252 sesiones -0.1%; exposición propuesta 175%.,HOLD
2023-07-07,1.0,0.156131278260425,-0.0109374439951042,0.0194280132817403,1.0,0.0,0.0,1.0,0.0,0.7999999999999999,conservative,Conservador,1.15,GROWTH,1.0,Estado GROWTH; tendencia 100%; volatilidad anualizada 15.6%; drawdown a 252 sesiones -1.1%; exposición propuesta 115%.,HOLD,balanced,Equilibrado,1.5,VOLATILITY_MANAGED,1.0,Estado VOLATILITY_MANAGED; tendencia 100%; volatilidad anualizada 15.6%; drawdown a 252 sesiones -1.1%; exposición propuesta 150%.,HOLD,aggressive,Agresivo,1.75,GROWTH,1.0,Estado GROWTH; tendencia 100%; volatilidad anualizada 15.6%; drawdown a 252 sesiones -1.1%; exposición propuesta 175%.,HOLD
2023-07-14,1.0,0.1546731184358075,-0.0002108530975322,0.0059199509406424,1.0,0.0,0.0,1.0,0.0,0.7999999999999999,conservative,Conservador,1.15,GROWTH,1.0,Estado GROWTH; tendencia 100%; volatilidad anualizada 15.5%; drawdown a 252 sesiones -0.0%; exposición propuesta 115%.,HOLD,balanced,Equilibrado,1.5,VOLATILITY_MANAGED,1.0,Estado VOLATILITY_MANAGED; tendencia 100%; volatilidad anualizada 15.5%; drawdown a 252 sesiones -0.0%; exposición propuesta 150%.,HOLD,aggressive,Agresivo,1.75,GROWTH,1.0,Estado GROWTH; tendencia 100%; volatilidad anualizada 15.5%; drawdown a 252 sesiones -0.0%; exposición propuesta 175%.,HOLD
2023-07-21,1.0,0.1639045008262848,-0.0262092589250029,-0.0100630729113042,1.0,0.0,0.0,-1.0,0.0,0.6,conservative,Conservador,1.15,GROWTH,1.0,Estado GROWTH; tendencia 100%; volatilidad anualizada 16.4%; drawdown a 252 sesiones -2.6%; exposición propuesta 115%.,HOLD,balanced,Equilibrado,1.5,VOLATILITY_MANAGED,1.0,Estado VOLATILITY_MANAGED; tendencia 100%; volatilidad anualizada 16.4%; drawdown a 252 sesiones -2.6%; exposición propuesta 150%.,HOLD,aggressive,Agresivo,1.75,GROWTH,1.0,Estado GROWTH; tendencia 100%; volatilidad anualizada 16.4%; drawdown a 252 sesiones -2.6%; exposición propuesta 175%.,HOLD
2023-07-28,1.0,0.1515949016680105,-0.0058587051815943,0.011132225621556,1.0,0.0,0.0,1.0,0.0,0.7999999999999999,conservative,Conservador,1.15,GROWTH,1.0,Estado GROWTH; tendencia 100%; volatilidad anualizada 15.2%; drawdown a 252 sesiones -0.6%; exposición propuesta 115%.,HOLD,balanced,Equilibrado,1.5,VOLATILITY_MANAGED,1.0,Estado VOLATILITY_MANAGED; tendencia 100%; volatilidad anualizada 15.2%; drawdown a 252 sesiones -0.6%; exposición propuesta 150%.,HOLD,aggressive,Agresivo,1.75,GROWTH,1.0,Estado GROWTH; tendencia 100%; volatilidad anualizada 15.2%; drawdown a 252 sesiones -0.6%; exposición propuesta 175%.,HOLD
2023-08-04,1.0,0.1653581199564888,-0.0355160482446527,-0.0029981899860775,1.0,0.0,0.0,-1.0,0.0,0.6,conservative,Conservador,1.15,GROWTH,1.0,Estado GROWTH; tendencia 100%; volatilidad anualizada 16.5%; drawdown a 252 sesiones -3.6%; exposición propuesta 115%.,HOLD,balanced,Equilibrado,1.5,VOLATILITY_MANAGED,1.0,Estado VOLATILITY_MANAGED; tendencia 100%; volatilidad anualizada 16.5%; drawdown a 252 sesiones -3.6%; exposición propuesta 150%.,HOLD,aggressive,Agresivo,1.75,GROWTH,1.0,Estado GROWTH; tendencia 100%; volatilidad anualizada 16.5%; drawdown a 252 sesiones -3.6%; exposición propuesta 175%.,HOLD
2023-08-11,0.6,0.1569041085486871,-0.0505522123950853,-0.0257665475085201,0.19999999999999996,0.0,0.0,-1.0,0.0,0.03999999999999995,conservative,Conservador,1.15,GROWTH,0.6,Estado GROWTH; tendencia 60%; volatilidad anualizada 15.7%; drawdown a 252 sesiones -5.1%; exposición propuesta 115%.,HOLD,balanced,Equilibrado,1.5,VOLATILITY_MANAGED,0.6,Estado VOLATILITY_MANAGED; tendencia 60%; volatilidad anualizada 15.7%; drawdown a 252 sesiones -5.1%; exposición propuesta 150%.,HOLD,aggressive,Agresivo,1.75,GROWTH,0.6,Estado GROWTH; tendencia 60%; volatilidad anualizada 15.7%; drawdown a 252 sesiones -5.1%; exposición propuesta 175%.,HOLD
2023-08-18,0.6,0.1447332705065476,-0.0715766538168972,-0.0119121415317652,0.19999999999999996,0.0,0.0,-1.0,0.0,0.03999999999999995,conservative,Conservador,1.15,GROWTH,0.6,Estado GROWTH; tendencia 60%; volatilidad anualizada 14.5%; drawdown a 252 sesiones -7.2%; exposición propuesta 115%.,HOLD,balanced,Equilibrado,1.5,VOLATILITY_MANAGED,0.6,Estado VOLATILITY_MANAGED; tendencia 60%; volatilidad anualizada 14.5%; drawdown a 252 sesiones -7.2%; exposición propuesta 150%.,HOLD,aggressive,Agresivo,1.75,GROWTH,0.6,Estado GROWTH; tendencia 60%; volatilidad anualizada 14.5%; drawdown a 252 sesiones -7.2%; exposición propuesta 175%.,HOLD
2023-08-25,0.6,0.1704231485957447,-0.0563073727163725,-0.0136496352022184,0.19999999999999996,0.0,0.0,-1.0,0.0,0.03999999999999995,conservative,Conservador,1.15,GROWTH,0.6,Estado GROWTH; tendencia 60%; volatilidad anualizada 17.0%; drawdown a 252 sesiones -5.6%; exposición propuesta 115%.,HOLD,balanced,Equilibrado,1.5,VOLATILITY_MANAGED,0.6,Estado VOLATILITY_MANAGED; tendencia 60%; volatilidad anualizada 17.0%; drawdown a 252 sesiones -5.6%; exposición propuesta 150%.,HOLD,aggressive,Agresivo,1.75,GROWTH,0.6,Estado GROWTH; tendencia 60%; volatilidad anualizada 17.0%; drawdown a 252 sesiones -5.6%; exposición propuesta 175%.,HOLD
2023-09-01,1.0,0.177288089152408,-0.0211280668617769,0.0051149187289383,1.0,0.0,0.0,1.0,0.0,0.7999999999999999,conservative,Conservador,1.15,GROWTH,1.0,Estado GROWTH; tendencia 100%; volatilidad anualizada 17.7%; drawdown a 252 sesiones -2.1%; exposición propuesta 115%.,HOLD,balanced,Equilibrado,1.5,VOLATILITY_MANAGED,1.0,Estado VOLATILITY_MANAGED; tendencia 100%; volatilidad anualizada 17.7%; drawdown a 252 sesiones -2.1%; exposición propuesta 150%.,HOLD,aggressive,Agresivo,1.75,GROWTH,1.0,Estado GROWTH; tendencia 100%; volatilidad anualizada 17.7%; drawdown a 252 sesiones -2.1%; exposición propuesta 175%.,HOLD
2023-09-08,1.0,0.1723472216748834,-0.0341160572695744,0.0116997444203699,1.0,0.0,0.0,1.0,0.0,0.7999999999999999,conservative,Conservador,1.15,GROWTH,1.0,Estado GROWTH; tendencia 100%; volatilidad anualizada 17.2%; drawdown a 252 sesiones -3.4%; exposición propuesta 115%.,HOLD,balanced,Equilibrado,1.5,VOLATILITY_MANAGED,1.0,Estado VOLATILITY_MANAGED; tendencia 100%; volatilidad anualizada 17.2%; drawdown a 252 sesiones -3.4%; exposición propuesta 150%.,HOLD,aggressive,Agresivo,1.75,GROWTH,1.0,Estado GROWTH; tendencia 100%; volatilidad anualizada 17.2%; drawdown a 252 sesiones -3.4%; exposición propuesta 175%.,HOLD
2023-09-15,0.8,0.1751144289671996,-0.0387046658845068,0.0142947385619236,0.6000000000000001,0.0,0.0,1.0,0.0,0.52,conservative,Conservador,1.15,GROWTH,0.8,Estado GROWTH; tendencia 80%; volatilidad anualizada 17.5%; drawdown a 252 sesiones -3.9%; exposición propuesta 115%.,HOLD,balanced,Equilibrado,1.5,VOLATILITY_MANAGED,0.8,Estado VOLATILITY_MANAGED; tendencia 80%; volatilidad anualizada 17.5%; drawdown a 252 sesiones -3.9%; exposición propuesta 150%.,HOLD,aggressive,Agresivo,1.75,GROWTH,0.8,Estado GROWTH; tendencia 80%; volatilidad anualizada 17.5%; drawdown a 252 sesiones -3.9%; exposición propuesta 175%.,HOLD
2023-09-22,0.4,0.1608357447253721,-0.070803733739025,0.0036047357113592,-0.19999999999999996,0.0,0.0,1.0,0.0,-0.03999999999999995,conservative,Conservador,0.7,DEFENSIVE,0.6,Estado DEFENSIVE; tendencia 40%; volatilidad anualizada 16.1%; drawdown a 252 sesiones -7.1%; exposición propuesta 70%.,REDUCE,balanced,Equilibrado,0.7,DEFENSIVE,0.6,Estado DEFENSIVE; tendencia 40%; volatilidad anualizada 16.1%; drawdown a 252 sesiones -7.1%; exposición propuesta 70%.,REDUCE,aggressive,Agresivo,0.7,DEFENSIVE,0.6,Estado DEFENSIVE; tendencia 40%; volatilidad anualizada 16.1%; drawdown a 252 sesiones -7.1%; exposición propuesta 70%.,REDUCE
2023-09-29,0.4,0.1415786894682822,-0.0698691708675528,-0.0033641088020964,-0.19999999999999996,0.0,0.0,-1.0,0.0,-0.23999999999999996,conservative,Conservador,0.7,DEFENSIVE,0.6,Estado DEFENSIVE; tendencia 40%; volatilidad anualizada 14.2%; drawdown a 252 sesiones -7.0%; exposición propuesta 70%.,HOLD,balanced,Equilibrado,0.7,DEFENSIVE,0.6,Estado DEFENSIVE; tendencia 40%; volatilidad anualizada 14.2%; drawdown a 252 sesiones -7.0%; exposición propuesta 70%.,HOLD,aggressive,Agresivo,0.7,DEFENSIVE,0.6,Estado DEFENSIVE; tendencia 40%; volatilidad anualizada 14.2%; drawdown a 252 sesiones -7.0%; exposición propuesta 70%.,HOLD
2023-10-06,0.4,0.1763276209071,-0.0531758054742595,0.0127344091956935,-0.19999999999999996,0.0,0.0,1.0,0.0,-0.03999999999999995,conservative,Conservador,0.7,DEFENSIVE,0.6,Estado DEFENSIVE; tendencia 40%; volatilidad anualizada 17.6%; drawdown a 252 sesiones -5.3%; exposición propuesta 70%.,HOLD,balanced,Equilibrado,0.7,DEFENSIVE,0.6,Estado DEFENSIVE; tendencia 40%; volatilidad anualizada 17.6%; drawdown a 252 sesiones -5.3%; exposición propuesta 70%.,HOLD,aggressive,Agresivo,0.7,DEFENSIVE,0.6,Estado DEFENSIVE; tendencia 40%; volatilidad anualizada 17.6%; drawdown a 252 sesiones -5.3%; exposición propuesta 70%.,HOLD
2023-10-13,0.4,0.1626725521236552,-0.0516699328287972,0.0132848536511179,-0.19999999999999996,0.0,0.0,1.0,0.0,-0.03999999999999995,conservative,Conservador,0.7,DEFENSIVE,0.6,Estado DEFENSIVE; tendencia 40%; volatilidad anualizada 16.3%; drawdown a 252 sesiones -5.2%; exposición propuesta 70%.,HOLD,balanced,Equilibrado,0.7,DEFENSIVE,0.6,Estado DEFENSIVE; tendencia 40%; volatilidad anualizada 16.3%; drawdown a 252 sesiones -5.2%; exposición propuesta 70%.,HOLD,aggressive,Agresivo,0.7,DEFENSIVE,0.6,Estado DEFENSIVE; tendencia 40%; volatilidad anualizada 16.3%; drawdown a 252 sesiones -5.2%; exposición propuesta 70%.,HOLD
2023-10-20,0.4,0.1657474826605635,-0.0793973930869099,0.0121957494818079,-0.19999999999999996,0.0,0.0,1.0,0.0,-0.03999999999999995,conservative,Conservador,0.7,DEFENSIVE,0.6,Estado DEFENSIVE; tendencia 40%; volatilidad anualizada 16.6%; drawdown a 252 sesiones -7.9%; exposición propuesta 70%.,HOLD,balanced,Equilibrado,0.7,DEFENSIVE,0.6,Estado DEFENSIVE; tendencia 40%; volatilidad anualizada 16.6%; drawdown a 252 sesiones -7.9%; exposición propuesta 70%.,HOLD,aggressive,Agresivo,0.7,DEFENSIVE,0.6,Estado DEFENSIVE; tendencia 40%; volatilidad anualizada 16.6%; drawdown a 252 sesiones -7.9%; exposición propuesta 70%.,HOLD
2023-10-27,0.4,0.1919292528613352,-0.1035156098913141,0.0031262283767428,-0.19999999999999996,0.0,0.0,1.0,0.0,-0.03999999999999995,conservative,Conservador,0.7,DEFENSIVE,0.6,Estado DEFENSIVE; tendencia 40%; volatilidad anualizada 19.2%; drawdown a 252 sesiones -10.4%; exposición propuesta 70%.,HOLD,balanced,Equilibrado,0.7,DEFENSIVE,0.6,Estado DEFENSIVE; tendencia 40%; volatilidad anualizada 19.2%; drawdown a 252 sesiones -10.4%; exposición propuesta 70%.,HOLD,aggressive,Agresivo,0.7,DEFENSIVE,0.6,Estado DEFENSIVE; tendencia 40%; volatilidad anualizada 19.2%; drawdown a 252 sesiones -10.4%; exposición propuesta 70%.,HOLD
2023-11-03,0.8,0.1961798742996088,-0.0453613514175574,-0.0037362485586061,0.6000000000000001,0.0,0.0,-1.0,0.0,0.32000000000000006,conservative,Conservador,1.15,GROWTH,0.8,Estado GROWTH; tendencia 80%; volatilidad anualizada 19.6%; drawdown a 252 sesiones -4.5%; exposición propuesta 115%.,INCREASE,balanced,Equilibrado,1.5,VOLATILITY_MANAGED,0.8,Estado VOLATILITY_MANAGED; tendencia 80%; volatilidad anualizada 19.6%; drawdown a 252 sesiones -4.5%; exposición propuesta 150%.,INCREASE,aggressive,Agresivo,1.75,GROWTH,0.8,Estado GROWTH; tendencia 80%; volatilidad anualizada 19.6%; drawdown a 252 sesiones -4.5%; exposición propuesta 175%.,INCREASE
2023-11-10,1.0,0.2070335273700566,-0.017634213478076,0.0147779048230018,1.0,0.0,0.0,1.0,0.0,0.7999999999999999,conservative,Conservador,1.15,GROWTH,1.0,Estado GROWTH; tendencia 100%; volatilidad anualizada 20.7%; drawdown a 252 sesiones -1.8%; exposición propuesta 115%.,HOLD,balanced,Equilibrado,1.5,VOLATILITY_MANAGED,1.0,Estado VOLATILITY_MANAGED; tendencia 100%; volatilidad anualizada 20.7%; drawdown a 252 sesiones -1.8%; exposición propuesta 150%.,HOLD,aggressive,Agresivo,1.75,GROWTH,1.0,Estado GROWTH; tendencia 100%; volatilidad anualizada 20.7%; drawdown a 252 sesiones -1.8%; exposición propuesta 175%.,HOLD
2023-11-17,1.0,0.1919943136930669,0.0,0.0183865734166623,1.0,0.0,0.0,1.0,0.0,0.7999999999999999,conservative,Conservador,1.15,GROWTH,1.0,Estado GROWTH; tendencia 100%; volatilidad anualizada 19.2%; drawdown a 252 sesiones 0.0%; exposición propuesta 115%.,HOLD,balanced,Equilibrado,1.5,VOLATILITY_MANAGED,1.0,Estado VOLATILITY_MANAGED; tendencia 100%; volatilidad anualizada 19.2%; drawdown a 252 sesiones 0.0%; exposición propuesta 150%.,HOLD,aggressive,Agresivo,1.75,GROWTH,1.0,Estado GROWTH; tendencia 100%; volatilidad anualizada 19.2%; drawdown a 252 sesiones 0.0%; exposición propuesta 175%.,HOLD
2023-11-24,1.0,0.140552746231233,-0.0031474752282482,0.0297934350917716,1.0,0.0,0.0,1.0,0.0,0.7999999999999999,conservative,Conservador,1.15,GROWTH,1.0,Estado GROWTH; tendencia 100%; volatilidad anualizada 14.1%; drawdown a 252 sesiones -0.3%; exposición propuesta 115%.,HOLD,balanced,Equilibrado,1.5,VOLATILITY_MANAGED,1.0,Estado VOLATILITY_MANAGED; tendencia 100%; volatilidad anualizada 14.1%; drawdown a 252 sesiones -0.3%; exposición propuesta 150%.,HOLD,aggressive,Agresivo,1.75,GROWTH,1.0,Estado GROWTH; tendencia 100%; volatilidad anualizada 14.1%; drawdown a 252 sesiones -0.3%; exposición propuesta 175%.,HOLD
2023-12-01,1.0,0.1289863250935544,-0.0020473999093504,0.0071236430688175,1.0,0.0,0.0,1.0,0.0,0.7999999999999999,conservative,Conservador,1.15,GROWTH,1.0,Estado GROWTH; tendencia 100%; volatilidad anualizada 12.9%; drawdown a 252 sesiones -0.2%; exposición propuesta 115%.,HOLD,balanced,Equilibrado,1.5,VOLATILITY_MANAGED,1.0,Estado VOLATILITY_MANAGED; tendencia 100%; volatilidad anualizada 12.9%; drawdown a 252 sesiones -0.2%; exposición propuesta 150%.,HOLD,aggressive,Agresivo,1.75,GROWTH,1.0,Estado GROWTH; tendencia 100%; volatilidad anualizada 12.9%; drawdown a 252 sesiones -0.2%; exposición propuesta 175%.,HOLD
2023-12-08,1.0,0.1348975591641587,0.0,-0.001041247948301,1.0,0.0,0.0,-1.0,0.0,0.6,conservative,Conservador,1.15,GROWTH,1.0,Estado GROWTH; tendencia 100%; volatilidad anualizada 13.5%; drawdown a 252 sesiones 0.0%; exposición propuesta 115%.,HOLD,balanced,Equilibrado,1.5,VOLATILITY_MANAGED,1.0,Estado VOLATILITY_MANAGED; tendencia 100%; volatilidad anualizada 13.5%; drawdown a 252 sesiones 0.0%; exposición propuesta 150%.,HOLD,aggressive,Agresivo,1.75,GROWTH,1.0,Estado GROWTH; tendencia 100%; volatilidad anualizada 13.5%; drawdown a 252 sesiones 0.0%; exposición propuesta 175%.,HOLD
2023-12-15,1.0,0.1007143355053072,0.0,0.0035903744196255,1.0,0.0,0.0,1.0,0.0,0.7999999999999999,conservative,Conservador,1.15,GROWTH,1.0,Estado GROWTH; tendencia 100%; volatilidad anualizada 10.1%; drawdown a 252 sesiones 0.0%; exposición propuesta 115%.,HOLD,balanced,Equilibrado,1.5,VOLATILITY_MANAGED,1.0,Estado VOLATILITY_MANAGED; tendencia 100%; volatilidad anualizada 10.1%; drawdown a 252 sesiones 0.0%; exposición propuesta 150%.,HOLD,aggressive,Agresivo,1.75,GROWTH,1.0,Estado GROWTH; tendencia 100%; volatilidad anualizada 10.1%; drawdown a 252 sesiones 0.0%; exposición propuesta 175%.,HOLD
2023-12-22,1.0,0.1143711411077064,-0.0019061337032646,0.006018539024124,1.0,0.0,0.0,1.0,0.0,0.7999999999999999,conservative,Conservador,1.15,GROWTH,1.0,Estado GROWTH; tendencia 100%; volatilidad anualizada 11.4%; drawdown a 252 sesiones -0.2%; exposición propuesta 115%.,HOLD,balanced,Equilibrado,1.5,VOLATILITY_MANAGED,1.0,Estado VOLATILITY_MANAGED; tendencia 100%; volatilidad anualizada 11.4%; drawdown a 252 sesiones -0.2%; exposición propuesta 150%.,HOLD,aggressive,Agresivo,1.75,GROWTH,1.0,Estado GROWTH; tendencia 100%; volatilidad anualizada 11.4%; drawdown a 252 sesiones -0.2%; exposición propuesta 175%.,HOLD
2023-12-29,1.0,0.115470071022831,-0.004811733361582,0.0102144005473843,1.0,0.0,0.0,1.0,0.0,0.7999999999999999,conservative,Conservador,1.15,GROWTH,1.0,Estado GROWTH; tendencia 100%; volatilidad anualizada 11.5%; drawdown a 252 sesiones -0.5%; exposición propuesta 115%.,HOLD,balanced,Equilibrado,1.5,VOLATILITY_MANAGED,1.0,Estado VOLATILITY_MANAGED; tendencia 100%; volatilidad anualizada 11.5%; drawdown a 252 sesiones -0.5%; exposición propuesta 150%.,HOLD,aggressive,Agresivo,1.75,GROWTH,1.0,Estado GROWTH; tendencia 100%; volatilidad anualizada 11.5%; drawdown a 252 sesiones -0.5%; exposición propuesta 175%.,HOLD
2024-01-05,1.0,0.1359399233685726,-0.0358444229034746,-0.0001233165485345,1.0,0.0,0.0,-1.0,0.0,0.6,conservative,Conservador,1.15,GROWTH,1.0,Estado GROWTH; tendencia 100%; volatilidad anualizada 13.6%; drawdown a 252 sesiones -3.6%; exposición propuesta 115%.,HOLD,balanced,Equilibrado,1.5,VOLATILITY_MANAGED,1.0,Estado VOLATILITY_MANAGED; tendencia 100%; volatilidad anualizada 13.6%; drawdown a 252 sesiones -3.6%; exposición propuesta 150%.,HOLD,aggressive,Agresivo,1.75,GROWTH,1.0,Estado GROWTH; tendencia 100%; volatilidad anualizada 13.6%; drawdown a 252 sesiones -3.6%; exposición propuesta 175%.,HOLD
2024-01-12,1.0,0.1363317124178922,-0.0047145281469285,-0.0002667229619859,1.0,0.0,0.0,-1.0,0.0,0.6,conservative,Conservador,1.15,GROWTH,1.0,Estado GROWTH; tendencia 100%; volatilidad anualizada 13.6%; drawdown a 252 sesiones -0.5%; exposición propuesta 115%.,HOLD,balanced,Equilibrado,1.5,VOLATILITY_MANAGED,1.0,Estado VOLATILITY_MANAGED; tendencia 100%; volatilidad anualizada 13.6%; drawdown a 252 sesiones -0.5%; exposición propuesta 150%.,HOLD,aggressive,Agresivo,1.75,GROWTH,1.0,Estado GROWTH; tendencia 100%; volatilidad anualizada 13.6%; drawdown a 252 sesiones -0.5%; exposición propuesta 175%.,HOLD
2024-01-19,1.0,0.1590385374250832,0.0,0.0139345058147055,1.0,0.0,0.0,1.0,0.0,0.7999999999999999,conservative,Conservador,1.15,GROWTH,1.0,Estado GROWTH; tendencia 100%; volatilidad anualizada 15.9%; drawdown a 252 sesiones 0.0%; exposición propuesta 115%.,HOLD,balanced,Equilibrado,1.5,VOLATILITY_MANAGED,1.0,Estado VOLATILITY_MANAGED; tendencia 100%; volatilidad anualizada 15.9%; drawdown a 252 sesiones 0.0%; exposición propuesta 150%.,HOLD,aggressive,Agresivo,1.75,GROWTH,1.0,Estado GROWTH; tendencia 100%; volatilidad anualizada 15.9%; drawdown a 252 sesiones 0.0%; exposición propuesta 175%.,HOLD
2024-01-26,1.0,0.1454088725384213,-0.0059577553788991,0.007040200520527,1.0,0.0,0.0,1.0,0.0,0.7999999999999999,conservative,Conservador,1.15,GROWTH,1.0,Estado GROWTH; tendencia 100%; volatilidad anualizada 14.5%; drawdown a 252 sesiones -0.6%; exposición propuesta 115%.,HOLD,balanced,Equilibrado,1.5,VOLATILITY_MANAGED,1.0,Estado VOLATILITY_MANAGED; tendencia 100%; volatilidad anualizada 14.5%; drawdown a 252 sesiones -0.6%; exposición propuesta 150%.,HOLD,aggressive,Agresivo,1.75,GROWTH,1.0,Estado GROWTH; tendencia 100%; volatilidad anualizada 14.5%; drawdown a 252 sesiones -0.6%; exposición propuesta 175%.,HOLD
2024-02-02,1.0,0.1557899251270711,0.0,0.0246620457659585,1.0,0.0,0.0,1.0,0.0,0.7999999999999999,conservative,Conservador,1.15,GROWTH,1.0,Estado GROWTH; tendencia 100%; volatilidad anualizada 15.6%; drawdown a 252 sesiones 0.0%; exposición propuesta 115%.,HOLD,balanced,Equilibrado,1.5,VOLATILITY_MANAGED,1.0,Estado VOLATILITY_MANAGED; tendencia 100%; volatilidad anualizada 15.6%; drawdown a 252 sesiones 0.0%; exposición propuesta 150%.,HOLD,aggressive,Agresivo,1.75,GROWTH,1.0,Estado GROWTH; tendencia 100%; volatilidad anualizada 15.6%; drawdown a 252 sesiones 0.0%; exposición propuesta 175%.,HOLD
2024-02-09,1.0,0.1484709299621156,0.0,0.0155008514779955,1.0,0.0,0.0,1.0,0.0,0.7999999999999999,conservative,Conservador,1.15,GROWTH,1.0,Estado GROWTH; tendencia 100%; volatilidad anualizada 14.8%; drawdown a 252 sesiones 0.0%; exposición propuesta 115%.,HOLD,balanced,Equilibrado,1.5,VOLATILITY_MANAGED,1.0,Estado VOLATILITY_MANAGED; tendencia 100%; volatilidad anualizada 14.8%; drawdown a 252 sesiones 0.0%; exposición propuesta 150%.,HOLD,aggressive,Agresivo,1.75,GROWTH,1.0,Estado GROWTH; tendencia 100%; volatilidad anualizada 14.8%; drawdown a 252 sesiones 0.0%; exposición propuesta 175%.,HOLD
2024-02-16,1.0,0.1500654790071354,-0.0148266557632971,-0.0131094426549507,1.0,0.0,0.0,-1.0,0.0,0.6,conservative,Conservador,1.15,GROWTH,1.0,Estado GROWTH; tendencia 100%; volatilidad anualizada 15.0%; drawdown a 252 sesiones -1.5%; exposición propuesta 115%.,HOLD,balanced,Equilibrado,1.5,VOLATILITY_MANAGED,1.0,Estado VOLATILITY_MANAGED; tendencia 100%; volatilidad anualizada 15.0%; drawdown a 252 sesiones -1.5%; exposición propuesta 150%.,HOLD,aggressive,Agresivo,1.75,GROWTH,1.0,Estado GROWTH; tendencia 100%; volatilidad anualizada 15.0%; drawdown a 252 sesiones -1.5%; exposición propuesta 175%.,HOLD
2024-02-23,1.0,0.1849567537543713,-0.0029445893515196,-0.0161488371052225,1.0,0.0,0.0,-1.0,0.0,0.6,conservative,Conservador,1.15,GROWTH,1.0,Estado GROWTH; tendencia 100%; volatilidad anualizada 18.5%; drawdown a 252 sesiones -0.3%; exposición propuesta 115%.,HOLD,balanced,Equilibrado,1.5,VOLATILITY_MANAGED,1.0,Estado VOLATILITY_MANAGED; tendencia 100%; volatilidad anualizada 18.5%; drawdown a 252 sesiones -0.3%; exposición propuesta 150%.,HOLD,aggressive,Agresivo,1.75,GROWTH,1.0,Estado GROWTH; tendencia 100%; volatilidad anualizada 18.5%; drawdown a 252 sesiones -0.3%; exposición propuesta 175%.,HOLD
2024-03-01,1.0,0.1662309268829153,0.0,0.0079039998481242,1.0,0.0,0.0,1.0,0.0,0.7999999999999999,conservative,Conservador,1.15,GROWTH,1.0,Estado GROWTH; tendencia 100%; volatilidad anualizada 16.6%; drawdown a 252 sesiones 0.0%; exposición propuesta 115%.,HOLD,balanced,Equilibrado,1.5,VOLATILITY_MANAGED,1.0,Estado VOLATILITY_MANAGED; tendencia 100%; volatilidad anualizada 16.6%; drawdown a 252 sesiones 0.0%; exposición propuesta 150%.,HOLD,aggressive,Agresivo,1.75,GROWTH,1.0,Estado GROWTH; tendencia 100%; volatilidad anualizada 16.6%; drawdown a 252 sesiones 0.0%; exposición propuesta 175%.,HOLD
2024-03-08,1.0,0.1871064634651323,-0.0147886960411854,-0.0124953064670167,1.0,0.0,0.0,-1.0,0.0,0.6,conservative,Conservador,1.15,GROWTH,1.0,Estado GROWTH; tendencia 100%; volatilidad anualizada 18.7%; drawdown a 252 sesiones -1.5%; exposición propuesta 115%.,HOLD,balanced,Equilibrado,1.5,VOLATILITY_MANAGED,1.0,Estado VOLATILITY_MANAGED; tendencia 100%; volatilidad anualizada 18.7%; drawdown a 252 sesiones -1.5%; exposición propuesta 150%.,HOLD,aggressive,Agresivo,1.75,GROWTH,1.0,Estado GROWTH; tendencia 100%; volatilidad anualizada 18.7%; drawdown a 252 sesiones -1.5%; exposición propuesta 175%.,HOLD
2024-03-15,0.8,0.1855084391794483,-0.0262336656633472,-0.0200907007830674,0.6000000000000001,0.0,0.0,-1.0,0.0,0.32000000000000006,conservative,Conservador,1.15,GROWTH,0.8,Estado GROWTH; tendencia 80%; volatilidad anualizada 18.6%; drawdown a 252 sesiones -2.6%; exposición propuesta 115%.,HOLD,balanced,Equilibrado,1.5,VOLATILITY_MANAGED,0.8,Estado VOLATILITY_MANAGED; tendencia 80%; volatilidad anualizada 18.6%; drawdown a 252 sesiones -2.6%; exposición propuesta 150%.,HOLD,aggressive,Agresivo,1.75,GROWTH,0.8,Estado GROWTH; tendencia 80%; volatilidad anualizada 18.6%; drawdown a 252 sesiones -2.6%; exposición propuesta 175%.,HOLD
2024-03-22,1.0,0.1547859713297219,0.0,-0.0061654319654831,1.0,0.0,0.0,-1.0,0.0,0.6,conservative,Conservador,1.15,GROWTH,1.0,Estado GROWTH; tendencia 100%; volatilidad anualizada 15.5%; drawdown a 252 sesiones 0.0%; exposición propuesta 115%.,HOLD,balanced,Equilibrado,1.5,VOLATILITY_MANAGED,1.0,Estado VOLATILITY_MANAGED; tendencia 100%; volatilidad anualizada 15.5%; drawdown a 252 sesiones 0.0%; exposición propuesta 150%.,HOLD,aggressive,Agresivo,1.75,GROWTH,1.0,Estado GROWTH; tendencia 100%; volatilidad anualizada 15.5%; drawdown a 252 sesiones 0.0%; exposición propuesta 175%.,HOLD
2024-03-29,1.0,0.1547859713297219,0.0,-0.0061654319654831,1.0,0.0,0.0,-1.0,0.0,0.6,conservative,Conservador,1.15,GROWTH,1.0,Estado GROWTH; tendencia 100%; volatilidad anualizada 15.5%; drawdown a 252 sesiones 0.0%; exposición propuesta 115%.,HOLD,balanced,Equilibrado,1.5,VOLATILITY_MANAGED,1.0,Estado VOLATILITY_MANAGED; tendencia 100%; volatilidad anualizada 15.5%; drawdown a 252 sesiones 0.0%; exposición propuesta 150%.,HOLD,aggressive,Agresivo,1.75,GROWTH,1.0,Estado GROWTH; tendencia 100%; volatilidad anualizada 15.5%; drawdown a 252 sesiones 0.0%; exposición propuesta 175%.,HOLD
2024-04-05,0.8,0.1356262865698844,-0.0132398624964925,-0.0200326391592881,0.6000000000000001,0.0,0.0,-1.0,0.0,0.32000000000000006,conservative,Conservador,1.15,GROWTH,0.8,Estado GROWTH; tendencia 80%; volatilidad anualizada 13.6%; drawdown a 252 sesiones -1.3%; exposición propuesta 115%.,HOLD,balanced,Equilibrado,1.5,VOLATILITY_MANAGED,0.8,Estado VOLATILITY_MANAGED; tendencia 80%; volatilidad anualizada 13.6%; drawdown a 252 sesiones -1.3%; exposición propuesta 150%.,HOLD,aggressive,Agresivo,1.75,GROWTH,0.8,Estado GROWTH; tendencia 80%; volatilidad anualizada 13.6%; drawdown a 252 sesiones -1.3%; exposición propuesta 175%.,HOLD
2024-04-12,0.8,0.1409151182833488,-0.0181683252224347,0.004218091657318,0.6000000000000001,0.0,0.0,1.0,0.0,0.52,conservative,Conservador,1.15,GROWTH,0.8,Estado GROWTH; tendencia 80%; volatilidad anualizada 14.1%; drawdown a 252 sesiones -1.8%; exposición propuesta 115%.,HOLD,balanced,Equilibrado,1.5,VOLATILITY_MANAGED,0.8,Estado VOLATILITY_MANAGED; tendencia 80%; volatilidad anualizada 14.1%; drawdown a 252 sesiones -1.8%; exposición propuesta 150%.,HOLD,aggressive,Agresivo,1.75,GROWTH,0.8,Estado GROWTH; tendencia 80%; volatilidad anualizada 14.1%; drawdown a 252 sesiones -1.8%; exposición propuesta 175%.,HOLD
2024-04-19,0.4,0.1510175909732223,-0.0710829602971055,-0.018239591782078,-0.19999999999999996,0.0,0.0,-1.0,0.0,-0.23999999999999996,conservative,Conservador,0.7,DEFENSIVE,0.6,Estado DEFENSIVE; tendencia 40%; volatilidad anualizada 15.1%; drawdown a 252 sesiones -7.1%; exposición propuesta 70%.,REDUCE,balanced,Equilibrado,0.7,DEFENSIVE,0.6,Estado DEFENSIVE; tendencia 40%; volatilidad anualizada 15.1%; drawdown a 252 sesiones -7.1%; exposición propuesta 70%.,REDUCE,aggressive,Agresivo,0.7,DEFENSIVE,0.6,Estado DEFENSIVE; tendencia 40%; volatilidad anualizada 15.1%; drawdown a 252 sesiones -7.1%; exposición propuesta 70%.,REDUCE
2024-04-26,0.6,0.1818061887661146,-0.0344549782959375,-0.000987721353358,0.19999999999999996,0.0,0.0,-1.0,0.0,0.03999999999999995,conservative,Conservador,1.15,GROWTH,0.6,Estado GROWTH; tendencia 60%; volatilidad anualizada 18.2%; drawdown a 252 sesiones -3.4%; exposición propuesta 115%.,INCREASE,balanced,Equilibrado,1.5,VOLATILITY_MANAGED,0.6,Estado VOLATILITY_MANAGED; tendencia 60%; volatilidad anualizada 18.2%; drawdown a 252 sesiones -3.4%; exposición propuesta 150%.,INCREASE,aggressive,Agresivo,1.75,GROWTH,0.6,Estado GROWTH; tendencia 60%; volatilidad anualizada 18.2%; drawdown a 252 sesiones -3.4%; exposición propuesta 175%.,INCREASE
2024-05-03,0.6,0.2015335431192056,-0.0244186546674453,0.0024434713163399,0.19999999999999996,0.0,0.0,1.0,0.0,0.23999999999999996,conservative,Conservador,1.15,GROWTH,0.6,Estado GROWTH; tendencia 60%; volatilidad anualizada 20.2%; drawdown a 252 sesiones -2.4%; exposición propuesta 115%.,HOLD,balanced,Equilibrado,1.5,VOLATILITY_MANAGED,0.6,Estado VOLATILITY_MANAGED; tendencia 60%; volatilidad anualizada 20.2%; drawdown a 252 sesiones -2.4%; exposición propuesta 150%.,HOLD,aggressive,Agresivo,1.75,GROWTH,0.6,Estado GROWTH; tendencia 60%; volatilidad anualizada 20.2%; drawdown a 252 sesiones -2.4%; exposición propuesta 175%.,HOLD
2024-05-10,1.0,0.1854786694569733,-0.0096778043380972,-0.0109081261081747,1.0,0.0,0.0,-1.0,0.0,0.6,conservative,Conservador,1.15,GROWTH,1.0,Estado GROWTH; tendencia 100%; volatilidad anualizada 18.5%; drawdown a 252 sesiones -1.0%; exposición propuesta 115%.,HOLD,balanced,Equilibrado,1.5,VOLATILITY_MANAGED,1.0,Estado VOLATILITY_MANAGED; tendencia 100%; volatilidad anualizada 18.5%; drawdown a 252 sesiones -1.0%; exposición propuesta 150%.,HOLD,aggressive,Agresivo,1.75,GROWTH,1.0,Estado GROWTH; tendencia 100%; volatilidad anualizada 18.5%; drawdown a 252 sesiones -1.0%; exposición propuesta 175%.,HOLD
2024-05-17,1.0,0.1473931762310536,-0.0025170613339646,0.0202470702167063,1.0,0.0,0.0,1.0,0.0,0.7999999999999999,conservative,Conservador,1.15,GROWTH,1.0,Estado GROWTH; tendencia 100%; volatilidad anualizada 14.7%; drawdown a 252 sesiones -0.3%; exposición propuesta 115%.,HOLD,balanced,Equilibrado,1.5,VOLATILITY_MANAGED,1.0,Estado VOLATILITY_MANAGED; tendencia 100%; volatilidad anualizada 14.7%; drawdown a 252 sesiones -0.3%; exposición propuesta 150%.,HOLD,aggressive,Agresivo,1.75,GROWTH,1.0,Estado GROWTH; tendencia 100%; volatilidad anualizada 14.7%; drawdown a 252 sesiones -0.3%; exposición propuesta 175%.,HOLD
2024-05-24,1.0,0.1358085046342105,0.0,0.0208572817224297,1.0,0.0,0.0,1.0,0.0,0.7999999999999999,conservative,Conservador,1.15,GROWTH,1.0,Estado GROWTH; tendencia 100%; volatilidad anualizada 13.6%; drawdown a 252 sesiones 0.0%; exposición propuesta 115%.,HOLD,balanced,Equilibrado,1.5,VOLATILITY_MANAGED,1.0,Estado VOLATILITY_MANAGED; tendencia 100%; volatilidad anualizada 13.6%; drawdown a 252 sesiones 0.0%; exposición propuesta 150%.,HOLD,aggressive,Agresivo,1.75,GROWTH,1.0,Estado GROWTH; tendencia 100%; volatilidad anualizada 13.6%; drawdown a 252 sesiones 0.0%; exposición propuesta 175%.,HOLD
2024-05-31,1.0,0.116530878226029,-0.0195136069599102,0.0115389146436009,1.0,0.0,0.0,1.0,0.0,0.7999999999999999,conservative,Conservador,1.15,GROWTH,1.0,Estado GROWTH; tendencia 100%; volatilidad anualizada 11.7%; drawdown a 252 sesiones -2.0%; exposición propuesta 115%.,HOLD,balanced,Equilibrado,1.5,VOLATILITY_MANAGED,1.0,Estado VOLATILITY_MANAGED; tendencia 100%; volatilidad anualizada 11.7%; drawdown a 252 sesiones -2.0%; exposición propuesta 150%.,HOLD,aggressive,Agresivo,1.75,GROWTH,1.0,Estado GROWTH; tendencia 100%; volatilidad anualizada 11.7%; drawdown a 252 sesiones -2.0%; exposición propuesta 175%.,HOLD
2024-06-07,1.0,0.1133316213404164,-0.0012298025098723,0.0231414275938,1.0,0.0,0.0,1.0,0.0,0.7999999999999999,conservative,Conservador,1.15,GROWTH,1.0,Estado GROWTH; tendencia 100%; volatilidad anualizada 11.3%; drawdown a 252 sesiones -0.1%; exposición propuesta 115%.,HOLD,balanced,Equilibrado,1.5,VOLATILITY_MANAGED,1.0,Estado VOLATILITY_MANAGED; tendencia 100%; volatilidad anualizada 11.3%; drawdown a 252 sesiones -0.1%; exposición propuesta 150%.,HOLD,aggressive,Agresivo,1.75,GROWTH,1.0,Estado GROWTH; tendencia 100%; volatilidad anualizada 11.3%; drawdown a 252 sesiones -0.1%; exposición propuesta 175%.,HOLD
2024-06-14,1.0,0.1095814024385499,0.0,0.0335509133925029,1.0,0.0,0.0,1.0,0.0,0.7999999999999999,conservative,Conservador,1.15,GROWTH,1.0,Estado GROWTH; tendencia 100%; volatilidad anualizada 11.0%; drawdown a 252 sesiones 0.0%; exposición propuesta 115%.,HOLD,balanced,Equilibrado,1.5,VOLATILITY_MANAGED,1.0,Estado VOLATILITY_MANAGED; tendencia 100%; volatilidad anualizada 11.0%; drawdown a 252 sesiones 0.0%; exposición propuesta 150%.,HOLD,aggressive,Agresivo,1.75,GROWTH,1.0,Estado GROWTH; tendencia 100%; volatilidad anualizada 11.0%; drawdown a 252 sesiones 0.0%; exposición propuesta 175%.,HOLD
2024-06-21,1.0,0.1209722406250166,-0.0103667685824069,0.0226738741917513,1.0,0.0,0.0,1.0,0.0,0.7999999999999999,conservative,Conservador,1.15,GROWTH,1.0,Estado GROWTH; tendencia 100%; volatilidad anualizada 12.1%; drawdown a 252 sesiones -1.0%; exposición propuesta 115%.,HOLD,balanced,Equilibrado,1.5,VOLATILITY_MANAGED,1.0,Estado VOLATILITY_MANAGED; tendencia 100%; volatilidad anualizada 12.1%; drawdown a 252 sesiones -1.0%; exposición propuesta 150%.,HOLD,aggressive,Agresivo,1.75,GROWTH,1.0,Estado GROWTH; tendencia 100%; volatilidad anualizada 12.1%; drawdown a 252 sesiones -1.0%; exposición propuesta 175%.,HOLD
2024-06-28,1.0,0.1188190689662731,-0.0110025285749487,0.0180109304704731,1.0,0.0,0.0,1.0,0.0,0.7999999999999999,conservative,Conservador,1.15,GROWTH,1.0,Estado GROWTH; tendencia 100%; volatilidad anualizada 11.9%; drawdown a 252 sesiones -1.1%; exposición propuesta 115%.,HOLD,balanced,Equilibrado,1.5,VOLATILITY_MANAGED,1.0,Estado VOLATILITY_MANAGED; tendencia 100%; volatilidad anualizada 11.9%; drawdown a 252 sesiones -1.1%; exposición propuesta 150%.,HOLD,aggressive,Agresivo,1.75,GROWTH,1.0,Estado GROWTH; tendencia 100%; volatilidad anualizada 11.9%; drawdown a 252 sesiones -1.1%; exposición propuesta 175%.,HOLD
2024-07-05,1.0,0.1082626922153429,0.0,0.0313989709112043,1.0,0.0,0.0,1.0,0.0,0.7999999999999999,conservative,Conservador,1.15,GROWTH,1.0,Estado GROWTH; tendencia 100%; volatilidad anualizada 10.8%; drawdown a 252 sesiones 0.0%; exposición propuesta 115%.,HOLD,balanced,Equilibrado,1.5,VOLATILITY_MANAGED,1.0,Estado VOLATILITY_MANAGED; tendencia 100%; volatilidad anualizada 10.8%; drawdown a 252 sesiones 0.0%; exposición propuesta 150%.,HOLD,aggressive,Agresivo,1.75,GROWTH,1.0,Estado GROWTH; tendencia 100%; volatilidad anualizada 10.8%; drawdown a 252 sesiones 0.0%; exposición propuesta 175%.,HOLD
2024-07-12,1.0,0.1373951670872348,-0.0161840381804001,0.0075024778740127,1.0,0.0,0.0,1.0,0.0,0.7999999999999999,conservative,Conservador,1.15,GROWTH,1.0,Estado GROWTH; tendencia 100%; volatilidad anualizada 13.7%; drawdown a 252 sesiones -1.6%; exposición propuesta 115%.,HOLD,balanced,Equilibrado,1.5,VOLATILITY_MANAGED,1.0,Estado VOLATILITY_MANAGED; tendencia 100%; volatilidad anualizada 13.7%; drawdown a 252 sesiones -1.6%; exposición propuesta 150%.,HOLD,aggressive,Agresivo,1.75,GROWTH,1.0,Estado GROWTH; tendencia 100%; volatilidad anualizada 13.7%; drawdown a 252 sesiones -1.6%; exposición propuesta 175%.,HOLD
2024-07-19,0.8,0.1717319083228021,-0.0551137186983806,-0.0182465338281611,0.6000000000000001,0.0,0.0,-1.0,0.0,0.32000000000000006,conservative,Conservador,1.15,GROWTH,0.8,Estado GROWTH; tendencia 80%; volatilidad anualizada 17.2%; drawdown a 252 sesiones -5.5%; exposición propuesta 115%.,HOLD,balanced,Equilibrado,1.5,VOLATILITY_MANAGED,0.8,Estado VOLATILITY_MANAGED; tendencia 80%; volatilidad anualizada 17.2%; drawdown a 252 sesiones -5.5%; exposición propuesta 150%.,HOLD,aggressive,Agresivo,1.75,GROWTH,0.8,Estado GROWTH; tendencia 80%; volatilidad anualizada 17.2%; drawdown a 252 sesiones -5.5%; exposición propuesta 175%.,HOLD
2024-07-26,0.6,0.2193469143222184,-0.0795093367586149,-0.0351710263029625,0.19999999999999996,0.0,0.0,-1.0,0.0,0.03999999999999995,conservative,Conservador,1.15,GROWTH,0.6,Estado GROWTH; tendencia 60%; volatilidad anualizada 21.9%; drawdown a 252 sesiones -8.0%; exposición propuesta 115%.,HOLD,balanced,Equilibrado,1.5,VOLATILITY_MANAGED,0.6,Estado VOLATILITY_MANAGED; tendencia 60%; volatilidad anualizada 21.9%; drawdown a 252 sesiones -8.0%; exposición propuesta 150%.,HOLD,aggressive,Agresivo,1.75,GROWTH,0.6,Estado GROWTH; tendencia 60%; volatilidad anualizada 21.9%; drawdown a 252 sesiones -8.0%; exposición propuesta 175%.,HOLD
2024-08-02,0.6,0.25983458888007,-0.1077817809365231,-0.0563572992304378,0.19999999999999996,0.0,0.0,-1.0,0.0,0.03999999999999995,conservative,Conservador,1.15,GROWTH,0.6,Estado GROWTH; tendencia 60%; volatilidad anualizada 26.0%; drawdown a 252 sesiones -10.8%; exposición propuesta 115%.,HOLD,balanced,Equilibrado,1.3470108098716103,VOLATILITY_MANAGED,0.6,Estado VOLATILITY_MANAGED; tendencia 60%; volatilidad anualizada 26.0%; drawdown a 252 sesiones -10.8%; exposición propuesta 135%.,REDUCE,aggressive,Agresivo,1.75,GROWTH,0.6,Estado GROWTH; tendencia 60%; volatilidad anualizada 26.0%; drawdown a 252 sesiones -10.8%; exposición propuesta 175%.,HOLD
2024-08-09,0.6,0.2955823583402731,-0.1044813384818124,-0.0415349282177919,0.19999999999999996,0.0,0.0,-1.0,0.0,0.03999999999999995,conservative,Conservador,1.15,GROWTH,0.6,Estado GROWTH; tendencia 60%; volatilidad anualizada 29.6%; drawdown a 252 sesiones -10.4%; exposición propuesta 115%.,HOLD,balanced,Equilibrado,1.1841031446033783,VOLATILITY_MANAGED,0.6,Estado VOLATILITY_MANAGED; tendencia 60%; volatilidad anualizada 29.6%; drawdown a 252 sesiones -10.4%; exposición propuesta 118%.,REDUCE,aggressive,Agresivo,1.75,GROWTH,0.6,Estado GROWTH; tendencia 60%; volatilidad anualizada 29.6%; drawdown a 252 sesiones -10.4%; exposición propuesta 175%.,HOLD
2024-08-16,0.8,0.3108772491226343,-0.0555311994432935,-0.0101323271063294,0.6000000000000001,0.0,0.0,-1.0,0.0,0.32000000000000006,conservative,Conservador,1.15,GROWTH,0.8,Estado GROWTH; tendencia 80%; volatilidad anualizada 31.1%; drawdown a 252 sesiones -5.6%; exposición propuesta 115%.,HOLD,balanced,Equilibrado,1.1258462978161923,VOLATILITY_MANAGED,0.8,Estado VOLATILITY_MANAGED; tendencia 80%; volatilidad anualizada 31.1%; drawdown a 252 sesiones -5.6%; exposición propuesta 113%.,REDUCE,aggressive,Agresivo,1.75,GROWTH,0.8,Estado GROWTH; tendencia 80%; volatilidad anualizada 31.1%; drawdown a 252 sesiones -5.6%; exposición propuesta 175%.,HOLD
2024-08-23,1.0,0.2828107259679709,-0.0456497579599836,0.0042920494894507,1.0,0.0,0.0,1.0,0.0,0.7999999999999999,conservative,Conservador,1.15,GROWTH,1.0,Estado GROWTH; tendencia 100%; volatilidad anualizada 28.3%; drawdown a 252 sesiones -4.6%; exposición propuesta 115%.,HOLD,balanced,Equilibrado,1.2375768238706704,VOLATILITY_MANAGED,1.0,Estado VOLATILITY_MANAGED; tendencia 100%; volatilidad anualizada 28.3%; drawdown a 252 sesiones -4.6%; exposición propuesta 124%.,INCREASE,aggressive,Agresivo,1.75,GROWTH,1.0,Estado GROWTH; tendencia 100%; volatilidad anualizada 28.3%; drawdown a 252 sesiones -4.6%; exposición propuesta 175%.,HOLD
2024-08-30,1.0,0.23247718371227,-0.0530657798545838,0.0035664795187011,1.0,0.0,0.0,1.0,0.0,0.7999999999999999,conservative,Conservador,1.15,GROWTH,1.0,Estado GROWTH; tendencia 100%; volatilidad anualizada 23.2%; drawdown a 252 sesiones -5.3%; exposición propuesta 115%.,HOLD,balanced,Equilibrado,1.5,VOLATILITY_MANAGED,1.0,Estado VOLATILITY_MANAGED; tendencia 100%; volatilidad anualizada 23.2%; drawdown a 252 sesiones -5.3%; exposición propuesta 150%.,INCREASE,aggressive,Agresivo,1.75,GROWTH,1.0,Estado GROWTH; tendencia 100%; volatilidad anualizada 23.2%; drawdown a 252 sesiones -5.3%; exposición propuesta 175%.,HOLD
2024-09-06,0.6,0.226787759471618,-0.1079012189738063,-0.0169146910114865,0.19999999999999996,0.0,0.0,-1.0,0.0,0.03999999999999995,conservative,Conservador,1.15,GROWTH,0.6,Estado GROWTH; tendencia 60%; volatilidad anualizada 22.7%; drawdown a 252 sesiones -10.8%; exposición propuesta 115%.,HOLD,balanced,Equilibrado,1.5,VOLATILITY_MANAGED,0.6,Estado VOLATILITY_MANAGED; tendencia 60%; volatilidad anualizada 22.7%; drawdown a 252 sesiones -10.8%; exposición propuesta 150%.,HOLD,aggressive,Agresivo,1.75,GROWTH,0.6,Estado GROWTH; tendencia 60%; volatilidad anualizada 22.7%; drawdown a 252 sesiones -10.8%; exposición propuesta 175%.,HOLD
2024-09-13,0.8,0.2133083167686566,-0.0549148598901599,-0.0142251930973285,0.6000000000000001,0.0,0.0,-1.0,0.0,0.32000000000000006,conservative,Conservador,1.15,GROWTH,0.8,Estado GROWTH; tendencia 80%; volatilidad anualizada 21.3%; drawdown a 252 sesiones -5.5%; exposición propuesta 115%.,HOLD,balanced,Equilibrado,1.5,VOLATILITY_MANAGED,0.8,Estado VOLATILITY_MANAGED; tendencia 80%; volatilidad anualizada 21.3%; drawdown a 252 sesiones -5.5%; exposición propuesta 150%.,HOLD,aggressive,Agresivo,1.75,GROWTH,0.8,Estado GROWTH; tendencia 80%; volatilidad anualizada 21.3%; drawdown a 252 sesiones -5.5%; exposición propuesta 175%.,HOLD
2024-09-20,1.0,0.2198829296638866,-0.0407982781773264,-0.0087775650233783,1.0,0.0,0.0,-1.0,0.0,0.6,conservative,Conservador,1.15,GROWTH,1.0,Estado GROWTH; tendencia 100%; volatilidad anualizada 22.0%; drawdown a 252 sesiones -4.1%; exposición propuesta 115%.,HOLD,balanced,Equilibrado,1.5,VOLATILITY_MANAGED,1.0,Estado VOLATILITY_MANAGED; tendencia 100%; volatilidad anualizada 22.0%; drawdown a 252 sesiones -4.1%; exposición propuesta 150%.,HOLD,aggressive,Agresivo,1.75,GROWTH,1.0,Estado GROWTH; tendencia 100%; volatilidad anualizada 22.0%; drawdown a 252 sesiones -4.1%; exposición propuesta 175%.,HOLD
2024-09-27,0.8,0.2111108238868162,-0.0308691474057487,0.0090020605242613,0.6000000000000001,0.0,0.0,1.0,0.0,0.52,conservative,Conservador,1.15,GROWTH,0.8,Estado GROWTH; tendencia 80%; volatilidad anualizada 21.1%; drawdown a 252 sesiones -3.1%; exposición propuesta 115%.,HOLD,balanced,Equilibrado,1.5,VOLATILITY_MANAGED,0.8,Estado VOLATILITY_MANAGED; tendencia 80%; volatilidad anualizada 21.1%; drawdown a 252 sesiones -3.1%; exposición propuesta 150%.,HOLD,aggressive,Agresivo,1.75,GROWTH,0.8,Estado GROWTH; tendencia 80%; volatilidad anualizada 21.1%; drawdown a 252 sesiones -3.1%; exposición propuesta 175%.,HOLD
2024-10-04,0.8,0.1467290592693551,-0.0297343019230321,0.0240018156243531,0.6000000000000001,0.0,0.0,1.0,0.0,0.52,conservative,Conservador,1.15,GROWTH,0.8,Estado GROWTH; tendencia 80%; volatilidad anualizada 14.7%; drawdown a 252 sesiones -3.0%; exposición propuesta 115%.,HOLD,balanced,Equilibrado,1.5,VOLATILITY_MANAGED,0.8,Estado VOLATILITY_MANAGED; tendencia 80%; volatilidad anualizada 14.7%; drawdown a 252 sesiones -3.0%; exposición propuesta 150%.,HOLD,aggressive,Agresivo,1.75,GROWTH,0.8,Estado GROWTH; tendencia 80%; volatilidad anualizada 14.7%; drawdown a 252 sesiones -3.0%; exposición propuesta 175%.,HOLD
2024-10-11,1.0,0.1396977928292843,-0.0177085610005837,0.004942062914,1.0,0.0,0.0,1.0,0.0,0.7999999999999999,conservative,Conservador,1.15,GROWTH,1.0,Estado GROWTH; tendencia 100%; volatilidad anualizada 14.0%; drawdown a 252 sesiones -1.8%; exposición propuesta 115%.,HOLD,balanced,Equilibrado,1.5,VOLATILITY_MANAGED,1.0,Estado VOLATILITY_MANAGED; tendencia 100%; volatilidad anualizada 14.0%; drawdown a 252 sesiones -1.8%; exposición propuesta 150%.,HOLD,aggressive,Agresivo,1.75,GROWTH,1.0,Estado GROWTH; tendencia 100%; volatilidad anualizada 14.0%; drawdown a 252 sesiones -1.8%; exposición propuesta 175%.,HOLD
2024-10-18,1.0,0.1221311413837213,-0.0154986504299676,-0.0023795970445799,1.0,0.0,0.0,-1.0,0.0,0.6,conservative,Conservador,1.15,GROWTH,1.0,Estado GROWTH; tendencia 100%; volatilidad anualizada 12.2%; drawdown a 252 sesiones -1.5%; exposición propuesta 115%.,HOLD,balanced,Equilibrado,1.5,VOLATILITY_MANAGED,1.0,Estado VOLATILITY_MANAGED; tendencia 100%; volatilidad anualizada 12.2%; drawdown a 252 sesiones -1.5%; exposición propuesta 150%.,HOLD,aggressive,Agresivo,1.75,GROWTH,1.0,Estado GROWTH; tendencia 100%; volatilidad anualizada 12.2%; drawdown a 252 sesiones -1.5%; exposición propuesta 175%.,HOLD
2024-10-25,1.0,0.1346839279282977,-0.0138060182654269,0.0043602257024393,1.0,0.0,0.0,1.0,0.0,0.7999999999999999,conservative,Conservador,1.15,GROWTH,1.0,Estado GROWTH; tendencia 100%; volatilidad anualizada 13.5%; drawdown a 252 sesiones -1.4%; exposición propuesta 115%.,HOLD,balanced,Equilibrado,1.5,VOLATILITY_MANAGED,1.0,Estado VOLATILITY_MANAGED; tendencia 100%; volatilidad anualizada 13.5%; drawdown a 252 sesiones -1.4%; exposición propuesta 150%.,HOLD,aggressive,Agresivo,1.75,GROWTH,1.0,Estado GROWTH; tendencia 100%; volatilidad anualizada 13.5%; drawdown a 252 sesiones -1.4%; exposición propuesta 175%.,HOLD
2024-11-01,1.0,0.1579030593196059,-0.0295153117292878,0.0036116184458672,1.0,0.0,0.0,1.0,0.0,0.7999999999999999,conservative,Conservador,1.15,GROWTH,1.0,Estado GROWTH; tendencia 100%; volatilidad anualizada 15.8%; drawdown a 252 sesiones -3.0%; exposición propuesta 115%.,HOLD,balanced,Equilibrado,1.5,VOLATILITY_MANAGED,1.0,Estado VOLATILITY_MANAGED; tendencia 100%; volatilidad anualizada 15.8%; drawdown a 252 sesiones -3.0%; exposición propuesta 150%.,HOLD,aggressive,Agresivo,1.75,GROWTH,1.0,Estado GROWTH; tendencia 100%; volatilidad anualizada 15.8%; drawdown a 252 sesiones -3.0%; exposición propuesta 175%.,HOLD
2024-11-08,1.0,0.1836969206469879,0.0,0.0100101414713555,1.0,0.0,0.0,1.0,0.0,0.7999999999999999,conservative,Conservador,1.15,GROWTH,1.0,Estado GROWTH; tendencia 100%; volatilidad anualizada 18.4%; drawdown a 252 sesiones 0.0%; exposición propuesta 115%.,HOLD,balanced,Equilibrado,1.5,VOLATILITY_MANAGED,1.0,Estado VOLATILITY_MANAGED; tendencia 100%; volatilidad anualizada 18.4%; drawdown a 252 sesiones 0.0%; exposición propuesta 150%.,HOLD,aggressive,Agresivo,1.75,GROWTH,1.0,Estado GROWTH; tendencia 100%; volatilidad anualizada 18.4%; drawdown a 252 sesiones 0.0%; exposición propuesta 175%.,HOLD
2024-11-15,1.0,0.1982029248544099,-0.0341736746741621,0.0022630720433438,1.0,0.0,0.0,1.0,0.0,0.7999999999999999,conservative,Conservador,1.15,GROWTH,1.0,Estado GROWTH; tendencia 100%; volatilidad anualizada 19.8%; drawdown a 252 sesiones -3.4%; exposición propuesta 115%.,HOLD,balanced,Equilibrado,1.5,VOLATILITY_MANAGED,1.0,Estado VOLATILITY_MANAGED; tendencia 100%; volatilidad anualizada 19.8%; drawdown a 252 sesiones -3.4%; exposición propuesta 150%.,HOLD,aggressive,Agresivo,1.75,GROWTH,1.0,Estado GROWTH; tendencia 100%; volatilidad anualizada 19.8%; drawdown a 252 sesiones -3.4%; exposición propuesta 175%.,HOLD
2024-11-22,1.0,0.1895021551077959,-0.0162407500896361,-0.0073060246706702,1.0,0.0,0.0,-1.0,0.0,0.6,conservative,Conservador,1.15,GROWTH,1.0,Estado GROWTH; tendencia 100%; volatilidad anualizada 19.0%; drawdown a 252 sesiones -1.6%; exposición propuesta 115%.,HOLD,balanced,Equilibrado,1.5,VOLATILITY_MANAGED,1.0,Estado VOLATILITY_MANAGED; tendencia 100%; volatilidad anualizada 19.0%; drawdown a 252 sesiones -1.6%; exposición propuesta 150%.,HOLD,aggressive,Agresivo,1.75,GROWTH,1.0,Estado GROWTH; tendencia 100%; volatilidad anualizada 19.0%; drawdown a 252 sesiones -1.6%; exposición propuesta 175%.,HOLD
2024-11-29,1.0,0.161842883758888,-0.0085580032784644,-0.0061251232879022,1.0,0.0,0.0,-1.0,0.0,0.6,conservative,Conservador,1.15,GROWTH,1.0,Estado GROWTH; tendencia 100%; volatilidad anualizada 16.2%; drawdown a 252 sesiones -0.9%; exposición propuesta 115%.,HOLD,balanced,Equilibrado,1.5,VOLATILITY_MANAGED,1.0,Estado VOLATILITY_MANAGED; tendencia 100%; volatilidad anualizada 16.2%; drawdown a 252 sesiones -0.9%; exposición propuesta 150%.,HOLD,aggressive,Agresivo,1.75,GROWTH,1.0,Estado GROWTH; tendencia 100%; volatilidad anualizada 16.2%; drawdown a 252 sesiones -0.9%; exposición propuesta 175%.,HOLD
2024-12-06,1.0,0.1282733418145775,0.0,0.0047146641232433,1.0,0.0,0.0,1.0,0.0,0.7999999999999999,conservative,Conservador,1.15,GROWTH,1.0,Estado GROWTH; tendencia 100%; volatilidad anualizada 12.8%; drawdown a 252 sesiones 0.0%; exposición propuesta 115%.,HOLD,balanced,Equilibrado,1.5,VOLATILITY_MANAGED,1.0,Estado VOLATILITY_MANAGED; tendencia 100%; volatilidad anualizada 12.8%; drawdown a 252 sesiones 0.0%; exposición propuesta 150%.,HOLD,aggressive,Agresivo,1.75,GROWTH,1.0,Estado GROWTH; tendencia 100%; volatilidad anualizada 12.8%; drawdown a 252 sesiones 0.0%; exposición propuesta 175%.,HOLD
2024-12-13,1.0,0.1465469620784325,0.0,0.0246309409831111,1.0,0.0,0.0,1.0,0.0,0.7999999999999999,conservative,Conservador,1.15,GROWTH,1.0,Estado GROWTH; tendencia 100%; volatilidad anualizada 14.7%; drawdown a 252 sesiones 0.0%; exposición propuesta 115%.,HOLD,balanced,Equilibrado,1.5,VOLATILITY_MANAGED,1.0,Estado VOLATILITY_MANAGED; tendencia 100%; volatilidad anualizada 14.7%; drawdown a 252 sesiones 0.0%; exposición propuesta 150%.,HOLD,aggressive,Agresivo,1.75,GROWTH,1.0,Estado GROWTH; tendencia 100%; volatilidad anualizada 14.7%; drawdown a 252 sesiones 0.0%; exposición propuesta 175%.,HOLD
2024-12-20,1.0,0.186400229259277,-0.0362525837627145,0.0279835052947972,1.0,0.0,0.0,1.0,0.0,0.7999999999999999,conservative,Conservador,1.15,GROWTH,1.0,Estado GROWTH; tendencia 100%; volatilidad anualizada 18.6%; drawdown a 252 sesiones -3.6%; exposición propuesta 115%.,HOLD,balanced,Equilibrado,1.5,VOLATILITY_MANAGED,1.0,Estado VOLATILITY_MANAGED; tendencia 100%; volatilidad anualizada 18.6%; drawdown a 252 sesiones -3.6%; exposición propuesta 150%.,HOLD,aggressive,Agresivo,1.75,GROWTH,1.0,Estado GROWTH; tendencia 100%; volatilidad anualizada 18.6%; drawdown a 252 sesiones -3.6%; exposición propuesta 175%.,HOLD
2024-12-27,1.0,0.1978612842666275,-0.0274401528783314,0.0388602882662083,1.0,0.0,0.0,1.0,0.0,0.7999999999999999,conservative,Conservador,1.15,GROWTH,1.0,Estado GROWTH; tendencia 100%; volatilidad anualizada 19.8%; drawdown a 252 sesiones -2.7%; exposición propuesta 115%.,HOLD,balanced,Equilibrado,1.5,VOLATILITY_MANAGED,1.0,Estado VOLATILITY_MANAGED; tendencia 100%; volatilidad anualizada 19.8%; drawdown a 252 sesiones -2.7%; exposición propuesta 150%.,HOLD,aggressive,Agresivo,1.75,GROWTH,1.0,Estado GROWTH; tendencia 100%; volatilidad anualizada 19.8%; drawdown a 252 sesiones -2.7%; exposición propuesta 175%.,HOLD
2025-01-03,0.8,0.2053752646830239,-0.0348472734608747,0.0152288446710291,0.6000000000000001,0.0,0.0,1.0,0.0,0.52,conservative,Conservador,1.15,GROWTH,0.8,Estado GROWTH; tendencia 80%; volatilidad anualizada 20.5%; drawdown a 252 sesiones -3.5%; exposición propuesta 115%.,HOLD,balanced,Equilibrado,1.5,VOLATILITY_MANAGED,0.8,Estado VOLATILITY_MANAGED; tendencia 80%; volatilidad anualizada 20.5%; drawdown a 252 sesiones -3.5%; exposición propuesta 150%.,HOLD,aggressive,Agresivo,1.75,GROWTH,0.8,Estado GROWTH; tendencia 80%; volatilidad anualizada 20.5%; drawdown a 252 sesiones -3.5%; exposición propuesta 175%.,HOLD
2025-01-10,0.6,0.2213059088034433,-0.0560458415038641,0.0095818388269695,0.19999999999999996,0.0,0.0,1.0,0.0,0.23999999999999996,conservative,Conservador,1.15,GROWTH,0.6,Estado GROWTH; tendencia 60%; volatilidad anualizada 22.1%; drawdown a 252 sesiones -5.6%; exposición propuesta 115%.,HOLD,balanced,Equilibrado,1.5,VOLATILITY_MANAGED,0.6,Estado VOLATILITY_MANAGED; tendencia 60%; volatilidad anualizada 22.1%; drawdown a 252 sesiones -5.6%; exposición propuesta 150%.,HOLD,aggressive,Agresivo,1.75,GROWTH,0.6,Estado GROWTH; tendencia 60%; volatilidad anualizada 22.1%; drawdown a 252 sesiones -5.6%; exposición propuesta 175%.,HOLD
2025-01-17,0.8,0.2279802954539435,-0.0289662096591913,-0.0168954561566098,0.6000000000000001,0.0,0.0,-1.0,0.0,0.32000000000000006,conservative,Conservador,1.15,GROWTH,0.8,Estado GROWTH; tendencia 80%; volatilidad anualizada 22.8%; drawdown a 252 sesiones -2.9%; exposición propuesta 115%.,HOLD,balanced,Equilibrado,1.5,VOLATILITY_MANAGED,0.8,Estado VOLATILITY_MANAGED; tendencia 80%; volatilidad anualizada 22.8%; drawdown a 252 sesiones -2.9%; exposición propuesta 150%.,HOLD,aggressive,Agresivo,1.75,GROWTH,0.8,Estado GROWTH; tendencia 80%; volatilidad anualizada 22.8%; drawdown a 252 sesiones -2.9%; exposición propuesta 175%.,HOLD
2025-01-24,1.0,0.1884262202751768,-0.0142817652310398,-0.0094022692603694,1.0,0.0,0.0,-1.0,0.0,0.6,conservative,Conservador,1.15,GROWTH,1.0,Estado GROWTH; tendencia 100%; volatilidad anualizada 18.8%; drawdown a 252 sesiones -1.4%; exposición propuesta 115%.,HOLD,balanced,Equilibrado,1.5,VOLATILITY_MANAGED,1.0,Estado VOLATILITY_MANAGED; tendencia 100%; volatilidad anualizada 18.8%; drawdown a 252 sesiones -1.4%; exposición propuesta 150%.,HOLD,aggressive,Agresivo,1.75,GROWTH,1.0,Estado GROWTH; tendencia 100%; volatilidad anualizada 18.8%; drawdown a 252 sesiones -1.4%; exposición propuesta 175%.,HOLD
2025-01-31,1.0,0.2040861802672071,-0.0279426140329632,-0.0052222298648887,1.0,0.0,0.0,-1.0,0.0,0.6,conservative,Conservador,1.15,GROWTH,1.0,Estado GROWTH; tendencia 100%; volatilidad anualizada 20.4%; drawdown a 252 sesiones -2.8%; exposición propuesta 115%.,HOLD,balanced,Equilibrado,1.5,VOLATILITY_MANAGED,1.0,Estado VOLATILITY_MANAGED; tendencia 100%; volatilidad anualizada 20.4%; drawdown a 252 sesiones -2.8%; exposición propuesta 150%.,HOLD,aggressive,Agresivo,1.75,GROWTH,1.0,Estado GROWTH; tendencia 100%; volatilidad anualizada 20.4%; drawdown a 252 sesiones -2.8%; exposición propuesta 175%.,HOLD
2025-02-07,1.0,0.1945313961578299,-0.0267702046721555,-0.0042887743482733,1.0,0.0,0.0,-1.0,0.0,0.6,conservative,Conservador,1.15,GROWTH,1.0,Estado GROWTH; tendencia 100%; volatilidad anualizada 19.5%; drawdown a 252 sesiones -2.7%; exposición propuesta 115%.,HOLD,balanced,Equilibrado,1.5,VOLATILITY_MANAGED,1.0,Estado VOLATILITY_MANAGED; tendencia 100%; volatilidad anualizada 19.5%; drawdown a 252 sesiones -2.7%; exposición propuesta 150%.,HOLD,aggressive,Agresivo,1.75,GROWTH,1.0,Estado GROWTH; tendencia 100%; volatilidad anualizada 19.5%; drawdown a 252 sesiones -2.7%; exposición propuesta 175%.,HOLD
2025-02-14,1.0,0.1742122334771219,0.0,0.0183363962026374,1.0,0.0,0.0,1.0,0.0,0.7999999999999999,conservative,Conservador,1.15,GROWTH,1.0,Estado GROWTH; tendencia 100%; volatilidad anualizada 17.4%; drawdown a 252 sesiones 0.0%; exposición propuesta 115%.,HOLD,balanced,Equilibrado,1.5,VOLATILITY_MANAGED,1.0,Estado VOLATILITY_MANAGED; tendencia 100%; volatilidad anualizada 17.4%; drawdown a 252 sesiones 0.0%; exposición propuesta 150%.,HOLD,aggressive,Agresivo,1.75,GROWTH,1.0,Estado GROWTH; tendencia 100%; volatilidad anualizada 17.4%; drawdown a 252 sesiones 0.0%; exposición propuesta 175%.,HOLD
2025-02-21,0.8,0.177233905616838,-0.0249110101037759,0.0037721716305109,0.6000000000000001,0.0,0.0,1.0,0.0,0.52,conservative,Conservador,1.15,GROWTH,0.8,Estado GROWTH; tendencia 80%; volatilidad anualizada 17.7%; drawdown a 252 sesiones -2.5%; exposición propuesta 115%.,HOLD,balanced,Equilibrado,1.5,VOLATILITY_MANAGED,0.8,Estado VOLATILITY_MANAGED; tendencia 80%; volatilidad anualizada 17.7%; drawdown a 252 sesiones -2.5%; exposición propuesta 150%.,HOLD,aggressive,Agresivo,1.75,GROWTH,0.8,Estado GROWTH; tendencia 80%; volatilidad anualizada 17.7%; drawdown a 252 sesiones -2.5%; exposición propuesta 175%.,HOLD
2025-02-28,0.4,0.183596181036716,-0.0581071506804304,-0.0104993073029268,-0.19999999999999996,0.0,0.0,-1.0,0.0,-0.23999999999999996,conservative,Conservador,0.7,DEFENSIVE,0.6,Estado DEFENSIVE; tendencia 40%; volatilidad anualizada 18.4%; drawdown a 252 sesiones -5.8%; exposición propuesta 70%.,REDUCE,balanced,Equilibrado,0.7,DEFENSIVE,0.6,Estado DEFENSIVE; tendencia 40%; volatilidad anualizada 18.4%; drawdown a 252 sesiones -5.8%; exposición propuesta 70%.,REDUCE,aggressive,Agresivo,0.7,DEFENSIVE,0.6,Estado DEFENSIVE; tendencia 40%; volatilidad anualizada 18.4%; drawdown a 252 sesiones -5.8%; exposición propuesta 70%.,REDUCE
2025-03-07,0.2,0.2161661336933939,-0.0884674798974107,-0.0212549767786687,-0.6,0.0,0.0,-1.0,0.0,-0.52,conservative,Conservador,0.7,DEFENSIVE,0.8,Estado DEFENSIVE; tendencia 20%; volatilidad anualizada 21.6%; drawdown a 252 sesiones -8.8%; exposición propuesta 70%.,HOLD,balanced,Equilibrado,0.7,DEFENSIVE,0.8,Estado DEFENSIVE; tendencia 20%; volatilidad anualizada 21.6%; drawdown a 252 sesiones -8.8%; exposición propuesta 70%.,HOLD,aggressive,Agresivo,0.7,DEFENSIVE,0.8,Estado DEFENSIVE; tendencia 20%; volatilidad anualizada 21.6%; drawdown a 252 sesiones -8.8%; exposición propuesta 70%.,HOLD
2025-03-14,0.0,0.2632576050708972,-0.1109504349095955,-0.0279926640401982,-1.0,0.0,0.0,-1.0,0.0,-0.7999999999999999,conservative,Conservador,0.7,DEFENSIVE,1.0,Estado DEFENSIVE; tendencia 0%; volatilidad anualizada 26.3%; drawdown a 252 sesiones -11.1%; exposición propuesta 70%.,HOLD,balanced,Equilibrado,0.7,DEFENSIVE,1.0,Estado DEFENSIVE; tendencia 0%; volatilidad anualizada 26.3%; drawdown a 252 sesiones -11.1%; exposición propuesta 70%.,HOLD,aggressive,Agresivo,0.7,DEFENSIVE,1.0,Estado DEFENSIVE; tendencia 0%; volatilidad anualizada 26.3%; drawdown a 252 sesiones -11.1%; exposición propuesta 70%.,HOLD
2025-03-21,0.0,0.2698966342948474,-0.1087632800306672,-0.0288828608981458,-1.0,0.0,0.0,-1.0,0.0,-0.7999999999999999,conservative,Conservador,0.7,DEFENSIVE,1.0,Estado DEFENSIVE; tendencia 0%; volatilidad anualizada 27.0%; drawdown a 252 sesiones -10.9%; exposición propuesta 70%.,HOLD,balanced,Equilibrado,0.7,DEFENSIVE,1.0,Estado DEFENSIVE; tendencia 0%; volatilidad anualizada 27.0%; drawdown a 252 sesiones -10.9%; exposición propuesta 70%.,HOLD,aggressive,Agresivo,0.7,DEFENSIVE,1.0,Estado DEFENSIVE; tendencia 0%; volatilidad anualizada 27.0%; drawdown a 252 sesiones -10.9%; exposición propuesta 70%.,HOLD
2025-03-28,0.0,0.278240745174481,-0.1295237671476684,-0.0138068047168142,-1.0,0.0,0.0,-1.0,0.0,-0.7999999999999999,conservative,Conservador,0.7,DEFENSIVE,1.0,Estado DEFENSIVE; tendencia 0%; volatilidad anualizada 27.8%; drawdown a 252 sesiones -13.0%; exposición propuesta 70%.,HOLD,balanced,Equilibrado,0.7,DEFENSIVE,1.0,Estado DEFENSIVE; tendencia 0%; volatilidad anualizada 27.8%; drawdown a 252 sesiones -13.0%; exposición propuesta 70%.,HOLD,aggressive,Agresivo,0.7,DEFENSIVE,1.0,Estado DEFENSIVE; tendencia 0%; volatilidad anualizada 27.8%; drawdown a 252 sesiones -13.0%; exposición propuesta 70%.,HOLD
2025-04-04,0.0,0.372453956102556,-0.2154131070708177,-0.0192494184865198,-1.0,0.5,0.5,-1.0,0.5,-0.8999999999999999,conservative,Conservador,0.7,DEFENSIVE,1.0,Estado DEFENSIVE; tendencia 0%; volatilidad anualizada 37.2%; drawdown a 252 sesiones -21.5%; exposición propuesta 70%.,HOLD,balanced,Equilibrado,0.7,DEFENSIVE,1.0,Estado DEFENSIVE; tendencia 0%; volatilidad anualizada 37.2%; drawdown a 252 sesiones -21.5%; exposición propuesta 70%.,HOLD,aggressive,Agresivo,0.7,DEFENSIVE,1.0,Estado DEFENSIVE; tendencia 0%; volatilidad anualizada 37.2%; drawdown a 252 sesiones -21.5%; exposición propuesta 70%.,HOLD
2025-04-11,0.0,0.5845127692990127,-0.1565138322243823,-0.0028073490168989,-1.0,1.0,0.5,-1.0,1.0,-1.0,conservative,Conservador,0.45,SEVERE_RISK,1.0,Estado SEVERE_RISK; tendencia 0%; volatilidad anualizada 58.5%; drawdown a 252 sesiones -15.7%; exposición propuesta 45%.,REDUCE,balanced,Equilibrado,0.5,SEVERE_RISK,1.0,Estado SEVERE_RISK; tendencia 0%; volatilidad anualizada 58.5%; drawdown a 252 sesiones -15.7%; exposición propuesta 50%.,REDUCE,aggressive,Agresivo,0.5,SEVERE_RISK,1.0,Estado SEVERE_RISK; tendencia 0%; volatilidad anualizada 58.5%; drawdown a 252 sesiones -15.7%; exposición propuesta 50%.,REDUCE
2025-04-18,0.0,0.5845127692990127,-0.1565138322243823,-0.0028073490168989,-1.0,1.0,0.5,-1.0,1.0,-1.0,conservative,Conservador,0.45,SEVERE_RISK,1.0,Estado SEVERE_RISK; tendencia 0%; volatilidad anualizada 58.5%; drawdown a 252 sesiones -15.7%; exposición propuesta 45%.,HOLD,balanced,Equilibrado,0.5,SEVERE_RISK,1.0,Estado SEVERE_RISK; tendencia 0%; volatilidad anualizada 58.5%; drawdown a 252 sesiones -15.7%; exposición propuesta 50%.,HOLD,aggressive,Agresivo,0.5,SEVERE_RISK,1.0,Estado SEVERE_RISK; tendencia 0%; volatilidad anualizada 58.5%; drawdown a 252 sesiones -15.7%; exposición propuesta 50%.,HOLD
2025-04-25,0.0,0.6105694766231505,-0.1228041743106705,0.0101790733084548,-1.0,1.0,0.0,1.0,1.0,-0.8,conservative,Conservador,0.45,SEVERE_RISK,1.0,Estado SEVERE_RISK; tendencia 0%; volatilidad anualizada 61.1%; drawdown a 252 sesiones -12.3%; exposición propuesta 45%.,HOLD,balanced,Equilibrado,0.5,SEVERE_RISK,1.0,Estado SEVERE_RISK; tendencia 0%; volatilidad anualizada 61.1%; drawdown a 252 sesiones -12.3%; exposición propuesta 50%.,HOLD,aggressive,Agresivo,0.5,SEVERE_RISK,1.0,Estado SEVERE_RISK; tendencia 0%; volatilidad anualizada 61.1%; drawdown a 252 sesiones -12.3%; exposición propuesta 50%.,HOLD
2025-05-02,0.6,0.5692386589584917,-0.0926027719211777,0.0286889471542255,0.19999999999999996,1.0,0.0,1.0,1.0,0.03999999999999995,conservative,Conservador,0.45,SEVERE_RISK,0.75,Estado SEVERE_RISK; tendencia 60%; volatilidad anualizada 56.9%; drawdown a 252 sesiones -9.3%; exposición propuesta 45%.,HOLD,balanced,Equilibrado,0.5,SEVERE_RISK,0.75,Estado SEVERE_RISK; tendencia 60%; volatilidad anualizada 56.9%; drawdown a 252 sesiones -9.3%; exposición propuesta 50%.,HOLD,aggressive,Agresivo,0.5,SEVERE_RISK,0.75,Estado SEVERE_RISK; tendencia 60%; volatilidad anualizada 56.9%; drawdown a 252 sesiones -9.3%; exposición propuesta 50%.,HOLD
2025-05-09,0.6,0.2383803753516884,-0.0941991137519051,0.0178677642809512,0.19999999999999996,0.0,0.0,1.0,0.0,0.23999999999999996,conservative,Conservador,1.15,GROWTH,0.6,Estado GROWTH; tendencia 60%; volatilidad anualizada 23.8%; drawdown a 252 sesiones -9.4%; exposición propuesta 115%.,INCREASE,balanced,Equilibrado,1.46824166831534,VOLATILITY_MANAGED,0.6,Estado VOLATILITY_MANAGED; tendencia 60%; volatilidad anualizada 23.8%; drawdown a 252 sesiones -9.4%; exposición propuesta 147%.,INCREASE,aggressive,Agresivo,1.75,GROWTH,0.6,Estado GROWTH; tendencia 60%; volatilidad anualizada 23.8%; drawdown a 252 sesiones -9.4%; exposición propuesta 175%.,INCREASE
2025-05-16,0.8,0.2310526994425749,-0.0319400710093735,0.045529404118044,0.6000000000000001,0.0,0.0,1.0,0.0,0.52,conservative,Conservador,1.15,GROWTH,0.8,Estado GROWTH; tendencia 80%; volatilidad anualizada 23.1%; drawdown a 252 sesiones -3.2%; exposición propuesta 115%.,HOLD,balanced,Equilibrado,1.5,VOLATILITY_MANAGED,0.8,Estado VOLATILITY_MANAGED; tendencia 80%; volatilidad anualizada 23.1%; drawdown a 252 sesiones -3.2%; exposición propuesta 150%.,HOLD,aggressive,Agresivo,1.75,GROWTH,0.8,Estado GROWTH; tendencia 80%; volatilidad anualizada 23.1%; drawdown a 252 sesiones -3.2%; exposición propuesta 175%.,HOLD
2025-05-23,1.0,0.1868061071449196,-0.0547163504102662,0.0259164497344632,1.0,0.0,0.0,1.0,0.0,0.7999999999999999,conservative,Conservador,1.15,GROWTH,1.0,Estado GROWTH; tendencia 100%; volatilidad anualizada 18.7%; drawdown a 252 sesiones -5.5%; exposición propuesta 115%.,HOLD,balanced,Equilibrado,1.5,VOLATILITY_MANAGED,1.0,Estado VOLATILITY_MANAGED; tendencia 100%; volatilidad anualizada 18.7%; drawdown a 252 sesiones -5.5%; exposición propuesta 150%.,HOLD,aggressive,Agresivo,1.75,GROWTH,1.0,Estado GROWTH; tendencia 100%; volatilidad anualizada 18.7%; drawdown a 252 sesiones -5.5%; exposición propuesta 175%.,HOLD
2025-05-30,1.0,0.1992804440225582,-0.0363950421218841,0.0223413335966611,1.0,0.0,0.0,1.0,0.0,0.7999999999999999,conservative,Conservador,1.15,GROWTH,1.0,Estado GROWTH; tendencia 100%; volatilidad anualizada 19.9%; drawdown a 252 sesiones -3.6%; exposición propuesta 115%.,HOLD,balanced,Equilibrado,1.5,VOLATILITY_MANAGED,1.0,Estado VOLATILITY_MANAGED; tendencia 100%; volatilidad anualizada 19.9%; drawdown a 252 sesiones -3.6%; exposición propuesta 150%.,HOLD,aggressive,Agresivo,1.75,GROWTH,1.0,Estado GROWTH; tendencia 100%; volatilidad anualizada 19.9%; drawdown a 252 sesiones -3.6%; exposición propuesta 175%.,HOLD
2025-06-06,1.0,0.1912776941235453,-0.0163288473298467,0.0249443551398889,1.0,0.0,0.0,1.0,0.0,0.7999999999999999,conservative,Conservador,1.15,GROWTH,1.0,Estado GROWTH; tendencia 100%; volatilidad anualizada 19.1%; drawdown a 252 sesiones -1.6%; exposición propuesta 115%.,HOLD,balanced,Equilibrado,1.5,VOLATILITY_MANAGED,1.0,Estado VOLATILITY_MANAGED; tendencia 100%; volatilidad anualizada 19.1%; drawdown a 252 sesiones -1.6%; exposición propuesta 150%.,HOLD,aggressive,Agresivo,1.75,GROWTH,1.0,Estado GROWTH; tendencia 100%; volatilidad anualizada 19.1%; drawdown a 252 sesiones -1.6%; exposición propuesta 175%.,HOLD
2025-06-13,1.0,0.135521687823345,-0.0218234029736316,0.0037719654264563,1.0,0.0,0.0,1.0,0.0,0.7999999999999999,conservative,Conservador,1.15,GROWTH,1.0,Estado GROWTH; tendencia 100%; volatilidad anualizada 13.6%; drawdown a 252 sesiones -2.2%; exposición propuesta 115%.,HOLD,balanced,Equilibrado,1.5,VOLATILITY_MANAGED,1.0,Estado VOLATILITY_MANAGED; tendencia 100%; volatilidad anualizada 13.6%; drawdown a 252 sesiones -2.2%; exposición propuesta 150%.,HOLD,aggressive,Agresivo,1.75,GROWTH,1.0,Estado GROWTH; tendencia 100%; volatilidad anualizada 13.6%; drawdown a 252 sesiones -2.2%; exposición propuesta 175%.,HOLD
2025-06-20,1.0,0.1382320889337487,-0.0220647024999315,0.0042716619474081,1.0,0.0,0.0,1.0,0.0,0.7999999999999999,conservative,Conservador,1.15,GROWTH,1.0,Estado GROWTH; tendencia 100%; volatilidad anualizada 13.8%; drawdown a 252 sesiones -2.2%; exposición propuesta 115%.,HOLD,balanced,Equilibrado,1.5,VOLATILITY_MANAGED,1.0,Estado VOLATILITY_MANAGED; tendencia 100%; volatilidad anualizada 13.8%; drawdown a 252 sesiones -2.2%; exposición propuesta 150%.,HOLD,aggressive,Agresivo,1.75,GROWTH,1.0,Estado GROWTH; tendencia 100%; volatilidad anualizada 13.8%; drawdown a 252 sesiones -2.2%; exposición propuesta 175%.,HOLD
2025-06-27,1.0,0.1212482733246586,0.0,0.0101322184567136,1.0,0.0,0.0,1.0,0.0,0.7999999999999999,conservative,Conservador,1.15,GROWTH,1.0,Estado GROWTH; tendencia 100%; volatilidad anualizada 12.1%; drawdown a 252 sesiones 0.0%; exposición propuesta 115%.,HOLD,balanced,Equilibrado,1.5,VOLATILITY_MANAGED,1.0,Estado VOLATILITY_MANAGED; tendencia 100%; volatilidad anualizada 12.1%; drawdown a 252 sesiones 0.0%; exposición propuesta 150%.,HOLD,aggressive,Agresivo,1.75,GROWTH,1.0,Estado GROWTH; tendencia 100%; volatilidad anualizada 12.1%; drawdown a 252 sesiones 0.0%; exposición propuesta 175%.,HOLD
2025-07-04,1.0,0.1212482733246586,0.0,0.0101322184567136,1.0,0.0,0.0,1.0,0.0,0.7999999999999999,conservative,Conservador,1.15,GROWTH,1.0,Estado GROWTH; tendencia 100%; volatilidad anualizada 12.1%; drawdown a 252 sesiones 0.0%; exposición propuesta 115%.,HOLD,balanced,Equilibrado,1.5,VOLATILITY_MANAGED,1.0,Estado VOLATILITY_MANAGED; tendencia 100%; volatilidad anualizada 12.1%; drawdown a 252 sesiones 0.0%; exposición propuesta 150%.,HOLD,aggressive,Agresivo,1.75,GROWTH,1.0,Estado GROWTH; tendencia 100%; volatilidad anualizada 12.1%; drawdown a 252 sesiones 0.0%; exposición propuesta 175%.,HOLD
2025-07-11,1.0,0.1260874879659957,-0.0036853472157533,0.0020144261273733,1.0,0.0,0.0,1.0,0.0,0.7999999999999999,conservative,Conservador,1.15,GROWTH,1.0,Estado GROWTH; tendencia 100%; volatilidad anualizada 12.6%; drawdown a 252 sesiones -0.4%; exposición propuesta 115%.,HOLD,balanced,Equilibrado,1.5,VOLATILITY_MANAGED,1.0,Estado VOLATILITY_MANAGED; tendencia 100%; volatilidad anualizada 12.6%; drawdown a 252 sesiones -0.4%; exposición propuesta 150%.,HOLD,aggressive,Agresivo,1.75,GROWTH,1.0,Estado GROWTH; tendencia 100%; volatilidad anualizada 12.6%; drawdown a 252 sesiones -0.4%; exposición propuesta 175%.,HOLD
2025-07-18,1.0,0.0984833189512643,-0.0009612192403832,0.0086406030079615,1.0,0.0,0.0,1.0,0.0,0.7999999999999999,conservative,Conservador,1.15,GROWTH,1.0,Estado GROWTH; tendencia 100%; volatilidad anualizada 9.8%; drawdown a 252 sesiones -0.1%; exposición propuesta 115%.,HOLD,balanced,Equilibrado,1.5,VOLATILITY_MANAGED,1.0,Estado VOLATILITY_MANAGED; tendencia 100%; volatilidad anualizada 9.8%; drawdown a 252 sesiones -0.1%; exposición propuesta 150%.,HOLD,aggressive,Agresivo,1.75,GROWTH,1.0,Estado GROWTH; tendencia 100%; volatilidad anualizada 9.8%; drawdown a 252 sesiones -0.1%; exposición propuesta 175%.,HOLD
2025-07-25,1.0,0.0801232612079663,0.0,-0.0043443074109839,1.0,0.0,0.0,-1.0,0.0,0.6,conservative,Conservador,1.15,GROWTH,1.0,Estado GROWTH; tendencia 100%; volatilidad anualizada 8.0%; drawdown a 252 sesiones 0.0%; exposición propuesta 115%.,HOLD,balanced,Equilibrado,1.5,VOLATILITY_MANAGED,1.0,Estado VOLATILITY_MANAGED; tendencia 100%; volatilidad anualizada 8.0%; drawdown a 252 sesiones 0.0%; exposición propuesta 150%.,HOLD,aggressive,Agresivo,1.75,GROWTH,1.0,Estado GROWTH; tendencia 100%; volatilidad anualizada 8.0%; drawdown a 252 sesiones 0.0%; exposición propuesta 175%.,HOLD
2025-08-01,0.8,0.0970336484210924,-0.025099344661301,0.0015819983742321,0.6000000000000001,0.0,0.0,1.0,0.0,0.52,conservative,Conservador,1.15,GROWTH,0.8,Estado GROWTH; tendencia 80%; volatilidad anualizada 9.7%; drawdown a 252 sesiones -2.5%; exposición propuesta 115%.,HOLD,balanced,Equilibrado,1.5,VOLATILITY_MANAGED,0.8,Estado VOLATILITY_MANAGED; tendencia 80%; volatilidad anualizada 9.7%; drawdown a 252 sesiones -2.5%; exposición propuesta 150%.,HOLD,aggressive,Agresivo,1.75,GROWTH,0.8,Estado GROWTH; tendencia 80%; volatilidad anualizada 9.7%; drawdown a 252 sesiones -2.5%; exposición propuesta 175%.,HOLD
2025-08-08,1.0,0.1247005014722845,0.0,0.0149757004026251,1.0,0.0,0.0,1.0,0.0,0.7999999999999999,conservative,Conservador,1.15,GROWTH,1.0,Estado GROWTH; tendencia 100%; volatilidad anualizada 12.5%; drawdown a 252 sesiones 0.0%; exposición propuesta 115%.,HOLD,balanced,Equilibrado,1.5,VOLATILITY_MANAGED,1.0,Estado VOLATILITY_MANAGED; tendencia 100%; volatilidad anualizada 12.5%; drawdown a 252 sesiones 0.0%; exposición propuesta 150%.,HOLD,aggressive,Agresivo,1.75,GROWTH,1.0,Estado GROWTH; tendencia 100%; volatilidad anualizada 12.5%; drawdown a 252 sesiones 0.0%; exposición propuesta 175%.,HOLD
2025-08-15,1.0,0.1314782105997589,-0.005169436954947,0.0033782386935403,1.0,0.0,0.0,1.0,0.0,0.7999999999999999,conservative,Conservador,1.15,GROWTH,1.0,Estado GROWTH; tendencia 100%; volatilidad anualizada 13.1%; drawdown a 252 sesiones -0.5%; exposición propuesta 115%.,HOLD,balanced,Equilibrado,1.5,VOLATILITY_MANAGED,1.0,Estado VOLATILITY_MANAGED; tendencia 100%; volatilidad anualizada 13.1%; drawdown a 252 sesiones -0.5%; exposición propuesta 150%.,HOLD,aggressive,Agresivo,1.75,GROWTH,1.0,Estado GROWTH; tendencia 100%; volatilidad anualizada 13.1%; drawdown a 252 sesiones -0.5%; exposición propuesta 175%.,HOLD
2025-08-22,1.0,0.1516329249296474,-0.0144226085059696,-0.0029990408740194,1.0,0.0,0.0,-1.0,0.0,0.6,conservative,Conservador,1.15,GROWTH,1.0,Estado GROWTH; tendencia 100%; volatilidad anualizada 15.2%; drawdown a 252 sesiones -1.4%; exposición propuesta 115%.,HOLD,balanced,Equilibrado,1.5,VOLATILITY_MANAGED,1.0,Estado VOLATILITY_MANAGED; tendencia 100%; volatilidad anualizada 15.2%; drawdown a 252 sesiones -1.4%; exposición propuesta 150%.,HOLD,aggressive,Agresivo,1.75,GROWTH,1.0,Estado GROWTH; tendencia 100%; volatilidad anualizada 15.2%; drawdown a 252 sesiones -1.4%; exposición propuesta 175%.,HOLD
2025-08-29,1.0,0.1393352758483968,-0.0171279253162029,-0.0076991404031303,1.0,0.0,0.0,-1.0,0.0,0.6,conservative,Conservador,1.15,GROWTH,1.0,Estado GROWTH; tendencia 100%; volatilidad anualizada 13.9%; drawdown a 252 sesiones -1.7%; exposición propuesta 115%.,HOLD,balanced,Equilibrado,1.5,VOLATILITY_MANAGED,1.0,Estado VOLATILITY_MANAGED; tendencia 100%; volatilidad anualizada 13.9%; drawdown a 252 sesiones -1.7%; exposición propuesta 150%.,HOLD,aggressive,Agresivo,1.75,GROWTH,1.0,Estado GROWTH; tendencia 100%; volatilidad anualizada 13.9%; drawdown a 252 sesiones -1.7%; exposición propuesta 175%.,HOLD
2025-09-05,1.0,0.1241003072365437,-0.0073751169883168,-0.0117282567720391,1.0,0.0,0.0,-1.0,0.0,0.6,conservative,Conservador,1.15,GROWTH,1.0,Estado GROWTH; tendencia 100%; volatilidad anualizada 12.4%; drawdown a 252 sesiones -0.7%; exposición propuesta 115%.,HOLD,balanced,Equilibrado,1.5,VOLATILITY_MANAGED,1.0,Estado VOLATILITY_MANAGED; tendencia 100%; volatilidad anualizada 12.4%; drawdown a 252 sesiones -0.7%; exposición propuesta 150%.,HOLD,aggressive,Agresivo,1.75,GROWTH,1.0,Estado GROWTH; tendencia 100%; volatilidad anualizada 12.4%; drawdown a 252 sesiones -0.7%; exposición propuesta 175%.,HOLD
2025-09-12,1.0,0.1147263391482513,0.0,-0.0076447986040351,1.0,0.0,0.0,-1.0,0.0,0.6,conservative,Conservador,1.15,GROWTH,1.0,Estado GROWTH; tendencia 100%; volatilidad anualizada 11.5%; drawdown a 252 sesiones 0.0%; exposición propuesta 115%.,HOLD,balanced,Equilibrado,1.5,VOLATILITY_MANAGED,1.0,Estado VOLATILITY_MANAGED; tendencia 100%; volatilidad anualizada 11.5%; drawdown a 252 sesiones 0.0%; exposición propuesta 150%.,HOLD,aggressive,Agresivo,1.75,GROWTH,1.0,Estado GROWTH; tendencia 100%; volatilidad anualizada 11.5%; drawdown a 252 sesiones 0.0%; exposición propuesta 175%.,HOLD
2025-09-19,1.0,0.0996662006600623,0.0,0.0168479244611252,1.0,0.0,0.0,1.0,0.0,0.7999999999999999,conservative,Conservador,1.15,GROWTH,1.0,Estado GROWTH; tendencia 100%; volatilidad anualizada 10.0%; drawdown a 252 sesiones 0.0%; exposición propuesta 115%.,HOLD,balanced,Equilibrado,1.5,VOLATILITY_MANAGED,1.0,Estado VOLATILITY_MANAGED; tendencia 100%; volatilidad anualizada 10.0%; drawdown a 252 sesiones 0.0%; exposición propuesta 150%.,HOLD,aggressive,Agresivo,1.75,GROWTH,1.0,Estado GROWTH; tendencia 100%; volatilidad anualizada 10.0%; drawdown a 252 sesiones 0.0%; exposición propuesta 175%.,HOLD
2025-09-26,1.0,0.0970761303222232,-0.0103455035256033,0.0112239998109533,1.0,0.0,0.0,1.0,0.0,0.7999999999999999,conservative,Conservador,1.15,GROWTH,1.0,Estado GROWTH; tendencia 100%; volatilidad anualizada 9.7%; drawdown a 252 sesiones -1.0%; exposición propuesta 115%.,HOLD,balanced,Equilibrado,1.5,VOLATILITY_MANAGED,1.0,Estado VOLATILITY_MANAGED; tendencia 100%; volatilidad anualizada 9.7%; drawdown a 252 sesiones -1.0%; exposición propuesta 150%.,HOLD,aggressive,Agresivo,1.75,GROWTH,1.0,Estado GROWTH; tendencia 100%; volatilidad anualizada 9.7%; drawdown a 252 sesiones -1.0%; exposición propuesta 175%.,HOLD
2025-10-03,1.0,0.072062076081505,-0.0042097140800019,0.0114815548206221,1.0,0.0,0.0,1.0,0.0,0.7999999999999999,conservative,Conservador,1.15,GROWTH,1.0,Estado GROWTH; tendencia 100%; volatilidad anualizada 7.2%; drawdown a 252 sesiones -0.4%; exposición propuesta 115%.,HOLD,balanced,Equilibrado,1.5,VOLATILITY_MANAGED,1.0,Estado VOLATILITY_MANAGED; tendencia 100%; volatilidad anualizada 7.2%; drawdown a 252 sesiones -0.4%; exposición propuesta 150%.,HOLD,aggressive,Agresivo,1.75,GROWTH,1.0,Estado GROWTH; tendencia 100%; volatilidad anualizada 7.2%; drawdown a 252 sesiones -0.4%; exposición propuesta 175%.,HOLD
2025-10-10,1.0,0.156147373092123,-0.0358825167104871,0.0099296218852495,1.0,0.0,0.0,1.0,0.0,0.7999999999999999,conservative,Conservador,1.15,GROWTH,1.0,Estado GROWTH; tendencia 100%; volatilidad anualizada 15.6%; drawdown a 252 sesiones -3.6%; exposición propuesta 115%.,HOLD,balanced,Equilibrado,1.5,VOLATILITY_MANAGED,1.0,Estado VOLATILITY_MANAGED; tendencia 100%; volatilidad anualizada 15.6%; drawdown a 252 sesiones -3.6%; exposición propuesta 150%.,HOLD,aggressive,Agresivo,1.75,GROWTH,1.0,Estado GROWTH; tendencia 100%; volatilidad anualizada 15.6%; drawdown a 252 sesiones -3.6%; exposición propuesta 175%.,HOLD
2025-10-17,1.0,0.1720610302778332,-0.0122825390152064,0.0077701233616369,1.0,0.0,0.0,1.0,0.0,0.7999999999999999,conservative,Conservador,1.15,GROWTH,1.0,Estado GROWTH; tendencia 100%; volatilidad anualizada 17.2%; drawdown a 252 sesiones -1.2%; exposición propuesta 115%.,HOLD,balanced,Equilibrado,1.5,VOLATILITY_MANAGED,1.0,Estado VOLATILITY_MANAGED; tendencia 100%; volatilidad anualizada 17.2%; drawdown a 252 sesiones -1.2%; exposición propuesta 150%.,HOLD,aggressive,Agresivo,1.75,GROWTH,1.0,Estado GROWTH; tendencia 100%; volatilidad anualizada 17.2%; drawdown a 252 sesiones -1.2%; exposición propuesta 175%.,HOLD
2025-10-24,1.0,0.1814056070884858,0.0,0.012140391959803,1.0,0.0,0.0,1.0,0.0,0.7999999999999999,conservative,Conservador,1.15,GROWTH,1.0,Estado GROWTH; tendencia 100%; volatilidad anualizada 18.1%; drawdown a 252 sesiones 0.0%; exposición propuesta 115%.,HOLD,balanced,Equilibrado,1.5,VOLATILITY_MANAGED,1.0,Estado VOLATILITY_MANAGED; tendencia 100%; volatilidad anualizada 18.1%; drawdown a 252 sesiones 0.0%; exposición propuesta 150%.,HOLD,aggressive,Agresivo,1.75,GROWTH,1.0,Estado GROWTH; tendencia 100%; volatilidad anualizada 18.1%; drawdown a 252 sesiones 0.0%; exposición propuesta 175%.,HOLD
2025-10-31,1.0,0.2000835097505695,-0.0105384556696669,0.0237207848976872,1.0,0.0,0.0,1.0,0.0,0.7999999999999999,conservative,Conservador,1.15,GROWTH,1.0,Estado GROWTH; tendencia 100%; volatilidad anualizada 20.0%; drawdown a 252 sesiones -1.1%; exposición propuesta 115%.,HOLD,balanced,Equilibrado,1.5,VOLATILITY_MANAGED,1.0,Estado VOLATILITY_MANAGED; tendencia 100%; volatilidad anualizada 20.0%; drawdown a 252 sesiones -1.1%; exposición propuesta 150%.,HOLD,aggressive,Agresivo,1.75,GROWTH,1.0,Estado GROWTH; tendencia 100%; volatilidad anualizada 20.0%; drawdown a 252 sesiones -1.1%; exposición propuesta 175%.,HOLD
2025-11-07,1.0,0.1807836634840448,-0.0409424693494041,0.006846557096541,1.0,0.0,0.0,1.0,0.0,0.7999999999999999,conservative,Conservador,1.15,GROWTH,1.0,Estado GROWTH; tendencia 100%; volatilidad anualizada 18.1%; drawdown a 252 sesiones -4.1%; exposición propuesta 115%.,HOLD,balanced,Equilibrado,1.5,VOLATILITY_MANAGED,1.0,Estado VOLATILITY_MANAGED; tendencia 100%; volatilidad anualizada 18.1%; drawdown a 252 sesiones -4.1%; exposición propuesta 150%.,HOLD,aggressive,Agresivo,1.75,GROWTH,1.0,Estado GROWTH; tendencia 100%; volatilidad anualizada 18.1%; drawdown a 252 sesiones -4.1%; exposición propuesta 175%.,HOLD
2025-11-14,1.0,0.1938812315985625,-0.0423266664692595,-0.0031855127144111,1.0,0.0,0.0,-1.0,0.0,0.6,conservative,Conservador,1.15,GROWTH,1.0,Estado GROWTH; tendencia 100%; volatilidad anualizada 19.4%; drawdown a 252 sesiones -4.2%; exposición propuesta 115%.,HOLD,balanced,Equilibrado,1.5,VOLATILITY_MANAGED,1.0,Estado VOLATILITY_MANAGED; tendencia 100%; volatilidad anualizada 19.4%; drawdown a 252 sesiones -4.2%; exposición propuesta 150%.,HOLD,aggressive,Agresivo,1.75,GROWTH,1.0,Estado GROWTH; tendencia 100%; volatilidad anualizada 19.4%; drawdown a 252 sesiones -4.2%; exposición propuesta 175%.,HOLD
2025-11-21,0.6,0.2054643419454692,-0.0718813149592925,-0.0168988044927629,0.19999999999999996,0.0,0.0,-1.0,0.0,0.03999999999999995,conservative,Conservador,1.15,GROWTH,0.6,Estado GROWTH; tendencia 60%; volatilidad anualizada 20.5%; drawdown a 252 sesiones -7.2%; exposición propuesta 115%.,HOLD,balanced,Equilibrado,1.5,VOLATILITY_MANAGED,0.6,Estado VOLATILITY_MANAGED; tendencia 60%; volatilidad anualizada 20.5%; drawdown a 252 sesiones -7.2%; exposición propuesta 150%.,HOLD,aggressive,Agresivo,1.75,GROWTH,0.6,Estado GROWTH; tendencia 60%; volatilidad anualizada 20.5%; drawdown a 252 sesiones -7.2%; exposición propuesta 175%.,HOLD
2025-11-28,0.8,0.2147535825337281,-0.0259842474876161,-0.0160982934916426,0.6000000000000001,0.0,0.0,-1.0,0.0,0.32000000000000006,conservative,Conservador,1.15,GROWTH,0.8,Estado GROWTH; tendencia 80%; volatilidad anualizada 21.5%; drawdown a 252 sesiones -2.6%; exposición propuesta 115%.,HOLD,balanced,Equilibrado,1.5,VOLATILITY_MANAGED,0.8,Estado VOLATILITY_MANAGED; tendencia 80%; volatilidad anualizada 21.5%; drawdown a 252 sesiones -2.6%; exposición propuesta 150%.,HOLD,aggressive,Agresivo,1.75,GROWTH,0.8,Estado GROWTH; tendencia 80%; volatilidad anualizada 21.5%; drawdown a 252 sesiones -2.6%; exposición propuesta 175%.,HOLD
2025-12-05,1.0,0.1893021326069743,-0.0161851041253626,-0.0003669327411197,1.0,0.0,0.0,-1.0,0.0,0.6,conservative,Conservador,1.15,GROWTH,1.0,Estado GROWTH; tendencia 100%; volatilidad anualizada 18.9%; drawdown a 252 sesiones -1.6%; exposición propuesta 115%.,HOLD,balanced,Equilibrado,1.5,VOLATILITY_MANAGED,1.0,Estado VOLATILITY_MANAGED; tendencia 100%; volatilidad anualizada 18.9%; drawdown a 252 sesiones -1.6%; exposición propuesta 150%.,HOLD,aggressive,Agresivo,1.75,GROWTH,1.0,Estado GROWTH; tendencia 100%; volatilidad anualizada 18.9%; drawdown a 252 sesiones -1.6%; exposición propuesta 175%.,HOLD
2025-12-12,1.0,0.1707897000170825,-0.0348396946182019,-0.0058836244048126,1.0,0.0,0.0,-1.0,0.0,0.6,conservative,Conservador,1.15,GROWTH,1.0,Estado GROWTH; tendencia 100%; volatilidad anualizada 17.1%; drawdown a 252 sesiones -3.5%; exposición propuesta 115%.,HOLD,balanced,Equilibrado,1.5,VOLATILITY_MANAGED,1.0,Estado VOLATILITY_MANAGED; tendencia 100%; volatilidad anualizada 17.1%; drawdown a 252 sesiones -3.5%; exposición propuesta 150%.,HOLD,aggressive,Agresivo,1.75,GROWTH,1.0,Estado GROWTH; tendencia 100%; volatilidad anualizada 17.1%; drawdown a 252 sesiones -3.5%; exposición propuesta 175%.,HOLD
2025-12-19,1.0,0.1627450569740245,-0.0294446920607504,0.0074957664483188,1.0,0.0,0.0,1.0,0.0,0.7999999999999999,conservative,Conservador,1.15,GROWTH,1.0,Estado GROWTH; tendencia 100%; volatilidad anualizada 16.3%; drawdown a 252 sesiones -2.9%; exposición propuesta 115%.,HOLD,balanced,Equilibrado,1.5,VOLATILITY_MANAGED,1.0,Estado VOLATILITY_MANAGED; tendencia 100%; volatilidad anualizada 16.3%; drawdown a 252 sesiones -2.9%; exposición propuesta 150%.,HOLD,aggressive,Agresivo,1.75,GROWTH,1.0,Estado GROWTH; tendencia 100%; volatilidad anualizada 16.3%; drawdown a 252 sesiones -2.9%; exposición propuesta 175%.,HOLD
2025-12-26,1.0,0.1338322395538846,-0.0174216316897515,-0.0016713637073089,1.0,0.0,0.0,-1.0,0.0,0.6,conservative,Conservador,1.15,GROWTH,1.0,Estado GROWTH; tendencia 100%; volatilidad anualizada 13.4%; drawdown a 252 sesiones -1.7%; exposición propuesta 115%.,HOLD,balanced,Equilibrado,1.5,VOLATILITY_MANAGED,1.0,Estado VOLATILITY_MANAGED; tendencia 100%; volatilidad anualizada 13.4%; drawdown a 252 sesiones -1.7%; exposición propuesta 150%.,HOLD,aggressive,Agresivo,1.75,GROWTH,1.0,Estado GROWTH; tendencia 100%; volatilidad anualizada 13.4%; drawdown a 252 sesiones -1.7%; exposición propuesta 175%.,HOLD
2026-01-02,0.6,0.131882437424542,-0.0343836647957033,-0.0173116187328606,0.19999999999999996,0.0,0.0,-1.0,0.0,0.03999999999999995,conservative,Conservador,1.15,GROWTH,0.6,Estado GROWTH; tendencia 60%; volatilidad anualizada 13.2%; drawdown a 252 sesiones -3.4%; exposición propuesta 115%.,HOLD,balanced,Equilibrado,1.5,VOLATILITY_MANAGED,0.6,Estado VOLATILITY_MANAGED; tendencia 60%; volatilidad anualizada 13.2%; drawdown a 252 sesiones -3.4%; exposición propuesta 150%.,HOLD,aggressive,Agresivo,1.75,GROWTH,0.6,Estado GROWTH; tendencia 60%; volatilidad anualizada 13.2%; drawdown a 252 sesiones -3.4%; exposición propuesta 175%.,HOLD
2026-01-09,0.8,0.1436455757850258,-0.0130748804247944,-0.0126795358982685,0.6000000000000001,0.0,0.0,-1.0,0.0,0.32000000000000006,conservative,Conservador,1.15,GROWTH,0.8,Estado GROWTH; tendencia 80%; volatilidad anualizada 14.4%; drawdown a 252 sesiones -1.3%; exposición propuesta 115%.,HOLD,balanced,Equilibrado,1.5,VOLATILITY_MANAGED,0.8,Estado VOLATILITY_MANAGED; tendencia 80%; volatilidad anualizada 14.4%; drawdown a 252 sesiones -1.3%; exposición propuesta 150%.,HOLD,aggressive,Agresivo,1.75,GROWTH,0.8,Estado GROWTH; tendencia 80%; volatilidad anualizada 14.4%; drawdown a 252 sesiones -1.3%; exposición propuesta 175%.,HOLD
2026-01-16,1.0,0.1076227779792362,-0.0215637096714299,0.0028397067060936,1.0,0.0,0.0,1.0,0.0,0.7999999999999999,conservative,Conservador,1.15,GROWTH,1.0,Estado GROWTH; tendencia 100%; volatilidad anualizada 10.8%; drawdown a 252 sesiones -2.2%; exposición propuesta 115%.,HOLD,balanced,Equilibrado,1.5,VOLATILITY_MANAGED,1.0,Estado VOLATILITY_MANAGED; tendencia 100%; volatilidad anualizada 10.8%; drawdown a 252 sesiones -2.2%; exposición propuesta 150%.,HOLD,aggressive,Agresivo,1.75,GROWTH,1.0,Estado GROWTH; tendencia 100%; volatilidad anualizada 10.8%; drawdown a 252 sesiones -2.2%; exposición propuesta 175%.,HOLD
2026-01-23,0.8,0.1266712094094231,-0.019264366410317,-0.0008653095498538,0.6000000000000001,0.0,0.0,-1.0,0.0,0.32000000000000006,conservative,Conservador,1.15,GROWTH,0.8,Estado GROWTH; tendencia 80%; volatilidad anualizada 12.7%; drawdown a 252 sesiones -1.9%; exposición propuesta 115%.,HOLD,balanced,Equilibrado,1.5,VOLATILITY_MANAGED,0.8,Estado VOLATILITY_MANAGED; tendencia 80%; volatilidad anualizada 12.7%; drawdown a 252 sesiones -1.9%; exposición propuesta 150%.,HOLD,aggressive,Agresivo,1.75,GROWTH,0.8,Estado GROWTH; tendencia 80%; volatilidad anualizada 12.7%; drawdown a 252 sesiones -1.9%; exposición propuesta 175%.,HOLD
2026-01-30,0.8,0.1357025506430108,-0.0206031341633371,-0.002431365448837,0.6000000000000001,0.0,0.0,-1.0,0.0,0.32000000000000006,conservative,Conservador,1.15,GROWTH,0.8,Estado GROWTH; tendencia 80%; volatilidad anualizada 13.6%; drawdown a 252 sesiones -2.1%; exposición propuesta 115%.,HOLD,balanced,Equilibrado,1.5,VOLATILITY_MANAGED,0.8,Estado VOLATILITY_MANAGED; tendencia 80%; volatilidad anualizada 13.6%; drawdown a 252 sesiones -2.1%; exposición propuesta 150%.,HOLD,aggressive,Agresivo,1.75,GROWTH,0.8,Estado GROWTH; tendencia 80%; volatilidad anualizada 13.6%; drawdown a 252 sesiones -2.1%; exposición propuesta 175%.,HOLD
2026-02-06,0.4,0.1802076032632459,-0.0398485957840583,-0.0190481808434666,-0.19999999999999996,0.0,0.0,-1.0,0.0,-0.23999999999999996,conservative,Conservador,0.7,DEFENSIVE,0.6,Estado DEFENSIVE; tendencia 40%; volatilidad anualizada 18.0%; drawdown a 252 sesiones -4.0%; exposición propuesta 70%.,REDUCE,balanced,Equilibrado,0.7,DEFENSIVE,0.6,Estado DEFENSIVE; tendencia 40%; volatilidad anualizada 18.0%; drawdown a 252 sesiones -4.0%; exposición propuesta 70%.,REDUCE,aggressive,Agresivo,0.7,DEFENSIVE,0.6,Estado DEFENSIVE; tendencia 40%; volatilidad anualizada 18.0%; drawdown a 252 sesiones -4.0%; exposición propuesta 70%.,REDUCE
2026-02-13,0.4,0.188885530974044,-0.0520227980188165,-0.0167870693565275,-0.19999999999999996,0.0,0.0,-1.0,0.0,-0.23999999999999996,conservative,Conservador,0.7,DEFENSIVE,0.6,Estado DEFENSIVE; tendencia 40%; volatilidad anualizada 18.9%; drawdown a 252 sesiones -5.2%; exposición propuesta 70%.,HOLD,balanced,Equilibrado,0.7,DEFENSIVE,0.6,Estado DEFENSIVE; tendencia 40%; volatilidad anualizada 18.9%; drawdown a 252 sesiones -5.2%; exposición propuesta 70%.,HOLD,aggressive,Agresivo,0.7,DEFENSIVE,0.6,Estado DEFENSIVE; tendencia 40%; volatilidad anualizada 18.9%; drawdown a 252 sesiones -5.2%; exposición propuesta 70%.,HOLD
2026-02-20,0.6,0.170178936195929,-0.0411714487907348,-0.0199036422466797,0.19999999999999996,0.0,0.0,-1.0,0.0,0.03999999999999995,conservative,Conservador,1.15,GROWTH,0.6,Estado GROWTH; tendencia 60%; volatilidad anualizada 17.0%; drawdown a 252 sesiones -4.1%; exposición propuesta 115%.,INCREASE,balanced,Equilibrado,1.5,VOLATILITY_MANAGED,0.6,Estado VOLATILITY_MANAGED; tendencia 60%; volatilidad anualizada 17.0%; drawdown a 252 sesiones -4.1%; exposición propuesta 150%.,INCREASE,aggressive,Agresivo,1.75,GROWTH,0.6,Estado GROWTH; tendencia 60%; volatilidad anualizada 17.0%; drawdown a 252 sesiones -4.1%; exposición propuesta 175%.,INCREASE
2026-02-27,0.4,0.1861143422438006,-0.0435654124528357,-0.0235759702640302,-0.19999999999999996,0.0,0.0,-1.0,0.0,-0.23999999999999996,conservative,Conservador,0.7,DEFENSIVE,0.6,Estado DEFENSIVE; tendencia 40%; volatilidad anualizada 18.6%; drawdown a 252 sesiones -4.4%; exposición propuesta 70%.,REDUCE,balanced,Equilibrado,0.7,DEFENSIVE,0.6,Estado DEFENSIVE; tendencia 40%; volatilidad anualizada 18.6%; drawdown a 252 sesiones -4.4%; exposición propuesta 70%.,REDUCE,aggressive,Agresivo,0.7,DEFENSIVE,0.6,Estado DEFENSIVE; tendencia 40%; volatilidad anualizada 18.6%; drawdown a 252 sesiones -4.4%; exposición propuesta 70%.,REDUCE
2026-03-06,0.6,0.1751747401007661,-0.0554404174563354,0.0122885451627067,0.19999999999999996,0.0,0.0,1.0,0.0,0.23999999999999996,conservative,Conservador,1.15,GROWTH,0.6,Estado GROWTH; tendencia 60%; volatilidad anualizada 17.5%; drawdown a 252 sesiones -5.5%; exposición propuesta 115%.,INCREASE,balanced,Equilibrado,1.5,VOLATILITY_MANAGED,0.6,Estado VOLATILITY_MANAGED; tendencia 60%; volatilidad anualizada 17.5%; drawdown a 252 sesiones -5.5%; exposición propuesta 150%.,INCREASE,aggressive,Agresivo,1.75,GROWTH,0.6,Estado GROWTH; tendencia 60%; volatilidad anualizada 17.5%; drawdown a 252 sesiones -5.5%; exposición propuesta 175%.,INCREASE
2026-03-13,0.4,0.1574792932866341,-0.0649371806380617,0.016338608847023,-0.19999999999999996,0.0,0.0,1.0,0.0,-0.03999999999999995,conservative,Conservador,0.7,DEFENSIVE,0.6,Estado DEFENSIVE; tendencia 40%; volatilidad anualizada 15.7%; drawdown a 252 sesiones -6.5%; exposición propuesta 70%.,REDUCE,balanced,Equilibrado,0.7,DEFENSIVE,0.6,Estado DEFENSIVE; tendencia 40%; volatilidad anualizada 15.7%; drawdown a 252 sesiones -6.5%; exposición propuesta 70%.,REDUCE,aggressive,Agresivo,0.7,DEFENSIVE,0.6,Estado DEFENSIVE; tendencia 40%; volatilidad anualizada 15.7%; drawdown a 252 sesiones -6.5%; exposición propuesta 70%.,REDUCE
2026-03-20,0.2,0.1754572058585682,-0.0833006759523263,0.0127590044700401,-0.6,0.0,0.0,1.0,0.0,-0.31999999999999995,conservative,Conservador,0.7,DEFENSIVE,0.8,Estado DEFENSIVE; tendencia 20%; volatilidad anualizada 17.5%; drawdown a 252 sesiones -8.3%; exposición propuesta 70%.,HOLD,balanced,Equilibrado,0.7,DEFENSIVE,0.8,Estado DEFENSIVE; tendencia 20%; volatilidad anualizada 17.5%; drawdown a 252 sesiones -8.3%; exposición propuesta 70%.,HOLD,aggressive,Agresivo,0.7,DEFENSIVE,0.8,Estado DEFENSIVE; tendencia 20%; volatilidad anualizada 17.5%; drawdown a 252 sesiones -8.3%; exposición propuesta 70%.,HOLD
2026-03-27,0.0,0.1888533848362162,-0.1128630406830107,0.000678476483765,-1.0,0.0,0.0,1.0,0.0,-0.6,conservative,Conservador,0.7,DEFENSIVE,1.0,Estado DEFENSIVE; tendencia 0%; volatilidad anualizada 18.9%; drawdown a 252 sesiones -11.3%; exposición propuesta 70%.,HOLD,balanced,Equilibrado,0.7,DEFENSIVE,1.0,Estado DEFENSIVE; tendencia 0%; volatilidad anualizada 18.9%; drawdown a 252 sesiones -11.3%; exposición propuesta 70%.,HOLD,aggressive,Agresivo,0.7,DEFENSIVE,1.0,Estado DEFENSIVE; tendencia 0%; volatilidad anualizada 18.9%; drawdown a 252 sesiones -11.3%; exposición propuesta 70%.,HOLD
2026-04-03,0.0,0.1888533848362162,-0.1128630406830107,0.000678476483765,-1.0,0.0,0.0,1.0,0.0,-0.6,conservative,Conservador,0.7,DEFENSIVE,1.0,Estado DEFENSIVE; tendencia 0%; volatilidad anualizada 18.9%; drawdown a 252 sesiones -11.3%; exposición propuesta 70%.,HOLD,balanced,Equilibrado,0.7,DEFENSIVE,1.0,Estado DEFENSIVE; tendencia 0%; volatilidad anualizada 18.9%; drawdown a 252 sesiones -11.3%; exposición propuesta 70%.,HOLD,aggressive,Agresivo,0.7,DEFENSIVE,1.0,Estado DEFENSIVE; tendencia 0%; volatilidad anualizada 18.9%; drawdown a 252 sesiones -11.3%; exposición propuesta 70%.,HOLD
2026-04-10,0.8,0.2359035806974706,-0.0363987610418198,0.001507924796692,0.6000000000000001,0.0,0.0,1.0,0.0,0.52,conservative,Conservador,1.15,GROWTH,0.8,Estado GROWTH; tendencia 80%; volatilidad anualizada 23.6%; drawdown a 252 sesiones -3.6%; exposición propuesta 115%.,INCREASE,balanced,Equilibrado,1.4836570049729336,VOLATILITY_MANAGED,0.8,Estado VOLATILITY_MANAGED; tendencia 80%; volatilidad anualizada 23.6%; drawdown a 252 sesiones -3.6%; exposición propuesta 148%.,INCREASE,aggressive,Agresivo,1.75,GROWTH,0.8,Estado GROWTH; tendencia 80%; volatilidad anualizada 23.6%; drawdown a 252 sesiones -3.6%; exposición propuesta 175%.,INCREASE
2026-04-17,1.0,0.2368778097307327,0.0,0.01628945837767,1.0,0.0,0.0,1.0,0.0,0.7999999999999999,conservative,Conservador,1.15,GROWTH,1.0,Estado GROWTH; tendencia 100%; volatilidad anualizada 23.7%; drawdown a 252 sesiones 0.0%; exposición propuesta 115%.,HOLD,balanced,Equilibrado,1.4775550331111946,VOLATILITY_MANAGED,1.0,Estado VOLATILITY_MANAGED; tendencia 100%; volatilidad anualizada 23.7%; drawdown a 252 sesiones 0.0%; exposición propuesta 148%.,HOLD,aggressive,Agresivo,1.75,GROWTH,1.0,Estado GROWTH; tendencia 100%; volatilidad anualizada 23.7%; drawdown a 252 sesiones 0.0%; exposición propuesta 175%.,HOLD
2026-04-24,1.0,0.2041740255760333,0.0,0.0502796084399974,1.0,0.0,0.0,1.0,0.0,0.7999999999999999,conservative,Conservador,1.15,GROWTH,1.0,Estado GROWTH; tendencia 100%; volatilidad anualizada 20.4%; drawdown a 252 sesiones 0.0%; exposición propuesta 115%.,HOLD,balanced,Equilibrado,1.5,VOLATILITY_MANAGED,1.0,Estado VOLATILITY_MANAGED; tendencia 100%; volatilidad anualizada 20.4%; drawdown a 252 sesiones 0.0%; exposición propuesta 150%.,HOLD,aggressive,Agresivo,1.75,GROWTH,1.0,Estado GROWTH; tendencia 100%; volatilidad anualizada 20.4%; drawdown a 252 sesiones 0.0%; exposición propuesta 175%.,HOLD
2026-05-01,1.0,0.1540295403444763,0.0,0.053596250419722,1.0,0.0,0.0,1.0,0.0,0.7999999999999999,conservative,Conservador,1.15,GROWTH,1.0,Estado GROWTH; tendencia 100%; volatilidad anualizada 15.4%; drawdown a 252 sesiones 0.0%; exposición propuesta 115%.,HOLD,balanced,Equilibrado,1.5,VOLATILITY_MANAGED,1.0,Estado VOLATILITY_MANAGED; tendencia 100%; volatilidad anualizada 15.4%; drawdown a 252 sesiones 0.0%; exposición propuesta 150%.,HOLD,aggressive,Agresivo,1.75,GROWTH,1.0,Estado GROWTH; tendencia 100%; volatilidad anualizada 15.4%; drawdown a 252 sesiones 0.0%; exposición propuesta 175%.,HOLD
2026-05-08,1.0,0.155655519732525,0.0,0.0783119127467462,1.0,0.0,0.0,1.0,0.0,0.7999999999999999,conservative,Conservador,1.15,GROWTH,1.0,Estado GROWTH; tendencia 100%; volatilidad anualizada 15.6%; drawdown a 252 sesiones 0.0%; exposición propuesta 115%.,HOLD,balanced,Equilibrado,1.5,VOLATILITY_MANAGED,1.0,Estado VOLATILITY_MANAGED; tendencia 100%; volatilidad anualizada 15.6%; drawdown a 252 sesiones 0.0%; exposición propuesta 150%.,HOLD,aggressive,Agresivo,1.75,GROWTH,1.0,Estado GROWTH; tendencia 100%; volatilidad anualizada 15.6%; drawdown a 252 sesiones 0.0%; exposición propuesta 175%.,HOLD
2026-05-15,1.0,0.1723862518232528,-0.0150877421676093,0.0517153896863944,1.0,0.0,0.0,1.0,0.0,0.7999999999999999,conservative,Conservador,1.15,GROWTH,1.0,Estado GROWTH; tendencia 100%; volatilidad anualizada 17.2%; drawdown a 252 sesiones -1.5%; exposición propuesta 115%.,HOLD,balanced,Equilibrado,1.5,VOLATILITY_MANAGED,1.0,Estado VOLATILITY_MANAGED; tendencia 100%; volatilidad anualizada 17.2%; drawdown a 252 sesiones -1.5%; exposición propuesta 150%.,HOLD,aggressive,Agresivo,1.75,GROWTH,1.0,Estado GROWTH; tendencia 100%; volatilidad anualizada 17.2%; drawdown a 252 sesiones -1.5%; exposición propuesta 175%.,HOLD
2026-05-22,1.0,0.1622078286705921,-0.0031258946529738,0.0364262640743731,1.0,0.0,0.0,1.0,0.0,0.7999999999999999,conservative,Conservador,1.15,GROWTH,1.0,Estado GROWTH; tendencia 100%; volatilidad anualizada 16.2%; drawdown a 252 sesiones -0.3%; exposición propuesta 115%.,HOLD,balanced,Equilibrado,1.5,VOLATILITY_MANAGED,1.0,Estado VOLATILITY_MANAGED; tendencia 100%; volatilidad anualizada 16.2%; drawdown a 252 sesiones -0.3%; exposición propuesta 150%.,HOLD,aggressive,Agresivo,1.75,GROWTH,1.0,Estado GROWTH; tendencia 100%; volatilidad anualizada 16.2%; drawdown a 252 sesiones -0.3%; exposición propuesta 175%.,HOLD
2026-05-29,1.0,0.1609509523844007,0.0,0.0530590610984882,1.0,0.0,0.0,1.0,0.0,0.7999999999999999,conservative,Conservador,1.15,GROWTH,1.0,Estado GROWTH; tendencia 100%; volatilidad anualizada 16.1%; drawdown a 252 sesiones 0.0%; exposición propuesta 115%.,HOLD,balanced,Equilibrado,1.5,VOLATILITY_MANAGED,1.0,Estado VOLATILITY_MANAGED; tendencia 100%; volatilidad anualizada 16.1%; drawdown a 252 sesiones 0.0%; exposición propuesta 150%.,HOLD,aggressive,Agresivo,1.75,GROWTH,1.0,Estado GROWTH; tendencia 100%; volatilidad anualizada 16.1%; drawdown a 252 sesiones 0.0%; exposición propuesta 175%.,HOLD
2026-06-05,1.0,0.2346383084083228,-0.055082022203053,0.006401970338935,1.0,0.0,0.0,1.0,0.0,0.7999999999999999,conservative,Conservador,1.15,GROWTH,1.0,Estado GROWTH; tendencia 100%; volatilidad anualizada 23.5%; drawdown a 252 sesiones -5.5%; exposición propuesta 115%.,HOLD,balanced,Equilibrado,1.4916575318592997,VOLATILITY_MANAGED,1.0,Estado VOLATILITY_MANAGED; tendencia 100%; volatilidad anualizada 23.5%; drawdown a 252 sesiones -5.5%; exposición propuesta 149%.,HOLD,aggressive,Agresivo,1.75,GROWTH,1.0,Estado GROWTH; tendencia 100%; volatilidad anualizada 23.5%; drawdown a 252 sesiones -5.5%; exposición propuesta 175%.,HOLD
2026-06-12,1.0,0.2656920667817742,-0.0332635104012615,0.0107344261815236,1.0,0.0,0.0,1.0,0.0,0.7999999999999999,conservative,Conservador,1.15,GROWTH,1.0,Estado GROWTH; tendencia 100%; volatilidad anualizada 26.6%; drawdown a 252 sesiones -3.3%; exposición propuesta 115%.,HOLD,balanced,Equilibrado,1.3173144544337185,VOLATILITY_MANAGED,1.0,Estado VOLATILITY_MANAGED; tendencia 100%; volatilidad anualizada 26.6%; drawdown a 252 sesiones -3.3%; exposición propuesta 132%.,REDUCE,aggressive,Agresivo,1.75,GROWTH,1.0,Estado GROWTH; tendencia 100%; volatilidad anualizada 26.6%; drawdown a 252 sesiones -3.3%; exposición propuesta 175%.,HOLD
2026-06-19,1.0,0.2656920667817742,-0.0332635104012615,0.0107344261815236,1.0,0.0,0.0,1.0,0.0,0.7999999999999999,conservative,Conservador,1.15,GROWTH,1.0,Estado GROWTH; tendencia 100%; volatilidad anualizada 26.6%; drawdown a 252 sesiones -3.3%; exposición propuesta 115%.,HOLD,balanced,Equilibrado,1.3173144544337185,VOLATILITY_MANAGED,1.0,Estado VOLATILITY_MANAGED; tendencia 100%; volatilidad anualizada 26.6%; drawdown a 252 sesiones -3.3%; exposición propuesta 132%.,HOLD,aggressive,Agresivo,1.75,GROWTH,1.0,Estado GROWTH; tendencia 100%; volatilidad anualizada 26.6%; drawdown a 252 sesiones -3.3%; exposición propuesta 175%.,HOLD
2026-06-26,0.8,0.3202983348659904,-0.0520846338206237,-0.007027139029579,0.6000000000000001,0.0,0.0,-1.0,0.0,0.32000000000000006,conservative,Conservador,1.15,GROWTH,0.8,Estado GROWTH; tendencia 80%; volatilidad anualizada 32.0%; drawdown a 252 sesiones -5.2%; exposición propuesta 115%.,HOLD,balanced,Equilibrado,1.0927312505275322,VOLATILITY_MANAGED,0.8,Estado VOLATILITY_MANAGED; tendencia 80%; volatilidad anualizada 32.0%; drawdown a 252 sesiones -5.2%; exposición propuesta 109%.,REDUCE,aggressive,Agresivo,1.75,GROWTH,0.8,Estado GROWTH; tendencia 80%; volatilidad anualizada 32.0%; drawdown a 252 sesiones -5.2%; exposición propuesta 175%.,HOLD
2026-07-03,0.8,0.3202983348659904,-0.0520846338206237,-0.007027139029579,0.6000000000000001,0.0,0.0,-1.0,0.0,0.32000000000000006,conservative,Conservador,1.15,GROWTH,0.8,Estado GROWTH; tendencia 80%; volatilidad anualizada 32.0%; drawdown a 252 sesiones -5.2%; exposición propuesta 115%.,HOLD,balanced,Equilibrado,1.0927312505275322,VOLATILITY_MANAGED,0.8,Estado VOLATILITY_MANAGED; tendencia 80%; volatilidad anualizada 32.0%; drawdown a 252 sesiones -5.2%; exposición propuesta 109%.,HOLD,aggressive,Agresivo,1.75,GROWTH,0.8,Estado GROWTH; tendencia 80%; volatilidad anualizada 32.0%; drawdown a 252 sesiones -5.2%; exposición propuesta 175%.,HOLD
2026-07-10,1.0,0.2998430454332474,-0.0266063817116107,0.0036458598003443,1.0,0.0,0.0,1.0,0.0,0.7999999999999999,conservative,Conservador,1.15,GROWTH,1.0,Estado GROWTH; tendencia 100%; volatilidad anualizada 30.0%; drawdown a 252 sesiones -2.7%; exposición propuesta 115%.,HOLD,balanced,Equilibrado,1.1672773650437016,VOLATILITY_MANAGED,1.0,Estado VOLATILITY_MANAGED; tendencia 100%; volatilidad anualizada 30.0%; drawdown a 252 sesiones -2.7%; exposición propuesta 117%.,INCREASE,aggressive,Agresivo,1.75,GROWTH,1.0,Estado GROWTH; tendencia 100%; volatilidad anualizada 30.0%; drawdown a 252 sesiones -2.7%; exposición propuesta 175%.,HOLD
2026-07-17,0.6,0.2627271276307485,-0.0670979714406637,-0.0422901381723243,0.19999999999999996,0.0,0.0,-1.0,0.0,0.03999999999999995,conservative,Conservador,1.15,GROWTH,0.6,Estado GROWTH; tendencia 60%; volatilidad anualizada 26.3%; drawdown a 252 sesiones -6.7%; exposición propuesta 115%.,HOLD,balanced,Equilibrado,1.3321806665199403,VOLATILITY_MANAGED,0.6,Estado VOLATILITY_MANAGED; tendencia 60%; volatilidad anualizada 26.3%; drawdown a 252 sesiones -6.7%; exposición propuesta 133%.,INCREASE,aggressive,Agresivo,1.75,GROWTH,0.6,Estado GROWTH; tendencia 60%; volatilidad anualizada 26.3%; drawdown a 252 sesiones -6.7%; exposición propuesta 175%.,HOLD
2026-07-24,0.6,0.2366418843733283,-0.0819904790189781,-0.0511837163321388,0.19999999999999996,0.0,0.0,-1.0,0.0,0.03999999999999995,conservative,Conservador,1.15,GROWTH,0.6,Estado GROWTH; tendencia 60%; volatilidad anualizada 23.7%; drawdown a 252 sesiones -8.2%; exposición propuesta 115%.,HOLD,balanced,Equilibrado,1.4790281142616195,VOLATILITY_MANAGED,0.6,Estado VOLATILITY_MANAGED; tendencia 60%; volatilidad anualizada 23.7%; drawdown a 252 sesiones -8.2%; exposición propuesta 148%.,INCREASE,aggressive,Agresivo,1.75,GROWTH,0.6,Estado GROWTH; tendencia 60%; volatilidad anualizada 23.7%; drawdown a 252 sesiones -8.2%; exposición propuesta 175%.,HOLD
2026-07-31,0.6,0.238319592031008,-0.0769457837898055,-0.0375565115119266,0.19999999999999996,0.0,0.0,-1.0,0.0,0.03999999999999995,conservative,Conservador,1.15,GROWTH,0.6,Estado GROWTH; tendencia 60%; volatilidad anualizada 23.8%; drawdown a 252 sesiones -7.7%; exposición propuesta 115%.,HOLD,balanced,Equilibrado,1.4686161427905648,VOLATILITY_MANAGED,0.6,Estado VOLATILITY_MANAGED; tendencia 60%; volatilidad anualizada 23.8%; drawdown a 252 sesiones -7.7%; exposición propuesta 147%.,HOLD,aggressive,Agresivo,1.75,GROWTH,0.6,Estado GROWTH; tendencia 60%; volatilidad anualizada 23.8%; drawdown a 252 sesiones -7.7%; exposición propuesta 175%.,HOLD
2026-08-07,0.8,0.2623252924616611,-0.0299337164427143,-0.0276715487956276,0.6000000000000001,0.0,0.0,-1.0,0.0,0.32000000000000006,conservative,Conservador,1.15,GROWTH,0.8,Estado GROWTH; tendencia 80%; volatilidad anualizada 26.2%; drawdown a 252 sesiones -3.0%; exposición propuesta 115%.,HOLD,balanced,Equilibrado,1.334221327709575,VOLATILITY_MANAGED,0.8,Estado VOLATILITY_MANAGED; tendencia 80%; volatilidad anualizada 26.2%; drawdown a 252 sesiones -3.0%; exposición propuesta 133%.,REDUCE,aggressive,Agresivo,1.75,GROWTH,0.8,Estado GROWTH; tendencia 80%; volatilidad anualizada 26.2%; drawdown a 252 sesiones -3.0%; exposición propuesta 175%.,HOLD
2026-08-14,1.0,0.23804380730447,-0.0191467251328864,0.0069355192994779,1.0,0.0,0.0,1.0,0.0,0.7999999999999999,conservative,Conservador,1.15,GROWTH,1.0,Estado GROWTH; tendencia 100%; volatilidad anualizada 23.8%; drawdown a 252 sesiones -1.9%; exposición propuesta 115%.,HOLD,balanced,Equilibrado,1.4703176023072608,VOLATILITY_MANAGED,1.0,Estado VOLATILITY_MANAGED; tendencia 100%; volatilidad anualizada 23.8%; drawdown a 252 sesiones -1.9%; exposición propuesta 147%.,INCREASE,aggressive,Agresivo,1.75,GROWTH,1.0,Estado GROWTH; tendencia 100%; volatilidad anualizada 23.8%; drawdown a 252 sesiones -1.9%; exposición propuesta 175%.,HOLD
2026-08-21,0.8,0.2249357211796215,-0.0428003124530441,0.0064352531746774,0.6000000000000001,0.0,0.0,1.0,0.0,0.52,conservative,Conservador,1.15,GROWTH,0.8,Estado GROWTH; tendencia 80%; volatilidad anualizada 22.5%; drawdown a 252 sesiones -4.3%; exposición propuesta 115%.,HOLD,balanced,Equilibrado,1.5,VOLATILITY_MANAGED,0.8,Estado VOLATILITY_MANAGED; tendencia 80%; volatilidad anualizada 22.5%; drawdown a 252 sesiones -4.3%; exposición propuesta 150%.,HOLD,aggressive,Agresivo,1.75,GROWTH,0.8,Estado GROWTH; tendencia 80%; volatilidad anualizada 22.5%; drawdown a 252 sesiones -4.3%; exposición propuesta 175%.,HOLD
2026-08-28,0.8,0.1836681625553882,-0.0387887386729008,0.0114595855262793,0.6000000000000001,0.0,0.0,1.0,0.0,0.52,conservative,Conservador,1.15,GROWTH,0.8,Estado GROWTH; tendencia 80%; volatilidad anualizada 18.4%; drawdown a 252 sesiones -3.9%; exposición propuesta 115%.,HOLD,balanced,Equilibrado,1.5,VOLATILITY_MANAGED,0.8,Estado VOLATILITY_MANAGED; tendencia 80%; volatilidad anualizada 18.4%; drawdown a 252 sesiones -3.9%; exposición propuesta 150%.,HOLD,aggressive,Agresivo,1.75,GROWTH,0.8,Estado GROWTH; tendencia 80%; volatilidad anualizada 18.4%; drawdown a 252 sesiones -3.9%; exposición propuesta 175%.,HOLD
2026-09-04,0.8,0.1836681625553882,-0.0387887386729008,0.0114595855262793,0.6000000000000001,0.0,0.0,1.0,0.0,0.52,conservative,Conservador,1.15,GROWTH,0.8,Estado GROWTH; tendencia 80%; volatilidad anualizada 18.4%; drawdown a 252 sesiones -3.9%; exposición propuesta 115%.,HOLD,balanced,Equilibrado,1.5,VOLATILITY_MANAGED,0.8,Estado VOLATILITY_MANAGED; tendencia 80%; volatilidad anualizada 18.4%; drawdown a 252 sesiones -3.9%; exposición propuesta 150%.,HOLD,aggressive,Agresivo,1.75,GROWTH,0.8,Estado GROWTH; tendencia 80%; volatilidad anualizada 18.4%; drawdown a 252 sesiones -3.9%; exposición propuesta 175%.,HOLD
