date,conservative,balanced,aggressive,buy_and_hold,volatility_target_35
2004-01-02,1.1301735021024082,1.1962745346401293,1.3047042623449139,0.7116383428997257,0.8972611508571423
2004-01-05,1.1562451927900848,1.2322216628917355,1.3504149495103837,0.7259259889940884,0.924223157262092
2004-01-06,1.1651928897807313,1.2446280895514623,1.3662586302868895,0.7308188120048636,0.9335285502470559
2004-01-07,1.1773790934657573,1.2615752224209942,1.387943501499207,0.7374730867643945,0.9462396826016533
2004-01-08,1.1881447360086654,1.2765899812641976,1.4071963555400773,0.7433446960328024,0.9575014451899106
2004-01-09,1.179136452259196,1.2639335023195855,1.3909005381552606,0.7384518730220271,0.9480085014426309
2004-01-12,1.2006771293600582,1.2940011910862466,1.42947355996022,0.7501948255722698,0.9705606566922655
2004-01-13,1.1869732197627811,1.2747046670743063,1.4045843655945283,0.7427573976795655,0.9560873724743544
2004-01-14,1.191635589603624,1.2812035008818925,1.412919555028091,0.7453023572102586,0.9609617979783448
2004-01-15,1.195218941254454,1.2861966468371016,1.4193243875093098,0.7472592204279958,0.9647068880529373
2004-01-16,1.209244070728145,1.3058504367787633,1.4446075789783241,0.7548921484518727,0.9794481382184479
2004-01-20,1.20813433037662,1.3042266593156906,1.4424751333825951,0.7543047614364449,0.9782302301270658
2004-01-21,1.2023516621834065,1.2960512854224897,1.4319062821605568,0.7511733901744251,0.9720983221279478
2004-01-22,1.1940518239281273,1.2843492716217746,1.4168032153801329,0.746672454047905,0.9633212713205138
2004-01-23,1.1889968677762923,1.2772248979725553,1.407614723305105,0.7439318170616573,0.9579776620447736
2004-01-26,1.2098378524761242,1.3063749139136949,1.4450641386508438,0.7552835033629819,0.9798415202925954
2004-01-27,1.1791767389738446,1.2631577809171552,1.389271269465327,0.7386471514977223,0.9474266745641553
2004-01-28,1.1561663313509136,1.2309743085135478,1.347955688356637,0.7261214004630702,0.9232875838694539
2004-01-29,1.161168874069896,1.237890053164747,1.3567719144016837,0.7288613724828852,0.9284747117611595
2004-01-30,1.1550589294457763,1.2293625196429252,1.3458487916083677,0.7255343680964063,0.9220786677761018
2004-02-02,1.1514523614819314,1.2243059620139396,1.3393606855331415,0.7235770172366186,0.918286016017512
2004-02-03,1.1500053942659698,1.2222679153572102,1.336740775555853,0.7227942630833047,0.9167573868978863
2004-02-04,1.1285037029963978,1.1924287018889597,1.2986492595852055,0.7110507785599159,0.8943765986741793
2004-02-05,1.1334901319365014,1.1992707068753794,1.3073244929881245,0.7137906175864445,0.8995084184116378
2004-02-06,1.1570667662804524,1.23177690288832,1.3486470517783364,0.7267087431474025,0.9238895667183122
2004-02-09,1.156685106378187,1.2311968176164036,1.3478760209351983,0.7265129770296569,0.9234544759731669
2004-02-10,1.1588207663484338,1.2341303563031438,1.3516039103014752,0.7276873964117486,0.9256547654735533
2004-02-11,1.1731429483982494,1.2539939992336813,1.3769651544974344,0.7355159575600846,0.94055341507277
2004-02-12,1.161281528384962,1.2374244204973222,1.355719114454412,0.7290573159250129,0.9281254657553701
2004-02-13,1.1501522998222509,1.2219247598608527,1.335888614945209,0.7229896302211909,0.9165000044269992
2004-02-17,1.168028893753682,1.2466387468358417,1.3673757877329902,0.7327759855402696,0.9350366360724417
2004-02-18,1.1719613337642694,1.252081368643335,1.3743213510435646,0.7349292798421848,0.9391188537952663
2004-02-19,1.1514862561804278,1.223516979227326,1.3377234870757022,0.7237722957123138,0.9176942424884229
2004-02-20,1.1471752078443784,1.217510817844911,1.330043485448424,0.721423944590181,0.9131893440573612
2004-02-23,1.1324772754150478,1.197114179119376,1.3040180618548827,0.7133991740131443,0.8978909229955132
2004-02-24,1.129248400968796,1.1926313793131467,1.2983026885037163,0.7116383428997259,0.8945286161029659
2004-02-25,1.1370909306644312,1.2034041951976508,1.3119662480651615,0.7159438232261689,0.9026087255582842
2004-02-26,1.1402940921699627,1.207794939781328,1.3175324231019114,0.7177054522993064,0.9059019867823518
2004-02-27,1.1367033357708547,1.2028030829872036,1.3111609246357454,0.7157481014395186,0.9021578636381126
2004-03-01,1.1538390369263467,1.2264040508458338,1.3411462599428317,0.7251432348407747,0.9198596795415559
2004-03-02,1.1384232537748735,1.205000301697444,1.3138199833880273,0.7167267103727692,0.9038058791492245
2004-03-03,1.131259323406324,1.1950784867121578,1.3011806286607914,0.7128126736196265,0.8963640596717518
2004-03-04,1.1433893596307954,1.211762024439541,1.3223544533922835,0.7194668153858709,0.9088774834956098
2004-03-05,1.1387254854932487,1.2052837856121108,1.3140881090356453,0.7169228311392789,0.9040185051779145
2004-03-08,1.1079560103130586,1.1627543619840057,1.25996177268559,0.7000902698453186,0.8721194732376215
2004-03-09,1.1040240659914737,1.1573421796386743,1.2531019411100697,0.6979375518476449,0.8680600865172633
2004-03-10,1.0872764044797574,1.1344126131430519,1.2241196836330024,0.6887387608683762,0.8508618526447128
2004-03-11,1.0758926098379533,1.1188912471452779,1.2045621911078193,0.6824758410199545,0.8392201112929025
2004-03-12,1.0985877641115538,1.1496479225028378,1.2431754778125161,0.6950019023722752,0.862289038306521
2004-03-15,1.0765070481406573,1.1194610263749945,1.205064290343998,0.6828672402621591,0.8396474720304139
2004-03-16,1.0786218615914647,1.1223006993444664,1.2086135738779007,0.6840413049954869,0.841777357907666
2004-03-17,1.0981285562944296,1.1487458175989658,1.241822053549507,0.6948060032612431,0.861612417964949
2004-03-18,1.0924230246834044,1.1409313872343443,1.2319491289436,0.6916744990059368,0.8557512342824236
2004-03-19,1.0714359611730413,1.112312211730448,1.1958792157783518,0.6801272239112487,0.8342855308793721
2004-03-22,1.0614814879429213,1.101588657073087,1.1840510404161488,0.6715154209675481,0.8183837388328874
2004-03-23,1.0554258540278003,1.0953042162156097,1.1772961608266106,0.6660354325968225,0.8083314727643525
2004-03-24,1.0639004887153876,1.1040990577184757,1.1867493638574336,0.6736682719585083,0.8221928258886446
2004-03-25,1.0838140893940376,1.1247650767477813,1.2089623933542375,0.6916744990059367,0.8551223820736195
2004-03-26,1.0812460158358572,1.1220999707291137,1.2060977836526388,0.6893257489039444,0.8507307031739758
2004-03-29,1.0935203215994251,1.134838050626104,1.219789406798986,0.7004823340539559,0.871326781469467
2004-03-30,1.0960948214746133,1.137509825774665,1.2226611848661433,0.7028306408449931,0.8756715283150616
2004-03-31,1.0946074393923941,1.1359662442340375,1.2210020543754543,0.7014605883384424,0.8730741722284935
2004-04-01,1.1014567587948931,1.1430743593054415,1.2286422665287422,0.7077234638557685,0.8847301232917387
2004-04-02,1.1215084950021754,1.1638837331960503,1.2510093821007657,0.72612140046307,0.9191918901721828
2004-04-05,1.1331484252968111,1.1793282749637268,1.270223477121144,0.732971485671442,0.9321216610459259
2004-04-06,1.1167792553585567,1.1571020219690138,1.242244849342345,0.7237722957123136,0.9145543964427804
2004-04-07,1.1153763648280641,1.1551787491730763,1.2398156557243436,0.7229896302211907,0.9130342732749975
2004-04-08,1.1153623137540636,1.1551304047218258,1.2397375621674287,0.7229896302211907,0.9129960626163044
2004-04-12,1.1233223759406046,1.1658156995211264,1.253098876202376,0.7274913643074298,0.9214415437842988
2004-04-13,1.1045414312639459,1.1403602865725353,1.2211623212406517,0.7169228311392788,0.901322004293922
2004-04-14,1.1107685699870142,1.1487166930466672,1.2315850438932903,0.7204453799880259,0.9079267704547963
2004-04-15,1.0878514000600736,1.117774013522796,1.1928636973751976,0.7075280080556915,0.8834701857639139
2004-04-16,1.085761027652152,1.1149438356201538,1.1893232917475687,0.7063535443425043,0.8812332597241753
2004-04-19,1.1009628008109689,1.1352595312973206,1.2145794418238254,0.7149656576038733,0.8972904512644075
2004-04-20,1.071488055846944,1.095587242804445,1.1650440583712065,0.6983293057386137,0.8659341273022693
2004-04-21,1.0821793472521493,1.1098175583695389,1.182682018322761,0.7043961491516211,0.8771815345453042
2004-04-22,1.1143249775139104,1.152788897530735,1.2360900340281764,0.722598496965559,0.9111453738652203
2004-04-23,1.1243757332639726,1.1663212576851445,1.2530010989024716,0.7282739411363617,0.9218411286374765
2004-04-26,1.1149705958493226,1.153547680649135,1.2369626033951413,0.7229896302211907,0.9117451035551731
2004-04-27,1.1125265505505506,1.1502195451714652,1.2327814168653037,0.7216195777146399,0.9091146000427166
2004-04-28,1.0892631765375924,1.1188182261539952,1.1934994709404414,0.7085063953334644,0.8842955142436439
2004-04-29,1.0698719278056663,1.0928100880456975,1.1611143557083714,0.6975464629231086,0.8637391098828955
2004-04-30,1.039824316171237,1.0527489745286438,1.1114386541380195,0.6805187561467398,0.8320754650203028
2004-05-03,1.0462887853199827,1.0589253326628456,1.1176814782635387,0.6869772204574295,0.8437629132447794
2004-05-04,1.049427553437064,1.062102009235476,1.1210344177561982,0.6899134019059452,0.8490948371276371
2004-05-05,1.0552708774365753,1.068015905950088,1.1272764563762998,0.6953934789388618,0.8590973965231282
2004-05-06,1.049665421612539,1.0623427502625984,1.1212885166796758,0.6901086803816402,0.8493443576163421
2004-05-07,1.0436316186080807,1.0562360740338514,1.11484300186943,0.6844332362108375,0.8389121679491124
2004-05-10,1.037390224785197,1.0499192998096532,1.1081757314444178,0.6785611393003791,0.8280461910950206
2004-05-11,1.0482907167370705,1.0609514423961728,1.1198200098974684,0.6887387608683759,0.8466396772621606
2004-05-12,1.0497589043296838,1.0624373620167715,1.1213883781165528,0.6901086803816402,0.8491290281759982
2004-05-13,1.0445573688381995,1.057173005007542,1.1158319199389146,0.6852158130397694,0.8400621181722593
2004-05-14,1.0391356416968085,1.0516857969849036,1.1100402455071963,0.6801272239112485,0.8306684273073172
2004-05-17,1.0322527158926056,1.0447197426802308,1.102687668670327,0.6736682719585083,0.8187778056996174
2004-05-18,1.038769444771688,1.0513151773183318,1.1096490614227,0.6797358246690438,0.829803931269898
2004-05-19,1.037940734421242,1.0504764582229544,1.1087638046728099,0.6789530705157298,0.8283345773884216
2004-05-20,1.0412999975636876,1.0538762928484668,1.1123522844955929,0.6820842644533677,0.834028937888425
2004-05-21,1.0448643330946836,1.057483676623232,1.116159829660184,0.6854116234886105,0.8400957540044401
2004-05-24,1.0499025211669097,1.0625827133856,1.1215417945357926,0.6901086803816402,0.8486718089946133
2004-05-25,1.0645021208725922,1.077358639680515,1.1371375864529474,0.7038093384404347,0.873907407535723
2004-05-26,1.0692772109617334,1.0821914008952809,1.1422385010613751,0.7083108508711963,0.882253233156801
2004-05-27,1.0740435110571014,1.0870152659551695,1.1473300258977128,0.7128126736196264,0.8906257041884308
2004-05-28,1.0767359390212485,1.0897402117039987,1.1502061695679002,0.7153566135351229,0.895354424426719
2004-06-01,1.074528777085303,1.0865352638178207,1.14609123751977,0.7143780489329679,0.8934374525911473
2004-06-02,1.0718065039179343,1.0829149712742598,1.1416188232105613,0.7128126736196264,0.8904605543205946
2004-06-03,1.056900441714429,1.0632410014432911,1.1174044116777,0.7042007376826394,0.8742830200301999
2004-06-04,1.0639799604757822,1.0725010607019174,1.1287411851036713,0.7083108508711963,0.8818973920900627
2004-06-07,1.0930323196314236,1.110648061534561,1.175550461322187,0.7251432348407745,0.9132649513243152
2004-06-08,1.0947126724170047,1.1128437463624483,1.178243584661949,0.7261214004630699,0.9150704215420306
2004-06-09,1.077051950302969,1.0893950297798924,1.1492607927659426,0.7159438232261686,0.8957889841992265
2004-06-10,1.0858413562940923,1.1009598291841747,1.1634765778449294,0.7210330329900266,0.9052985006075425
2004-06-14,1.068181848145206,1.0775363338726207,1.1345576857624327,0.7108553670909343,0.8860378022401452
2004-06-15,1.084063213772311,1.098401478584431,1.160170601177314,0.7200543797256806,0.9031948171664376
2004-06-16,1.082015071889818,1.0956632816221772,1.1567782435012282,0.718880226330162,0.9009432494538051
2004-06-17,1.0704810421075834,1.0803981502891509,1.1379576270579812,0.7122253752663896,0.8883910198982488
2004-06-18,1.0721568232423122,1.0825736091748077,1.1406132338250385,0.7132035408886851,0.8901798587051812
2004-06-21,1.0623192425848504,1.0695645253610375,1.1245918185469217,0.7075280080556914,0.8794827344698575
2004-06-22,1.080214713996811,1.0930349517559548,1.153365077479842,0.7179008637682877,0.8987820233818636
2004-06-23,1.0951018911400316,1.112652426840798,1.1774974476619062,0.7265129770296568,0.9149131031081553
2004-06-24,1.092712210356535,1.1094539283784646,1.173530095074602,0.7251432348407746,0.9122830381544761
2004-06-25,1.102192261724285,1.121977021047619,1.1889658524298945,0.7306226469072588,0.9225805410386237
2004-06-28,1.0916397314774378,1.1079098499149733,1.171541818168478,0.7245555818387738,0.9110133715592336
2004-06-29,1.103493376505553,1.123569236616635,1.1908416645742022,0.7314060660270052,0.9238897898677498
2004-06-30,1.1160412849390813,1.1402015029603754,1.2113890201851918,0.7386471514977223,0.9375661887549381
2004-07-01,1.0922218464511317,1.1084282717670046,1.1719873823437807,0.724947468723029,0.9114396600693911
2004-07-02,1.084744794529279,1.0984993528460951,1.1597211552174258,0.7206408357881029,0.9032752973256442
2004-07-06,1.0579488429041122,1.0630395148322185,1.1160078939020648,0.7051795239402721,0.8741173413904701
2004-07-07,1.0602978066727458,1.0660878388982071,1.119724065925549,0.7065496207779183,0.87662392077071
2004-07-08,1.0467711625492828,1.0483178212709965,1.097931958425069,0.6987201730076722,0.8620119704640361
2004-07-09,1.0484432335253506,1.050472322064693,1.100547479284982,0.6996991809207822,0.8637835758272732
2004-07-12,1.0449242997750927,1.0465789126872242,1.0961933373940902,0.6967631767966485,0.8582767610295879
2004-07-13,1.0439083371205988,1.0455613412798985,1.095127526700304,0.6957847008566844,0.8564281076048375
2004-07-14,1.0365196870224198,1.0381609914290597,1.0873763537093961,0.6887387608683758,0.8433783873197174
2004-07-15,1.0340566425660047,1.0356940468000084,1.0847924603848664,0.68639014375967,0.8390244426177083
2004-07-16,1.0258115654373237,1.0274359137867226,1.0761428399131194,0.678561139300379,0.8246297349503878
2004-07-19,1.0243948903657485,1.0260169954436815,1.074656655913908,0.6771914857736877,0.8220648006967561
2004-07-20,1.0416073500392007,1.0432567106398842,1.0927136420690426,0.693436039416883,0.8516053034587573
2004-07-21,1.0204221275040206,1.0220379418059335,1.0704889701006772,0.673277094371781,0.8144291759415101
2004-07-22,1.030192408496295,1.0318236938070537,1.0807386283108504,0.6824758410199542,0.831081217902825
2004-07-23,1.0165544458627198,1.0181641357822397,1.0664315213005413,0.6695583360943332,0.8074462030057413
2004-07-26,1.0134689830463384,1.0150737872084719,1.0631946707623516,0.6666225092945816,0.8020658351638992
2004-07-27,1.0232704818850324,1.024890806488733,1.0734770785174061,0.6758214332671368,0.8186283847500038
2004-07-28,1.0201708590213494,1.0217862754455636,1.0702253731715403,0.6728857394606718,0.8132543415184801
2004-07-29,1.028490763537957,1.0301193543341747,1.0789534924246031,0.6807141676157212,0.8274069342434938
2004-07-30,1.030779770029557,1.0324119854134102,1.081354808640413,0.6828672402621588,0.8312921830298704
2004-08-02,1.0322633304885065,1.0338978950552544,1.0829111597474472,0.6842370711132322,0.8337204049952226
2004-08-03,1.0171875973928977,1.018798289892889,1.0670957383056308,0.6699497796676335,0.8075663617249799
2004-08-04,1.0174076182494067,1.01901865914722,1.0673265544490058,0.6701454571231881,0.8078803654477766
2004-08-05,1.0041075667369124,1.005697547317754,1.0533739381129397,0.6576192184464853,0.7851895003475787
2004-08-06,0.9857107573391292,0.9872716070074462,1.0340744923105025,0.6403961445322305,0.7543050694044774
2004-08-09,0.9874322253530609,0.9889958009252585,1.0358804238672814,0.6419615198455717,0.7570040600885626
2004-08-10,0.9960844356737918,0.9976617118163736,1.0449571534536821,0.6499863347537039,0.7711608928156538
2004-08-11,0.9900073936109764,0.9915750469011977,1.0385819423290525,0.6443105802652327,0.7610224712610406
2004-08-12,0.9805458446264812,0.9820985157776883,1.0286561640114615,0.6355032771903596,0.7453813959326048
2004-08-13,0.9816136793820396,0.9831680414243236,1.0297763919023555,0.6364815758059417,0.7470663386113731
2004-08-16,0.9894658933808609,0.9910326892182763,1.0380138734798756,0.6437232375809002,0.7597505492427117
2004-08-17,0.9972693877636203,0.9988485402498075,1.046200245021445,0.6509648550247634,0.7725333952897201
2004-08-18,1.0096645902908141,1.011263370287008,1.0592036161066851,0.662512351774929,0.7930513799906305
2004-08-19,1.0059182066814454,1.0075110543678105,1.0552734168063183,0.6589894039463224,0.7866867529211956
2004-08-20,1.0130407401941723,1.014644866243879,1.0627454162456056,0.6656440333546173,0.7985641769784699
2004-08-23,1.0147453810048217,1.0163522063129304,1.0645336949751614,0.6672097633167228,0.8013100435105804
2004-08-24,1.014549381397037,1.0161558963444028,1.0643280786790987,0.6670138642056906,0.8009169358762934
2004-08-25,1.024356337017039,1.025978381046656,1.0746162109515318,0.6762129211715325,0.8174454626134021
2004-08-26,1.021255883805018,1.0228730183403119,1.0713636345164246,0.6732770943717808,0.8120809678994282
2004-08-27,1.0245934701568642,1.026215889681199,1.0748649789895683,0.6764085099648962,0.8177056632623525
2004-08-30,1.0125953772594316,1.0141987980874654,1.0622782016522705,0.6650566020080941,0.7970452142283665
2004-08-31,1.0134427739834164,1.0150475366441183,1.0631671757560996,0.6658395334857902,0.7984121511801011
2004-09-01,1.0186690748327958,1.0202821132172701,1.068649904190628,0.6707328441386159,0.8071731710145723
2004-09-02,1.0292933878187045,1.0309232495514855,1.0797954973326858,0.6807141676157211,0.825149759783382
2004-09-03,1.0160486434757787,1.017657532469183,1.0659009018032983,0.6681881062634004,0.8023314997934754
2004-09-07,1.022143159405505,1.0237616989207248,1.0722944441472233,0.6738640380762537,0.8124612583719826
2004-09-08,1.0194550949946855,1.021069378023494,1.0694744903015134,0.6713197435119933,0.8078180687313641
2004-09-09,1.0255019780817414,1.0271258362068858,1.0758180627052354,0.676995630993751,0.8180214857325864
2004-09-10,1.0365147677868298,1.0381560644039767,1.0873711931123267,0.6873688413551114,0.836780379854575
2004-09-13,1.0460590384120039,1.047715448155926,1.097383751794189,0.6963719105477302,0.8531405927253973
2004-09-14,1.0471019901548446,1.0487600513881816,1.0984778757914695,0.6973506081431717,0.8548951095629481
2004-09-15,1.039298822626711,1.0409445277288427,1.0902918471415939,0.689913401905945,0.8411747814908236
2004-09-16,1.0407573159119756,1.0424053305037255,1.09182190115822,0.6912834100814003,0.8436368449925836
2004-09-17,1.0430400810244105,1.0446917103207196,1.0942166697626303,0.6934360394168829,0.8475333824145239
2004-09-20,1.0430825025167378,1.0447341989864767,1.0942611726584492,0.6934360394168829,0.8474508947150853
2004-09-21,1.0459820220644451,1.0476383098548026,1.097302956652299,0.6961761444299845,0.8524295234284809
2004-09-22,1.0332337536306446,1.0348698548394837,1.0839291965402493,0.6840413049954865,0.8300972865697405
2004-09-23,1.032627213510682,1.0342623542775882,1.0832928966298077,0.6834542282977272,0.8289851082748708
2004-09-24,1.0301577215537194,1.031788951938525,1.0807022394591848,0.6811058328444988,0.8246689015149025
2004-09-27,1.0239833355501031,1.0256047889407205,1.0742249082294295,0.6752339575895179,0.8139236874602264
2004-09-28,1.025451876370296,1.0270756551605653,1.0757655027616202,0.6766040987582597,0.8163583318660514
2004-09-29,1.0360555846911204,1.0376961542026963,1.0868894802741154,0.6865857768841289,0.8343807106860406
2004-09-30,1.0373102583794134,1.038952814637097,1.0882057143190185,0.6877601962662205,0.8364779245246049
2004-10-01,1.0571615973061486,1.0588355876894606,1.1090310559007224,0.7065496207779178,0.8707129113239114
2004-10-04,1.063726530224125,1.0671241096397255,1.1189942272017934,0.7106592906555196,0.8782253869377896
2004-10-05,1.0653951391203558,1.0692735726735276,1.1216043404158003,0.7116383428997252,0.8799943592508664
2004-10-06,1.0751502692947013,1.0820099550008135,1.1371711230479007,0.717314141719292,0.8904761899925078
2004-10-07,1.0613008314977235,1.0637958871938162,1.1148183020144262,0.7092891051556824,0.8754863152412834
2004-10-08,1.0390572367963389,1.0346805870421636,1.0792019215654336,0.69637191054773,0.8515249076500635
2004-10-11,1.0447362910219533,1.0419957036712284,1.0880685228501523,0.6996991809207819,0.8575451269235502
2004-10-12,1.0427030279942464,1.0393175964311978,1.084787053321485,0.6985245398832127,0.8553410892245699
2004-10-13,1.0399995234098034,1.0357695481577927,1.0804475991201934,0.6969592089009669,0.8524211045295964
2004-10-14,1.0346090701439357,1.028733960599378,1.0718664108851856,0.6938275273212785,0.846630933030323
2004-10-15,1.0406341890855288,1.0365151242518162,1.0813061924602145,0.6973506081431717,0.8530347012497441
2004-10-18,1.0577323616359409,1.0586655197253054,1.1082288819222086,0.70733219760685,0.8712641081760834
2004-10-19,1.0489644365362931,1.0471843769066886,1.0941872680205085,0.7022435641472335,0.8618153186648315
2004-10-20,1.0546632947907597,1.0545707595989378,1.1031718842587213,0.705570967513572,0.8678941887225619
2004-10-21,1.0731503829831295,1.0786476122666877,1.1325362554276743,0.7163355771171371,0.8877090378665079
2004-10-22,1.0461567659997306,1.043222683862917,1.089121980068186,0.7006774795363641,0.8585549112062562
2004-10-25,1.0404117585459722,1.0356840742165188,1.0799021625897782,0.6973506081431717,0.8523507608980821
2004-10-26,1.046774495467342,1.0439109263795447,1.0898901494412634,0.7010690561029508,0.859121323346149
2004-10-27,1.0773403976806393,1.0836354707892353,1.1382567501712402,0.7188802263301616,0.8918139624403085
2004-10-28,1.0850796423676201,1.0937529221761415,1.1506345922701673,0.7233811181255861,0.90014045659298
2004-10-29,1.0830364239814823,1.0910300139011864,1.147271607563169,0.722207009061163,0.8978995483876768
2004-11-01,1.087728024619042,1.0971241502355566,1.154707335816526,0.7249474687230285,0.9029149211938549
2004-11-02,1.0917618309066046,1.1023937537552808,1.161156363644523,0.7272958198451612,0.9072517172125307
2004-11-03,1.1001895441804963,1.1134561862262733,1.1747289850219658,0.732188332538268,0.9163559150743806
2004-11-04,1.107274524628105,1.1227710667194317,1.1861725107018122,0.7362991106932574,0.9240219067350369
2004-11-05,1.1187635437046632,1.1379279074145012,1.2048317158258932,0.7429532524595015,0.9364957344406782
2004-11-08,1.120081633715634,1.1395997148540955,1.2068522502916106,0.7437359179506245,0.9378716041471726
2004-11-09,1.117351697711101,1.1359372254983646,1.202304187061403,0.7421707642927607,0.9348574363455678
2004-11-10,1.112927133063663,1.1300306063797876,1.1949876551768404,0.7396262480730228,0.9299963870879911
2004-11-11,1.1298419253935548,1.1523931922393973,1.2225543122006994,0.749412204412242,0.9484004231715876
2004-11-12,1.1423775629305832,1.1690302907106433,1.2431227049019107,0.7566536002006277,0.9620924783978207
2004-11-15,1.1481168621427655,1.176610420183544,1.252479766181316,0.7599815355401122,0.9683307988323802
2004-11-16,1.1399349169584156,1.1656319998739892,1.2388215536706149,0.7552835033629813,0.959295741581561
2004-11-17,1.1575809618352113,1.1891264635898264,1.2679289924005637,0.7654615682419332,0.9786312943081348
2004-11-18,1.1636877299846042,1.1972670152849365,1.2780312378622107,0.7689845604016352,0.9853308329070132
2004-11-19,1.1428895118338527,1.1693138597156,1.2431946186309284,0.7570450437739278,0.9623258509707502
2004-11-22,1.155422205327464,1.1859563527870332,1.2637896321286284,0.7642867055488864,0.9760223458631796
2004-11-23,1.1533603293338721,1.1831536696924725,1.2602806108770441,0.7631123748289858,0.9737157843086707
2004-11-24,1.1649065087982702,1.1985608481531098,1.2794028513937377,0.7697670042372806,0.9863956358301408
2004-11-26,1.1607882161049512,1.1929698605119128,1.2724025959902543,0.7674182541352883,0.9817943460268278
2004-11-29,1.1604071628795465,1.1923739127135167,1.2716112994449573,0.7672226653419247,0.981303890904398
2004-11-30,1.1576628479021638,1.1886528599005686,1.2669565258029543,0.7656567137243419,0.9782415263519086
2004-12-01,1.18486781087533,1.2250448295787844,1.3121858323258953,0.7813144566563509,1.0081915118909566
2004-12-02,1.1899672609786522,1.2318778484101438,1.3206989523908614,0.7842505051115801,1.013814972698294
2004-12-03,1.1919944273294334,1.2345709311869284,1.3240414880122962,0.7854243038583347,1.0160313350148529
2004-12-06,1.1967346989963283,1.240885814041011,1.3318905436274622,0.7881645861958183,1.0212283785338734
2004-12-07,1.1731318848617447,1.2089188861968505,1.2918342903211433,0.7746596499236741,0.9949201287983965
2004-12-08,1.1809508111798905,1.219384953285146,1.304856629467774,0.7791612953477222,1.003533527872885
2004-12-09,1.1891171690111404,1.2303393632153923,1.3185067887951516,0.7838585295651339,1.012548824981029
2004-12-10,1.184999084645756,1.22473728263378,1.3114765769297572,0.7815101341119056,1.0079384058723238
2004-12-13,1.196901764207327,1.2406950764120797,1.3313608966556765,0.7883601749891821,1.0210714046388423
2004-12-14,1.203715744025225,1.2498634801353308,1.3428128265488628,0.7922750540331395,1.0286168483550118
2004-12-15,1.1985648789935563,1.2428425693873866,1.3339862457609377,0.7893391829022923,1.0228387556265561
2004-12-16,1.185556775393474,1.2252042302779114,1.3118729705931473,0.7819019323339701,1.008322696014157
2004-12-17,1.1820552550134684,1.2204405091575785,1.305896482988851,0.7799057917656165,1.004402232793079
2004-12-20,1.172715182043769,1.2077750596934451,1.2900344192317292,0.7745709877326664,0.9939787786175991
2004-12-21,1.1892081886277739,1.2298874668697461,1.3175639083256945,0.7840555369535539,1.012176921807419
2004-12-22,1.1909102127521392,1.2321395377989355,1.320352873133647,0.7850433224235739,1.0140303387111627
2004-12-23,1.1919228035267102,1.23346205186164,1.3219804608688541,0.7856357631838893,1.0151187457801787
2004-12-27,1.1860101177244988,1.225370085632738,1.3117971910838344,0.7822771507263161,1.0084591922116026
2004-12-28,1.1990801876768902,1.2429393900610897,1.3337144149906124,0.7897856856962089,1.0229184374300675
2004-12-29,1.2007840321354557,1.245198363458192,1.3365160796163875,0.7907737371528017,1.024777534950057
2004-12-30,1.199726997969239,1.243723945189373,1.334643513051751,0.7901805870949583,1.0235641132468598
2004-12-31,1.1972911879454526,1.2403855375813255,1.3304376855182802,0.7887977229018069,1.0208166593313792
2005-01-03,1.182761693229965,1.2206619431001933,1.305703397159995,0.7804984985125051,1.0045844692435324
2005-01-04,1.1579470877193938,1.1872128908910413,1.2639344052375858,0.7662716746811739,0.9770564558159262
2005-01-05,1.1496855035527689,1.1761208753819803,1.2501319828426205,0.7615297547194941,0.9679279116059618
2005-01-06,1.143146324775893,1.1673522577782232,1.2392330635140987,0.7577752655790703,0.9607114852143127
2005-01-07,1.1499819041945731,1.1764141181029772,1.250431281594335,0.7617273827432509,0.9681692454862366
2005-01-10,1.1492537709520556,1.1753552484384537,1.2490673928772196,0.7613322153579283,0.9672978133702883
2005-01-11,1.139970909477728,1.1629287327026414,1.2336352963834698,0.7559968793518321,0.9570709976777286
2005-01-12,1.150915512009623,1.17744890955968,1.251580560991086,0.7623202668145211,0.9690208616377727
2005-01-13,1.1333976357384408,1.1540292136152661,1.2225120082151182,0.7522426561979813,0.9497468415430601
2005-01-14,1.1457018989964258,1.1703275762519258,1.2426303031167134,0.7593558464581694,0.9631601228134695
2005-01-18,1.1555912491394473,1.1833940887243446,1.2587524590247214,0.7650859952008241,0.9739136451716998
2005-01-19,1.1336047329494168,1.153982067905079,1.222227705067772,0.7524401955595471,0.9497080414080078
2005-01-20,1.1085929540071378,1.1207288703541212,1.1811132121637027,0.7380157880355546,0.9223412131053765
2005-01-21,1.098333003144892,1.1071584034311268,1.1644040631489978,0.7320880999313342,0.9111729446193456
2005-01-24,1.0805648915820925,1.083713462136917,1.1355896169781208,0.7218131272776104,0.8918781480217947
2005-01-25,1.0866674871674773,1.091655988398565,1.1452761810061656,0.725369500752227,0.8984147149837709
2005-01-26,1.1016259754488185,1.1112157207152544,1.1691932288443128,0.7340638038646604,0.9145120492366945
2005-01-27,1.099900628833442,1.1089038384499872,1.166331199378001,0.7330759297324494,0.9126094085985268
2005-01-28,1.0937435560730822,1.1007652033684392,1.1563202462058844,0.7295194232645464,0.9059114473407205
2005-01-31,1.1100543527117674,1.1220910404830697,1.182406779725586,0.7390039281543384,0.9234622564570958
2005-02-01,1.114128885122186,1.1274203416037458,1.1889337322971414,0.7413747994729872,0.9278481826080791
2005-02-02,1.1161569907496647,1.1300541539807967,1.192149276884685,0.7425604789533369,0.930015766371825
2005-02-03,1.1014488326441239,1.1105877717267636,1.16816574720021,0.7340638038646603,0.9139952576672667
2005-02-04,1.1218865446099797,1.137424709985914,1.201074481617171,0.7459198893706291,0.9360816113293774
2005-02-07,1.1191085464876827,1.1336620815641574,1.196387654401506,0.7443387765183839,0.9329850307425926
2005-02-08,1.121479498314959,1.1367514398375949,1.2001662446277026,0.7457222613468724,0.9355275211994855
2005-02-09,1.0999289451075789,1.108215696117401,1.164992158711741,0.7332736907494927,0.9120430789084331
2005-02-10,1.101271148380993,1.1099371370220266,1.1670789621529454,0.7340638038646603,0.9134597961308241
2005-02-11,1.1199998201389343,1.1345153122814453,1.1972051027996102,0.7449313946030813,0.9336872254264805
2005-02-14,1.12309866484899,1.1372572384744017,1.1997992380374343,0.7482903617094185,0.9398806876306037
2005-02-15,1.1283123615818682,1.1425366627442841,1.205368997456841,0.7532308849789561,0.9491289500405536
2005-02-16,1.1254343183419284,1.1396223368620573,1.202294401969914,0.750464092646361,0.9438389055111672
2005-02-17,1.1148790717925094,1.128934023432513,1.1910182984861715,0.7403871469962537,0.9247684920427359
2005-02-18,1.1124026003181642,1.1264263318126913,1.188372699590067,0.7380157880355543,0.920266387520449
2005-02-22,1.0960907928245072,1.104526146416511,1.1612118869367438,0.7289266721865624,0.9031106143270748
2005-02-23,1.0977777753304439,1.106699766012755,1.1638527473371356,0.7299145906498687,0.9048878641778332
2005-02-24,1.1138183774383132,1.12774841417118,1.1896523873757532,0.739201290191522,0.922098192453703
2005-02-25,1.12098596610703,1.1371692632442394,1.2012206360715287,0.743350370413027,0.9298011054372086
2005-02-28,1.107233420430238,1.1188762279969857,1.1786211618785125,0.7354471556998624,0.9148438911117233
2005-03-01,1.1212381638888984,1.137290463431957,1.2012256817096196,0.7435487077343118,0.9299002042012725
2005-03-02,1.1205295445393615,1.1363074407839173,1.1999880290987213,0.7431528310514612,0.9290964403515449
2005-03-03,1.1098869231416868,1.1221846932292172,1.1825617446114993,0.7370279139033435,0.9175490421650091
2005-03-04,1.1173928180447474,1.132038433171601,1.194650307338803,0.7413747994729872,0.9256059063340077
2005-03-07,1.1358415058077853,1.156322163935262,1.224493284021311,0.7520453828229885,0.9454613847029674
2005-03-08,1.1227767936672282,1.1389275593186037,1.202976249486434,0.7445364045421408,0.9312387679615769
2005-03-09,1.1189848479710702,1.1338646882607708,1.1967109602926653,0.7423626736051981,0.9270991352275465
2005-03-10,1.1172503281094215,1.1315267273405005,1.1938058824602464,0.7413747994729872,0.9251875124653075
2005-03-11,1.1052433838413287,1.115619962878707,1.1742003287248544,0.7344593258987469,0.912181421236364
2005-03-14,1.1110091139220102,1.1231163415421705,1.1833507292173222,0.7378177610319381,0.9183108000310205
2005-03-15,1.100722570531354,1.1095074127677491,1.1665958905034366,0.7318903389142907,0.9071835233561536
2005-03-16,1.0863468120637703,1.0905618844721734,1.1433296365319199,0.7235911145249888,0.8916928011552541
2005-03-17,1.0893956023199691,1.0945099201024753,1.1481332399664663,0.7253695007522268,0.8949208939396893
2005-03-18,1.082548642443483,1.085492806077249,1.1370723807447483,0.7214177382368102,0.8875480930212143
2005-03-21,1.0835869065325012,1.0861539714088706,1.1374806947039835,0.7228008240854392,0.8899750438772127
2005-03-22,1.0742807936944592,1.0768258119816183,1.1277117286596414,0.7139093805912996,0.8734931863598592
2005-03-23,1.0770102787107176,1.0795617632675165,1.1305769686267917,0.7164777912715143,0.8781486022087561
2005-03-24,1.0772428386789603,1.0797948741805174,1.130821095307026,0.7166758182751307,0.8784538572384392
2005-03-28,1.0787946157991533,1.0813503275287242,1.1324500523441234,0.7180585938060912,0.8808386458561213
2005-03-29,1.072792857467989,1.0753343507690096,1.1261497877369915,0.7123286223878185,0.8702362424929444
2005-03-30,1.0869818312067157,1.0895569388084414,1.1410444709489829,0.7257649784552181,0.8948004054628509
2005-03-31,1.0836914982832828,1.086258810942094,1.1375904884792882,0.7226036393726377,0.8888945977075179
2005-04-01,1.0760401541290676,1.078589340418211,1.1295585934725403,0.7152923777777378,0.8753449002211707
2005-04-04,1.0815204938004375,1.0840826632544716,1.1353115058961056,0.7204298641045996,0.8846541731039517
2005-04-05,1.0836206829313406,1.0861878278254793,1.1375161510216858,0.722405656700117,0.8882346924665673
2005-04-06,1.0823999177149242,1.0849641705627575,1.13623466925214,0.7212204205307223,0.8859900480208572
2005-04-07,1.0915573028824899,1.0941432499771633,1.145847510436616,0.7299145906498692,0.9019521915023271
2005-04-08,1.08537580256202,1.0879471054114922,1.1393585641080364,0.7239866365590758,0.8909047637125647
2005-04-11,1.0821291015918555,1.084692712864423,1.1359503836909652,0.7208249428277311,0.8849450452304588
2005-04-12,1.0858903636147212,1.0884628854818812,1.139898717611337,0.7243815379578253,0.8914360826989949
2005-04-13,1.0734738650000673,1.0760169716377805,1.1268646661800743,0.7125260730871935,0.8694927099292805
2005-04-14,1.062869649748475,1.0653876345354631,1.1157330346898318,0.7024485068017491,0.8509887298209479
2005-04-15,1.0459410202311643,1.0484189003528255,1.0979624348905441,0.6864433410742753,0.8218478161628069
2005-04-18,1.0462237649342903,1.048702314890546,1.0982592423172457,0.6866413680778918,0.8220854966519471
2005-04-19,1.0513057225203108,1.0537963118568356,1.1035939585366406,0.6913834653639535,0.8305458527844614
2005-04-20,1.0452301455976831,1.0477063416261791,1.0972162038618514,0.6856530506347258,0.8201640617067631
2005-04-21,1.0646526379813843,1.0671748467456463,1.1176047024643236,0.7038318586369513,0.8527262934102192
2005-04-22,1.0535884582357788,1.0560844554732685,1.1059902294695971,0.6933593909527574,0.8336363337810538
2005-04-25,1.0597562445706818,1.0622668535643398,1.112464779727372,0.699089717019794,0.8438505072719632
2005-04-26,1.0528612426061872,1.0553555170379758,1.1052268447013236,0.6925688788577302,0.8319864044518301
2005-04-27,1.0539368936868865,1.056433716383232,1.106355994870227,0.6935570633076096,0.8337107962403362
2005-04-28,1.046604492671885,1.0490839445888387,1.0986589061087155,0.6866413680778918,0.8211846808838286
2005-04-29,1.0514776373376475,1.0539686339479097,1.1037744237902116,0.6911861033267698,0.8292818248707268
2005-05-02,1.054495266252821,1.0569934117582493,1.1069421389167948,0.6939520976996456,0.8341404141031132
2005-05-03,1.0583032869570932,1.0608104538304797,1.1109395571303498,0.6975092248028858,0.8404972375558293
2005-05-04,1.067350870713971,1.069879471709843,1.1204371357695184,0.7060053679184164,0.8557974209127632
2005-05-05,1.068002171629239,1.0705323155855264,1.1211208300935216,0.7065983406518778,0.8568185428144398
2005-05-06,1.070116782508884,1.0726519360710312,1.1233406142547242,0.708574044585204,0.8603543911876335
2005-05-09,1.073740760078954,1.0762844990028075,1.1271448356781686,0.7119331890159232,0.8663494645710013
2005-05-10,1.068341502188748,1.0708724500340043,1.121477037757381,0.7067957470201569,0.8569132349915071
2005-05-11,1.0721290813606907,1.0746690021470193,1.1254529977489378,0.7103525194746331,0.8633237816578527
2005-05-12,1.0700656143484713,1.0726006466910039,1.1232869011706124,0.7083762392370652,0.8596626269453147
2005-05-13,1.0782387847592991,1.080793179700774,1.1318665762301723,0.7160830228660516,0.8736342595242454
2005-05-16,1.0833089285867588,1.0858753349211907,1.1371888911163526,0.7208249428277314,0.8821889877389231
2005-05-17,1.0879069691799492,1.0904842684740834,1.1420156220196966,0.7251721830461392,0.8901100333453228
2005-05-18,1.0983063908578836,1.1009083268377908,1.152932274226754,0.7350516336657762,0.9082399640178671
2005-05-19,1.1047382377826915,1.1073554110898787,1.159684018516164,0.7411771714492309,0.9195319484862996
2005-05-20,1.1078565004562486,1.1104810610643863,1.1629573725690823,0.7441415918055827,0.9249863464032902
2005-05-23,1.1137376856442924,1.1178358603499512,1.1717516258609222,0.7478959922838155,0.9318525893700232
2005-05-24,1.1177740242287286,1.123073437671057,1.1781301152330124,0.7502662872982228,0.9362187491630809
2005-05-25,1.112335823050401,1.1158998083310856,1.1693237702265749,0.7471055688509793,0.9302386537727432
2005-05-26,1.1251687730188513,1.1326457018163376,1.1897693705331305,0.75461392649649,0.9441983993481459
2005-05-27,1.125823237786774,1.13345777629962,1.19073739405972,0.7550090938818125,0.9448753625203339
2005-05-31,1.1213554987157373,1.1274629622718502,1.1833164746434597,0.7524401955595473,0.9398779535332754
2005-06-01,1.131829987943081,1.1411525372711895,1.20005170670974,0.7585654230253336,0.9512898847147602
2005-06-02,1.1409609439265715,1.1531127816159217,1.2146979983080881,0.7639004930448567,0.9612602077804808
2005-06-03,1.121932155839875,1.1279797720024096,1.1837821585695734,0.752835806255825,0.9403087775054841
2005-06-06,1.1222203258130872,1.1282558384856007,1.1840616448994785,0.7530330796308178,0.940538912605211
2005-06-07,1.111360678774296,1.1139672875013695,1.1665397745664101,0.7467101354790837,0.9286276618524993
2005-06-08,1.1086311882162438,1.1103517219922086,1.1620955846392635,0.7451289339646474,0.9256136468246635
2005-06-09,1.1167230740604797,1.1208760581307124,1.174919413313044,0.7498716518860462,0.9343869651891282
2005-06-10,1.1031633138738544,1.1030764284972465,1.153124828695832,0.7419675505509714,0.9195488019559502
2005-06-13,1.1091955603694272,1.1108442371073337,1.1625413642549736,0.745524278674352,0.9260242182704478
2005-06-14,1.1041014307015202,1.1041428305090184,1.1543322599213632,0.7425604789533373,0.9204377781565062
2005-06-15,1.1081324998248356,1.109354276708633,1.1606619337167077,0.7449313946030817,0.9247821544712481
2005-06-16,1.1148708317982505,1.1181066847459562,1.1713187508910046,0.7488836890916444,0.9320783545504344
2005-06-17,1.1150165867904733,1.1182504747991606,1.1714675972087416,0.7489822814480451,0.9321982211052274
2005-06-20,1.1149671345312184,1.1180851558462208,1.1712078175785008,0.7489822814480451,0.932060407585521
2005-06-21,1.1142675802487656,1.1171229308247823,1.1700048026242118,0.7485872027249136,0.9312582756182183
2005-06-22,1.1128902539159187,1.1152745354413083,1.1677191431553757,0.7477961586567404,0.9297174125225124
2005-06-23,1.0986495695447016,1.096612390552141,1.1448955514720993,0.739489043332439,0.9141602375784872
2005-06-24,1.084434124815431,1.0780581390145354,1.1222691096192916,0.731182326987997,0.8986930049082742
2005-06-27,1.0786507422236384,1.070458924719956,1.1129827551879565,0.7278205670226429,0.8923581325278476
2005-06-28,1.090425206083776,1.0856540013266294,1.1313882180555381,0.7347426015990178,0.9050250830022862
2005-06-29,1.0877014854186904,1.082070032156462,1.1270040513809116,0.733160291807194,0.9020374073784274
2005-06-30,1.0778927689311735,1.0692956394533522,1.1114551029208193,0.7274246903397923,0.8913883923125698
2005-07-01,1.076184674373862,1.067039097038086,1.108692282250517,0.7264358409234805,0.8895072888632398
2005-07-05,1.0836036064339292,1.0740215182267323,1.115670097778557,0.7339515131997493,0.9031346403062608
2005-07-06,1.0799516894903025,1.0704018944483105,1.11191011164582,0.7303914159131105,0.8964988459965094
2005-07-07,1.0826396681778352,1.0730661038822802,1.1146776342226554,0.7329624421279598,0.9011687092899365
2005-07-08,1.097185595733564,1.0874834047334954,1.1296540114901568,0.7470044939532305,0.9270012644052721
2005-07-11,1.1083336423245096,1.1015615883360326,1.1465253818895942,0.7539269718405606,0.9397435027996534
2005-07-12,1.1143280600139427,1.1092844574531104,1.155875717287355,0.757486847471722,0.9463318916401801
2005-07-13,1.1173149853852382,1.1131142232267024,1.160503714724387,0.7592666522940162,0.9495990693822925
2005-07-14,1.1300095823094567,1.1295613186778217,1.180481037055127,0.7667822802391896,0.9636301060975998
2005-07-15,1.1340073758405544,1.1347239838754877,1.1867471742901414,0.7691556784302822,0.9680343819256677
2005-07-18,1.1285886714345064,1.1275423674102452,1.1779219094868427,0.7659915021575895,0.9619077363669702
2005-07-19,1.1436434477845014,1.1471107357778558,1.2017430689302073,0.7748912355665883,0.9786015347242917
2005-07-20,1.15301722028636,1.1593234478391883,1.2166405484184026,0.7804288986925647,0.9890202139272734
2005-07-21,1.1533272375099766,1.1596780956765473,1.2170449141917186,0.7806263493919394,0.9893227644196554
2005-07-22,1.1516220024389552,1.1573894441729449,1.2142127462773267,0.7796377659622005,0.9873703130965007
2005-07-25,1.146526080932316,1.1505940578446596,1.2058293558512434,0.7766711290510735,0.9815731609275822
2005-07-26,1.1515366224312287,1.1571003470876695,1.2137543575949674,0.7796377659622004,0.9871236840287824
2005-07-27,1.1615890012479495,1.170223129110057,1.2297837934914382,0.7855710397844543,0.9983187449992934
2005-07-28,1.167953052014686,1.1785328996149937,1.2399415328829817,0.7893288094259455,1.0054078201127117
2005-07-29,1.1568212549240813,1.1638282344418265,1.2218614201104991,0.7828022968836572,0.9928632527424914
2005-08-01,1.1591166213824822,1.1667233129528003,1.225340158659643,0.7841866683340558,0.9953330476677957
2005-08-02,1.1735467295413022,1.1856151843289708,1.2484572181965272,0.7926912343577321,1.011449725636116
2005-08-03,1.1728467351302985,1.1846385273071838,1.247226118526804,0.7922956236614546,1.0106165383677812
2005-08-04,1.1596897171496015,1.167250520694157,1.2258371334125022,0.7845824563547155,0.9957828092197704
2005-08-05,1.1532749250221952,1.1587749687556328,1.2154216968302127,0.7808241547400783,0.9885523057679384
2005-08-08,1.1434751144599318,1.1458130956944346,1.1994921686397222,0.7750888635903451,0.9774945164238358
2005-08-09,1.1521735881339024,1.1571292561286015,1.2132825415200321,0.7802312706688078,0.9871483463660278
2005-08-10,1.14072670378085,1.1420809325371646,1.1948435326154176,0.7735061548186617,0.9743106035899374
2005-08-11,1.1514358600372712,1.1560133991862562,1.2118188905389384,0.7798359259591033,0.9861964074796994
2005-08-12,1.144020522700129,1.1462494434004071,1.1998470936722745,0.7754842083000497,0.9778667651714241
2005-08-15,1.1520163322686587,1.156581837547606,1.2123980035364685,0.7802312706688078,0.9866813429226894
2005-08-16,1.130497238020805,1.128348688943023,1.1778389955594977,0.7675734129695537,0.9625956102267882
2005-08-17,1.1381769483989759,1.1382945978779377,1.1899217343051194,0.7721227586523641,0.9710804769832097
2005-08-18,1.1314447788043123,1.1294603030153414,1.1791176621543464,0.7681666516895881,0.9635439295156442
2005-08-19,1.1307492722495378,1.1285026572146364,1.1779215287386124,0.7677712183176926,0.9627269607426542
2005-08-22,1.1313620764061059,1.1291850882503593,1.1786866636301905,0.7681666516895882,0.9633091434718997
2005-08-23,1.1276522092843526,1.124303291312581,1.1727117449323803,0.7659915021575895,0.9591444766908127
2005-08-24,1.1199248338355567,1.1142022043285356,1.1603901329373563,0.7614422451369701,0.9505272273558848
2005-08-25,1.122910199345464,1.1180248477384704,1.1650054347366592,0.7632223159458373,0.9537883290010797
2005-08-26,1.1185338279718033,1.1122894929929252,1.1580034105439347,0.7606509350822239,0.948895491037731
2005-08-29,1.124232834742312,1.1175673831247719,1.163208715505484,0.7665846522154328,0.9598371291119022
2005-08-30,1.1214220735455112,1.1147732866189377,1.1603005083972358,0.7638159093146357,0.9545637359410316
2005-08-31,1.1287705139644424,1.1220781589507582,1.1679037109336863,0.7709358379013405,0.9678384186756837
2005-09-01,1.1275848252776557,1.1208995000805104,1.1666769157612586,0.7697490058125077,0.9655310094833611
2005-09-02,1.124573493139905,1.1179060217965597,1.1635611841444036,0.7667822802391897,0.9598766086810361
2005-09-06,1.1430101464410085,1.1414279413958477,1.1919056800398389,0.7780562097990003,0.9808413243463021
2005-09-07,1.145322469731183,1.1443874459251797,1.1954811666394265,0.7794402266006348,0.9833844584651403
2005-09-08,1.1449624831376906,1.1438658159366488,1.194815413511928,0.779242509914687,0.9829362161975262
2005-09-09,1.1522880322885634,1.1533592955711751,1.2063544782333204,0.7835931636274485,0.9910940655016148
2005-09-12,1.1559087954982135,1.1579687861258046,1.2119119375299183,0.7857684904838292,0.9950550503839681
2005-09-13,1.1525373998403659,1.15351033234675,1.2064376400271917,0.7837910576377782,0.9912238530296814
2005-09-14,1.13746169104836,1.1337773740618011,1.1823295244613692,0.7748912355665883,0.9742671094319993
2005-09-15,1.136768509819092,1.132824567344914,1.1811408546979454,0.7744957135325018,0.97344835235751
2005-09-16,1.1447549682809386,1.1431535096057797,1.1936755410530557,0.7792425099146869,0.9823241236951687
2005-09-19,1.1343391120676571,1.129469331040061,1.17693802718628,0.7731114307442942,0.9705651616615454
2005-09-20,1.1289730185444242,1.1224471889865304,1.1683710103024263,0.7699467224984554,0.9645309593595499
2005-09-21,1.1146071259734343,1.103766428009435,1.145656055824937,0.7614422451369701,0.948478380241709
2005-09-22,1.119242872643589,1.1097038014266267,1.1528172073827072,0.7642109880377672,0.9535804291704703
2005-09-23,1.1228823283628568,1.1143596550282304,1.1584311680047323,0.766386846867294,0.9575812543184643
2005-09-26,1.123159039213716,1.1146039161563521,1.1586625537996242,0.7665846522154328,0.9577911505367926
2005-09-27,1.1201334584811442,1.110636403323687,1.1538216952537037,0.7648040494334196,0.9543818240256566
2005-09-28,1.12044180745062,1.1109843679215685,1.1542145270394126,0.7650021207681315,0.9546808337525382
2005-09-29,1.1377392869040939,1.1333043849767581,1.1812385216550882,0.7752870235872479,0.9738606648166631
2005-09-30,1.1463908531144373,1.144492433705875,1.1948132901115887,0.7804288986925646,0.9834746755959142
2005-10-03,1.1496731226749537,1.1486478970683343,1.1998066463911985,0.7824065975251886,0.9870455100217148
2005-10-04,1.1409575409601083,1.1372359553730924,1.1858688873854886,0.7772646337576808,0.9772391056051246
2005-10-05,1.122902456305142,1.113709679760273,1.1572175501609328,0.7665846522154327,0.957022723569834
2005-10-06,1.1058851150737405,1.0916427797770323,1.1304374620292874,0.756497909393219,0.9380603987319552
2005-10-07,1.1088523543993591,1.095412012208088,1.1349621210390939,0.7582781575264682,0.9412993407583127
2005-10-10,1.1041968788648473,1.09042957124812,1.1295160473439108,0.7541248658508904,0.933403582621744
2005-10-11,1.1003770231017311,1.0866573420725707,1.125608602516305,0.7503670075472083,0.9263544526770592
2005-10-12,1.0912728299114263,1.0776666614547536,1.1162956507199369,0.7414666978339678,0.9098004025673609
2005-10-13,1.0972139715946785,1.083533728009998,1.1223730224271236,0.7472021219769874,0.9202849885332056
2005-10-14,1.1029396538116203,1.0891880214828624,1.128229994195307,0.7527404944004917,0.9304439049914268
2005-10-17,1.1054725211906065,1.091689308656338,1.130820940072006,0.7551137152672023,0.9346778034252603
2005-10-18,1.100033203449302,1.0863178092199057,1.125256899099782,0.7497731481918366,0.9246869961281122
2005-10-19,1.1155034112580307,1.101595131942764,1.1410818378495344,0.7648040494334193,0.952419127700868
2005-10-20,1.1082688292470309,1.0944507518857185,1.1336813673051416,0.7576850074686247,0.9390446976371605
2005-10-21,1.1131623439499612,1.099283253445493,1.138687090007922,0.7624314492020458,0.9477932390841568
2005-10-24,1.1255936183731161,1.1115595327021814,1.151403412811084,0.7744957135325014,0.9701172422001498
2005-10-25,1.122610323374428,1.1086134339143725,1.148351711036267,0.7715289879591833,0.9644644553808231
2005-10-26,1.1186159011027403,1.1046688147540846,1.144265696900475,0.7675734129695534,0.9569695102363541
2005-10-27,1.1029130350073042,1.0891617345661602,1.1282027650233972,0.7521469896938842,0.928043186359111
2005-10-28,1.1088343100377906,1.0950091821693206,1.134259814536657,0.7578825468301902,0.9385833493974453
2005-10-31,1.1200771661164293,1.1061118604761435,1.1457604686336467,0.7687605997071502,0.9586190932229728
2005-11-01,1.119506288787579,1.105548100939372,1.1451765011217443,0.7681666516895876,0.9574300608843905
2005-11-02,1.12983104732321,1.1157441286937906,1.1557380057539028,0.7782533945118014,0.9762103127295693
2005-11-03,1.1417246392326506,1.127489429350449,1.1679043170154266,0.7899225801191255,0.9980870392108241
2005-11-04,1.1445614237473514,1.1302908443709918,1.1708061488296093,0.7926912343577316,1.0032530993258688
2005-11-07,1.145625333042813,1.1312939218327152,1.1718099874339116,0.7936801724362345,1.004946039524466
2005-11-08,1.1459250970296437,1.131623937746901,1.1721769793822674,0.7938776231356093,1.0052391978094535
2005-11-09,1.14655358257606,1.1323772288520564,1.1730554103220252,0.7942731451696959,1.0059083580498873
2005-11-10,1.1609719300722496,1.1508950050378277,1.1954036606697258,0.802975516541511,1.0223579875224331
2005-11-11,1.1645611959351034,1.1554788671194687,1.2009258083918772,0.8051512867088468,1.026429903720134
2005-11-14,1.164496184830957,1.155263853495363,1.2005906026806017,0.8051512867088468,1.0262389037635191
2005-11-15,1.158217067247882,1.1470808638484584,1.1906363353594411,0.8013933397429737,1.0189698264013742
2005-11-16,1.1664062313531847,1.1576023474920518,1.2033449039964683,0.8063376754867245,1.0283162244624733
2005-11-17,1.1841438241429336,1.1805058522864396,1.2310885916080387,0.8170175683667815,1.0486617650776497
2005-11-18,1.188729609077672,1.1864099313607877,1.2382381316280426,0.8197863999297696,1.053906450626029
2005-11-21,1.191961726494619,1.1904827571753909,1.2431203193745448,0.8217645420733486,1.0575244053352948
2005-11-22,1.1968814301384545,1.1968330626752866,1.2508229988479045,0.8247312676466666,1.063165480778847
2005-11-23,1.2001530074166251,1.201040922273003,1.2559197183723025,0.8267090551414816,1.066903388104248
2005-11-25,1.203076731856782,1.2047599885161462,1.260401162490499,0.8284890372881579,1.0702070926673566
2005-11-28,1.1914502447887159,1.1894388372665805,1.2416236394858933,0.821566648063019,1.056597074994617
2005-11-29,1.184824102721869,1.1807514231533727,1.2310098039697612,0.8176110730733891,1.0488799095097765
2005-11-30,1.181498898453021,1.176370614797002,1.2256479190053982,0.8156331082541921,1.044988369103974
2005-12-01,1.2068396091971325,1.209221783217074,1.2655463872515955,0.8308623468170595,1.074170574506457
2005-12-02,1.2101124708642919,1.2134389154517786,1.2706610164565244,0.8328394250143464,1.0779167188599525
2005-12-05,1.1998010003445576,1.1998139385338675,1.253936327113432,0.8267090551414817,1.0658134393072036
2005-12-06,1.2043923609762661,1.2057425737042935,1.2611306440616417,0.829477798042279,1.0710799384188165
2005-12-07,1.2017208565930984,1.2021936577161896,1.256765427150318,0.8278957099059325,1.0679273809816898
2005-12-08,1.1917870582957573,1.1891719912541652,1.240849839224333,0.8219622587592966,1.056360031518855
2005-12-09,1.1970347757905437,1.195943052963494,1.2490591219196021,0.8251268783429444,1.0623748712672578
2005-12-12,1.2019175216030356,1.2021722247063187,1.256572722134211,0.8280931606053074,1.0679083417046558
2005-12-13,1.2075005353140005,1.2093966941097516,1.265348753392842,0.8314554968749029,1.0743259505811216
2005-12-14,1.202847051035945,1.2032580216754392,1.2578216115581669,0.8286866653119147,1.0688728720913103
2005-12-15,1.205128458763631,1.2061753428463577,1.2613454625083969,0.8300709481001222,1.0714643739991312
2005-12-16,1.1955330556757493,1.193589215997574,1.2459559341123758,0.8243414199928045,1.0602839211693775
2005-12-19,1.1736438795529216,1.1649499765504583,1.2110006516124712,0.81125691983042,1.0348432379818056
2005-12-20,1.1746041226323483,1.1661351977332735,1.2124050575241714,0.8118513998211286,1.0358960884485535
2005-12-21,1.1805132609939086,1.1737291001045382,1.2215830614935044,0.8154202303335818,1.0426418703936866
2005-12-22,1.1893959416398572,1.1851900522286003,1.2354659423538097,0.8207729441291154,1.0528228129621722
2005-12-23,1.189366722541519,1.185092999645091,1.2353141880069212,0.8207729441291154,1.0527365996381712
2005-12-27,1.1773878808236664,1.169352876579478,1.2160745089962095,0.8136356377529732,1.0387544027650635
2005-12-28,1.1757099946602616,1.1671212886988553,1.2133339484246242,0.812644660444077,1.0367720484368006
2005-12-29,1.1667746744559266,1.15549332861424,1.1991976356126937,0.8072915919997793,1.0264427500915465
2005-12-30,1.1565311731433914,1.1422029964252225,1.183072579273145,0.8011460608922523,1.0146367406721017
2006-01-03,1.1860670352178861,1.1800800304856434,1.228746791822572,0.8189886175350799,1.0482835009289662
2006-01-04,1.2002348350325989,1.1984058972855527,1.2509741441687638,0.8275135758626881,1.0645626543001667
2006-01-05,1.2061563971216545,1.2060562961158157,1.2602559085568685,0.8310819630641861,1.0713586229312013
2006-01-06,1.2312729262134259,1.238752101641133,1.3000796654343565,0.8461491271418909,1.100402817050533
2006-01-09,1.2368411627575493,1.2459118221226535,1.3087615435239979,0.8495197089952503,1.1067629084495483
2006-01-10,1.2378057887087026,1.2471143388038883,1.3101979065138285,0.8501148096212959,1.107831122777361
2006-01-11,1.2487282423402197,1.261403024533626,1.3276738046463574,0.8566568380470106,1.1205239852218505
2006-01-12,1.2417163698722329,1.2520982631374151,1.316209881036355,0.852493172895085,1.112258420514587
2006-01-13,1.2410210073530887,1.251118013560975,1.314969894642329,0.8520972075500434,1.1113876495234432
2006-01-17,1.231627999162584,1.2385710845239901,1.2994722211197007,0.8465461564332248,1.1002420167214162
2006-01-18,1.2153427504187302,1.2171444800580091,1.2732078892396494,0.8368317948132447,1.0812084297083597
2006-01-19,1.2255754052870613,1.2304471552410203,1.2894058483889035,0.8429774145829626,1.093025403601926
2006-01-20,1.1834471562791904,1.1752139843860265,1.2218422581978483,0.8177993029048988,1.0439609162658825
2006-01-23,1.1837057453370443,1.1754055002410597,1.2219928983857673,0.8179974629018015,1.0441310427876533
2006-01-24,1.1896136795956647,1.1829951119880782,1.231162897095521,0.8215662047520637,1.0508730133043325
2006-01-25,1.1836399220148892,1.17518373481805,1.2216427294286063,0.8179974629018015,1.0439340451027403
2006-01-26,1.193175905229576,1.1874704220742032,1.236508200472683,0.8237467626777139,1.0548485010709503
2006-01-27,1.2116379335948122,1.2113727864137434,1.2655097273941849,0.8348489535735419,1.0760813442028023
2006-01-30,1.2142103036907996,1.2145767157004663,1.2693285364014506,0.8364346768597197,1.0789274445711245
2006-01-31,1.207890482622727,1.206265822835286,1.2591581158767235,0.8326682183235098,1.07154474878483
2006-02-01,1.2128198630791645,1.2126221639635728,1.2668620630928675,0.8356422141964904,1.077191185771241
2006-02-02,1.1889628438581876,1.1814444072002455,1.2288238481645044,0.8213677787685879,1.0494954980495175
2006-02-03,1.1721001883008069,1.159525416149145,1.2021901136334594,0.81125691983042,1.0300245163514183
2006-02-06,1.1684040928885415,1.1546118487194499,1.1961647651414709,0.8090756526072417,1.0256597177494695
2006-02-07,1.1624468313466858,1.1468711772641056,1.1867737711453636,0.8055071767435525,1.0187835585372762
2006-02-08,1.177880001251321,1.166669943837104,1.2106410099106053,0.814825129707536,1.0363711117548973
2006-02-09,1.164995441149632,1.1499610986071092,1.1903769429965947,0.8070933433406852,1.0215283838706106
2006-02-10,1.173192107738953,1.1604522317555397,1.203011507413041,0.8120499144667952,1.0308478211133736
2006-02-13,1.1576371715441376,1.140237009691209,1.178478962519673,0.8027315181918566,1.0128903239858844
2006-02-14,1.1710873714202275,1.157455179535069,1.19920552671845,0.8108603338500411,1.0281854928703906
2006-02-15,1.1796165354460466,1.1683880049922442,1.2123850148825,0.816014444337717,1.037897292281636
2006-02-16,1.1921101519318402,1.1844656655334138,1.2318126754641305,0.8235486913430019,1.0521793289600372
2006-02-17,1.1811867973175407,1.170245092691733,1.2145223266601268,0.8170058649575682,1.0395469722566044
2006-02-21,1.1715952677057258,1.160332826651499,1.203931390890137,0.8078866039636337,1.0218636427197574
2006-02-22,1.1819011348999957,1.1705396244614965,1.2145217008440374,0.8179974629018015,1.0409557142996826
2006-02-23,1.1797377963449454,1.1683970818874714,1.2122986539716747,0.8158164616651963,1.036699304294834
2006-02-24,1.1819880479201375,1.1706257019945094,1.214611012670493,0.8179974629018015,1.040763672426575
2006-02-27,1.191340517126996,1.1798882667471104,1.224221610776202,0.8271171672066912,1.0579499628604199
2006-02-28,1.178990276621401,1.1676567480045117,1.2115305026439156,0.814825129707536,1.0342710470279466
2006-03-01,1.1902778128603022,1.178835778161968,1.2231295757866696,0.825927497927746,1.0553169318981634
2006-03-02,1.1909204664708877,1.1794722540005815,1.223789966688357,0.8265219779184545,1.0563616817832269
2006-03-03,1.186164689979529,1.1747621943654423,1.2189029303850982,0.8217641874245843,1.0471456270060477
2006-03-06,1.1737090704789153,1.158272120913891,1.198714485105335,0.8146269697106331,1.0332846169171808
2006-03-07,1.1657939835760447,1.1480207032595091,1.1863010973305257,0.809869001892381,1.0241394152218242
2006-03-08,1.1664187020231633,1.148760486407004,1.1871575078281698,0.8102653218861867,1.0247993694176982
2006-03-09,1.1549006114219054,1.1339017368978626,1.1692074525553455,0.8033267074800934,1.0115440065222263
2006-03-10,1.1561805828434726,1.1354789898990265,1.171069912447441,0.8041197021164688,1.0129510603860483
2006-03-13,1.158180068920845,1.1370452572211058,1.172392506021408,0.806498774687786,1.0172335707402742
2006-03-14,1.171973154544249,1.150586642547439,1.1863548514750455,0.8201784641384069,1.0430236903235235
2006-03-15,1.178955975333991,1.1574420387626398,1.1934233609274763,0.8271171672066913,1.0561659402340018
2006-03-16,1.1720753560028316,1.1506869790036436,1.1864583070838595,0.8201784641384069,1.0427808654486945
2006-03-17,1.1742808468734722,1.1528522234259924,1.1886908623127255,0.8223406689905184,1.046810511470555
2006-03-20,1.176935770079401,1.155857846731265,1.1920838899443527,0.824324574176513,1.0503771197889957
2006-03-21,1.1625708736274019,1.1373927579724719,1.1698300651548736,0.8155952494986315,1.0335971093387846
2006-03-22,1.1657911846407527,1.1414393860608685,1.1746503954525411,0.817579066022435,1.0372744521611459
2006-03-23,1.1618558914171024,1.1363507665047174,1.1685055203080905,0.8151984861938708,1.0326502074339872
2006-03-24,1.1686535813902434,1.1449602189389911,1.1787989292662293,0.8193650771980997,1.0404739825430516
2006-03-27,1.1689048783455258,1.1451342056826224,1.1789249511778346,0.8195634145193845,1.0406320916869862
2006-03-28,1.1633409242842987,1.1379615879241736,1.1702745267260006,0.816190438786868,1.0341140292766537
2006-03-29,1.1886745287335188,1.1702222891049134,1.2089456879700649,0.8316650942944456,1.0634306986961912
2006-03-30,1.192881864253305,1.1755610728608992,1.2153442510703598,0.8342442774308677,1.0682822782573345
2006-03-31,1.1889352116844392,1.1704235836479344,1.2091111982202454,0.8318637862644945,1.063613623597316
2006-04-03,1.1904901659166014,1.1722695067243818,1.2112507067038358,0.8328557388574919,1.0652910923015118
2006-04-04,1.1979581416391292,1.181796665463778,1.2226987811913774,0.8374184725311445,1.0739488261091417
2006-04-05,1.2109813905758078,1.1984892731007557,1.242810644115268,0.8453545365860777,1.0891181076787402
2006-04-06,1.2148698088733199,1.2034427646935646,1.2487659323181757,0.8477348504280688,1.0936195558861195
2006-04-07,1.2014316867364334,1.186013239602392,1.2276279299081116,0.8396008923628059,1.077780606125706
2006-04-10,1.1993959930623657,1.1832382209431143,1.2241896075425422,0.8384105137863328,1.075258828802538
2006-04-11,1.1882661452050969,1.1688512106971558,1.2067867992075147,0.8316650942944458,1.0621847415112153
2006-04-12,1.1885602051751765,1.169163815062655,1.2071267684356632,0.8318637862644946,1.0624688183758533
2006-04-13,1.1940683801892826,1.1761664884786849,1.215525271975089,0.8352357867129101,1.0688324451439315
2006-04-17,1.1796188262259724,1.1574050529569329,1.192793114697055,0.8265067280216016,1.051783131803044
2006-04-18,1.2056366523907087,1.1906380926812723,1.2327142315037023,0.84237814683394,1.081983406556727
2006-04-19,1.2118081947920922,1.1985217068683598,1.2421993490580199,0.8461477972090262,1.0891475816209693
2006-04-20,1.206874631103653,1.192090660879693,1.2343852806766262,0.8431723827409894,1.0833034169757152
2006-04-21,1.1905121377303913,1.1709433381028955,1.208800420932288,0.8332520588512977,1.0640859465468406
2006-04-24,1.1891321669249504,1.169019534695265,1.206396683540262,0.8324589755527313,1.062337704677772
2006-04-25,1.1861657564683972,1.1651503719001446,1.2017013879381055,0.8306731417014486,1.0588216321051573
2006-04-26,1.1858067719402323,1.164625250070317,1.201032715253891,0.8304744497313997,1.0583444315941148
2006-04-27,1.198805466892241,1.1812120657969898,1.2209521513527395,0.8384105137863329,1.0734175755613626
2006-04-28,1.1853970739471733,1.1639135157402194,1.2000541646917404,0.830276289734497,1.0576976483778076
2006-05-01,1.171965262579093,1.1465580784865321,1.179090932285374,0.822142331669234,1.0419260253821598
2006-05-02,1.1755102455722515,1.1510173620869375,1.1844047995489402,0.8243245741765134,1.045978365795613
2006-05-03,1.1735256570894506,1.1484179510391468,1.1812476970056578,0.8231342842622312,1.0436161705678455
2006-05-04,1.18455256117701,1.1624287670907374,1.1980246671016779,0.8298797037541183,1.056348394216092
2006-05-05,1.195266521049086,1.1760771157661414,1.2143984391767992,0.8364266972625295,1.0687512283639835
2006-05-08,1.1964924351591026,1.1774941687294989,1.2160171580427883,0.8372203125342419,1.070038964580378
2006-05-09,1.1912416353622595,1.1706872612794423,1.207778184694839,0.8340457627852013,1.063853238660638
2006-05-10,1.1791519135402897,1.1551237773562826,1.18900800691346,0.8267055086538417,1.0497100397687318
2006-05-11,1.1488547240376206,1.1163460167373265,1.1424035814816267,0.8082546407185084,1.0144710416289577
2006-05-12,1.1309869333484983,1.0936367869901724,1.115255814615703,0.7973432508577295,0.9938341999949294
2006-05-15,1.130014959083884,1.0923141387010968,1.1136282062427036,0.7967479729073019,0.9925043764943248
2006-05-16,1.1241488253519831,1.0866437174705128,1.1078471394232585,0.7907962573493184,0.9812914897147905
2006-05-17,1.1135308238795583,1.0763799656149784,1.0973831134043417,0.7800830274854422,0.961259751339672
2006-05-18,1.1082200640603903,1.0712463892927448,1.0921493668210216,0.7747259692425492,0.9512689055546473
2006-05-19,1.1142220219564458,1.0770481031701127,1.0980642881696268,0.7806782167736789,0.9621439365079254
2006-05-22,1.1068155264221669,1.0698887114069466,1.0907651968876224,0.7731390046856974,0.9479970446955047
2006-05-23,1.0993023791478416,1.06262622613813,1.0833610004607652,0.765599881259907,0.9340429126998684
2006-05-24,1.1045292438996268,1.0676787063938622,1.0885120685692111,0.7707588681680881,0.9433975825176396
2006-05-25,1.1147200812219187,1.077529545626439,1.0985551248987802,0.7808763767705815,0.9618859149004624
2006-05-26,1.1173393849604598,1.0800614612299995,1.1011364451729126,0.7834553825826217,0.9665620668032451
2006-05-30,1.100673121687054,1.0639512364347323,1.0847118653700236,0.7665920998394772,0.9350835804310159
2006-05-31,1.1043038321724759,1.067460815104356,1.0882899256184868,0.7701630582445146,0.94153068155875
2006-06-01,1.122666093164137,1.0852104538489367,1.106385908867489,0.788416032169518,0.9749151558676912
2006-06-02,1.1207300330483116,1.0833389867317174,1.104477924254867,0.7864313290238044,0.971143968423987
2006-06-05,1.1038368074623526,1.0670093717939027,1.0878296734014476,0.769369442972802,0.9393279345816455
2006-06-06,1.1032814016730936,1.0664724960725265,1.0872823217510494,0.7687746083333294,0.9381512717075338
2006-06-07,1.0975433238167482,1.0609258583744423,1.0816274538229085,0.7630209641100577,0.9275322021326481
2006-06-08,1.096386833476704,1.0598079521559922,1.0804877341647152,0.7618309401823485,0.9252761170568029
2006-06-09,1.0914317022173023,1.0550181395165628,1.0756044590436686,0.7568707339064071,0.9161534225717746
2006-06-12,1.076537951348898,1.0406212905889707,1.0609266878066814,0.7419914450114482,0.8889345228344538
2006-06-13,1.073556699770647,1.0377395028535334,1.0579886684284798,0.7390154099080743,0.8835033847083104
2006-06-14,1.0812641152259623,1.0451897749114447,1.0655843158836504,0.7465545333338647,0.8969406938707917
2006-06-15,1.1018211103690814,1.0650609246369696,1.0858432066557966,0.7667905258229527,0.9333260311427963
2006-06-16,1.096191560267342,1.059619193869404,1.0802952926823073,0.7611519651236093,0.9229444260060494
2006-06-19,1.090113388736167,1.053743809081281,1.0743052628998826,0.7549981884323185,0.9115481706979762
2006-06-20,1.0911585956756986,1.0547541446602404,1.075335312918129,0.7559907616606528,0.9132602719524164
2006-06-21,1.1032350544715197,1.066427695158024,1.087236646646894,0.7679020837116197,0.9347586839905891
2006-06-22,1.0934941620785334,1.0570117892897948,1.0776370104335833,0.7581741567764153,0.9169087909771408
2006-06-23,1.092735196159303,1.0562781448387162,1.0768890505517803,0.757380364180321,0.9153824162974747
2006-06-26,1.0948680825427417,1.058339871485912,1.0789910071836057,0.7593658652857537,0.9187767405882782
2006-06-27,1.0804846376251978,1.0444363031124464,1.0648161417675752,0.7450718355136383,0.892747182300337
2006-06-28,1.0861697868515683,1.0499317780445876,1.0704188486028172,0.7506306889032656,0.9026536035274589
2006-06-29,1.1093377380124583,1.0723267741588804,1.0932508329816233,0.7734615577365841,0.9437502961885599
2006-06-30,1.1055932584650994,1.0687072221177525,1.0895606534772577,0.7696888041848127,0.9367559910500195
2006-07-03,1.110314569573804,1.073271015575341,1.0942134991576042,0.7742549956839145,0.9448806541257354
2006-07-05,1.0934621131870543,1.0569808096492055,1.0776054262945916,0.7573803641803211,0.9138395859881241
2006-07-06,1.0927022712246628,1.0562463183824955,1.076856603073444,0.7565862169354627,0.912315756663048
2006-07-07,1.084315075769185,1.048138945903555,1.0685910333520816,0.7482478038577354,0.8971472285663018
2006-07-10,1.0777971090292042,1.04183843884528,1.0621675859891555,0.7416968648818244,0.8851633589847668
2006-07-11,1.0834940656866967,1.0473453272758468,1.0677819290317194,0.7472556739403561,0.8950301022419743
2006-07-12,1.069230286109901,1.0335574318344614,1.0537249936463453,0.7331601588139076,0.869620228019758
2006-07-13,1.0567070021805152,1.0214519636819632,1.041383314355784,0.7208515858161295,0.8476381018843668
2006-07-14,1.0492107233986339,1.0142057841201173,1.0339957418053025,0.7135056573045454,0.8346004016323807
2006-07-17,1.0511748841741317,1.0161044143714353,1.0359314195798368,0.7152925994332159,0.8375456576295588
2006-07-18,1.053667724758831,1.01851408602605,1.038388110587749,0.7176749081745046,0.8416491489202468
2006-07-19,1.0632991739013038,1.0278242000116495,1.0478798906264357,0.7270057171561843,0.8579823379293374
2006-07-20,1.052365696339245,1.0172554973319166,1.0371049633499847,0.7162852169926456,0.8389224176124216
2006-07-21,1.0446491281285046,1.0097963778830232,1.0295002958667836,0.7087414388018272,0.8255891083141808
2006-07-24,1.0593162765742152,1.02397418455088,1.043954750724208,0.7228365106173206,0.8500292412342143
2006-07-25,1.0636357375756296,1.0281495348730014,1.048211573670021,0.7270057171561842,0.8573015647526265
2006-07-26,1.06306805070061,1.027600787801156,1.0476521190262984,0.7264099958948016,0.8561655399260655
2006-07-27,1.058229212376988,1.022923388202777,1.0428834504353957,0.7216452454189374,0.8476597371884131
2006-07-28,1.0737589634550389,1.0379350183911207,1.058187999014528,0.7367335554291977,0.8741634942565237
2006-07-31,1.073683998369869,1.037862554374798,1.0581141210249867,0.7365350407835309,0.8736112656743457
2006-08-01,1.0611670911077258,1.0257632501440523,1.0457787259313258,0.7242266007790393,0.8516284983478966
2006-08-02,1.0695576555287425,1.0338738791893431,1.054047615763648,0.7323659672379539,0.8659036031102537
2006-08-03,1.0742682696499053,1.0384273325442286,1.0586899195773118,0.7369321587370558,0.873918652340858
2006-08-04,1.0708672392726326,1.0351397711386179,1.0553382087632448,0.7335574540918146,0.8678320193690443
2006-08-07,1.0661262053606693,1.0305569128919472,1.0506659262870943,0.7287925706226638,0.8591777472543506
2006-08-08,1.0614931699064956,1.02607844993797,1.0461000761443024,0.7242266007790393,0.8510209461069267
2006-08-09,1.0625530642597594,1.027102982912771,1.0471446005888185,0.7252186863653232,0.8526883081557621
2006-08-10,1.0678895479349253,1.032261424863006,1.0524036979972604,0.7303810867678583,0.8617117415843916
2006-08-11,1.06264827240696,1.0271950146194937,1.0472384280884763,0.7252186863653233,0.8524934328346061
2006-08-14,1.0676625642916644,1.0320420141014095,1.0521800059253466,0.7299837914899515,0.8607008458688977
2006-08-15,1.0866073259216924,1.050354719447875,1.0708500427617151,0.7484464958277846,0.8932715268720571
2006-08-16,1.1046069511759777,1.0677538211133228,1.088588648984434,0.7661156292250005,0.9248184361795502
2006-08-17,1.1074560351874898,1.0705078508039076,1.0913964174052586,0.7688950115887185,0.9297625511576036
2006-08-18,1.1087012547661494,1.0717115259770753,1.0926235796075052,0.7700863654492928,0.9318343358701783
2006-08-21,1.1014302847948216,1.0646831382217563,1.0854580485835807,0.7627404369377087,0.9182882856484275
2006-08-22,1.1016752676531947,1.0649199476885594,1.0856994788575227,0.7629393948943305,0.9185594965844615
2006-08-23,1.0958996054697072,1.0593369795936067,1.0800075716260686,0.7571820268590364,0.9080738578699743
2006-08-24,1.0981556986974743,1.0615178025208674,1.082230948435515,0.759365865285754,0.9119154223295977
2006-08-25,1.0996061383642284,1.0629198510004845,1.0836603547556403,0.7607554678054221,0.9143310877080933
2006-08-28,1.1055625730483531,1.0686775604621308,1.0895304130407637,0.7665127471785251,0.9245014157670718
2006-08-29,1.1080115521428837,1.0710448339825698,1.091943878609732,0.7688950115887185,0.9287230168342373
2006-08-30,1.111660380980517,1.074571926519715,1.095539794469673,0.7724688958460593,0.9351096404116988
2006-08-31,1.1109035997704702,1.0738403938891135,1.0947939876158008,0.7716742166280547,0.9335776778432889
2006-09-01,1.1151485043704643,1.0779436752436982,1.0989773353293526,0.7758433788358229,0.9410549282964423
2006-09-05,1.1270198727266525,1.0924921097614266,1.116047576654285,0.7833874673443099,0.9545086918848221
2006-09-06,1.1010400080209324,1.0595808792397645,1.0767882371036404,0.7677036577281444,0.9257541999183662
2006-09-07,1.0951158560470184,1.0520839557524513,1.0678659890502478,0.7641306600927139,0.9192041492890772
2006-09-08,1.1026095370321036,1.0614141943678888,1.0788811766913573,0.7686961422942877,0.9273559645527494
2006-09-11,1.1103966705691342,1.0710479925489165,1.0902254990885227,0.7734615577365846,0.9357729993464041
2006-09-12,1.1339636990107018,1.10063732585475,1.1253305153165818,0.787755144197745,0.9616251547763072
2006-09-13,1.1428048631806502,1.1117677170336724,1.1385722290278657,0.7931151282929413,0.9713497605921604
2006-09-14,1.1440884590618488,1.1133329565978105,1.140406731512482,0.7939091868756089,0.9727173080147026
2006-09-15,1.148764002858587,1.1192038715246828,1.1473869745687524,0.7967499234755046,0.9778467174419613
2006-09-18,1.1490164950562758,1.1193731913868243,1.1475044110226473,0.7969484381211714,0.9779946519475552
2006-09-19,1.1400914507331277,1.1079680939542165,1.133828102111951,0.7915850848627167,0.9680300356963727
2006-09-20,1.1591423928004063,1.1320536707221116,1.1625483036758497,0.8031065592598217,0.9890735674240623
2006-09-21,1.1508672291762012,1.1214477440302264,1.1498051484960503,0.7981405899414648,0.9798071854315109
2006-09-22,1.1406237850234746,1.1083643559088558,1.1341193359233086,0.7919827347893876,0.9683762491624354
2006-09-25,1.1635776010295547,1.1373082024413073,1.1685882424008311,0.805887360218596,0.9936644437818348
2006-09-26,1.1701415632091132,1.1456120928307585,1.1785062686599983,0.8098601356732814,1.0009195401641062
2006-09-27,1.1684590274982736,1.1433985536666034,1.175813076237513,0.808867207796183,0.9989855743687149
2006-09-28,1.1720565360758144,1.1479255999329407,1.1812079139754885,0.8110523761557656,1.0029408477946506
2006-09-29,1.1660805806654913,1.1402262023620127,1.1719281314140355,0.8074761866814588,0.9962138958669772
2006-10-02,1.1491796715042766,1.1185171489649317,1.1458105169089328,0.7973458220612692,0.9772467289877304
2006-10-03,1.1547444433562202,1.1255182582641556,1.1541420979459458,0.8007226989301901,0.9833635875162594
2006-10-04,1.1873257953224199,1.166875882030495,1.2035837031890073,0.8203879728957598,1.0194976803924944
2006-10-05,1.1939048364545946,1.1752428367326924,1.2136146079411072,0.8243609256748274,1.0268078759687334
2006-10-06,1.1908936111288173,1.1713093721145764,1.2088377468785372,0.8225731412553425,1.023371213924526
2006-10-09,1.1954442051293803,1.1769885810018794,1.2155860640101672,0.8253541195384988,1.0283331300770775
2006-10-10,1.197726550640726,1.179851899609203,1.2189978636438066,0.826744697342268,1.0308348071820248
2006-10-11,1.195044679352249,1.1763378709552872,1.2147235876490854,0.82515542756845,1.0277646057007277
2006-10-12,1.2168460805821157,1.204261079656506,1.2483251016231944,0.8382659057527998,1.052161070601923
2006-10-13,1.2244383643962162,1.2139917535031397,1.2600532708487562,0.842834757117632,1.0606627455170274
2006-10-16,1.2256822079443164,1.21543231719622,1.2617022062399945,0.8436292590112545,1.0619213638209701
2006-10-17,1.210048513750135,1.1951402470166848,1.237086622891908,0.8342933076224964,1.0441922130201164
2006-10-18,1.2033872416077234,1.1864890373021315,1.226599828348616,0.83032044350562,1.036633664272645
2006-10-19,1.2066630520403385,1.1906326028982446,1.2315582192382144,0.8323066539085807,1.0402538912212391
2006-10-20,1.2099406446515166,1.1947815506312875,1.2365257398530602,0.8342933076224965,1.0438788205346692
2006-10-23,1.224102955165,1.2128562103569476,1.258255247188647,0.8428347571176322,1.0596706232002011
2006-10-24,1.2144460655206457,1.200304936917394,1.2430236098805434,0.8370741085812708,1.0487045947179514
2006-10-25,1.2240223527767877,1.212580026470314,1.257814373758162,0.8428347571176322,1.0594293217592163
2006-10-26,1.2369253254319867,1.2291817639595028,1.2778653279603007,0.8505817047191454,1.0739342345107432
2006-10-27,1.2166260705310128,1.2027984604448765,1.2458248392053148,0.838464775047231,1.0508831824250255
2006-10-30,1.225492093086938,1.2140645220754425,1.259344098314518,0.8438278623191126,1.0607263233077855
2006-10-31,1.2287750966030673,1.2182361225198133,1.2643523488123871,0.8458146046952193,1.0643710442605914
2006-11-01,1.2094913999420347,1.1932283626753102,1.2340319218163438,0.8342933076224964,1.042521802583817
2006-11-02,1.210781015912967,1.1948184651870115,1.2359111817531228,0.8350876321917369,1.0439110727257663
2006-11-03,1.2071031842526005,1.1900148681261973,1.230074778597771,0.8329027298187273,1.039714177292022
2006-11-06,1.2272154105622761,1.2157118706867598,1.2609704583358237,0.8450195708284506,1.0621656092797547
2006-11-07,1.2368015538214652,1.2280275388908333,1.2758334310693784,0.850780396689194,1.0729257898267106
2006-11-08,1.243407315272403,1.2365109701566381,1.2860752938676923,0.8547529948194975,1.0803377507991212
2006-11-09,1.2367257880429698,1.2277721211664727,1.275430206120044,0.850780396689194,1.072702631750066
2006-11-10,1.2433311690442523,1.23625386809589,1.285668956862753,0.8547529948194975,1.0801131211203412
2006-11-13,1.257866806582831,1.2549339517684193,1.3082358237129326,0.8634932249468731,1.096433881765888
2006-11-14,1.273138231690236,1.2747335829476176,1.3322747469397431,0.8726308390143461,1.1137327893623792
2006-11-15,1.2791007946659476,1.2824463056642699,1.341636586268576,0.8762064078533159,1.120471383449571
2006-11-16,1.2854005215386393,1.290610053237622,1.3515577075972631,0.8799808459867166,1.1276040372669243
2006-11-17,1.2853636314753687,1.2904865879941074,1.3513637639644744,0.8799808459867166,1.127496165871765
2006-11-20,1.28827836720944,1.2941251389372537,1.3557066701805693,0.8817681870952463,1.130675162287453
2006-11-21,1.2902440406152753,1.2966254937998642,1.3587194190732135,0.8829600729289665,1.1328597185216205
2006-11-22,1.2995536442727118,1.308753267877791,1.373502892620384,0.8885219408330881,1.143455736256819
2006-11-24,1.2968187289235822,1.3050326747180587,1.3688738507847147,0.8869332030324162,1.1402050596814914
2006-11-27,1.2629950874112716,1.2604556233273134,1.3142198808445094,0.8668699244914118,1.1012581577946168
2006-11-28,1.2672855217237873,1.2659675937263388,1.3208831300059207,0.8694521221423283,1.1060739579347483
2006-11-29,1.277238861046568,1.2788633934721543,1.336538970258189,0.8754117286353115,1.1173409985258926
2006-11-30,1.276202939206219,1.2774365628026256,1.334756961221762,0.8748160073739288,1.1160943787437045
2006-12-01,1.2635028254118101,1.2607813571057402,1.3144117446713075,0.8672674857558915,1.1015427509005722
2006-12-04,1.2833853213964,1.286486519383289,1.345578191282062,0.879185634795566,1.1240013120206047
2006-12-05,1.288684647551776,1.2933414456108898,1.3539005958479886,0.882364085681011,1.1299904506221667
2006-12-06,1.2833097045761979,1.2862309297392007,1.3451739196486687,0.879185634795566,1.123778003737956
2006-12-07,1.2646013320389848,1.2616993333657016,1.315199890902624,0.8680620763117051,1.102344785360362
2006-12-08,1.271221620762269,1.2702423610167912,1.3255481065225607,0.8720350290907728,1.1098088156038008
2006-12-11,1.2764646387438119,1.276903514511771,1.3335593514283148,0.8752132139896446,1.1156286552640853
2006-12-12,1.267766972661505,1.265481898975616,1.3196011855889749,0.8700489073500028,1.105649607170999
2006-12-13,1.2703934661551737,1.26882920371215,1.3236320502140784,0.8716376451506748,1.1085741422196838
2006-12-14,1.2866715557546318,1.2899627778350784,1.3493113544996453,0.8813708918173397,1.1270385137338472
2006-12-15,1.2904424431178294,1.2948205368468555,1.3551974569938414,0.8836385160145599,1.131282730381632
2006-12-18,1.2756598557822398,1.2752981620390667,1.3312588265289866,0.8748876464242634,1.1142260612544408
2006-12-19,1.2709545891494254,1.2690895027946272,1.323655760765032,0.8721030329912759,1.1088015651314778
2006-12-20,1.2655856564544792,1.262024034023371,1.3150167177586658,0.8689209469559995,1.1026284758302858
2006-12-21,1.2552232823228004,1.24847354663766,1.2985026927638739,0.8627557328420687,1.0907894356455825
2006-12-22,1.2402131595580728,1.2289286488363156,1.2747456995439683,0.8538057279707684,1.0737130882132355
2006-12-26,1.2460861216852055,1.2363030598664002,1.2835470838220384,0.8573859072436706,1.0801560998952917
2006-12-27,1.2533633969074642,1.2456496276721505,1.294827739384429,0.8617611203833414,1.0883221819476625
2006-12-28,1.2463423847324209,1.236476404726959,1.2836622898315035,0.8575846878759106,1.0803075510358706
2006-12-29,1.2476365493090955,1.2380796722094252,1.2855635506984646,0.858380253715825,1.0817083233927205
2007-01-03,1.2501618749296488,1.241078337665694,1.2890426375201978,0.8599712967334633,1.0843282528333902
2007-01-04,1.2773906914365867,1.276264306469598,1.331638564085918,0.8762799088096618,1.1150701801714729
2007-01-05,1.270352074331524,1.267017634679349,1.320340461940506,0.8721030329912759,1.1069913771156537
2007-01-08,1.271265435246654,1.26803111536379,1.3214729035857913,0.8726998181989507,1.1078768536456103
2007-01-09,1.2785582020636532,1.2774453809781399,1.3328769711690165,0.8770749426764304,1.1161020831702169
2007-01-10,1.2958586761619695,1.2999171391665094,1.3601891147451743,0.8874167666221741,1.1357356240636305
2007-01-11,1.3111849245096394,1.319894605083614,1.3845333208177144,0.8965655521257144,1.1531899055996986
2007-01-12,1.3188401795491556,1.3298690846209769,1.396695892546282,0.9011397232220072,1.1619045931753547
2007-01-16,1.3177202411068432,1.3281575996627635,1.39446166438334,0.9005435586496695,1.1604092713748142
2007-01-17,1.3052996397401613,1.3117507840915952,1.374320132424717,0.8931849514447713,1.1460746616060982
2007-01-18,1.2775189324355656,1.27525924368276,1.3296719184531045,0.8766772040875688,1.1141920583458278
2007-01-19,1.2804824426870842,1.2790430385085538,1.334231981385871,0.878467648372784,1.1174979541205055
2007-01-22,1.2643912927424967,1.2578993445614197,1.3083978069053919,0.868920946956,1.099024740931351
2007-01-23,1.2606938994357089,1.2530275718854653,1.3024438343424254,0.8667332960550691,1.0947682805665242
2007-01-24,1.2846107914240688,1.2839604019386712,1.3399135806835287,0.8810533038491498,1.1217942470577866
2007-01-25,1.265564433488984,1.2590545776896378,1.309547483804016,0.8697163354715326,1.100034066355475
2007-01-26,1.2602037946372973,1.2520245910683334,1.3009748713329476,0.8665347814094023,1.093891977754639
2007-01-29,1.2614465335575034,1.2534598317563896,1.302615089189707,0.8673298152761709,1.0951459453572019
2007-01-30,1.2620757716105713,1.254201893199137,1.3034729567878107,0.8677278198516056,1.0957942833091983
2007-01-31,1.276676068594306,1.2730536157133787,1.3262889147104797,0.87647851211752,1.1122650045492575
2007-02-01,1.274306895273717,1.2698975723116706,1.3224103392456477,0.8750861610699308,1.109507574237423
2007-02-02,1.2795985958307239,1.2767014060287523,1.3306339036158872,0.8782680697808251,1.115452073390384
2007-02-05,1.2781778192095974,1.2746737594005206,1.3280664167514897,0.8774727699274835,1.1136805216204215
2007-02-06,1.2761425817139291,1.2719514964363605,1.3247146852740987,0.8762799088096621,1.1113020846160075
2007-02-07,1.2894286093973468,1.2891494611407768,1.3455686687241146,0.8842350352356619,1.1263279201771252
2007-02-08,1.2890576021887823,1.2885898589035258,1.344843909488553,0.88403607727904,1.1258389965549942
2007-02-09,1.2700107869451438,1.2636794498827761,1.3144697488340162,0.8726998181989508,1.104074810144619
2007-02-12,1.2642641590427977,1.2560436295491328,1.3051020812710574,0.8693185968826705,1.097403405552301
2007-02-13,1.2692175426944414,1.2623886161728202,1.3127516199329377,0.8723022569344709,1.1029470106988177
2007-02-14,1.293806272573667,1.2942141489917813,1.351320469078955,0.8870192053576943,1.1307529302364865
2007-02-15,1.3024426208875066,1.305406368725322,1.364910684147447,0.8921902503238527,1.1405315555663136
2007-02-16,1.2973962862912813,1.2987323194929996,1.3567253374168706,0.8892068562586252,1.1347004489199597
2007-02-20,1.3086259948338665,1.3131586507226665,1.374172486187825,0.8959688555802306,1.1473047125367775
2007-02-21,1.3132653200671622,1.3191534997121834,1.3814470836740618,0.8987535576754092,1.1525424029657552
2007-02-22,1.3209135005957011,1.3290962528113504,1.3935500837393844,0.903327728771702,1.1612293712006947
2007-02-23,1.3155237545354308,1.3219442026756316,1.3847563709944608,0.9001454654120434,1.1549806358932786
2007-02-26,1.3080789398656536,1.311999620181941,1.3724960694420503,0.895770252272373,1.146292069319131
2007-02-27,1.2462531989785648,1.2310387745698366,1.2736424153289592,0.8589769502613089,1.0755567018518324
2007-02-28,1.2508625378277078,1.2369053852757168,1.2806827728613335,0.8617611203833414,1.0806823506877679
2007-03-01,1.2441880682448527,1.2282242275137103,1.2701552086160155,0.8577842664678694,1.0730976363768625
2007-03-02,1.2225876841221102,1.200339547758164,1.2364718101960257,0.8448561664104229,1.0487348341568024
2007-03-05,1.2155353388499066,1.1929954192567653,1.2285974929801544,0.8382931250454394,1.036274945906332
2007-03-06,1.2297145320857297,1.2069116848217785,1.2429290559592252,0.8522148622775123,1.061989909667471
2007-03-07,1.226348310449669,1.2036078837197692,1.2395266608739512,0.848833818285614,1.0555682305726894
2007-03-08,1.232230094131513,1.209380600287712,1.2454716502583012,0.8546016484594471,1.06622613778659
2007-03-09,1.2314756958793254,1.2086401909961102,1.2447091452354335,0.8538057279707685,1.0646345477747716
2007-03-12,1.2372448750571243,1.2143023911082829,1.250540320066684,0.8593745115257886,1.0748074822508786
2007-03-13,1.2204575927376855,1.197826398787229,1.23357264145429,0.8426684268473011,1.0433637080740807
2007-03-14,1.2330066513322637,1.210142757629977,1.2462565523500009,0.8549988550751628,1.0661649865162848
2007-03-15,1.231047628779471,1.2082200616317562,1.2442764781225166,0.8530102507930448,1.0623440692746116
2007-03-16,1.2304325429397251,1.2076163814541312,1.243654782564579,0.8523536186064398,1.0610166128082106
2007-03-19,1.2394257757836264,1.2164428509480045,1.252744656772809,0.8611098965903878,1.0771266757534226
2007-03-20,1.2456902055415493,1.2225911181078297,1.2590764041515539,0.867279011840723,1.0885991613108552
2007-03-21,1.2625468589932163,1.2391351951980645,1.2761141993590124,0.8839959133065134,1.1199698275080283
2007-03-22,1.2594131664401003,1.2360596113448103,1.2729468321163853,0.8808116107164619,1.113811571276515
2007-03-23,1.2566742653388427,1.2333714982450388,1.2701784987582538,0.8780254013640361,1.1084204475840458
2007-03-26,1.2619195987809184,1.2396529271472652,1.2774810840337032,0.8816078858539044,1.1149522505300633
2007-03-27,1.2517281381215677,1.226522338129625,1.2616540043468518,0.8754385046169961,1.103142509710354
2007-03-28,1.2363120828509766,1.2067482689722815,1.2378834234103946,0.8660848207900366,1.0853575777940851
2007-03-29,1.237910708666989,1.2087136849445395,1.2401963115085444,0.867080142546292,1.0871252862498217
2007-03-30,1.2365685130965958,1.2069343828305343,1.23802711300693,0.8662841333954223,1.0855249698605014
2007-04-02,1.2384447229440583,1.209156663002542,1.2405931480105423,0.8674782357839177,1.0875237037196552
2007-04-03,1.2570324113414955,1.232758081562219,1.2688046657060255,0.8788214105149056,1.1087509796470953
2007-04-04,1.262890292978052,1.240179856149029,1.2776763505240187,0.88240442697792,1.1154261740481066
2007-04-05,1.270059710428405,1.2492913813035087,1.2885873971316242,0.8867822999833211,1.1236211415702875
2007-04-09,1.2663424857113212,1.2443008634333859,1.2824570178123258,0.884592698514188,1.1191326359500826
2007-04-10,1.2738425581206558,1.2538414781838718,1.2938885232643353,0.8891703274359299,1.12771352956518
2007-04-11,1.25839628332487,1.2339380900613932,1.2698853275737187,0.8798168209333525,1.1098122872945726
2007-04-12,1.2698175454051905,1.2484745802668822,1.2872984622375434,0.8867822999833211,1.1228865051780534
2007-04-13,1.272730582321555,1.2521383752655746,1.2916651826491925,0.8885731875794911,1.1261817472492945
2007-04-16,1.2860849043020066,1.2691038934374637,1.3119863160086684,0.8967326803557644,1.1414406493604572
2007-04-17,1.2893303116363564,1.273208097669401,1.3168949953496183,0.8987225259085564,1.1451319984831216
2007-04-18,1.2843686555073397,1.2667441190486959,1.3090534775415084,0.8957372699373177,1.1393182522702052
2007-04-19,1.288926611953658,1.2725349422082814,1.3159939142471935,0.8985234792897435,1.144526557895764
2007-04-20,1.297097735532621,1.2829844013178577,1.3285599577248393,0.9034987581381563,1.1539248722915965
2007-04-23,1.2993105615581717,1.2856644996341642,1.3316986925536587,0.9048918184832736,1.15633537089485
2007-04-24,1.3068320793978145,1.2952983976850652,1.3432988532852035,0.9094690927562515,1.1650001641430276
2007-04-25,1.3268548179169355,1.3211103778859168,1.3744866732794032,0.9216083653002999,1.1882156342035102
2007-04-26,1.3347256694464604,1.3312568537524958,1.3867595346086492,0.9263847748542818,1.1973414434156295
2007-04-27,1.3353474585929908,1.3319898436021762,1.3876070272381946,0.9267826907675257,1.1980006994578811
2007-04-30,1.3151450656972432,1.305527343783385,1.35534357561081,0.9146433295612862,1.1742001476409227
2007-05-01,1.313792053311671,1.3037014025846942,1.3530899266830545,0.9138473204104166,1.17255788374251
2007-05-02,1.3302069920160173,1.3248738005436758,1.3786847905448079,0.9237981440938151,1.191600482067033
2007-05-03,1.3357706348085905,1.33202653769983,1.387325792240921,0.9271804293563876,1.198033702378186
2007-05-04,1.3370530155750526,1.3336190213663248,1.38921775988357,0.9279769704804031,1.1994659929887335
2007-05-07,1.3369649689304355,1.3333262863272468,1.3887603510861042,0.9279769704804031,1.1992027051091332
2007-05-08,1.3402248919320916,1.3374911621371592,1.393778254799571,0.9299670820197681,1.2029486226605288
2007-05-09,1.3434862625536708,1.3416608515409154,1.398804476700245,0.9319574595457062,1.2066988695908756
2007-05-10,1.3223328579198825,1.314031218886978,1.3651537457326537,0.9192201605233089,1.1818485905859952
2007-05-11,1.3417207755684606,1.3390869324093841,1.3954805083364816,0.9309619604650685,1.2043838692665616
2007-05-14,1.331078286789643,1.3250547180886743,1.3783185990226916,0.9245937985959204,1.1917632005340648
2007-05-15,1.3191802569636217,1.309531307907717,1.359437530623604,0.9174294502515207,1.1778013401309366
2007-05-16,1.3339526162859077,1.328585904643436,1.3824737274332304,0.9263847748542815,1.194939173671428
2007-05-17,1.3266658509414664,1.3190453150629011,1.3708492081720036,0.9220066358623075,1.1863583026943554
2007-05-18,1.3391427296597243,1.3351519437676942,1.3903361103608687,0.929568988782142,1.200844713793458
2007-05-21,1.348946043075713,1.3477230146614123,1.4055071771479668,0.9355394120624283,1.2121512202176217
2007-05-22,1.350227562461463,1.34931638980859,1.4074020391867723,0.936335066564534,1.2135843126319417
2007-05-23,1.3429302046863076,1.3397278806914685,1.395690106419244,0.9319574595457061,1.2049603424986524
2007-05-24,1.3207969583187926,1.3108511754436714,1.3605499502116147,0.9186237299643982,1.1789884379446771
2007-05-25,1.3303020307030606,1.3230815439832557,1.375317519871452,0.9243945746527256,1.1899885143607447
2007-05-29,1.3420470359359793,1.3380920761824322,1.3933926167130473,0.9315590116593162,1.2034890888285026
2007-05-30,1.3545383663253054,1.3542617380758117,1.4129938811464158,0.9391211872547687,1.2180321924049378
2007-05-31,1.361763686231371,1.3636091113156303,1.424329222664881,0.9434995035711247,1.2264392832946946
2007-06-01,1.3627165552276124,1.3647774114377114,1.4257093140254764,0.9440962001166086,1.2274900603484031
2007-06-04,1.367254124594697,1.3705260070392509,1.4326130796038787,0.9468828527799891,1.23266038622185
2007-06-05,1.367216252524229,1.3703994647074758,1.4324146672439233,0.9468828527799891,1.2325465731903873
2007-06-06,1.3503258906254296,1.3482406280459178,1.4053489351413888,0.9367336917753057,1.21261676520632
2007-06-07,1.3262044754128088,1.3167510483058045,1.3670118947622822,0.9222055051567384,1.1842948236123285
2007-06-08,1.344928612599949,1.3409263718475788,1.3962513014435716,0.9335494778474454,1.2060382735731348
2007-06-11,1.341874166107067,1.3367794927111425,1.3911140633933468,0.9317579696159382,1.2023085423519246
2007-06-12,1.3326087642102626,1.324666006184111,1.376365031360981,0.9261856395732776,1.1914135904106906
2007-06-13,1.3493663751488834,1.346320880424835,1.4025737458097323,0.9363350665645341,1.2108901311753724
2007-06-14,1.359553770186573,1.359505063095556,1.4185559092849684,0.9425040931526782,1.2227480744901575
2007-06-15,1.3739560585236987,1.3782163963568275,1.4412919431381468,0.9512079717817404,1.2395771745335717
2007-06-18,1.3742016977773694,1.3783641976582164,1.4413728571931868,0.9514071957249354,1.2397101080264923
2007-06-19,1.3738336578831707,1.3778071482973404,1.4406499980506964,0.9512079717817404,1.2392090940531746
2007-06-20,1.3589101106285673,1.3582089057330344,1.41669873574058,0.9422456428658899,1.2215823017672147
2007-06-21,1.373076506225537,1.376602352170715,1.4390390686702075,0.9508094352331595,1.2381254922454474
2007-06-22,1.3581560592330728,1.3570147103063848,1.4151067109079487,0.9418477269526461,1.2205082343009444
2007-06-25,1.3514623094652176,1.348112676575968,1.4041745331429916,0.9378643120350396,1.2125016847864256
2007-06-26,1.3425128317598032,1.336392772170199,1.3898895799187756,0.9324863295150687,1.2019607232744967
2007-06-27,1.3662178794061675,1.3670969256880834,1.4271026112583807,0.9468261089777441,1.2295762471971203
2007-06-28,1.3655197137053705,1.3661094004288707,1.425856318322344,0.9464280157401184,1.2286880602811678
2007-06-29,1.3681255909436434,1.3694332786681978,1.4298600154622136,0.9480212753125317,1.2316775789135754
2007-07-02,1.3822483373992296,1.3876888877863662,1.4519933972023493,0.9565852450041834,1.2480967975717676
2007-07-03,1.3914762946391206,1.3996933581892004,1.4666021249598442,0.9621619194942032,1.2588936996715046
2007-07-05,1.4030031100849087,1.414682278414661,1.484847751428052,0.9691324522890594,1.272374836183521
2007-07-06,1.4095960489245454,1.4232727156871694,1.4953206619299308,0.97311622185543,1.2801011337304171
2007-07-09,1.4104970393659202,1.4242672878519211,1.4964292481728048,0.9737133617118686,1.2809956586810067
2007-07-10,1.396854261573536,1.4062172837826672,1.474257161847782,0.9655475739200338,1.264761362598309
2007-07-11,1.4077501031437705,1.4204441937817949,1.4916122088967012,0.9721203681260283,1.2775571419444836
2007-07-12,1.432586232292101,1.4530500147353174,1.5315115239883106,0.9870577307560976,1.3068830384566381
2007-07-13,1.4438477955482962,1.467865667767097,1.549681797299461,0.9938291282699498,1.320208337279486
2007-07-16,1.442087888883471,1.465333724817286,1.546448613500866,0.9928332745405483,1.317931090617711
2007-07-17,1.454689131449318,1.4819513218998903,1.5668606018920073,1.0004015678271803,1.332877070141422
2007-07-18,1.4526493935293638,1.4791561707035235,1.563363673434117,0.9992063128302017,1.3303630921975045
2007-07-19,1.4576033315184063,1.485650956671022,1.5713232223163456,1.0021939626805976,1.3362045467470758
2007-07-20,1.4485679993904317,1.4735538737393041,1.5563468111526642,0.9968165121337725,1.325324348310723
2007-07-23,1.4491365018966078,1.4741069070779982,1.556911849173919,0.9972150486823533,1.325821750246452
2007-07-24,1.4244656545588923,1.441288033303005,1.5164232019145834,0.98247699865767,1.2963042325816516
2007-07-25,1.4267489970924756,1.4442188121089274,1.5199730613211875,0.9838705909759334,1.2989401949174877
2007-07-26,1.4127593317658176,1.4256659051453493,1.4971453348222463,0.9755057565652857,1.2822535845607332
2007-07-27,1.3798820036180166,1.3823103672172197,1.4439816664672516,0.9557887038801675,1.2432593196924608
2007-07-30,1.3983088347610986,1.406203300027906,1.4729949277628067,0.9669420528602072,1.2647487855144326
2007-07-31,1.364485858250781,1.3617569278776267,1.4186317637378876,0.9466275943320771,1.224773416948257
2007-08-01,1.3766624010250483,1.3775305353921874,1.4377589316298367,0.9539963090267503,1.238960306530173
2007-08-02,1.3911662416203165,1.3963824954271504,1.4606699098652076,0.9627593253372149,1.2559158872476361
2007-08-03,1.3606793962533472,1.3563893520522734,1.4118181267172472,0.9444360422947419,1.2199457828457503
2007-08-06,1.3787401700374855,1.379691866519521,1.4400123359594157,0.9553906993047326,1.2409042224051647
2007-08-07,1.3899388750531116,1.3942303712658033,1.4576705738427065,0.962161919494203,1.2539802521802985
2007-08-08,1.4074356380837658,1.4170430650907333,1.4854508153971073,0.9727175079824669,1.2744981437318403
2007-08-09,1.3699486972241641,1.3677333030004997,1.4250996806897211,0.9502121180523387,1.230148609268089
2007-08-10,1.3557135601113621,1.3491218904017344,1.402433503143113,0.9416483256850693,1.2134093785462374
2007-08-13,1.3661790615292766,1.3625323684687614,1.4185983676612588,0.9480212753125317,1.225470853475292
2007-08-14,1.3394072331380564,1.327631289959592,1.376162482620949,0.931889100996439,1.1940805867501747
2007-08-15,1.3100744446534345,1.289638833968126,1.330178696166071,0.9141634897835508,1.159909914150442
2007-08-16,1.2952732135240002,1.2705717690396996,1.307199349966178,0.9052013381920825,1.1427608666328652
2007-08-17,1.3234271472771981,1.3065334531847934,1.3503300211738458,0.9223288342644305,1.1751050492604116
2007-08-20,1.327327689168777,1.3099269175185628,1.3534996559958252,0.926710697068427,1.183304071264714
2007-08-21,1.3371488069399942,1.3196192840936123,1.3635144244914341,0.9364696557704842,1.201906220846221
2007-08-22,1.3499274908363466,1.3322304442034234,1.3765450757759137,0.9492161756607462,1.22635220169448
2007-08-23,1.3473909660925008,1.329727172354257,1.3739585363732962,0.9466275943320773,1.2212382457249338
2007-08-24,1.3607300514894938,1.3428913873097534,1.3875606390367579,0.9599710767543961,1.2469567775320267
2007-08-27,1.3496451070387911,1.3281680407973746,1.3695549845681212,0.9535980384647426,1.2342828153122354
2007-08-28,1.3126549719190437,1.2806176220499665,1.3123111918647241,0.9308930699426553,1.1900936292167839
2007-08-29,1.355901185161822,1.3355856309286218,1.3779920897412714,0.957581364720158,1.2411760726025793
2007-08-30,1.363976654591994,1.345896230309235,1.3903664452992142,0.962560544704975,1.25075783879492
2007-08-31,1.3814682143859593,1.3683407675094024,1.4173784042290887,0.9733151798120518,1.2716158219061318
2007-09-04,1.407691997137059,1.4018952663323887,1.4579380700151587,0.9894470881415717,1.3027984283244902
2007-09-05,1.3913637811313135,1.380679085871596,1.4320727995883178,0.9794894374694656,1.2830819721646218
2007-09-06,1.3900267900770091,1.3788831977060985,1.429851137226323,0.978692807683259,1.2814130313131575
2007-09-07,1.3603892000915492,1.3405870156785218,1.3833352564863055,0.9605683939352169,1.2458239206609172
2007-09-10,1.3593406190565323,1.3390814640836246,1.3814447552042068,0.9599710767543961,1.2444247931378427
2007-09-11,1.3829829808410063,1.3693919633739233,1.4178874429900699,0.9745104348090303,1.2725927110882618
2007-09-12,1.3832733946523088,1.3696987294634921,1.418219277453863,0.9747092154412704,1.2728777925697043
2007-09-13,1.391040625247582,1.3796616014318546,1.4302153221666205,0.9794894374694656,1.2821364114221223
2007-09-14,1.3923078759823027,1.3812324130386167,1.4320761417964167,0.9802862445800543,1.2835961858729181
2007-09-17,1.3788906031665469,1.363710797138506,1.4107909155570075,0.9721203681260284,1.2673131337758172
2007-09-18,1.4188164769827483,1.4151471301626801,1.4728334037424362,0.996617376852769,1.3151135475670575
2007-09-19,1.4230206453216965,1.4205470742936468,1.4793504937606052,0.9992063128302019,1.3201317817360538
2007-09-20,1.4184210157538177,1.4144897475940152,1.471952164088272,0.996418418896147,1.3145026339005144
2007-09-21,1.4300008486939007,1.4294846366626925,1.4901184846803528,1.0035123694608863,1.3284375678294096
2007-09-24,1.4374343256923343,1.4390223695974413,1.5016295673925204,1.0080949634653247,1.3373010997747576
2007-09-25,1.4530853041047154,1.459389884995898,1.5263858467193507,1.0176603726044116,1.3562288811056726
2007-09-26,1.4612308579135156,1.469991042026464,1.5392817893935995,1.0226417691440037,1.3660806660781513
2007-09-27,1.4697098088154712,1.4810470600166015,1.5527484632004473,1.0278225669511731,1.3763551589072491
2007-09-28,1.4641049406271562,1.4736084659754327,1.543608909580253,1.0244354052680953,1.3694423824263557
2007-10-01,1.4833474043907018,1.498706426739609,1.5741868157636398,1.0361920117957533,1.3927662245299541
2007-10-02,1.4836396419434537,1.499017391817028,1.5745252224767157,1.0363915017255212,1.3930552081821959
2007-10-03,1.4717934105367751,1.4833315753634286,1.5552607005170798,1.0292176665266837,1.378478186978466
2007-10-04,1.475689704375684,1.4883803174947465,1.5613944828689679,1.0316087084937868,1.3831700448309463
2007-10-05,1.5100730877028312,1.533540001757502,1.6166229185038377,1.0525318329631868,1.4251374921104198
2007-10-08,1.5208385937425632,1.547627110034976,1.6338483662297656,1.0591076416836755,1.4382288142400281
2007-10-09,1.5283695173563792,1.5575457508329489,1.6460200928206148,1.06369076766126,1.4474463285244727
2007-10-10,1.532612720482395,1.5631078827017688,1.6528326355436715,1.0662815655447042,1.452615285743217
2007-10-11,1.5045764888875348,1.525731961250931,1.6066784728033707,1.0493433632501579,1.4178813845076979
2007-10-12,1.5331244021208363,1.563413628339903,1.652927623107144,1.066679747444521,1.4528994189066524
2007-10-15,1.519530251840542,1.5451442761628869,1.6302844417116826,1.0585100585162819,1.4359214863361318
2007-10-16,1.511267037942638,1.534104622845034,1.6166490113581982,1.0535281300035435,1.4256622013972697
2007-10-17,1.5335828635817812,1.5635756769163727,1.6528378294560038,1.067078195330911,1.4530500126320236
2007-10-18,1.5411221148291052,1.5735270742328593,1.6650673272268017,1.0716616759572595,1.4622979679500192
2007-10-19,1.4969256672618858,1.5145909142124538,1.5922640994899577,1.0449594612157684,1.4075278731433363
2007-10-22,1.5175234044707633,1.541603830595692,1.625297062936656,1.057513140840588,1.4326313069402228
2007-10-23,1.5539890474597153,1.5898460601877389,1.6845911165872678,1.0796327615776404,1.477463401320436
2007-10-24,1.540427766994127,1.5716724004713112,1.6620803573157947,1.0714623633518732,1.4605743969246878
2007-10-25,1.5166686529059923,1.5399762825909937,1.6229295862815132,1.057114604292007,1.431118806660447
2007-10-26,1.5455651915446011,1.5781705643754573,1.669845970727764,1.074650744402711,1.4666132201696398
2007-10-29,1.552730140195462,1.5875353862644666,1.681303170881157,1.0790347350992915,1.4753160637639824
2007-10-30,1.55631984003429,1.592244001006573,1.6870754613894066,1.081226819109773,1.4796918370709646
2007-10-31,1.5816798026791716,1.6260073435399556,1.728766571750582,1.0965699885880855,1.5110685245053617
2007-11-01,1.5475979278883363,1.5802282905234626,1.6719366368913229,1.0760459326404126,1.4685254902627953
2007-11-02,1.5614040377712104,1.5985422029082614,1.6945001257919925,1.0844147568496556,1.4855448331797656
2007-11-05,1.5497740966552278,1.5828424895000237,1.6749859482454377,1.077440411580586,1.4709548973660103
2007-11-06,1.5698441391880147,1.6095038618373612,1.707857855877225,1.089595643319016,1.4957316369786124
2007-11-07,1.5258983045244494,1.5506617928969213,1.6349711579678037,1.06309353914263,1.4410489821640906
2007-11-08,1.4725786448958575,1.479916125591824,1.547906841466537,1.0308115467344339,1.37530416770518
2007-11-09,1.4159129749779336,1.4055709750712644,1.457148681264377,0.9963386229242397,1.3062143094412833
2007-11-12,1.374485898245621,1.3575989790082446,1.3920309689956893,0.9710309757851133,1.2616333463868916
2007-11-13,1.4396544469915342,1.4321739746969901,1.4923577086977153,1.0110842978973498,1.330936802578581
2007-11-14,1.418413607142529,1.4076483225572864,1.4587358258593979,0.9981319930617581,1.3081448138839966
2007-11-15,1.4095899673231853,1.3974661744708605,1.4448163939479364,0.99275161666263,1.298682419051416
2007-11-16,1.4245256764140748,1.414596057714625,1.46800124425122,1.0019176912934167,1.3146014291966912
2007-11-19,1.4055599103631506,1.3956219521791298,1.438011336231321,0.9903606633577178,1.296968560704898
2007-11-20,1.4120341028930428,1.4020086879575773,1.4479825504816188,0.9943460288435265,1.3029038324289073
2007-11-21,1.3928038049527494,1.3830440558350003,1.4178674230547899,0.9825888016805314,1.285279767695681
2007-11-23,1.4099726263923753,1.3999805697040635,1.4442949989795315,0.9931504191977839,1.3010190773144639
2007-11-26,1.3819285134073307,1.3711840377387772,1.400349410560629,0.9760130816222337,1.2742581077281125
2007-11-27,1.4136967833826486,1.4036910716140334,1.4492330406449947,0.9955415498270781,1.3044672921509763
2007-11-28,1.4631298526542669,1.4543126479303365,1.5262430915704381,1.025830327519224,1.3515105425620606
2007-11-29,1.470290252636187,1.4616475885827374,1.5375002707146772,1.0302141408914225,1.3583269926801933
2007-11-30,1.4575038581633994,1.4485298380381368,1.5170394150023458,1.022442545200809,1.3461365065553859
2007-12-03,1.443391859781935,1.4348821012396182,1.4944508869845339,1.0138740537374158,1.3334534977184898
2007-12-04,1.4365106964445267,1.4282780631357208,1.4835003354642677,1.0096894643084124,1.32731628428395
2007-12-05,1.4661488157799216,1.4567629525173338,1.5299691319070394,1.0278225669511731,1.3537876406032057
2007-12-06,1.4903077861969551,1.479967574554415,1.5682221151481,1.042568419248665,1.3753519798557825
2007-12-07,1.490604292051177,1.4802591215673218,1.5685818681914014,1.042767909178433,1.3756229180630222
2007-12-10,1.4974165822550953,1.4871536539458148,1.5792454533007725,1.0469526759318184,1.3820300913822046
2007-12-11,1.4573992881994595,1.4457959210708944,1.5149092522422372,1.0226417691440037,1.3435958440582427
2007-12-12,1.472391922097757,1.461262506183631,1.5385177095273932,1.0318077551125995,1.3579691308938107
2007-12-13,1.4632067361841525,1.4517703433158367,1.523804786739749,1.0262286867434225,1.3491479477694
2007-12-14,1.4458602342212505,1.4338558206303096,1.4962077024973912,1.015667512537125,1.3324997625879582
2007-12-17,1.4053440591124695,1.3808828309386887,1.4321742773304165,0.9909578918763474,1.2832713149490387
2007-12-18,1.410515040551878,1.387451659460657,1.4400893246836624,0.9941465389137584,1.2893758076881734
2007-12-19,1.4101615613311838,1.3869408463322574,1.4394382021863155,0.9939474922949454,1.2889011027962827
2007-12-20,1.443295099159612,1.4293899183898022,1.4908043005833833,1.0142728562725694,1.3283495449791884
2007-12-21,1.476005280925813,1.471584542797975,1.5421122837862915,1.0342797456600927,1.367561525847434
2007-12-24,1.488702307163251,1.4873297624153212,1.5620433505844455,1.042059320947897,1.382193751138249
2007-12-26,1.4971714605226962,1.497896041225765,1.5753762057509806,1.0472459704596728,1.3920131233539053
2007-12-27,1.4764783995288036,1.4717674817353146,1.5421251466853396,1.0346789028440109,1.3677315332408313
2007-12-28,1.4748104879356039,1.469619336910635,1.5393597609569651,1.0336817191817442,1.3657352359648387
2007-12-31,1.4551033551126034,1.4437887874828248,1.5078065188541123,1.0217130326931951,1.3417305902502206
2008-01-02,1.428590357191491,1.4093744103537464,1.465818328170322,1.0055555896526651,1.3097488883982513
2008-01-03,1.4354029421045078,1.4180790736059057,1.4763452894113043,1.009744257542455,1.317838238491911
2008-01-04,1.362978790473546,1.3246911296175525,1.362880812008167,0.9654611282838009,1.2310516792000878
2008-01-07,1.3579362409813074,1.3193265893151722,1.3570208965151132,0.9608731258857112,1.2226160088560851
2008-01-08,1.3333042416021383,1.2953949416072885,1.3324055008347353,0.9359386579085371,1.1783373109789703
2008-01-09,1.3532290648933583,1.3147532504602257,1.3523168933946814,0.9558858776415122,1.213265039814949
2008-01-10,1.3546473502422758,1.3161312102757108,1.3537342227195925,0.9572824844742699,1.215666619181089
2008-01-11,1.336106421153465,1.298117447921303,1.335205791520099,0.9385316723467565,1.1824189372503733
2008-01-14,1.3525065225091701,1.3140512518312786,1.3515948380548428,0.9548884279926722,1.20966345240312
2008-01-15,1.3264340440441866,1.2887200815965536,1.3255399342727954,0.9285578851558869,1.1651926374090809
2008-01-16,1.3164937536639436,1.2790624194704647,1.3156063443469015,0.9185843639515904,1.1484739829206034
2008-01-17,1.3037177265396762,1.2666496479557454,1.3028389291628528,0.9058177177439695,1.127167646780545
2008-01-18,1.3025412202732582,1.2655065928159404,1.3016632159443466,0.9046206895031708,1.1251340539262469
2008-01-22,1.279112901272796,1.2427444017296114,1.2782506892775023,0.8812825842750955,1.0885042819627935
2008-01-23,1.2756893697754677,1.2394182101180529,1.274829465481019,0.8778913441312314,1.083210915569369
2008-01-24,1.2939746804479322,1.2571836219511132,1.2931024505689446,0.8958441965396728,1.1109998237461551
2008-01-25,1.275442614516247,1.2391784707512707,1.2745828765521856,0.8774923642716953,1.0823799706466999
2008-01-28,1.2824117640495671,1.2459494692758983,1.2815473283889078,0.8842742239240867,1.0931881507446652
2008-01-29,1.284054882482359,1.24754586958716,1.2831893392443927,0.88587014336223,1.0957293721107886
2008-01-30,1.283267769006025,1.2467811357898018,1.2824027563378624,0.8850723609675403,1.0943987906361698
2008-01-31,1.2986737493025708,1.2617490840824332,1.2977983519209104,0.9002324430214216,1.118887013729033
2008-02-01,1.3079611542070717,1.2707724239613287,1.3070794964617594,0.9094080931688373,1.133767977606046
2008-02-04,1.2951773861799734,1.2583521316377364,1.2943043455927923,0.8966416242855985,1.1143311027236684
2008-02-05,1.2693826872424891,1.2332908429376057,1.2685270340953196,0.8711085978569297,1.0758849470161953
2008-02-06,1.2519054883478216,1.2163105661671574,1.2510616160610561,0.853954148478515,1.0502074047791405
2008-02-07,1.258067776218404,1.2222976442002162,1.2572197501165099,0.8599382257362166,1.05909181509303
2008-02-08,1.2681000120581156,1.2320446375377292,1.2672452235241702,0.8697129663082732,1.0736408053736468
2008-02-11,1.277736103904265,1.2414067502835535,1.2768748199671622,0.8790877517366928,1.089294200765159
2008-02-12,1.272686169685592,1.2365003988011207,1.271828289759077,0.8741013901144041,1.080741799279667
2008-02-13,1.2922262398034914,1.2554848940120282,1.2913551884963828,0.8932510047770713,1.1132775556696195
2008-02-14,1.2758872274966486,1.2396104422307077,1.275027189832189,0.8770932070877773,1.085513687110212
2008-02-15,1.272862841411642,1.2366720472914723,1.2720048423959667,0.874101390114404,1.080370197663406
2008-02-19,1.271325909987836,1.2351788148169371,1.2704689469719603,0.8725054706762604,1.0773277089389777
2008-02-20,1.2754175014911509,1.239154071754655,1.2745577804550328,0.8764949146228553,1.08435549207755
2008-02-21,1.2669059647113332,1.2308845400559998,1.2660519810492208,0.8681169582079384,1.069395464113699
2008-02-22,1.2701883993898064,1.2340736465974604,1.2693322031360217,0.8713085310976526,1.0749941446275602
2008-02-25,1.274731904285545,1.2384879678569767,1.2738726453901295,0.8756968662415925,1.0829247619840214
2008-02-26,1.2782086468338927,1.2418658575912722,1.277347044369644,0.8790877517366926,1.089152277177414
2008-02-27,1.282695591501923,1.2462252267771483,1.2818309645216124,0.8834764415293965,1.097247679456883
2008-02-28,1.2792687749616287,1.2428958435249216,1.2784064578965133,0.8800855560342964,1.0908705908471745
2008-02-29,1.2555402860843694,1.2198420171704423,1.2546939636884655,0.8567469188330752,1.0474193832280678
2008-03-03,1.2498612179379585,1.2143244196706668,1.249018723633127,0.8511619100971006,1.0370766648644498
2008-03-04,1.254798318833635,1.219121145974319,1.2539524965758055,0.8559492251005764,1.0457730207075684
2008-03-05,1.2591120754487721,1.2233122512931314,1.2582633454158005,0.8601381589769393,1.0533979498302033
2008-03-06,1.239707481218013,1.204459380038284,1.2388718312453653,0.841187502270894,1.0185344004502956
2008-03-07,1.2376640132758299,1.2024740131932343,1.2368297407441962,0.8391929576219785,1.0148623333189855
2008-03-10,1.2210226520767697,1.1863058090834069,1.2201995969921884,0.8230353372570666,0.9854686056318849
2008-03-11,1.2535601935177698,1.2179182237745667,1.2527152058434228,0.85435303967586,1.0416679820055907
2008-03-12,1.2511162102406441,1.215543729285029,1.250272869982796,0.8519591605186445,1.0372387099588636
2008-03-13,1.2578965540712446,1.222131290343084,1.257048643385112,0.8585421508766049,1.0492116515873984
2008-03-14,1.241745792745395,1.2064397370787878,1.2409087688075193,0.8427834217090379,1.0202768833541607
2008-03-17,1.2259342715952417,1.1910777785115418,1.2251079057339016,0.8274235837388156,0.9923134158813526
2008-03-18,1.2642171245667841,1.228272150615272,1.2633649533719091,0.8643268268667295,1.058657961447883
2008-03-19,1.2423709815273618,1.2070471501210926,1.2415335361683069,0.8429832662875697,1.0194037729287748
2008-03-20,1.2601491162302743,1.2243198063137204,1.2592996871589297,0.8602111279601391,1.0506166856087744
2008-03-24,1.2906932838070755,1.2539955239331657,1.2898232658200497,0.8899564064214058,1.1050214892376133
2008-03-25,1.295772998283672,1.2589308089434987,1.2948995562120718,0.8949470238288628,1.11176187434073
2008-03-26,1.293156046976185,1.2563882643536173,1.292284368913693,0.8923517041736773,1.1080309557597932
2008-03-27,1.2731207948354781,1.236922666429987,1.2722626219410658,0.8725880151760887,1.0797375136249265
2008-03-28,1.2686496175156416,1.2325786162856738,1.2677944585089904,0.8681963995310815,1.073460032902903
2008-03-31,1.2733857328133256,1.2371800715335146,1.2725273813320954,0.8727878597546208,1.079207922418463
2008-04-01,1.3115255663563874,1.274235490622303,1.310641505946769,0.9101188092919571,1.1270095052832343
2008-04-02,1.3095267851197003,1.2722935399237343,1.3086440720291157,0.9081228460479855,1.1244459202161787
2008-04-03,1.3115560710276606,1.2742651279666013,1.3106719900557497,0.9101188092919572,1.1270015790189096
2008-04-04,1.3170081674824408,1.2795622071690125,1.31612041141433,0.9155095591674334,1.1339110712676237
2008-04-07,1.3150412364195514,1.2776512010611376,1.3141548062012187,0.9135127093015517,1.1313628823647226
2008-04-08,1.3080153114515023,1.2708250413747433,1.3071336172004009,0.906525951325741,1.1225123414124645
2008-04-09,1.2977456439517008,1.2608473671754576,1.2968708721782767,0.8963446946079128,1.1096185972994115
2008-04-10,1.3107067442929048,1.2734399497952242,1.3098232358269064,0.9091205616833985,1.1257887277623206
2008-04-11,1.285334368026764,1.2487889760368107,1.2844679623256146,0.883967452743199,1.0939361001557963
2008-04-14,1.2813044989339326,1.2448736865812544,1.2804408096477828,0.8799749056199188,1.088734864147835
2008-04-15,1.282536541399331,1.2460706988817665,1.281672021629968,0.8811723771716724,1.0902801114781024
2008-04-16,1.3075655320841482,1.270388050402143,1.3066841410159522,0.9057270163225681,1.1220548646504025
2008-04-17,1.3055610495989864,1.2684405605563904,1.3046810096928663,0.9037306984298324,1.1194632165782508
2008-04-18,1.334645399625394,1.2966979670271537,1.3337457548232219,0.9324777292825405,1.1567057720044593
2008-04-21,1.3448555829150595,1.307101788363422,1.3486721121452747,0.9390655073988153,1.1663866144468427
2008-04-22,1.3218220697872782,1.2834772096697789,1.313456025182706,0.9250912821496659,1.1453053240641613
2008-04-23,1.3385335554140816,1.3005896834775892,1.338662707628701,0.935272538867494,1.1605755658825074
2008-04-24,1.3523144918696353,1.3147096504998854,1.3595712514503495,0.9436569676223546,1.1731754572435757
2008-04-25,1.3483474839007172,1.3106340899251014,1.3534353814521862,0.9412614038835101,1.1695386484325747
2008-04-28,1.3512730138915223,1.3137628477867054,1.3577856654585276,0.9430578771977138,1.1723305819469412
2008-04-29,1.3630954225227456,1.327314727886749,1.375793390815919,0.9502446570764387,1.1844235434056432
2008-04-30,1.350232163812565,1.3124984107879303,1.3559679311956903,0.9424588754352641,1.171202267072528
2008-05-01,1.3992203679959336,1.3687161029281918,1.4307637005730982,0.9722043312209129,1.2213678809453348
2008-05-02,1.401512753943597,1.3713399840833325,1.4342569051195442,0.9736019133377716,1.223709289919373
2008-05-05,1.396846674188049,1.3653758356487882,1.4268516358283616,0.970806837766245,1.2183872079189064
2008-05-06,1.4067354465335498,1.3775495907250592,1.4421467494235474,0.9767960574310249,1.2292504054869362
2008-05-07,1.3772881864843294,1.3410845485313188,1.3961299001588585,0.959028952312745,1.1967109831644624
2008-05-08,1.3891357498095287,1.355621201873199,1.414330332934995,0.9662154662048968,1.2096827027564403
2008-05-09,1.382842497371378,1.3478259489691282,1.4045032686323669,0.9624222316870024,1.202726642620588
2008-05-12,1.4118292891101252,1.3845309759376285,1.4491567540384525,0.9799902015242784,1.235480214316464
2008-05-13,1.4161058793733987,1.3899559585942733,1.455755348215289,0.982585255192891,1.2403211740723523
2008-05-14,1.412443440288316,1.3852215782824333,1.4499443329362602,0.9803892700460054,1.23609647032503
2008-05-15,1.4408646084411958,1.4215327984814514,1.494260761264466,0.9975572847396444,1.2684986302573449
2008-05-16,1.4421683472216875,1.4231638032611282,1.4962340655150883,0.9983562197428173,1.2699540503019429
2008-05-19,1.4301850506477438,1.4076501084594928,1.4771540698078587,0.9911695285262836,1.2561104719989116
2008-05-20,1.4175736069433644,1.3914130513239118,1.4572487528293745,0.983583414139259,1.2416214044530223
2008-05-21,1.3814855894799414,1.3451645674384682,1.400712908515562,0.9618236732355078,1.2003517703490227
2008-05-22,1.3870676914099018,1.3522096685615186,1.4092462462746558,0.9652167752853831,1.2066384357950541
2008-05-23,1.3820975493334915,1.34584536130588,1.4014826742054498,0.9622229190816167,1.2009592738053074
2008-05-27,1.410072330198743,1.3812706160001145,1.4444599712709378,0.9791913551832967,1.2325708462601659
2008-05-28,1.4166614531949373,1.3896435678246613,1.4546489474544118,0.98318416829315,1.2400424135233303
2008-05-29,1.431193348366776,1.408190319582767,1.4772724126947094,0.9919681088806924,1.2565925270529037
2008-05-30,1.441769028763691,1.4217161271139418,1.4937997392829756,0.9983562197428173,1.2686622227678024
2008-06-02,1.4215000421464623,1.3955573633234528,1.46168281744364,0.9861782904834894,1.2453195632998622
2008-06-03,1.4125423841451419,1.3840407260787717,1.4475837349394145,0.9807883385677323,1.235042741980189
2008-06-04,1.4333500441921825,1.4105879914960977,1.4799514187791147,0.9933653363487871,1.2587320791906493
2008-06-05,1.4594959229528972,1.4441032757879702,1.520948625617518,1.0091359462499494,1.2886392978368468
2008-06-06,1.4090038015962374,1.3788911253596228,1.440791911483334,0.9787921979993787,1.2304475181024208
2008-06-09,1.400367143874296,1.3677786466591544,1.427194981591961,0.9736019133377716,1.2205313459076137
2008-06-10,1.3927488313652112,1.3580261182944204,1.4152960057282535,0.9690104531142324,1.2118287194993969
2008-06-11,1.354119162093712,1.3088499938275682,1.3554782633455773,0.9456533741772815,1.1679466180141522
2008-06-12,1.3557398214309373,1.3108486151377485,1.3578677555579777,0.9466513557992674,1.1697300790760954
2008-06-13,1.3869520082735196,1.3501676573949264,1.405360148771274,0.965616464442447,1.2048162559828406
2008-06-16,1.4010862682411906,1.368025516044518,1.4269951494113335,0.9742007377758396,1.2207516387334425
2008-06-17,1.3924783917808081,1.3570160990032571,1.413570498630077,0.9690104531142325,1.210927433163448
2008-06-18,1.3752996824239783,1.3351342494920246,1.3869518040612896,0.9586291744934904,1.191401259611809
2008-06-19,1.3999798552624148,1.3663411046825598,1.424747493944594,0.9736019133377718,1.219248561556668
2008-06-20,1.356482637989105,1.3109239509946402,1.3573048032528152,0.9473115344735129,1.1697973047014052
2008-06-23,1.3485251992246718,1.3027749465709695,1.3485281585961262,0.9399205655688968,1.1560853700884646
2008-06-24,1.343729421840902,1.2981418713948445,1.3437323706879059,0.9351257142791853,1.1472508060579152
2008-06-25,1.3590206130312035,1.312914291515288,1.3590235954350995,0.9503085825161556,1.1749021542751799
2008-06-26,1.320642297493653,1.275838004025323,1.320645195675399,0.9119522547398119,1.1042938656368677
2008-06-27,1.3206598482210976,1.275854959324358,1.3206627464413594,0.9119522547398119,1.104238188973431
2008-06-30,1.3109947359330958,1.2665177469742712,1.3109976129430327,0.902363616106681,1.0886882789099093
2008-07-01,1.3240166426415558,1.2790978706724563,1.3240195482283847,0.9151487927122225,1.1089673766775034
2008-07-02,1.3017811524774077,1.2576167448268047,1.301784009267911,0.8931740459952769,1.0738564733436602
2008-07-03,1.3001698728219988,1.2560601296681166,1.3001727260765097,0.8915759100023581,1.0712888849471054
2008-07-07,1.305751031423434,1.2614519411099563,1.3057538969259337,0.8969696743923284,1.0797394658800838
2008-07-08,1.3275523266214162,1.2825136025479917,1.3275552399673902,0.918345153360251,1.1137454442526886
2008-07-09,1.3029089556130602,1.258706285957098,1.3029118148785552,0.8939728036740677,1.0745915407562838
2008-07-10,1.3137283401221438,1.26915861052905,1.3137312231310423,0.9045609311864317,1.0913980830456678
2008-07-11,1.2991228282631917,1.2550486072880074,1.2991256792199382,0.8901778845745444,1.0683973261830184
2008-07-14,1.2924333369262402,1.2485860645605191,1.2924361732027347,0.8835853186999552,1.058446075784743
2008-07-15,1.292652737239715,1.248798021468576,1.2926555739976888,0.8837854292650601,1.0587189196582116
2008-07-16,1.3151650630622451,1.270546591007727,1.3151679492240673,0.9057596440088593,1.0913577384103765
2008-07-17,1.321271673059082,1.276446027308163,1.321274572622009,0.9117530307966168,1.1002928923040964
2008-07-18,1.300008423267372,1.2559041574734378,1.3000112761675784,0.8907767090126122,1.0688566932138381
2008-07-21,1.303930467239966,1.2596931416390897,1.3039333287471935,0.8945728693828099,1.0743639802283051
2008-07-22,1.3039464240438572,1.2597085570902422,1.3039492855861021,0.8945728693828099,1.0743401223335867
2008-07-23,1.315988728669205,1.2713423128212427,1.315991616638581,0.9063590890822646,1.091617870942944
2008-07-24,1.3021990415793177,1.2580204565651734,1.302201899286889,0.8927744455004043,1.0715937528104134
2008-07-25,1.3140474267773672,1.2694668718062203,1.3140503104865089,0.9043613525944728,1.088568740283366
2008-07-28,1.2968296665672532,1.2528332437133232,1.2968325124916,0.8873805924482426,1.0586926383262485
2008-07-29,1.315648996466399,1.2710141064201954,1.3156518836902247,0.9057596440088593,1.0903323354361758
2008-07-30,1.3203386364420349,1.275544645020593,1.3203415339573898,0.910354296071275,1.098274905837739
2008-07-31,1.318125592789719,1.2734066813936897,1.3181284854484958,0.9081571583159064,1.0943935384895171
2008-08-01,1.3063708994556231,1.2620507794134452,1.3063737663184385,0.8965703398840287,1.0741640134219352
2008-08-04,1.2972545667698987,1.2532437286928535,1.2972574136266997,0.8875803483645837,1.0586386380278645
2008-08-05,1.3279305497855387,1.2828789940606713,1.327933463961533,0.9175462183570784,1.1097617647057678
2008-08-06,1.3421146398153538,1.296581872687911,1.3421175851186797,0.9315300191228567,1.133927764673213
2008-08-07,1.3348797994235657,1.289592482493141,1.334882728849858,0.9243387174723906,1.1213441248384717
2008-08-08,1.3561023850636973,1.3100950677539256,1.3561053610634715,0.9453145072832492,1.1577258794347935
2008-08-11,1.3696216230880909,1.3258205166699355,1.3760390443280688,0.9539042776724841,1.172414654075676
2008-08-12,1.3712484669070075,1.3277163573066317,1.3784482839308825,0.954903057254189,1.174091133898026
2008-08-13,1.3679275363724437,1.3237471139861783,1.373290224827231,0.9529055867529702,1.1705811572639488
2008-08-14,1.3860437210789927,1.3451793157005532,1.4008884747127135,0.9638928714492518,1.189533516986177
2008-08-15,1.3830481748026342,1.3415872105488937,1.3962023044159648,0.9620949795399921,1.1863570412371336
2008-08-18,1.3645115554252594,1.3179284106967906,1.3675797911214589,0.9509074069542234,1.1654357149371615
2008-08-19,1.3450400203852635,1.2933548821246472,1.3378062068371415,0.9391211872547687,1.1437054998453848
2008-08-20,1.347651913003345,1.2965896680331284,1.3416865382711674,0.9407197665586425,1.146566000459319
2008-08-21,1.3403895618942803,1.2874345711966406,1.3306106472631782,0.936324427101613,1.1384702065297307
2008-08-22,1.360759387127919,1.3129133516774363,1.361309636329606,0.9487104465232367,1.16100093012925
2008-08-25,1.327768099580471,1.2713171029963724,1.3109479835131939,0.9287332589697009,1.1242176318659631
2008-08-26,1.3257771891889034,1.2687901996954105,1.3078851766413249,0.9275349894582281,1.121983107341542
2008-08-27,1.3356070924961716,1.2810206651668539,1.3225711229783892,0.9335276669484573,1.1327984302035705
2008-08-28,1.3480758744964625,1.2965785557003509,1.3412875224613454,0.9411188350803695,1.14655617389409
2008-08-29,1.3154765297543776,1.2556405611417532,1.2918561491935765,0.9213419354163209,1.1103549655664933
2008-09-02,1.3035743926798,1.2438403323160794,1.2793926103436293,0.909954695576402,1.0896375925611792
2008-09-03,1.2949777349747837,1.2356376017034956,1.270955423787025,0.901364393214021,1.0741508929978236
2008-09-04,1.2656631662742381,1.207666322826782,1.242184651070488,0.8721980788600362,1.0219590796108595
2008-09-05,1.261419005637646,1.203616643570833,1.238019221167861,0.8680032046168756,1.014533381429238
2008-09-08,1.2598443368183199,1.2021141312489303,1.2364737630317566,0.8664046253130018,1.0116316927761626
2008-09-09,1.2411537969815156,1.1842800533379751,1.2181299395531573,0.8480257510767669,0.9793899421453613
2008-09-10,1.2483340722441005,1.1911313048038576,1.2251770180802979,0.8550182720949931,0.9914530041768371
2008-09-11,1.264682931859615,1.2067310059726926,1.2412226003632052,0.8709993660376083,1.0191992040506457
2008-09-12,1.2612461178809784,1.203451678099039,1.2378495405423888,0.8676031608110477,1.0131877578851343
2008-09-15,1.2338277559611057,1.1772897155800697,1.2109397992763766,0.8406343388611958,0.9658829125199008
2008-09-16,1.240609734087404,1.1837609211926883,1.21759596922496,0.8472269047357851,0.9772052656274389
2008-09-17,1.1955606184677463,1.1407761040180353,1.1733825311964463,0.8032773226397031,0.9011378873660149
2008-09-18,1.2238671892355597,1.1677855747381416,1.2011640047110193,0.83044625515466,0.9468286501343586
2008-09-19,1.2518817997183134,1.194516463752416,1.2286589339107326,0.8575931994462469,0.9932159558161487
2008-09-22,1.2106466600984962,1.155170853669991,1.188188721230634,0.8172128025113821,0.9452335999390311
2008-09-23,1.20422777210877,1.1490461002112893,1.1818889059636304,0.8110153153599243,0.9379516915288509
2008-09-24,1.2100501014217475,1.1546016312712541,1.187603228935791,0.816612825464831,0.9445257162557412
2008-09-25,1.223535193985774,1.167468792601165,1.2008381680946896,0.8296068015301964,0.9597894468094754
2008-09-26,1.2148752722131235,1.1592056968883218,1.1923388910420722,0.8212104920417408,0.9499221018865642
2008-09-29,1.1474020247935697,1.094824295286643,1.1261172970699753,0.7560412104473372,0.8788012612070359
2008-09-30,1.1705591782863871,1.116920311944954,1.1488448768856532,0.7778312738204132,0.9026757824859665
2008-10-01,1.1619328095446977,1.1086892317529855,1.1403785304429859,0.7696351635592537,0.8937116600425685
2008-10-02,1.1249677658131032,1.073418047739724,1.10409920180873,0.73465167852214,0.8554226053979982
2008-10-03,1.1127584493603588,1.0617682022692907,1.0921163726470766,0.7232573457069406,0.8429178655808883
2008-10-06,1.0843506724223566,1.034662162978133,1.0642355703738322,0.6968695714258595,0.8204331130098559
2008-10-07,1.0362365338544521,0.9887527722740274,1.017013966695133,0.6526902212617802,0.7827062769310436
2008-10-08,1.030466023152683,0.983246685326303,1.0113505010799677,0.6474929766181791,0.7781887698645671
2008-10-09,1.0110960950491024,0.9647643509504586,0.9923398922357238,0.6301013115477225,0.763029125382783
2008-10-10,1.006606698638011,0.9604806734286941,0.9879337757720169,0.6261030013820267,0.7595179442346426
2008-10-13,1.0614677675727713,1.0187170424464358,1.0478346957203257,0.7022670596278522,0.8232274738632385
2008-10-14,1.0408041717802672,0.9966814619639667,1.0251692795077734,0.6718814628231258,0.7986591713113206
2008-10-15,0.998862364014314,0.9520544415417906,0.9792666996778749,0.611709980273651,0.7493228856150517
2008-10-16,1.0232527571711305,0.9778836604992692,1.00583418668291,0.6448940661442578,0.7773652709975025
2008-10-17,1.0238357899782367,0.9785004389372433,1.0064685942955767,0.6456938434382452,0.7780354089143717
2008-10-20,1.0367202644518734,0.9921735379034011,1.0205325069403985,0.6636852195686797,0.787985746244492
2008-10-21,1.01256792939246,0.9664874309682459,0.9941122224814258,0.6293014899226395,0.7689975147951039
2008-10-22,0.9999904919478544,0.9531455226209044,0.9803889667676587,0.6119097361899919,0.759117103292773
2008-10-23,0.9982401732302777,0.9512892004775791,0.9784795859806849,0.609511069274462,0.7577421611244614
2008-10-24,0.9838140576829476,0.9360117229511141,0.9627654373522552,0.5899202272182436,0.7464153336386553
2008-10-27,0.9715446008808606,0.9230351734184743,0.949417983383703,0.57352805102702,0.7369246493588233
2008-10-28,1.019861910008381,0.9740384246083184,1.0018790436825618,0.6368980664482031,0.7742658977947524
2008-10-29,1.0187181803516243,0.972823042177872,1.0006289223769123,0.6352988221778967,0.7733809614219821
2008-10-30,1.0340144425422224,0.9890520862629067,1.0173218358770497,0.6564889528355171,0.785212692963455
2008-10-31,1.0347293723899618,0.9898106042156117,1.0181020342982543,0.657488087065986,0.785765679636559
2008-11-03,1.0337580269066657,0.9887743952546952,1.0170362077183268,0.6560888203674982,0.78505090167041
2008-11-04,1.0469471440913278,1.0027898846345216,1.0314522972090983,0.6746800848822927,0.7943480412369442
2008-11-05,1.0223847282085585,0.9766482347316636,1.004563449148005,0.6394967109355515,0.777051332324408
2008-11-06,1.001823645396009,0.954823654679524,0.9821150643214991,0.6109102916418545,0.762547320400188
2008-11-07,1.0111217948023894,0.964669404062189,0.9922422315118584,0.6235043568946784,0.7691166641877979
2008-11-10,1.005003945645172,0.9581823256758132,0.9855697351032598,0.6151084020549868,0.7647979369058374
2008-11-11,0.9951593814658821,0.9477529565960803,0.9748422668064963,0.6017147811636531,0.7578442696347961
2008-11-12,0.9744811821338379,0.9258712734219083,0.9523351466982524,0.573927740184084,0.7432275263446895
2008-11-13,1.0012134288204697,0.9540915892599613,0.9813620745174682,0.6089110922279113,0.7621530071310555
2008-11-14,0.9793241570486463,0.9309144795906518,0.9575225011657791,0.5793251840549812,0.7466862909983687
2008-11-17,0.9700519452166255,0.921120525403875,0.9474486096163113,0.5671309852836034,0.7383906024360325
2008-11-18,0.9695918835745417,0.9206348224813337,0.946949024007309,0.5665311855614344,0.7379832531168515
2008-11-19,0.9468072251940711,0.8965966344210344,0.9222237603449451,0.536945410381791,0.7178283967164143
2008-11-20,0.9261859632328916,0.874899192031426,0.8999061471148512,0.5109574139199649,0.6996586132401565
2008-11-21,0.9442859896145376,0.8938966682838092,0.9194466219660087,0.5331470334568182,0.7155492539629753
2008-11-24,0.9702569468369922,0.9212133487227447,0.9475440860734932,0.565731585591829,0.7376987166147357
2008-11-25,0.9682527794456306,0.9190987765428368,0.9453690737743061,0.5631328524422896,0.7359825505235849
2008-11-26,0.9865045494118564,0.9383489221758808,0.965169439971707,0.5867215613532489,0.7516050397377647
2008-11-28,0.9830265776960968,0.9346730339121888,0.9613884850060006,0.5821240721007213,0.7486210292091353
2008-12-01,0.9497588535628645,0.8995270189109207,0.9252379030483299,0.5383449873979474,0.7157716962465082
2008-12-02,0.9640426912013875,0.9145584144401174,0.9406989359989157,0.5563360975418089,0.7297049084978978
2008-12-03,0.9763575764698021,0.9275392200706886,0.9540507677160428,0.5721286070041501,0.7417700484953502
2008-12-04,0.9639229998059384,0.914413826232777,0.9405502150745269,0.555936408384745,0.7295422962522301
2008-12-05,0.9815482547052807,0.9329915579795243,0.9596589480012662,0.5785256727475668,0.7468084749386241
2008-12-08,0.9989477281100018,0.9513678823090481,0.9785605167489954,0.6013148703511116,0.7625243208766914
2008-12-09,0.9979016927231313,0.9502609502856239,0.9774219456525872,0.5999154263282418,0.7615742609423077
2008-12-10,0.9964055690762506,0.9486779387876733,0.9757936874590328,0.5979165815630624,0.7602157164057629
2008-12-11,0.9841128935384441,0.9356736223506933,0.9624176729338707,0.5815241393852657,0.7490567435931825
2008-12-12,0.9930949362218828,0.9451624108406809,0.972177676336075,0.5933186046684842,0.7571910100780166
2008-12-15,0.9852655404714161,0.9368829191602862,0.9636615346753729,0.5829235834081357,0.7495551147869977
2008-12-16,1.0065524969977626,0.959373554013491,0.9867950119276727,0.6109102916418546,0.770191445585024
2008-12-17,1.001068725524718,0.9535660536914936,0.9808215177391569,0.6035140030057781,0.764844379504603
2008-12-18,0.9931602110575554,0.9451957725499354,0.9722119916120632,0.5929187825181336,0.7571446172997107
2008-12-19,0.9968272785138594,0.9490734996049555,0.9762005544607083,0.5977836769387413,0.7607070490309047
2008-12-22,0.9870628526818769,0.9387438412823814,0.965575646920793,0.5847709488199779,0.7499041204402993
2008-12-23,0.9847818602091931,0.9363334574262683,0.9630963678578118,0.5817678717483465,0.7474050999649959
2008-12-24,0.9860018876387914,0.9376223383184541,0.9644220884074945,0.5833694212356192,0.748740305212493
2008-12-26,0.9858497680869995,0.9374615813375949,0.9642567365628656,0.5831692220083231,0.7485736373050083
2008-12-29,0.9799177979059812,0.9318676414587851,0.9585029069452574,0.5783644405532187,0.7438795830548881
2008-12-30,0.9941646406691129,0.9454158919266141,0.972438402588295,0.5903763055287886,0.7554511611085578
2008-12-31,1.0000653308661944,0.9510272424589584,0.978210140502406,0.5953813305422846,0.7602485133524297
2009-01-02,1.0304315943229434,0.979904499681785,1.0079127868453517,0.6212063215659426,0.7849475484855392
2009-01-05,1.0302015528629656,0.9796857382783228,1.0076877726568372,0.6210063439941241,0.7845803684655401
2009-01-06,1.0374094466045698,0.9865401937798228,1.0147381467994887,0.6272124313781097,0.7918008304157906
2009-01-07,1.0167811332414933,0.9669233873885104,0.9945606397002824,0.6093948774731462,0.7710880604366989
2009-01-08,1.024264066526022,0.9740393959006003,1.0018800427369712,0.6158011640844278,0.778552749570359
2009-01-09,1.0081814602112102,0.9587453983355801,0.9861489018831723,0.6019877277186712,0.762470799483894
2009-01-12,0.9952746745824665,0.9464714954547739,0.9735241780839857,0.5909768145484857,0.7480788039869146
2009-01-13,0.9955118057562158,0.9466969989287085,0.9737561270493497,0.5911772354312593,0.74833791790517
2009-01-14,0.9742739797524673,0.9265005672789142,0.9529824274540458,0.5731594379679045,0.7249334415600573
2009-01-15,0.9854705964784611,0.9371481591923033,0.963934355975755,0.5825686243264351,0.7371437827212183
2009-01-16,0.9930573203640735,0.9443628689452973,0.971355281398367,0.5889749109377166,0.7454603402379982
2009-01-20,0.9585637195656348,0.9115606578923392,0.9376154955643261,0.5597465773811218,0.7011879659252186
2009-01-21,0.9871224434239033,0.9387190080128773,0.9655501038501363,0.5835696647940106,0.7367852949519537
2009-01-22,0.9778786974358545,0.9299285280455428,0.9565083684928013,0.5757622052471345,0.72501569781082
2009-01-23,0.9812112984521029,0.9330977153544894,0.9597681396374715,0.5785647284427057,0.7292175684520331
2009-01-26,0.9862049061468643,0.9378464620706238,0.9646526182149616,0.5827690452092086,0.7341092010603341
2009-01-27,0.9911858857702905,0.9425831999314478,0.96952474469199,0.5869729629958519,0.7391704960371666
2009-01-28,1.0155615303667767,0.9657635876003985,0.993367689737303,0.607593261751864,0.763987972431783
2009-01-29,0.9975272928632228,0.9486136568573743,0.975727568179519,0.5921780099122618,0.7454632061012538
2009-01-30,0.9852539379476938,0.9369421244876581,0.9637224322490925,0.5817678717483464,0.7329388082282665
2009-02-02,0.9935664470511634,0.9448470306638781,0.9718532817516842,0.588774756041516,0.7406948940595364
2009-02-03,1.0044473468915227,0.9551943868327859,0.9824963929896386,0.5979838761660372,0.7509411070245906
2009-02-04,1.005391111061523,0.9560918736353228,0.983419532361481,0.5987844957508393,0.7518309293771411
2009-02-05,1.0209231945297401,0.9708623431781743,0.9986121813643016,0.6119976004212807,0.766503216246233
2009-02-06,1.0396271340992462,0.988649137223419,1.01690736947805,0.6280130509629114,0.7842428126546644
2009-02-09,1.0426499420452064,0.9922636605579969,1.0198641176966574,0.6306155522555685,0.7872545972216366
2009-02-10,1.0157755083032447,0.9579246512481367,0.9935769914507379,0.6073930181934722,0.7600102830158522
2009-02-11,1.0124968803819725,0.9537709868801061,0.9903700138858372,0.6045901846802325,0.7567147966456177
2009-02-12,1.0211827998032406,0.9647531906547819,0.9988661132857755,0.6119976004212806,0.7654279953174067
2009-02-13,1.0179116085285154,0.9606015760951375,0.9956664098487135,0.6091948999013274,0.7621341352498775
2009-02-17,0.989587931860018,0.9236732226838357,0.9679617120871804,0.584971015053987,0.7328354547212323
2009-02-18,0.9900646700212579,0.9242845108217592,0.9684280317258038,0.5853715465018656,0.7333204461765647
2009-02-19,0.9794012358901696,0.9105417086457668,0.9579976337531281,0.5763627585979268,0.7224170092960147
2009-02-20,0.9813081911558732,0.9129861459312093,0.9598629148710927,0.5779641307608175,0.7243564076304275
2009-02-23,0.9572833870890137,0.8903910431440414,0.9363631431697479,0.5577444077837795,0.6956645790851413
2009-02-24,0.9794139660084621,0.9109751977582663,0.958010085670437,0.5761624707084401,0.7215559967868495
2009-02-25,0.9748903313450884,0.9067676623084222,0.9535853094452601,0.5723588627141977,0.7161799077490025
2009-02-26,0.9557968669805734,0.8890083969936328,0.9349091091189148,0.5563431018548984,0.6935821927981304
2009-02-27,0.9495392428925014,0.8831880385558615,0.9287882376623446,0.5511380549384886,0.6862611604697909
2009-03-02,0.9280567582674036,0.8632066911798958,0.90777522615713,0.5333207226890025,0.6627565332447087
2009-03-03,0.9275708343077425,0.862754722257039,0.9072999214643437,0.5329201469100285,0.6622277801190827
2009-03-04,0.9448907609543599,0.878864379817226,0.9242413425451088,0.5471341147236637,0.6808974602048667
2009-03-05,0.9250471318261528,0.8604073691999669,0.9048313713777569,0.5307180440719633,0.659298046512073
2009-03-06,0.9199191978941301,0.8556377612609931,0.8998155020967107,0.526514037623129,0.6537746566599217
2009-03-09,0.9062123993038456,0.8428887562541466,0.8864082486293525,0.5153031025500296,0.639619380902726
2009-03-10,0.9453987759204673,0.8793368960874399,0.9247382554727299,0.5471341147236638,0.6797142263578254
2009-03-11,0.9555706108332237,0.8887979510068188,0.9346877975197045,0.5555423936079054,0.6903140533724107
2009-03-12,0.9777481357197141,0.9094257711323538,0.9563806600414151,0.5739602348770882,0.713538311597674
2009-03-13,0.9794206601747946,0.9109814241545707,0.9580166335440471,0.5753615408059695,0.7153055187783635
2009-03-16,0.9679756880705758,0.9003361953873423,0.9468217771435986,0.5657522882134292,0.7052063596146745
2009-03-17,0.9936326083085593,0.9242002802368973,0.971917997136665,0.5871732065542433,0.7274961427723396
2009-03-18,1.0024086634147051,0.9323630886236725,0.9805022624176184,0.5945804893020049,0.7351578490180123
2009-03-19,1.0019377025573097,0.9319250372224345,0.9800415938270126,0.594180090847413,0.7347452180469399
2009-03-20,0.9912644020763608,0.9219975577767494,0.9696015451213441,0.5851364143713127,0.7254105979289961
2009-03-23,1.0321697965990244,0.9666006218296438,1.0096130028614734,0.6196270262886131,0.7605837886709546
2009-03-24,1.0188433538426924,0.9519313949807958,0.9965777930219544,0.6081968739482465,0.7490410937030458
2009-03-25,1.0221367887404726,0.9555472808213193,0.999799253975213,0.6110041405710367,0.751886306182613
2009-03-26,1.0442110779876312,0.979801499962849,1.0213911369447497,0.6298536780482374,0.7709710920489845
2009-03-27,1.0304822848164494,0.9646600334873882,1.0079623695608446,0.6180227282734192,0.7590568084474062
2009-03-30,1.0126976481541778,0.9458559208325951,0.990566394126803,0.6027827172543442,0.7442605183120802
2009-03-31,1.018830489049155,0.9523133678596681,0.9965652093725613,0.6079961870788999,0.7493416546305077
2009-04-01,1.0294170530129638,0.963469256375736,1.0069204170803472,0.6170198702309279,0.7581198281200724
2009-04-02,1.0526035008902985,0.987935524784782,1.0296001538293396,0.6368723100817154,0.777371468043466
2009-04-03,1.066292660922454,1.0024205173246923,1.0429901542074311,0.648703038201056,0.7887691955599472
2009-04-06,1.0644520566125364,1.0002575028898244,1.041189774027214,0.6470991391657217,0.7870671961232949
2009-04-07,1.0448271396846984,0.9778807519562183,1.0219937353757182,0.6300543649175838,0.7694597234827196
2009-04-08,1.0571655364287038,0.9918911434810603,1.03406249172594,0.6406820800982327,0.780484004272605
2009-04-09,1.0800973399796834,1.017996180552418,1.0564931490852427,0.6605343869557337,0.8010251332049929
2009-04-13,1.078955672182657,1.0166865534985539,1.0553764310252647,0.6595317062376244,0.7999946340682466
2009-04-14,1.0697714520671364,1.0049460640864856,1.0463929206761688,0.6515103934860371,0.7907564588423921
2009-04-15,1.0676984059338832,1.0023243374714903,1.0443651784010504,0.6497057189191652,0.7886935150405165
2009-04-16,1.0870766057569692,1.026801338674931,1.0633198916448403,0.6665502496089116,0.8079536002196234
2009-04-17,1.0886803226706883,1.0288383382246493,1.0648885613097874,0.6679539937480454,0.8095564430070749
2009-04-20,1.06420356132813,0.996534984902893,1.0409467092997697,0.6464974775375415,0.7841380785850333
2009-04-21,1.0746024419622926,1.0101156848189932,1.0511183352648468,0.6555210720273785,0.7948242502693001
2009-04-22,1.07690471853943,1.0131327493299653,1.0533702984361393,0.6575263448014059,0.7971982714571577
2009-04-23,1.0842622107432347,1.0227863207487058,1.060567001751707,0.663943137882322,0.8047943248405842
2009-04-24,1.0975585946541693,1.0402797114863547,1.073572809644701,0.6755737997676531,0.8185592543300331
2009-04-27,1.0985518866709942,1.0415107876684477,1.074621985159678,0.6763756606231291,0.8195279445683515
2009-04-28,1.0891784005207146,1.0324922792619662,1.0606337304039268,0.6713627003435381,0.8124315997729398
2009-04-29,1.1063775652184509,1.049035302638266,1.0860863172591364,0.6805867600472442,0.8254487188513463
2009-04-30,1.119113444025726,1.06128783334296,1.1050761363751853,0.6874048825357577,0.8350898012319304
2009-05-01,1.1224814604247964,1.0645278379993142,1.1101007374928085,0.6892094684404385,0.8376392461228066
2009-05-04,1.1480084928935912,1.093529667160374,1.1484752208864468,0.7028454030997973,0.8604597581352584
2009-05-05,1.1468674286712321,1.0922016328495412,1.1466998393513792,0.7022437858027126,0.859414774980058
2009-05-06,1.1472332475208085,1.0926080598977934,1.1472181427015247,0.7024444283409638,0.8597345780271457
2009-05-07,1.116338580308939,1.057036700309024,1.1001668242080258,0.6860010497344331,0.8317447352387232
2009-05-08,1.1170788164031924,1.0578697011933595,1.1012404456387148,0.6864022904798397,0.8324001941265676
2009-05-11,1.121569796471348,1.0632772233538,1.1079363880843225,0.6888083163572232,0.8366551817597483
2009-05-12,1.1057890643871275,1.0437427575876017,1.0841771366422097,0.680386516488853,0.8212842026329248
2009-05-13,1.0716726437790416,1.0017197281473935,1.0332394611678157,0.6621385519776414,0.7882177693809319
2009-05-14,1.0854722455479617,1.018524994760892,1.0534516197549553,0.669558070107762,0.8014412383730437
2009-05-15,1.084713714643092,1.0175769973963569,1.0522965780450713,0.6691567407001644,0.8006952928285401
2009-05-18,1.1172242711226177,1.057335105550117,1.1002510018282528,0.6866027556937088,0.831979539752298
2009-05-19,1.123217166205512,1.064712347631709,1.109195409799329,0.6898110857375235,0.8377844302165097
2009-05-20,1.118700712759246,1.059107512699377,1.1023714583579225,0.6874048825357579,0.8333741841526915
2009-05-21,1.0950466016395426,1.029877285070287,1.0668647459327354,0.6747717615877951,0.8103739534764839
2009-05-22,1.0909191197092112,1.0247939898327252,1.0607098864005773,0.6725657576133255,0.8063740885235734
2009-05-26,1.1376629326414127,1.0820444617007452,1.1298293274722917,0.6976318002819552,0.8514224568084562
2009-05-27,1.128626432010141,1.0708130563896952,1.116135407182906,0.69281903922966,0.8425848618280103
2009-05-28,1.1436425202716116,1.0893755043017146,1.1386965199905967,0.7008401746568653,0.8571909945379261
2009-05-29,1.1598133026174309,1.1094462073681457,1.1631605930651279,0.7094630160433463,0.8729839198007514
2009-06-01,1.1978765804826297,1.1537975099046711,1.2212100460896853,0.7297156326932484,0.9078823886760046
2009-06-02,1.1997584376730839,1.1559955124278531,1.2240896107076757,0.730718446404644,0.9096119189999409
2009-06-03,1.1955829371694213,1.1510653545640828,1.2175667210294547,0.7285130187344161,0.9057325524217625
2009-06-04,1.2110886983334417,1.1692836226608567,1.2415564300249728,0.7367348410309681,0.9200678622272115
2009-06-05,1.2125930224931627,1.171041075656431,1.2438617447228983,0.7375367462175397,0.9214507397338022
2009-06-08,1.2084082783456418,1.1659270137485858,1.2372820403598972,0.7353304762564972,0.9174266655779175
2009-06-09,1.2190084551264313,1.1786975293327229,1.2537569388747263,0.740945585806319,0.9274753319111534
2009-06-10,1.2140641531303105,1.1727004485814188,1.245976745127207,0.7383384740797294,0.9227564415072153
2009-06-11,1.2140525459852922,1.172667707870364,1.2459171838893066,0.7383384740797294,0.922730679001486
2009-06-12,1.2075955248790746,1.164849986572084,1.2357920435891674,0.7349299004775233,0.9165791910451009
2009-06-15,1.1791636431258103,1.128979992398251,1.191469605086178,0.7198903990034127,0.8883543632804575
2009-06-16,1.1659318358962092,1.1124337752948246,1.171084573762624,0.7128718999632212,0.8753347311713089
2009-06-17,1.17874431941189,1.128357360546061,1.190629137909638,0.7196898007962573,0.8878644363319425
2009-06-18,1.1760886409107438,1.125019614027346,1.186507548305946,0.7182858350016459,0.8852380818319605
2009-06-19,1.1905951224551674,1.1430976644273225,1.208738734588079,0.7259958991316997,0.8994630592988401
2009-06-22,1.1496879361160044,1.0918432502799347,1.1454931913950108,0.7043123190500243,0.8591327764312993
2009-06-23,1.1466618125781516,1.08807331840616,1.1408665214494405,0.7027062034599147,0.8561663505850594
2009-06-24,1.168878920835039,1.1155502891292293,1.174466192382761,0.7145514278474854,0.8777870055089046
2009-06-25,1.195306628139633,1.1484269258811028,1.2148355305221858,0.7286057150551151,0.90365646635424
2009-06-26,1.1983256412671215,1.1521880023385946,1.2194642550901922,0.7302120079696066,0.9066159241870992
2009-06-29,1.2013434262529554,1.155947365005462,1.2240915931764917,0.731817946235334,0.9095740334988248
2009-06-30,1.1986790213298968,1.1525808588167037,1.2199194081718805,0.7304126948389531,0.9069250490332622
2009-07-01,1.1994255020046385,1.1534947742724457,1.2210350054973855,0.7308142902331237,0.9076441767310465
2009-07-02,1.1690987673334259,1.1154307105335444,1.1740138311851225,0.7147523363723093,0.877692913347886
2009-07-06,1.1619095856996586,1.106458162106158,1.1629811915395574,0.710937468279809,0.870632732831948
2009-07-07,1.12869148174218,1.0651764454067318,1.1123464424093061,0.6932693544977895,0.8381496123155778
2009-07-08,1.1354473483438723,1.0734718593414738,1.1224411609671998,0.6968834913898476,0.8446769796859166
2009-07-09,1.1376936521562482,1.0762210282213873,1.125782888056045,0.698088144579073,0.8468402032915698
2009-07-10,1.143327244836869,1.083151319640101,1.1342286387172957,0.701099821883232,0.8522934041118442
2009-07-13,1.1685415473704406,1.114284478710912,1.1722496584817694,0.714551427847485,0.8767909841305194
2009-07-14,1.173438924628689,1.120354101903309,1.1796867722579827,0.7171614654263779,0.8815669556116259
2009-07-15,1.2187626604125572,1.1767758223680906,1.2489855889317598,0.7412545292108861,0.925963208774807
2009-07-16,1.2354538266871211,1.1977741081688433,1.2749736053276435,0.7500881649564886,0.9424860160327841
2009-07-17,1.243048986811638,1.207355511621859,1.2868588638371306,0.754104207560386,0.950025283000444
2009-07-20,1.2567356721249907,1.2239648463287218,1.3083719813660601,0.7613314173982104,0.9630945801158727
2009-07-21,1.266633619998951,1.2360536993218456,1.3240092464519946,0.7665518472047602,0.9726068703033053
2009-07-22,1.278830120560783,1.2509839718673232,1.343365641839701,0.7729766642139624,0.9843549728826668
2009-07-23,1.311286802149638,1.2908455833264956,1.3952038520820795,0.790042362739178,1.0157206628909754
2009-07-24,1.299777575272719,1.2765926796228768,1.3765223880135562,0.7840191854552421,1.0045055578583084
2009-07-27,1.311246450960113,1.2911857595578284,1.394952459747363,0.790042362739178,1.0159883355170836
2009-07-28,1.3008867734733576,1.2778546577012988,1.3781346741218419,0.7846212903943772,1.0054985637041862
2009-07-29,1.3108268024644951,1.2905655225686312,1.3941130822910484,0.78984109956559,1.0155002930014223
2009-07-30,1.3196283756502978,1.3018432972773009,1.4083113193399344,0.7944593357708136,1.0243743744182756
2009-07-31,1.3150131473045361,1.2958792582760867,1.4007692349761784,0.7920498520679808,1.0196814833970196
2009-08-03,1.3376157410720053,1.324902963998275,1.4373538241284374,0.8038955640976018,1.0425192093004727
2009-08-04,1.3376029252653847,1.324860650650088,1.4372849671013785,0.8038955640976018,1.042485914425683
2009-08-05,1.325680235333883,1.309431705971811,1.417741759490828,0.7976713896266506,1.030345424409873
2009-08-06,1.3122368299671099,1.2920863492867969,1.3958166018492697,0.7906441130295493,1.016696977672517
2009-08-07,1.33138609994834,1.3166550465236608,1.4267663932010335,0.8006835102417648,1.0360292152121044
2009-08-10,1.3206219825519565,1.3027412983525763,1.4091589777138587,0.7950619726830949,1.025080979653818
2009-08-11,1.3075684925484483,1.2859201567505396,1.3879161891545315,0.7882349839754804,1.0118450191955777
2009-08-12,1.3309200761911957,1.315849521727643,1.425588615775301,0.8004823357303675,1.0353953762848502
2009-08-13,1.3393531685085796,1.3266991829827985,1.4392870881060462,0.804899486086385,1.0439325903905299
2009-08-14,1.3216669713098743,1.3038224460847234,1.410317314434841,0.7956638116356569,1.0259316965059062
2009-08-17,1.277547636303947,1.2470234741821145,1.338622183124692,0.7725752904752692,0.9812385975499703
2009-08-18,1.2985340719563292,1.2737188122900194,1.3720401825147261,0.783617545729976,1.0022442134573237
2009-08-19,1.308852274169554,1.2868954867643285,1.388585087499699,0.7890385294125858,1.0126124718335534
2009-08-20,1.326457230130722,1.309448398439905,1.4169612652731574,0.7982738492145498,1.030358559121706
2009-08-21,1.3467778126142145,1.3355883456031445,1.4499468205885102,0.8089144647439903,1.0509271575687482
2009-08-24,1.3452261485218717,1.3335520602255349,1.447350385872526,0.8081116286044131,1.0493248767380303
2009-08-25,1.3498254608135951,1.3394733999739485,1.4548328515822606,0.8105208463206728,1.0539841692298266
2009-08-26,1.3471221385855086,1.3359486649392238,1.4503512178805287,0.8091159939041513,1.0512106800904366
2009-08-27,1.3509525963160218,1.34087789221449,1.4565792352357927,0.811123217246381,1.055089314421486
2009-08-28,1.3524781343660288,1.3428273211793589,1.4590346087992805,0.8119263193725313,1.0566232510178004
2009-08-31,1.3366956748034389,1.3223598869564495,1.433072528642042,0.8036949215593506,1.040518152061659
2009-09-01,1.3078821276366257,1.2851548570468811,1.3860176058069513,0.7886368896873195,1.0112428319685764
2009-09-02,1.3067213527708141,1.283642611063411,1.3841003816847213,0.7880346960859933,1.0100528991736513
2009-09-03,1.316663266826334,1.296356875464639,1.400080124605004,0.7932546825815882,1.0200573034436857
2009-09-04,1.3492262274103424,1.338150589624833,1.4527261717347328,0.8103205584311859,1.052943296625049
2009-09-08,1.363819808308485,1.356999800168893,1.4765821963799788,0.8179496739808495,1.0677750726919015
2009-09-09,1.3772813771783758,1.3744446357097961,1.4987125536098738,0.8249768619157599,1.0815017958170396
2009-09-10,1.3923011051908878,1.3939689731307399,1.5235347329503144,0.8328067973280566,1.0968648053077668
2009-09-11,1.3938318598546326,1.3959413670928178,1.526033801720911,0.8336098107920159,1.098416812246878
2009-09-14,1.399994595181439,1.4039622449006168,1.5362458238384704,0.836822396620999,1.1047281568640324
2009-09-15,1.4050036998145785,1.4104876678117648,1.5445601215932552,0.839432788848656,1.1098627809976758
2009-09-16,1.428563412298177,1.4413111921268813,1.5839232353650003,0.8516795199682061,1.1341167203955282
2009-09-17,1.4281628225052583,1.440756962340564,1.583196371230561,0.851478700105573,1.1336806166095887
2009-09-18,1.4309020496465994,1.444334506375528,1.5877666442516565,0.8529056294076555,1.1364956592805726
2009-09-21,1.4359288817825389,1.4509235725088443,1.5961996913325867,0.8555185041766606,1.1416803620112568
2009-09-22,1.4390179377896095,1.4549676117442294,1.6013737289560936,0.8571257723752532,1.1448624732304291
2009-09-23,1.4312449453957,1.4446892365041188,1.5881591892694242,0.8531067152568615,1.136774783852879
2009-09-24,1.416497189611694,1.4252452774865416,1.56320550305915,0.8454696201100073,1.1214750212804543
2009-09-25,1.4021576176084263,1.4063992781609156,1.539074181171452,0.8380338767989322,1.1066457720076341
2009-09-28,1.4295995277933982,1.4422728990329363,1.584857913859079,0.8523031698197562,1.1348734534926104
2009-09-29,1.4222199865644116,1.4325347035654483,1.5723570253169827,0.8484844005908515,1.127210812442928
2009-09-30,1.4233695598608482,1.434017889139395,1.574239993663158,0.8490876581384698,1.128377878631029
2009-10-01,1.3749279878505618,1.3703336192137259,1.4926604062928572,0.8239666449114151,1.0782669825640225
2009-10-02,1.3702876542916507,1.3642755660546328,1.484946444642127,0.8215551219781891,1.0735001151322683
2009-10-05,1.3829933861537502,1.3807479452751308,1.5058475900043975,0.8281863445680578,1.0864616468269572
2009-10-06,1.4111546728540014,1.417394785591621,1.5524606186116425,0.8428572773141482,1.1152977473024315
2009-10-07,1.415785279013162,1.4234352187175072,1.5601636142823117,0.845268977571756,1.1200507501542234
2009-10-08,1.4227395515757941,1.4325287133259468,1.5717759580017983,0.8488860403161176,1.1272060989356614
2009-10-09,1.4320232275184057,1.4446946370148714,1.5873332613819489,0.8537094408313336,1.1367790333234842
2009-10-12,1.4354992052960254,1.4492404935164178,1.5931434543680332,0.8555185041766603,1.140356006773135
2009-10-13,1.43587329278261,1.4497063195132958,1.593724757050368,0.8557191467149114,1.1407225487487613
2009-10-14,1.4583521805318898,1.4792822219212218,1.6316416681087893,0.8673750329935844,1.1639947786633282
2009-10-15,1.4544535922946484,1.474096847459167,1.6249525056337248,0.8653655930965796,1.1599145911846962
2009-10-16,1.4435639600651473,1.4596739033033905,1.6063872785737945,0.8597384698198762,1.1485656873437018
2009-10-19,1.4602368766317306,1.4816354440382575,1.6345672117624783,0.8683802849152328,1.1658464457872035
2009-10-20,1.4606118304617757,1.482104112254292,1.6351537733841441,0.8685811047778659,1.1662152242044017
2009-10-21,1.4574890835219358,1.4779435752867214,1.6297819818993988,0.8669732159439363,1.1629414450465623
2009-10-22,1.4640809765831782,1.4866351709107477,1.6409475216847083,0.8703897248122378,1.1697805537539463
2009-10-23,1.4570699499298667,1.4773221252162896,1.628937961267391,0.8667722187569212,1.1624524480002496
2009-10-26,1.4516174339537113,1.4700828843022586,1.619608243596563,0.8639588787740471,1.1567561457662687
2009-10-27,1.4263641405227423,1.436697508233382,1.5766805220601945,0.8508961895106506,1.1304863759738528
2009-10-28,1.3895463226912674,1.3882998075888051,1.5146990750613667,0.8318041166099475,1.0924039397660863
2009-10-29,1.416559293053956,1.4234769662556526,1.559460365300689,0.8458718804706103,1.1200835998131347
2009-10-30,1.3728108458381516,1.3661089790379468,1.4861216760544895,0.8231623901767817,1.0749427628624217
2009-11-02,1.3793499703093195,1.3745707010840957,1.496845492897849,0.8265786330585102,1.0816009921943648
2009-11-03,1.384351550903259,1.381046607339051,1.5050577095308737,0.8291914191653244,1.0866966534253173
2009-11-04,1.3870401846862195,1.3845197967166698,1.5094584882042046,0.830598310812239,1.0894295831130727
2009-11-05,1.4263934282378958,1.4357315418240495,1.5745819752855121,0.8510968320489017,1.1297262912245298
2009-11-06,1.4360640717369997,1.4484016476100192,1.5907774921110405,0.8561211410889419,1.1396959486444824
2009-11-09,1.471328775206673,1.4947665869710762,1.6501704858777289,0.8744093139037757,1.176178877006334
2009-11-10,1.4755925134752261,1.500388949637809,1.6573951599470822,0.8766196623256046,1.1806029150234536
2009-11-11,1.4864723865365959,1.5147908315515932,1.6759388242273314,0.8822470515888811,1.1919352457323285
2009-11-12,1.4767235960193974,1.501804838387427,1.6591598376276093,0.8772226538866499,1.1817170277243978
2009-11-13,1.490716230039668,1.520338392689204,1.6830311071606825,0.8844574886729009,1.1963004250759348
2009-11-16,1.5082317601393165,1.5436092883588217,1.713067922750316,0.8935014754666698,1.214611468535292
2009-11-17,1.5136787964183183,1.5508523064548838,1.722428479624941,0.8963145494629711,1.220310742900011
2009-11-18,1.5039076668926739,1.537766084213734,1.7054549533521621,0.8912903290851218,1.2100136581818945
2009-11-19,1.476987563781576,1.501834665087457,1.6589468798644278,0.877424005722429,1.1817404972980767
2009-11-20,1.468414333169614,1.4904369384433491,1.6442420378993594,0.8730020676080971,1.1727720299523778
2009-11-23,1.4956133795131028,1.5264184769096587,1.6905358098555343,0.887070186117524,1.201084627969451
2009-11-24,1.489755501377657,1.5185924338600272,1.6804067906366187,0.8840559376098257,1.1949265919217151
2009-11-25,1.4971416168052887,1.5283851686712564,1.6930321748913364,0.8878742635277754,1.2026321480489979
2009-11-27,1.4710176128748298,1.493571160470998,1.6480233326934632,0.8744093139037757,1.1752382382399464
2009-11-30,1.4729471011799828,1.496097745665446,1.6512584821835128,0.8754138565278962,1.177226318628262
2009-12-01,1.4904327941772284,1.5192361144679127,1.6810362433743409,0.884457488672901,1.1954330813904606
2009-12-02,1.4927560815594363,1.5222972273084543,1.6849710278712113,0.8856632944706094,1.197841762648498
2009-12-03,1.485731357863603,1.5129253362782051,1.6728518532733547,0.8820460544018659,1.1904673535845915
2009-12-04,1.494671210199762,1.5247717337594173,1.6881168242733289,0.886668103081303,1.1997888641183911
2009-12-07,1.4864764551631207,1.5138396751461505,1.6739794733714264,0.8824478714515142,1.1911868144504396
2009-12-08,1.475951993851659,1.499831881214412,1.6558916070764433,0.8770218340240169,1.1801645776145508
2009-12-09,1.4930525326324475,1.5224705296540362,1.6850350509289131,0.8858645576441977,1.1979781281252124
2009-12-10,1.5016079955615824,1.533822009351239,1.6996757456412206,0.8902855204744287,1.2069102053866334
2009-12-11,1.4949680502067388,1.5249475739856981,1.688185810006486,0.8868691889305093,1.1999272265635264
2009-12-14,1.5113164354285082,1.5466709933739098,1.7162256638614084,0.8953096521900868,1.2170206157545032
2009-12-15,1.501549730714505,1.5336054749522667,1.6992943116477923,0.8902855204744288,1.206739822138549
2009-12-16,1.503875139001743,1.5366753443274879,1.7032457633694684,0.8914914149343282,1.2091553936035362
2009-12-17,1.4828081280840018,1.5085691663480187,1.6668837551309001,0.8806388967683786,1.1870396377785286
2009-12-18,1.5105879108841613,1.5454055427387894,1.7143528386609206,0.8949922415462783,1.2160248774767701
2009-12-21,1.5301091587355877,1.5714253979400707,1.7480100404666792,0.9050569074829311,1.2364989798130586
2009-12-22,1.5406629878272897,1.5855337957384623,1.7663016911015639,0.9104924317648663,1.2476003782678475
2009-12-23,1.5535757121318432,1.6028377739106006,1.7887734750333986,0.9171353577639482,1.2612162657192048
2009-12-24,1.5700316434558859,1.624953281952072,1.817550030284301,0.925590006974087,1.2786181755821697
2009-12-28,1.579440474359122,1.6376227734533149,1.8340632995589006,0.9304212097621118,1.288587349643231
2009-12-29,1.571959310367764,1.6274745295075168,1.8207846082524022,0.9265965001664097,1.280602055971433
2009-12-30,1.5774431764921453,1.6348502007782664,1.8303933846606388,0.9294146279075983,1.286405710420237
2009-12-31,1.5609264854995553,1.6124925904320768,1.801171190961832,0.9209598013730775,1.268813298829868
2010-01-04,1.587200000882728,1.647862562813551,1.8472450486817429,0.9344472711935932,1.2966446771587656
2010-01-05,1.5871855430259512,1.6478125280334182,1.8471609156035833,0.9344472711935932,1.2966053065627001
2010-01-06,1.5761623594539294,1.632855003095211,1.8275807880422212,0.928811281697789,1.2848357600408824
2010-01-07,1.5773255368460852,1.6343967879417192,1.829575674364025,0.9294146279075984,1.286048935920754
2010-01-08,1.59224193771806,1.6545269973220884,1.855847164929432,0.9370647563965308,1.3018886845940787
2010-01-11,1.5847524212604318,1.644345137046108,1.8425040197898592,0.9332394261654915,1.2938769394228777
2010-01-12,1.5619381415717755,1.6134382593109433,1.8020821884284033,0.9215641228669879,1.2695574121714825
2010-01-13,1.5842877864431852,1.6435214729669005,1.8412646808592208,0.9330379856675215,1.2932288273362438
2010-01-14,1.5858454684903427,1.645599025735074,1.8439616079559513,0.933843038361874,1.2948635800147494
2010-01-15,1.5646030003778846,1.616817111172448,1.8063164437015988,0.9229731424064869,1.272216111009599
2010-01-19,1.5936278653712466,1.655907280432456,1.8572473698657264,0.9378696317665015,1.302974780478783
2010-01-20,1.5672576496600175,1.6201366777205288,1.810422090730966,0.9243820732837947,1.2748281603346923
2010-01-21,1.5503668527339562,1.5973321915007728,1.7806739078723408,0.9157264268866409,1.2568841179494459
2010-01-22,1.4982247491830072,1.5272311558665204,1.6894842397697052,0.8889529277435795,1.2017240962524454
2010-01-25,1.5040631329416199,1.53496469348894,1.69944756879441,0.8919724959827382,1.2078093430563999
2010-01-26,1.5056101793021333,1.536995604989251,1.7020536248812708,0.8927773713527086,1.2094073953734343
2010-01-27,1.5192613790604657,1.5551441586002315,1.7254834359092972,0.8998233556721127,1.2236878493195629
2010-01-28,1.4742986459895935,1.495083084324663,1.6477195401578086,0.8766736575999294,1.1764279175623384
2010-01-29,1.4446971027969011,1.4559002910576562,1.5973225580683386,0.8613743759061656,1.1455963655431394
2010-02-01,1.4629315900549662,1.4798395692191728,1.627947091388364,0.870835695633009,1.1644333355087382
2010-02-02,1.4780848518891676,1.4998054103234124,1.6535551662573649,0.8786863779980016,1.1801437486081219
2010-02-03,1.4874177370611472,1.5121295322658896,1.6693902947556258,0.8835179354347905,1.1898411635976853
2010-02-04,1.4379074377104466,1.4464497159968661,1.5847776407451741,0.8579521039954487,1.1381600428028857
2010-02-05,1.4518619981010539,1.4647324133132085,1.6081310618781115,0.8651991741640587,1.1525460496788866
2010-02-08,1.4438815113841075,1.4561685251134444,1.5983267283925124,0.8589586858499623,1.1400381548085725
2010-02-09,1.4543048379585082,1.4666805511799539,1.6098649892063506,0.8678159500694683,1.1576363927333935
2010-02-10,1.4521814731294405,1.4645391171308004,1.6075144980243048,0.8660048474937484,1.15397668701616
2010-02-11,1.4675410398275224,1.4800293892956455,1.6245170053606157,0.8790890816695598,1.1800937802595828
2010-02-12,1.4696591500004592,1.4821655239730656,1.6268616798206688,0.8809007162184259,1.1837053854802861
2010-02-16,1.4828286012485263,1.4954470434393468,1.6414398053538852,0.8921738478185175,1.2063872167195782
2010-02-17,1.4886845062181935,1.5013527804653097,1.6479220889472066,0.8972062251179395,1.2165571753109619
2010-02-18,1.495232408899209,1.5079564039028457,1.6551703899937016,0.9028429239112716,1.2279843521910423
2010-02-19,1.4947668256656867,1.5074868586907695,1.6546550055105822,0.9024403089019044,1.2271250645194036
2010-02-22,1.4906283698293405,1.5016914657597222,1.6470223810681592,0.9006285856908475,1.2233891964652495
2010-02-23,1.468391446180741,1.4724430742607462,1.6095798020151004,0.8889529277435797,1.1995612884097615
2010-02-24,1.4855851301995817,1.49490367140513,1.6382076995892159,0.8980113664744829,1.2178593559683302
2010-02-25,1.4851887064287062,1.4943550395722078,1.6374892792598648,0.8978102806252766,1.2174123998042061
2010-02-26,1.491302054262109,1.5023498817506216,1.6476930119672586,0.9010311120380239,1.2239255909433513
2010-03-01,1.5161919784272073,1.5350239852965633,1.689481722728574,0.9141159668491723,1.2505443379987387
2010-03-02,1.521553001406476,1.5420742750401277,1.6985171132189578,0.91693400592817,1.256288026699708
2010-03-03,1.523459534032164,1.544565131897018,1.7017001533652028,0.9179405877826835,1.2583172633559336
2010-03-04,1.5292076490690159,1.5521370303768425,1.7114149369941845,0.9209598013730782,1.264485893203119
2010-03-05,1.5557170528804412,1.5872031926762353,1.7565056493240567,0.9348501521895343,1.2930533886552364
2010-03-08,1.5591673420623662,1.591760359046314,1.7623686768762439,0.9366616980762092,1.2967659942275327
2010-03-09,1.5691719497982042,1.605052023083589,1.7795191250702298,0.9418956931979834,1.307594369134772
2010-03-10,1.5838120456866203,1.624553635765891,1.8047254061961884,0.9495449350650057,1.323481828585111
2010-03-11,1.5907467538079132,1.6338004101681725,1.8166907807715564,0.9531680268383557,1.3310149365262816
2010-03-12,1.5911183539597231,1.6342669395222575,1.8172769431479932,0.9533694673363257,1.3313950059244473
2010-03-15,1.5864658675025773,1.6279986011884575,1.8091234414426047,0.9509542205910773,1.3262883528121314
2010-03-16,1.5980369018522433,1.6434549943437093,1.8291430275264546,0.9569932684072038,1.3388802765418757
2010-03-17,1.6030464863788907,1.650143339325941,1.8378084732780104,0.9596098669882311,1.3443290982073535
2010-03-18,1.6092195350634964,1.6584000341802634,1.848517477103762,0.962831053049742,1.3510556139488397
2010-03-19,1.5980107684865676,1.6433012627873806,1.828863423946661,0.957007277033383,1.338755035419144
2010-03-22,1.6146332453782135,1.6655619460397453,1.8577453384285554,0.9656724102849747,1.3568902383005828
2010-03-23,1.6274049595380293,1.6827143992295368,1.8800461602081264,0.9723224292593372,1.370863898272507
2010-03-24,1.6184684198733903,1.6706297355813662,1.8642743525565852,0.9676875245622041,1.3610188353636565
2010-03-25,1.6157405626336396,1.6669251374690317,1.8594318859003172,0.9662771750898401,1.358000795099585
2010-03-26,1.6176625203602502,1.6694796739498645,1.8627369475820066,0.9672845549040727,1.360081909898387
2010-03-29,1.626559685971859,1.6814211677428836,1.878259884258994,0.9719194596012057,1.3698103360292802
2010-03-30,1.6327496940350383,1.6897350762653742,1.8890751601179403,0.9751437488394021,1.3765834622664128
2010-03-31,1.6238096003546807,1.677634602052739,1.8732726196235072,0.9705088441422688,1.3667255188996275
2010-04-01,1.6237942090608921,1.6775815971375805,1.8731838404672918,0.9705088441422688,1.3666823371662
2010-04-05,1.641223896668634,1.7010299257843304,1.903706001163202,0.9795771243763738,1.3857850840324397
2010-04-06,1.6466445793630928,1.7083251019307275,1.91321094266882,0.9823986212808207,1.3917282753519016
2010-04-07,1.6419665128684304,1.7019617156665425,1.9048763732198934,0.9799798280479319,1.3865441891490804
2010-04-08,1.6462228807867352,1.7076835519201838,1.9123276206873077,0.9821969147962775,1.3912056211517632
2010-04-09,1.657471401665229,1.722870462984367,1.9321488271820924,0.9880409057921863,1.4035780047919675
2010-04-12,1.6590089149287928,1.7249182496213593,1.9348055183347974,0.9888469337706397,1.4052462835998882
2010-04-13,1.6687133287420544,1.7380458835018529,1.951964306394815,0.9938848967880951,1.4159410273809763
2010-04-14,1.6916544155165458,1.7691788047517865,1.992735920310845,1.005774585264456,1.4413042130819107
2010-04-15,1.700213391739827,1.7808202758055107,2.008012863617248,1.010207872139237,1.4507882184470766
2010-04-16,1.6767950389839021,1.7487921836070077,1.9658585339516412,0.9981167431649058,1.4246957601276051
2010-04-19,1.6756088740364738,1.7471405767869446,1.9636690939998453,0.9975120670222314,1.4233502387694936
2010-04-20,1.6853248003192605,1.7603210040810968,1.9809313626955916,1.0025498527153047,1.4340879919792076
2010-04-21,1.6962180346097053,1.7751280646493333,2.000350408303932,1.0081929351863896,1.4461509212450554
2010-04-22,1.7071184721976802,1.789973323972436,2.019846247108662,1.0138351310355644,1.4582449700484965
2010-04-23,1.7152974731665578,1.8011248704673608,2.034505861203956,1.0180673320611393,1.4673298465473243
2010-04-26,1.7109834790608003,1.795177228134664,2.026643622506613,1.015850333974985,1.462484456172425
2010-04-27,1.6692026495414232,1.737964379388102,1.9512676120879862,0.9942880437706084,1.415874628087577
2010-04-28,1.6703541879194705,1.7394947637061882,1.9532515968791355,0.9948927199132828,1.4171213926087025
2010-04-29,1.7037990159448337,1.7848905591022568,2.0127008742813586,1.0122229864164662,1.4541041729725774
2010-04-30,1.6651660187235782,1.7320669618164182,1.943186416020346,0.9922732841421429,1.41107015452643
2010-05-03,1.691981168562917,1.7684104044022457,1.9907318740151176,1.0061775549225873,1.4406782171915278
2010-05-04,1.6335103379204094,1.6886649612257814,1.885978144925535,0.975950131466619,1.375711667221782
2010-05-05,1.6237975013894395,1.6755358789443566,1.8688513069757067,0.9709120797869726,1.3650157434659176
2010-05-06,1.5613813480075196,1.5914979708878527,1.7594759444839867,0.938467480920468,1.2965522333814052
2010-05-07,1.516641212165811,1.5319854520871432,1.6826981145712285,0.9150916055990234,1.2480689235835507
2010-05-10,1.6072689426931153,1.6503810898971965,1.835647497694984,0.9626494728825571,1.344522787448425
2010-05-11,1.6053198037574354,1.6477608821101886,1.8321994441401228,0.9616422703927064,1.342388171935046
2010-05-12,1.6401220040440754,1.6939499823199546,1.8925837204412173,0.9797786535365346,1.3800172372121073
2010-05-13,1.6102354199354851,1.6539802596756539,1.8400409951197039,0.9642617948260372,1.3474549379757514
2010-05-14,1.5746168308879354,1.6066121008312622,1.7780427669816212,0.9457222646996959,1.308865324124972
2010-05-17,1.5803877563815416,1.6116087217361192,1.787892904185763,0.9487450247777309,1.3129359419404245
2010-05-18,1.5552800830828264,1.5871809716477836,1.744609619973803,0.9356461613404031,1.293035285758095
2010-05-19,1.5410128472942788,1.5732917563379305,1.7201977627063914,0.9281903803741602,1.281720101284527
2010-05-20,1.475205021366427,1.5091834834660969,1.6083542954169223,0.8937304899060441,1.229492749512391
2010-05-21,1.493934691233273,1.527472392079793,1.6393754496654447,0.9036048867807936,1.244392250324175
2010-05-24,1.4870225165870772,1.5210761786744498,1.6277718277033402,0.8999778052088483,1.2391814206985141
2010-05-25,1.4885402566527008,1.5224699708323686,1.6302461424142158,0.9007840105116838,1.2403169071196567
2010-05-26,1.4693774429738728,1.50501731671513,1.5982553123371988,0.8907077298280089,1.2260986812167263
2010-05-27,1.5332083721868812,1.5632803330416836,1.7038559585810846,0.9243612376689075,1.2735640536668011
2010-05-28,1.5228157720657962,1.5538497104177198,1.6862247527681828,0.918920482317703,1.2658811693345915
2010-06-01,1.5123196611954195,1.5433344771270525,1.6735905995766995,0.9104567895640813,1.2544172196594006
2010-06-02,1.5373924721768821,1.5689214840403884,1.7013371281977523,0.9320188137818846,1.2834787584200702
2010-06-03,1.5476324954124285,1.5793715107850705,1.7126691283470534,0.9408857421802106,1.2954237434846343
2010-06-04,1.510509215992078,1.5414869031167684,1.671587091885101,0.908642761136058,1.2519973247402212
2010-06-07,1.491284228127471,1.5218676471121586,1.6503119872939525,0.8921183452869459,1.2295876561678842
2010-06-08,1.4893992524677888,1.5199440141668372,1.6482260013576318,0.8905062893300388,1.227401558082443
2010-06-09,1.4806709830192193,1.5110367444200534,1.638566965589921,0.8830501537150318,1.217289824842868
2010-06-10,1.510237952762631,1.5412100767915378,1.6712869016525316,0.9082397028157357,1.2514558080999627
2010-06-11,1.5203250096292587,1.551504000116387,1.682449623385607,0.9169050133917095,1.2632038347692447
2010-06-14,1.5200934700114632,1.551267712058952,1.6821933928162935,0.9167037502181216,1.2626447644554895
2010-06-15,1.5486309903477131,1.5803904829629782,1.7137741009135647,0.9412882685273868,1.3019574950982953
2010-06-16,1.5530425068505544,1.5848924713255894,1.7186560532801674,0.9451178545435944,1.3080960975278104
2010-06-17,1.5565209162971199,1.5884422163710286,1.7225053938003116,0.9481408806082026,1.312942174124857
2010-06-18,1.557426785371293,1.5893666631066015,1.7235078630572314,0.9489281122021624,1.3141951041722937
2010-06-21,1.541466576324276,1.570850303631355,1.6959402983044238,0.9408517845610544,1.2994908176400446
2010-06-22,1.5277576130337267,1.5550890145819565,1.6729329517402969,0.9335834354666024,1.2864522420695295
2010-06-23,1.520523697981665,1.5467759413800244,1.660824333162723,0.9297471111238781,1.2795752263110531
2010-06-24,1.4939297311058273,1.5162664865563593,1.6165669576187238,0.9156144465393973,1.254336184562196
2010-06-25,1.494258096915533,1.5166301244430453,1.6170549449576155,0.9157969133284917,1.2546370051391804
2010-06-28,1.4898933346348182,1.5119779752025082,1.6113612572915073,0.9125597680725993,1.2479601839008863
2010-06-29,1.4496665755621354,1.4711549361850325,1.5678548937356165,0.8773596369717576,1.1780089001811112
2010-06-30,1.434226519216449,1.4554860123850037,1.5511560415242027,0.864008529601012,1.1519387263058258
2010-07-01,1.4314076797683517,1.4526253893712096,1.5481073879249152,0.8615809588112135,1.14720477060701
2010-07-02,1.4285864927163026,1.4497623839550062,1.5450561953263802,0.8591534766836061,1.1424773213409916
2010-07-06,1.431655067702135,1.45287644432831,1.5483749448853719,0.8617833745932847,1.1476249353821302
2010-07-07,1.4636506703404721,1.4853463167466294,1.5829790828438435,0.8892956957740156,1.2025452609192768
2010-07-08,1.4692459084224048,1.4910244928611431,1.5890304891163323,0.8941507486914215,1.2123551770068968
2010-07-09,1.479020111501442,1.5009435786353496,1.5996015627605544,0.9026468918069522,1.2295964966525845
2010-07-12,1.4820420494680724,1.5040103106904288,1.6028698730806084,0.905277144365395,1.2349202044384466
2010-07-13,1.4954898257923857,1.5176574229669564,1.6174140188002963,0.9170103440746268,1.2588650313858736
2010-07-14,1.5008029755121735,1.5230493293326839,1.6231603386297986,0.9216629812099616,1.2683962041047345
2010-07-15,1.501727358161833,1.5239874140763725,1.6241600842853752,0.9224723783516734,1.270025453031366
2010-07-16,1.472682334544848,1.4945118570165232,1.5927470799544325,0.8969827963965985,1.2174003971334428
2010-07-19,1.4815223730215914,1.5034829310968396,1.602307828488073,0.9046700743435633,1.2330052504292204
2010-07-20,1.4940470710561526,1.5161932823240707,1.6158536392538576,0.9155942315598474,1.2552996451407792
2010-07-21,1.479721990338921,1.501655861400068,1.6003606643282544,0.9030514573845216,1.2294653587999615
2010-07-22,1.5059441495377048,1.528266710814018,1.6287206619423167,0.9259113187542998,1.27611066129366
2010-07-23,1.5126254386216342,1.5350470364292998,1.6359466627091752,0.9317781845954888,1.2881991886344815
2010-07-26,1.5262793881147205,1.5513125283963607,1.6577603076954306,0.9394651965558805,1.3025411291412876
2010-07-27,1.525508732141078,1.5503616898633885,1.6564318909600215,0.9390604536539291,1.3017427688665537
2010-07-28,1.5115108941823931,1.5334128298179495,1.6332482283376633,0.9315754141646535,1.2875118599445037
2010-07-29,1.4986627487189312,1.517882263024362,1.612068290004908,0.9246973560350186,1.2744718040968046
2010-07-30,1.5024192720607927,1.5223920936096427,1.6181643910955992,0.9267204499094387,1.2782584297542792
2010-08-02,1.534839463863407,1.5650087401924535,1.6712406084035585,0.9441180110155974,1.3140409906142576
2010-08-03,1.5272615706297985,1.5549001467166257,1.6586291221412122,0.9400724439020944,1.3055534302297322
2010-08-04,1.5450094853601946,1.578438693458712,1.687905323558376,0.949579601981689,1.3253172912767879
2010-08-05,1.5408314109477645,1.5728408926859974,1.680903939859463,0.9473544469739618,1.3206171643805416
2010-08-06,1.5381683019613848,1.569264993179443,1.6764277991144751,0.9459384231213733,1.3176147028547662
2010-08-09,1.550257867923439,1.5853190790989609,1.6964168732937301,0.952412181660012,1.3310943253152103
2010-08-10,1.5347175549618834,1.5645602499038556,1.6704831907994961,0.9441180110155974,1.3136644210731587
2010-08-11,1.4866753275257696,1.500647949197629,1.590853173099859,0.9184263679272154,1.2600012172995372
2010-08-12,1.4731042612702538,1.482751330577766,1.5687019525735735,0.9111436555578201,1.244974534153347
2010-08-13,1.461054137645094,1.4669023926848623,1.5491232054235773,0.9046700743435635,1.2316671617955326
2010-08-16,1.462231924627319,1.4675714782330889,1.5494425128412739,0.9062886913026051,1.2349286994022246
2010-08-17,1.4752566521183712,1.4806437674203863,1.5632440624811865,0.9178194752297657,1.258457743119801
2010-08-18,1.4793555219365209,1.4847576048608047,1.5675873975184527,0.9214608314144634,1.265907188336951
2010-08-19,1.463670516019239,1.469015322851754,1.5509669048503023,0.9075022993731223,1.2371028338988448
2010-08-20,1.4650429221603483,1.4703927405344908,1.552421164180922,0.9087163507545944,1.2395463158416369
2010-08-23,1.4550026590675662,1.46031581395345,1.5417820786746794,0.8998149327639664,1.2212889202196424
2010-08-24,1.4359992290699786,1.4412429901535135,1.521645244132806,0.8830243530174484,1.1870663057694844
2010-08-25,1.445673069984379,1.4509521565120285,1.5318960532710728,0.8915208507817431,1.2041618038614736
2010-08-26,1.433504976039609,1.438739628993621,1.51900222860432,0.8807995526584852,1.1824022325914525
2010-08-27,1.4457208948496068,1.451000156016742,1.5319467305118761,0.8915208507817431,1.2039537510032103
2010-08-30,1.4351623970500333,1.4404031023191284,1.5207585016906722,0.8822153105245005,1.1850617649899031
2010-08-31,1.4317084231404804,1.4369365157189808,1.5170985255107172,0.8791807583750615,1.1789101884247755
2010-09-01,1.4616883859377436,1.4670259547325397,1.5488665563607609,0.9054794714852752,1.2317699296169746
2010-09-02,1.4731194546679505,1.4784987656810828,1.5609793980786075,0.9155942315598474,1.2523708694648008
2010-09-03,1.4902087170525558,1.495650432005206,1.5790879000240532,0.9307665489960877,1.2834612967244936
2010-09-07,1.4779757496982722,1.4792846059089906,1.5587260384979151,0.9244955608882843,1.2704440726375874
2010-09-08,1.4984162802392018,1.5059415753655117,1.5914797024110348,0.9356212472647295,1.2933376988574778
2010-09-09,1.505109120702939,1.5146864359225944,1.6022448847619997,0.9392628694360002,1.3008479887749216
2010-09-10,1.5114322333933987,1.5229575140747138,1.6124355185572432,0.9427018098386267,1.3079513833284162
2010-09-13,1.5356606082227031,1.5547681965091404,1.651709584195446,0.9558509447382562,1.3352711382856042
2010-09-14,1.543121897449835,1.5645915693827221,1.6638674085051839,0.9598972211492873,1.343707679699406
2010-09-15,1.5543270744792583,1.579380274623952,1.6821981361586316,0.9659661481237836,1.3564085641949626
2010-09-16,1.5614247377040886,1.5887569428457982,1.6938320254266468,0.9698097427661704,1.364461465249938
2010-09-17,1.5674916538627373,1.5967783441128107,1.7037914534604774,0.973094410956443,1.3713504314794362
2010-09-20,1.5990274012173016,1.638645758778559,1.755890016697851,0.9901272158087948,1.4073071423018786
2010-09-21,1.5986356232389696,1.6380905005983277,1.7551773331518103,0.9899244453779595,1.4068302736445284
2010-09-22,1.5937249806028269,1.631495660805674,1.746914880956212,0.9872884297771013,1.4011664716343513
2010-09-23,1.5929567068336963,1.6304384387545783,1.745575799295315,0.9868827115910488,1.4002585047137794
2010-09-24,1.630205512744563,1.6801358153143742,1.8076321851268962,1.0069575162168845,1.4429397691735242
2010-09-27,1.6199945711076917,1.6663735978137855,1.7903368510113484,1.0014821826111868,1.4311204562569075
2010-09-28,1.6192254737733005,1.6653096601935373,1.7889843965507295,1.0010769963982804,1.4302067218491397
2010-09-29,1.6161926968017046,1.6612091835182723,1.7838263482806838,0.9994548329515984,1.426685136978811
2010-09-30,1.6078814400396744,1.6500344442413548,1.7698080236713876,0.9949937948110319,1.4170880106240034
2010-10-01,1.6056054331969576,1.646956177594612,1.7659373855349898,0.9937772608882115,1.4144443235338173
2010-10-04,1.585620467528161,1.6201819079591369,1.732423210771036,0.9830303393917523,1.3914499571882768
2010-10-05,1.629989173537768,1.6792848753436247,1.8061355912185995,1.0069575162168845,1.4422089621079393
2010-10-06,1.6137423269969926,1.6574206352919214,1.7786817197396696,0.9982380330422047,1.4234314435253381
2010-10-07,1.6205131510596869,1.6664597906826273,1.789980501125078,1.0018881667838122,1.4311944807001322
2010-10-08,1.633321103815318,1.6836079210744088,1.811450975984111,1.0087820067834465,1.4459216944668627
2010-10-11,1.6340599131855136,1.684566139800029,1.8126330962363606,1.00918781363169,1.446744635025692
2010-10-12,1.6468814075409373,1.701774824848988,1.8342174073304065,1.0160816536313244,1.4615238545423468
2010-10-13,1.6623631049042071,1.722608983464393,1.8603964583469612,1.0243958619309066,1.4794167151964792
2010-10-14,1.6585632030371498,1.717440050881528,1.85386421181152,1.0223680689603631,1.4749775155079725
2010-10-15,1.6990246682484507,1.7720565336599787,1.9226255556642067,1.0440644163975437,1.5218834229560925
2010-10-18,1.6917963999284304,1.762185246104058,1.9101080276160518,1.040211512225101,1.5134057312971472
2010-10-19,1.673576661052012,1.7373979385069076,1.8787420137921746,1.0304787088693912,1.4921178142271971
2010-10-20,1.6875729134026924,1.7563169092605744,1.9025901423066642,1.0379810374859133,1.5083658669402384
2010-10-21,1.6913484816306477,1.7614088330312994,1.9090056983880244,1.0400088304564568,1.512738929667316
2010-10-22,1.7046050841020797,1.7793828690611946,1.9317127153388434,1.0471055295491174,1.5281754504317047
2010-10-25,1.7140777710519348,1.7922434552027662,1.9479791366493147,1.0521747903199987,1.539220421337871
2010-10-26,1.719380134601213,1.7994408024929576,1.9570853469052012,1.0550136650138833,1.545401670819555
2010-10-27,1.725444934703203,1.807685451645195,1.967526346807153,1.0582582578938202,1.55248236753241
2010-10-28,1.7296107888168255,1.8133437752713937,1.97469094064837,1.0604886439708168,1.5573418676470292
2010-10-29,1.725030551621059,1.807046062239508,1.9666694234596087,1.058055221476412,1.5519332450191912
2010-11-01,1.7265345885307584,1.809063883417238,1.9692093035008125,1.0588667465107082,1.5536661968424237
2010-11-02,1.7478102945180998,1.8381068985398954,2.006071808241373,1.070221624650909,1.578609014652274
2010-11-03,1.756933192693718,1.850586196940838,2.021940544560571,1.075087849004382,1.5893265267664562
2010-11-04,1.7816871884575145,1.8845600632427881,2.0652258474537906,1.088268104333055,1.618504074410422
2010-11-05,1.7816705200843967,1.884501293947219,2.065129242518814,1.088268104333055,1.6184536019706288
2010-11-08,1.7843251575910164,1.8881246404579486,2.0697382114720724,1.089687763335475,1.6215654163431172
2010-11-09,1.7732347463487577,1.8727814519913315,2.050094473592833,1.0838071548546797,1.6083883287394798
2010-11-10,1.7835188121649375,1.886912865390281,2.068120704301449,1.0892817791628493,1.620524715692317
2010-11-11,1.7705211045107572,1.8689406086231164,2.04511792019197,1.082387761838833,1.6050897230002013
2010-11-12,1.7373194803994483,1.8231912740507403,1.9866910235405575,1.0647466456939754,1.5657991289506037
2010-11-15,1.7296924617230562,1.8127125578503136,1.9733464294886087,1.0606916803882254,1.55679976342452
2010-11-16,1.6969728651715097,1.7679517835824543,1.9164773131170212,1.043252980025439,1.5183581679883749
2010-11-17,1.7026466147151487,1.775628087370448,1.9261653150522753,1.0462946251501588,1.5249507564654443
2010-11-18,1.734125603970139,1.8184136698846012,1.9802935812814408,1.0631242162607204,1.5616960112205638
2010-11-19,1.7356309302850539,1.8204379059522529,1.9828447513611158,1.0639353866462524,1.5634344723006661
2010-11-22,1.752351131449207,1.843274076802762,2.01184086418871,1.0728575515895762,1.5830467076899077
2010-11-23,1.7203414954249283,1.7993207422240902,1.9558514404412024,1.0558250127237974,1.5452985602644043
2010-11-24,1.760219656719537,1.8536890901241945,2.0247786087800823,1.0771158192993073,1.5919913636998475
2010-11-26,1.7468639661867513,1.835305459159189,2.001328695466977,1.0700186768956916,1.5762030732655692
2010-11-29,1.7453220604883566,1.8331523413224986,1.998565535987534,1.0692074178479687,1.5743539255205123
2010-11-30,1.7209443930112323,1.799719850095025,1.9560202736779875,1.0562301102745129,1.545641323399332
2010-12-01,1.7627217002493776,1.8566716565187407,2.02821385120722,1.0785352123151541,1.5945528611845525
2010-12-02,1.783284374953743,1.8848864123838989,2.0641510498807922,1.0894844609314935,1.6187843506535995
2010-12-03,1.7886113376298662,1.8921945608801463,2.073466565483464,1.0923233356253779,1.625060758791645
2010-12-06,1.7878299110208178,1.8910763428827027,2.0720130322678862,1.0919182380746624,1.6241004071317318
2010-12-07,1.7889584453331742,1.8925971403544404,2.073935328839383,1.0925265493671683,1.625406503420393
2010-12-08,1.7965773757927819,1.9030744312241117,2.087308323414758,1.096581514672918,1.6344046448392275
2010-12-09,1.798471152642984,1.9056546377137564,2.0905881413089737,1.0975956328136673,1.6366205862664933
2010-12-10,1.8122092034626824,1.9246056711257455,2.1148216080633047,1.1048951909993543,1.6528961751372528
2010-12-13,1.8049239959123191,1.9144734858439467,2.1018081238740125,1.1010427301378665,1.6441944184349195
2010-12-14,1.8087294173955326,1.919701763774156,2.1084826520021136,1.103070345784028,1.6486845852899008
2010-12-15,1.799535903329569,1.9069378181701322,2.0921049330441623,1.0982039441061733,1.637722611528174
2010-12-16,1.8155675068835126,1.9290603496165546,2.1203989190255434,1.1067203908634446,1.6567219567762614
2010-12-17,1.8173895689475912,1.9315491396809685,2.1235686107422995,1.1076951429913864,1.6588593876484168
2010-12-20,1.8189050839343934,1.9336105063529536,2.126188798708555,1.1085080866207384,1.6606297373563061
2010-12-21,1.831540056506357,1.9510933423340813,2.1485946495473325,1.1152129874913348,1.6756444040785834
2010-12-22,1.8311383727333488,1.950498009207097,2.1478073548415013,1.1150094191007804,1.6751331181236015
2010-12-23,1.8257496150067618,1.9429738468016182,2.1381187532322214,1.1121652246754357,1.6686711922092645
2010-12-27,1.8268810868473857,1.9445017267169251,2.1400545718784767,1.1127750432251884,1.6699833710654157
2010-12-28,1.8230268464902526,1.939113550151739,2.1331137397707796,1.1107427284829035,1.6653558795386185
2010-12-29,1.8276119421194286,1.945438050845484,2.1412082982639244,1.1131810273978138,1.6707875080343557
2010-12-30,1.8226075819777738,1.9384530353537905,2.13221689771225,1.110539514741113,1.6647886140465076
2010-12-31,1.8149217867441347,1.9277541814866535,2.118465110825156,1.1064763038515995,1.6556001891651657
2011-01-03,1.8474794227719362,1.9728203261456907,2.176219348622443,1.1237461914027065,1.6943040438054433
2011-01-04,1.845925040073615,1.9706176247868024,2.17336181009071,1.1229332477733545,1.6924123125767045
2011-01-05,1.8639597787950641,1.9956925664597431,2.2056029344506416,1.132482520393678,1.7139472564900469
2011-01-06,1.870864556845686,2.0052970872386395,2.2179636705317805,1.1361397471105659,1.722195842627787
2011-01-07,1.8689228218503313,2.0025440853768037,2.2143880049630513,1.1351236784016143,1.719831500510416
2011-01-10,1.876981602011588,2.0137643010900557,2.2288371422255886,1.1393902803573004,1.7294676830879105
2011-01-11,1.8800431874095722,2.0180100409909296,2.2342961089762423,1.1410157243050496,1.7331140233996263
2011-01-12,1.8954245679483646,2.039506283212785,2.2620394872742517,1.1491425893950318,1.7515754968751494
2011-01-13,1.896177607352657,2.0405241194314407,2.2633328099528365,1.1495490168786124,1.752449638325511
2011-01-14,1.9123463231223632,2.0631800387151498,2.2926270805161786,1.1580821321277932,1.7719070694710592
2011-01-18,1.9184982569268487,2.0717901320888608,2.3037606663261596,1.1613330200232916,1.779301618192646
2011-01-19,1.8933904696360613,2.036384179848838,2.257804424166975,1.1481264320238893,1.748894161791255
2011-01-20,1.8779605500163326,2.0146989838693967,2.2297303435843454,1.13999983292048,1.730270410427915
2011-01-21,1.861392181661437,1.991475784200145,2.1997213796006645,1.131263415267318,1.7103257856750935
2011-01-24,1.890974830770117,2.032715162150927,2.252838871610734,1.1469077702084847,1.7457431239395163
2011-01-25,1.894038363482395,2.036971500188844,2.2583186142102236,1.148532948169661,1.7493985661781588
2011-01-26,1.9055801101521737,2.0531227735407604,2.279185518584845,1.1546283851392685,1.7632696559018857
2011-01-27,1.9190585066533743,2.072025176863675,2.303642586044454,1.1617394475068723,1.7795034801195355
2011-01-28,1.8630763349293498,1.9931449773679024,2.201304530357583,1.132279483976269,1.7117593276436867
2011-01-31,1.8734360657911369,2.007557978793014,2.219849790707483,1.1377648364095505,1.7241375489516804
2011-02-01,1.9138146240479208,2.0639576079522963,2.292584039572232,1.1590981121745534,1.7725748640417938
2011-02-02,1.9103242424085178,2.059008075567369,2.2861457988816394,1.157269454485014,1.7683240903531874
2011-02-03,1.9141629891384617,2.064365332089687,2.2930613847203363,1.1593011485919618,1.7729250270270298
2011-02-04,1.9264901561557193,2.0816663254750423,2.315457872905927,1.1658027470585768,1.787783523092877
2011-02-07,1.9368946663468283,2.0962858419147503,2.334402304602064,1.1712884541406225,1.800339104305217
2011-02-08,1.9515587407701385,2.116946673380439,2.361220076418667,1.1790091577335973,1.81808310756632
2011-02-09,1.9476721457052002,2.111407221085681,2.353987002781802,1.1769770203156944,1.8133256969196994
2011-02-10,1.951134501655378,2.1162630914242277,2.3602786961289657,1.178805943991807,1.8174960314614508
2011-02-11,1.9673587334222864,2.1391761261134232,2.3900684600904003,1.1873390592409878,1.8371742793055432
2011-02-14,1.9727585525774756,2.14679013374218,2.399966173666633,1.1901834309907149,1.8437133663901597
2011-02-15,1.9696420484773576,2.1423256846476693,2.3941183940967425,1.1885581643673477,1.8398791935291312
2011-02-16,1.984337392084969,2.1631335313495277,2.4212226337477247,1.1962788679603225,1.8577494568990958
2011-02-17,1.9835437825658477,2.1619645983570592,2.419671328427825,1.1958724404767418,1.856745550020284
2011-02-18,1.978487405383399,2.1547355772775814,2.410207331427082,1.1932311938066142,1.8505370983506668
2011-02-22,1.9126061355634496,2.0611025299660217,2.287988999566707,1.1586915073665909,1.7701228565713645
2011-02-23,1.894461958262463,2.0355597004297707,2.254884915755193,1.1491425893950316,1.7481860796637307
2011-02-24,1.905999920017693,2.051691450607378,2.2757096885049375,1.155237760378066,1.7620404024306593
2011-02-25,1.9364359659386927,2.094386151883785,2.330935128063868,1.1712884541406223,1.7987076062621448
2011-02-28,1.941050702428436,2.1008516168982836,2.3393028531643907,1.1737263984067687,1.8042602981996558
2011-03-01,1.9050980851318167,2.0500561432086024,2.273290747311153,1.1548315988810585,1.7606359623496795
2011-03-02,1.916643242356968,2.0662219548812577,2.2941809448426596,1.1609265925397108,1.77451953792186
2011-03-03,1.960213944652606,2.127449232236908,2.373469689862058,1.1838848689415078,1.8271029497207176
2011-03-04,1.9485899844119676,2.1109538225073474,2.351975010642419,1.1777897866206644,1.8129363076608072
2011-03-07,1.9184186879439435,2.0682776087022083,2.296474992656981,1.1619423065998984,1.7762849813002266
2011-03-08,1.9272735460871262,2.0806906458391357,2.3125309705319044,1.166615336039165,1.7869455866976236
2011-03-09,1.912201828420733,2.0594279214311504,2.284936625897258,1.1586915073665909,1.7686846637593683
2011-03-10,1.877866563934196,2.01115650562157,2.222430085597488,1.1406091194970864,1.7272280476030595
2011-03-11,1.8913131186648533,2.0299030596015513,2.246576033975296,1.1477202705268814,1.7433280247752092
2011-03-14,1.8835945402059544,2.0190573073685485,2.232547597972533,1.1436570596373676,1.734013440155945
2011-03-15,1.8527917073479807,1.975952334686206,2.1769180578742686,1.127403240795212,1.6969938856856701
2011-03-16,1.8013215918847834,1.9043178095626232,2.0848222466583577,1.1001783624377288,1.635472487115081
2011-03-17,1.8204326052454514,1.930635166685156,2.1184149324114387,1.1103369216346588,1.658074446352846
2011-03-18,1.8156969676623589,1.924048556635531,2.1099616576170845,1.1078340766446946,1.6524177122376558
2011-03-21,1.8393926063922026,1.9484848139468842,2.1362316021243744,1.1291974088924492,1.7001616663321408
2011-03-22,1.8370737753489095,1.9460284557674157,2.1335385608794244,1.127162611608816,1.6955138455578465
2011-03-23,1.8442711466085184,1.9536526946335229,2.141897435370692,1.1334701285393147,1.7096937350154011
2011-03-24,1.8672138311626885,1.9779560827680744,2.1685425831286356,1.1536124050925074,1.7552144005164907
2011-03-25,1.8704422689204787,1.9813759953642034,2.172292022340099,1.1564607666408298,1.7616612733054158
2011-03-28,1.8578510379287203,1.9635168895983335,2.1491715719083038,1.1501536930212861,1.7471918922371261
2011-03-29,1.8786205251579084,1.992111450880418,2.1856640871949033,1.1613437481484032,1.772636127475844
2011-03-30,1.8888225565529628,2.0061849492530794,2.2036559685971606,1.1668372575032577,1.7851591174141463
2011-03-31,1.891835117879509,2.0103209529348005,2.2089336644116115,1.1684649180057822,1.78883944842492
2011-04-01,1.892955019711084,2.0118361096728234,2.210853681645293,1.1690756231774453,1.790187676994873
2011-04-04,1.8857384580462795,2.0017941173165643,2.197956241100568,1.1652095083385423,1.7812520331408737
2011-04-05,1.880040562372171,1.9938676022886885,2.1877801426481476,1.1621572237509017,1.7741987998003481
2011-04-06,1.8853233556625908,2.0011387088600725,2.1970660628796828,1.1650060286101789,1.7806688324832414
2011-04-07,1.8837916408126283,1.998981521390338,2.1942809512966557,1.1641921096967256,1.7787493071269167
2011-04-08,1.8735520379217145,1.984772297332661,2.176061959065893,1.1586985116796802,1.7661055447024272
2011-04-11,1.8663476132282217,1.974779952603983,2.1632581954360295,1.1548334607870694,1.7572140786871002
2011-04-12,1.8515830781162,1.9543667424864695,2.1371480309218955,1.1468983720162373,1.7390498370649419
2011-04-13,1.8696975168847034,1.979269906711875,2.1688974233654927,1.1566642463691932,1.761209364622955
2011-04-14,1.8658985709733285,1.973987703235925,2.162122435243112,1.1546298037343241,1.7565091131837047
2011-04-15,1.8621004026488313,1.9687101006060683,2.1553565248177295,1.152595183775073,1.7518129557051607
2011-04-18,1.84696209308503,1.9477958863459754,2.128620490793791,1.1444567039380689,1.7332029066746075
2011-04-19,1.8601607206791289,1.9659154448404774,2.1517009748381994,1.1515774304844928,1.7493261933446735
2011-04-20,1.908521807243511,2.0325451059032345,2.2367600287847442,1.1776205304980305,1.808615117319843
2011-04-21,1.9259476261703155,2.0567141650679157,2.2677678262661223,1.1869796227186418,1.8301214177948895
2011-04-25,1.9316237037854174,2.0645803572733152,2.277862594142598,1.1900314639953276,1.837120974211674
2011-04-26,1.9441395320187906,2.081990953471462,2.300250329854332,1.1967458517203617,1.8526134065291977
2011-04-27,1.9593257128149397,2.1031652224567505,2.327520166463689,1.2048840655707933,1.8714548594808516
2011-04-28,1.955884026979894,2.0983080730384547,2.321225708612356,1.2030531026642874,1.8671328329538648
2011-04-29,1.9539643761094265,2.0955834201626042,2.3176859637125684,1.2020357926846619,1.8647083611099682
2011-05-02,1.9497621510783611,2.089665739363155,2.310026504266456,1.1997975156726655,1.8594426442890852
2011-05-03,1.9390984217579452,2.07472047125408,2.290728659439222,1.1941007925760208,1.8461439294138453
2011-05-04,1.935661453433506,2.069886270966831,2.2844787979346335,1.192269652345133,1.8418423236613939
2011-05-05,1.9234876211143688,2.0528688726875446,2.2625442693471554,1.185758478361889,1.8266997697785894
2011-05-06,1.930683197370482,2.062848714273078,2.275354291283893,1.189624859187365,1.8355801101496987
2011-05-09,1.9390197362183046,2.074429474232356,2.2902344480167183,1.1941007925760208,1.8458849921774432
2011-05-10,1.9579996745893335,2.1008770252381197,2.3242770363125005,1.2042738923722764,1.8694187580093486
2011-05-11,1.9416236418581956,2.0779201889842467,2.294622951509295,1.1955248846879911,1.8489911271666175
2011-05-12,1.9549065619270323,2.096424230345127,2.3184395753253937,1.2026461432075608,1.8654565373755227
2011-05-13,1.9282656083143492,2.0591215926383577,2.2702879650367405,1.1884038921549942,1.8322636137467077
2011-05-16,1.8899044720773275,2.005651709288821,2.2014861258465963,1.167854833469457,1.7846846256758249
2011-05-17,1.8959453076191293,2.013976980235948,2.2121252834544496,1.1711099771501239,1.792092683114268
2011-05-18,1.9141108277266101,2.0391093247712337,2.2443089643572907,1.1808762948140346,1.814456141680669
2011-05-19,1.9205399790691735,2.0480054541275714,2.255709712935343,1.184334563574301,1.8223721647951254
2011-05-20,1.9038271548901342,2.024721794918757,2.2257678782975843,1.1753818988372704,1.801653717805054
2011-05-23,1.871596916403513,1.9799741261011194,2.1683551844581386,1.1580886931299281,1.7618359986049499
2011-05-24,1.8583449099057054,1.96165154809015,2.144923182843659,1.1509674346103582,1.7455320595274526
2011-05-25,1.8666394271154452,1.9730359052440887,2.1594242474804917,1.155443633985587,1.7556621768811986
2011-05-26,1.8798519107781597,1.9912156616529004,2.1826158902542154,1.1625644491942018,1.7718390293282482
2011-05-27,1.890807110564164,2.006315179313455,2.2019034530755177,1.168464918005783,1.785274999740812
2011-05-31,1.9113926299079214,2.0274560431581166,2.224554785971174,1.1873871141485148,1.8285846349013084
2011-06-01,1.8822763857819667,1.996571805046307,2.1906681426900296,1.1615473165389585,1.7688394042488838
2011-06-02,1.8850462148093883,1.9995098233855488,2.1938917799076587,1.1639886299683633,1.7743628606290598
2011-06-03,1.8652108076299578,1.9784699723757773,2.1708065438958326,1.1464909692485565,1.7343000454243798
2011-06-06,1.854554869594904,1.9671669854192306,2.158404739272345,1.1371327636498554,1.7130123982125585
2011-06-07,1.852232082368547,1.9647031541135325,2.1557013870880093,1.1350976117174583,1.7083621294578952
2011-06-08,1.84293665906304,1.9548432949409194,2.1448830036338,1.1269593092048358,1.6899381919701355
2011-06-09,1.845266238562129,1.9573143309591303,2.147594260935367,1.1289938405018958,1.6944636817272534
2011-06-10,1.8254802248020632,1.9363268726315404,2.1245665109500766,1.1116994821860704,1.6554781504251888
2011-06-13,1.8246416802672705,1.93471742623757,2.122236333311014,1.1116994821860704,1.6554265238753878
2011-06-14,1.8515076168045543,1.9718383774984236,2.1697202532774447,1.1259418219008281,1.687188788728817
2011-06-15,1.8110921668203737,1.9156603393772187,2.0975800910592026,1.1045789329640285,1.6391204697567907
2011-06-16,1.803019529679735,1.9044878564641665,2.083286716110985,1.100306301979354,1.6295608181503136
2011-06-17,1.7965083172110945,1.8954823741019649,2.0717731965485737,1.0968596479661097,1.6218553443893873
2011-06-20,1.8022473293564252,1.90087414369516,2.0771484885956317,1.1025698477157875,1.6344713861991549
2011-06-21,1.8293125105899808,1.9294204493898732,2.10834198761051,1.1262235903438513,1.6870198183091405
2011-06-22,1.8200391300290473,1.9196395891018359,2.097654115805926,1.1180674667308363,1.6686436255852208
2011-06-23,1.8318888814134138,1.932137810432979,2.111311338528548,1.1284665664519713,1.6918741956516952
2011-06-24,1.809644544952127,1.9086761671090215,2.0856740194393453,1.1088910186237018,1.6478004842995047
2011-06-27,1.8299113354690635,1.9300520445714606,2.1090321527017606,1.1266316137468704,1.6872942985544712
2011-06-28,1.8489233431732266,1.9501044720468184,2.1309441080835856,1.1433530369844023,1.7248080111054582
2011-06-29,1.854232064236628,1.955703709421809,2.137062581255166,1.1480425575911961,1.735368166334652
2011-06-30,1.8715233532030349,1.9739412529442852,2.156991352493944,1.1633364308913086,1.7699936132033247
2011-07-01,1.891272053810664,1.994770688363687,2.1797523703357697,1.1808731029751587,1.8099636370819887
2011-07-05,1.9012958780598597,2.008099230138163,2.196468168316525,1.1867867824532,1.8235053168514528
2011-07-06,1.9084166344281313,2.0178727206813307,2.2089184926781527,1.1906609655514844,1.8323803822377573
2011-07-07,1.9384693101255437,2.059283484319995,2.261783176070212,1.2069744540481884,1.8699844739761857
2011-07-08,1.9324260787588954,2.0508723637792023,2.2509827641766273,1.2037118627434766,1.8623465431425794
2011-07-11,1.8921261421927453,1.9950476492296938,2.1794764663027117,1.18189271817175,1.811653498563433
2011-07-12,1.8755902728531668,1.9722695381648991,2.1504236115859086,1.1729202817661246,1.790969258456619
2011-07-13,1.8845731712730869,1.9845547706871844,2.166029829708522,1.177814168723192,1.8021251747016556
2011-07-14,1.8594173259738926,1.949966267613523,2.1219651458360507,1.1641521230485816,1.7707162092929019
2011-07-15,1.8878670389796628,1.988846525246562,2.1713055566724715,1.17964974206363,1.8060224110235419
2011-07-18,1.8762159500724895,1.9728005695694846,2.150846325104042,1.173328216506952,1.791451474960238
2011-07-19,1.9253214142665935,2.0401125125699484,2.2364429065681413,1.200040893386982,1.8525757879955569
2011-07-20,1.9158988728725248,2.0270524478925447,2.2197176282751543,1.1949432607149784,1.8407162658064913
2011-07-21,1.930544853872664,2.0472271733425824,2.24546973261297,1.202895815937439,1.8590364357323723
2011-07-22,1.9534854756799378,2.0789209202146948,2.2860039136469448,1.2153347666870944,1.887816744526308
2011-07-25,1.9489439757514435,2.072577654798455,2.2778426631926862,1.212887690215274,1.8820565818614794
2011-07-26,1.954578599313332,2.0803549970803896,2.287791755314707,1.2159465358050494,1.889118994310642
2011-07-27,1.896509999327449,1.999700775421021,2.1842893264011223,1.1845435403585063,1.8158788875394964
2011-07-28,1.900246998012042,2.0048032970086838,2.1907696155683545,1.1865825934273078,1.820512361376251
2011-07-29,1.8930943554988775,1.9949228751402173,2.1781507200866046,1.1827083216668322,1.8115401942943263
2011-08-01,1.88294102033977,1.9809274209349383,2.1602993224744984,1.1772024882674277,1.798831267976317
2011-08-02,1.8281616253222341,1.9057213296648903,2.0645922673935466,1.1474311431220046,1.7305384738592091
2011-08-03,1.8483210366857254,1.9330973462882537,2.0991731052074543,1.1584425439342405,1.755397958449262
2011-08-04,1.7495272276877851,1.7982904883144994,1.928365930084351,1.104608546135825,1.6329831800489605
2011-08-05,1.736883692098921,1.7813067763371153,1.9070992956533848,1.097675517447765,1.61756069064912
2011-08-08,1.6629231779866689,1.7048311674547088,1.8247463489248184,1.0316069352499675,1.4804965870401916
2011-08-09,1.71906661746064,1.7623895001127554,1.8863532454744505,1.081362294937634,1.5808450893239137
2011-08-10,1.669826078231725,1.7119080304387526,1.8323209874805264,1.037113123298136,1.4898665222957923
2011-08-11,1.7213060605961341,1.7646853803468354,1.888810614365096,1.0827897562128628,1.5820769264605303
2011-08-12,1.7319713095648102,1.7756194085034922,1.9005137251122373,1.0923739617364432,1.6017256154822106
2011-08-15,1.7498505570424747,1.7939492380194069,1.9201328464211913,1.1084832612072557,1.620140181318931
2011-08-16,1.7394856474856397,1.7833231182477556,1.9087593018575337,1.0991031560473756,1.608907117779687
2011-08-17,1.7322566077428774,1.7759118965945995,1.9008267863622548,1.0925777961135703,1.6010806097575547
2011-08-18,1.6727360906104407,1.714891379198688,1.8355141803674144,1.038947544030091,1.5366869089534818
2011-08-19,1.6515933847498288,1.6932158475850516,1.8123140254617305,1.0201875996969039,1.5139519006468636
2011-08-22,1.6557533689625634,1.6974806692171467,1.816878828036052,1.023858303066825,1.5181822964711364
2011-08-23,1.7035363065653908,1.7464678036658172,1.8693116415814293,1.0660685989619034,1.567370476826514
2011-08-24,1.7128884621957257,1.7560556466958155,1.8795738786269744,1.0744292662495738,1.5770307517426874
2011-08-25,1.6933186452009594,1.7359926429469257,1.858099674296284,1.0568928601522967,1.5568024771091444
2011-08-26,1.7230489948482466,1.7664722389793694,1.8907231578638337,1.0834017913173901,1.5874894437038527
2011-08-29,1.7566472295997233,1.8009171962293649,1.9275909200098296,1.1135809825414502,1.619041605778602
2011-08-30,1.7647533856822073,1.8092276387805373,1.9364859062071091,1.1209217686459558,1.6266836792002186
2011-08-31,1.7667764245658883,1.811301661073045,1.938705812012499,1.122757253324203,1.628591086712517
2011-09-01,1.7555456594464605,1.7997878649678365,1.9263821533380676,1.1125614560070494,1.6180018690319906
2011-09-02,1.726715870596166,1.7702315251237875,1.894746866367962,1.0864603709205924,1.5908229456616854
2011-09-06,1.7269435890630813,1.7704649824145038,1.8949967446825993,1.0866642939599107,1.5910052618613504
2011-09-07,1.7575675595646207,1.80186071979634,1.928600809561845,1.114192485672832,1.6208669789520567
2011-09-08,1.7519387728995077,1.7960900798361368,1.9224242717325526,1.1090947643386373,1.6153726765834613
2011-09-09,1.7246567241370103,1.7681204852944112,1.8924873392695456,1.084421317851791,1.5887475690772617
2011-09-12,1.7400934815901727,1.7839462706217,1.9094262858034436,1.0982871979035287,1.6095339104113704
2011-09-13,1.756376973026825,1.8006401288129106,1.9272943641008151,1.112969390747877,1.632066484300707
2011-09-14,1.773946943334888,1.8186528869420655,1.9465741117131925,1.1288745011927983,1.6564913738803848
2011-09-15,1.792340205147226,1.8375096846726697,1.9667572673641454,1.145595569781566,1.6821865563887082
2011-09-16,1.8038410691401097,1.8493003865206434,1.9793773089020257,1.156096808346742,1.6983330821534817
2011-09-19,1.8037455298996838,1.849063651038889,1.9784334311662082,1.1565049204119517,1.6987057152965406
2011-09-20,1.7945688998378984,1.838777378580109,1.9630554469885377,1.1513975348989371,1.689255878453439
2011-09-21,1.758668322783213,1.7985844107645481,1.9032343145330932,1.1313769915339984,1.652331230616323
2011-09-22,1.6929169859557966,1.725119396387961,1.7948942956965557,1.0946041704890572,1.5848400765255835
2011-09-23,1.7136139361022922,1.748148808363787,1.8282314024010162,1.1062493286426183,1.605996835364726
2011-09-26,1.7267981691526886,1.7614130425496082,1.8412005424887268,1.1191192663027636,1.6301856466933913
2011-09-27,1.7393762255728715,1.7742432348814117,1.854611909675697,1.1307644244563244,1.6522073702968847
2011-09-28,1.721338068971482,1.7558434908529417,1.8353787043635372,1.1140120581141308,1.62035901239191
2011-09-29,1.7069752683171129,1.741192777844276,1.8200643515753028,1.1007329444424838,1.5952224252411815
2011-09-30,1.6761499979426753,1.7097495934307236,1.7871968714321977,1.0723363952308305,1.5416979368798234
2011-10-03,1.6459739906626873,1.6789686870430804,1.7550216688135154,1.0447564247983605,1.4890955456312234
2011-10-04,1.6696304500422798,1.7030993566465844,1.780245395952652,1.066207177966449,1.5295733686026114
2011-10-05,1.6996388545578751,1.7337093005555535,1.8122418919302024,1.0935828707108366,1.5815756615599
2011-10-06,1.7196417600808522,1.7541131782677635,1.833570013049492,1.1119689265845432,1.616774305781381
2011-10-07,1.7116806537703004,1.7459924860299378,1.8250814742499688,1.1046147524891954,1.6025766205701786
2011-10-10,1.753119048051153,1.7882615418191399,1.8692652100175395,1.1428171627019494,1.6732861712008704
2011-10-11,1.7614555838580865,1.7967651892993892,1.8781540509512396,1.1505805128087991,1.6877814174336967
2011-10-12,1.7675854897173562,1.8030179733959908,1.884690070154358,1.1563003767372968,1.6984734541012023
2011-10-13,1.778953295651732,1.8146136549270915,1.8968110063628725,1.1669237031394908,1.7183821819740057
2011-10-14,1.8020627752435412,1.8381863801515572,1.9214515156714673,1.1885790886444256,1.7590964857579
2011-10-17,1.769177417179796,1.8033053949379263,1.8673305508349376,1.1701926781219552,1.7264381035783867
2011-10-18,1.7943805815303149,1.8299731211793486,1.907752748887884,1.1846976352464784,1.7519690973014845
2011-10-19,1.7545098649492308,1.787752242171481,1.8431871475583068,1.1618166722752403,1.71154791601385
2011-10-20,1.744560719946725,1.7772228030111366,1.8272247173355076,1.1560968083467427,1.7014673023658469
2011-10-21,1.7697152511120353,1.8038243042432474,1.8672604225158094,1.1706010561737379,1.7269348939720286
2011-10-24,1.8119659930893768,1.8509257148736593,1.93504093203683,1.1949121402859346,1.772028570435762
2011-10-25,1.7709805224343091,1.8049961646384516,1.8683753433478736,1.1714186988992135,1.7280568029088257
2011-10-26,1.7684780021494197,1.802188318954353,1.8642997343452572,1.1699884004338728,1.7253686438251765
2011-10-27,1.8245702816398932,1.864871986218061,1.9542247717272432,1.2022665803678554,1.7853803711453955
2011-10-28,1.8277626771803992,1.868439991825514,1.9593674546972286,1.2041050795605968,1.7887962877459778
2011-10-31,1.7924410706177831,1.828009743061296,1.901686171922513,1.1838801698453847,1.7500894096987896
2011-11-01,1.738713428001046,1.7667330003044013,1.8148849100055744,1.1530316677414056,1.69142463563687
2011-11-02,1.7557036590958557,1.7860232478002873,1.8418162050799058,1.1628380607156523,1.7098926213689827
2011-11-03,1.797544736027805,1.8336003968228,1.908553402727057,1.1869446011531937,1.7554417575068029
2011-11-04,1.7868553912000926,1.8213962827204262,1.8912234957135703,1.18081609318634,1.7437578532352904
2011-11-07,1.8014149485125126,1.8381213117620168,1.9146147358931596,1.1891917443842908,1.7597699649396703
2011-11-08,1.8252441187317527,1.865570823225348,1.953096027135192,1.2028797680808665,1.7860494196831294
2011-11-09,1.7514338205604554,1.780345445649745,1.8328480411732124,1.160591006146746,1.7044568399396185
2011-11-10,1.7503537974309398,1.7790917624169675,1.8310714993758765,1.1599776411093528,1.7032565959271735
2011-11-11,1.788271586174181,1.8226096332329293,1.8913767917402842,1.181837481626752,1.744919483740951
2011-11-14,1.7754577224513157,1.8081945246167879,1.8706944626993418,1.1744827755582583,1.7311188303119822
2011-11-15,1.7981718274295593,1.8335811697946673,1.9070555579134134,1.187557611541823,1.7554233500456595
2011-11-16,1.7640045147778785,1.7953202875665106,1.8518545489662939,1.167945091579903,1.7187933676030636
2011-11-17,1.7164412043048891,1.7421640906253242,1.77581380145544,1.1405701081330435,1.6679029947920068
2011-11-18,1.701222958839081,1.7251958114454036,1.7517996791219868,1.1317854582479732,1.6516580016751425
2011-11-21,1.6776724523832791,1.701119252200866,1.7264979451377163,1.1101305160539934,1.611894128129517
2011-11-22,1.6815628105474405,1.70506398119824,1.7305015248393039,1.1138078690882405,1.618582213055742
2011-11-23,1.6550069557380023,1.6781369873080967,1.7031728119581102,1.0886795855615232,1.5726492786512776
2011-11-25,1.6460940577956953,1.6690995245655802,1.6940005209302906,1.0803037570391905,1.5574141135565822
2011-11-28,1.686188650653262,1.7097544710792874,1.7352619912973963,1.1178939548230342,1.6330276573062616
2011-11-29,1.678854554952099,1.702317875588309,1.7277144505724393,1.110947626806323,1.618781698028481
2011-11-30,1.722292326261602,1.7463627241177837,1.7724163962953257,1.1520103679631855,1.702515281043226
2011-12-01,1.7306304682126976,1.7548173981993918,1.780997204142759,1.1599776411093534,1.7189602198008191
2011-12-02,1.727217415667624,1.7513566455447542,1.777484821140138,1.1567093754244173,1.7121383549615716
2011-12-05,1.748174759116222,1.773437306526952,1.8095994711597843,1.1693754787074353,1.7342310047898482
2011-12-06,1.742539330809544,1.7674777232398415,1.800666588751771,1.166106592387162,1.7284031731128577
2011-12-07,1.7425238516957424,1.7674570042233548,1.800586611437763,1.166106592387162,1.728382912142454
2011-12-08,1.7088061940650732,1.7318267032417698,1.7475118117569899,1.146494693060579,1.6935403087728043
2011-12-09,1.7403055831151775,1.7650770887061196,1.7964774048598928,1.1648809262586677,1.7260556106564757
2011-12-12,1.7178269759318463,1.7396517472466446,1.7611109797343194,1.151806356261676,1.701192360456365
2011-12-13,1.6960876653755352,1.7152309492060984,1.7271414515088719,1.1391402529786583,1.6773114457108835
2011-12-14,1.6656395155539558,1.6810796199468305,1.6799056108524497,1.1213665868582436,1.6439151176657743
2011-12-15,1.6603902995114814,1.6751947982251214,1.671797352065913,1.118302244212626,1.6381603947613401
2011-12-16,1.6702059871190527,1.6861641470392084,1.6867852315090723,1.12405961224792,1.6488872384708588
2011-12-19,1.657946492128513,1.67357665006514,1.6733919719088135,1.1129952801076524,1.6263063468746806
2011-12-20,1.6923446907353579,1.7082991349378644,1.7081106251766403,1.145983555529418,1.69271613186725
2011-12-21,1.6754003104228805,1.6911950128353597,1.6910083905035134,1.129592044304627,1.6593027906219913
2011-12-22,1.6853988888684335,1.701287852079429,1.7011001160089658,1.1392223541675315,1.678766111448344
2011-12-23,1.6955840290391715,1.7115690118444247,1.7113801412542906,1.1490572963672825,1.6987066327611033
2011-12-27,1.702078364940576,1.7190901519959094,1.7206766233412796,1.1533428720318442,1.7072653838628784
2011-12-28,1.6794411950792194,1.69200730723467,1.685799186548906,1.1400133982357046,1.6803688285520864
2011-12-29,1.6933233090615276,1.7085445395582093,1.7069520297442178,1.1482163354855717,1.6967923094603432
2011-12-30,1.6877434860992,1.7018615681823592,1.6983399138352058,1.1449351251207482,1.6901553069284583
2012-01-03,1.709626444514865,1.7235679916194417,1.719341259552728,1.1668780421111216,1.7384587339969984
2012-01-04,1.7146745319471806,1.7286572448566917,1.7244180323366638,1.1718000349827387,1.749406593483376
2012-01-05,1.7245472421687056,1.7386104643935967,1.7343468434415323,1.181438413105025,1.7709387000800543
2012-01-06,1.72873825296261,1.742835651761329,1.7385616693178574,1.185539837398863,1.780107876899145
2012-01-09,1.7214110494918862,1.7327976359236281,1.7266592986150846,1.1816434887528264,1.7712792746909523
2012-01-10,1.7358259361159738,1.7516927278211603,1.748608400209554,1.1902569319470606,1.7905939851785622
2012-01-11,1.739937080147137,1.7570723878135073,1.7548562803793715,1.192717485071914,1.796093115631986
2012-01-12,1.747834417793419,1.7674428198609293,1.766922417344811,1.1974342249713474,1.8066938522525657
2012-01-13,1.740589905733094,1.7578553700965556,1.7557227919964904,1.1931277250297079,1.7968934862359511
2012-01-17,1.7588088505167485,1.781822150060878,1.7836321831857915,1.2039969116875673,1.8213925158697575
2012-01-18,1.7856653687089754,1.8172783356405338,1.825021986035232,1.2199929895404626,1.8576361056432193
2012-01-19,1.798421175830483,1.8341776158248022,1.8448035197912864,1.2275807885091166,1.8749106818124295
2012-01-20,1.7952949563014773,1.829985271549588,1.83986561300606,1.2257348416923304,1.8706252347566927
2012-01-23,1.7959689674935084,1.8308468956078767,1.8408572688347595,1.2261449043257422,1.8715059935974148
2012-01-24,1.7921531337689909,1.8257396074590617,1.8348477656273687,1.2238891608621172,1.866285283769375
2012-01-25,1.8180370796282794,1.8601006352635419,1.8751172583265423,1.239269657122844,1.9014093947130708
2012-01-26,1.8107550869099973,1.8503484787457647,1.8636290415427128,1.2349630685190136,1.8914406641669481
2012-01-27,1.816962962248565,1.858588714748175,1.873292873246228,1.2386544301794398,1.899863897755821
2012-01-30,1.818675430116775,1.8608380276930536,1.8759182316264358,1.2396797197562561,1.9021631630127442
2012-01-31,1.821427680914805,1.8644768303469457,1.8801789613523852,1.2413208569118137,1.905882775500612
2012-02-01,1.8383668662523438,1.8870592402277275,1.9067279998141917,1.25136912034313,1.9289666912246106
2012-02-02,1.8449331314418425,1.8958156722299233,1.9170308877186084,1.2552657349757395,1.937917584395389
2012-02-03,1.8740319499445373,1.9347822399206844,1.9629811267613746,1.2724917347422975,1.9777495141750585
2012-02-06,1.872277673815801,1.932381941748569,1.9601188873644921,1.2714666224898632,1.975295910639825
2012-02-07,1.8767755293600776,1.938401009626167,1.9672219113159612,1.2741328718978553,1.9814486488266267
2012-02-08,1.8882215325163514,1.9537847357516078,1.9854163997102618,1.2809001022887303,1.9971740138020877
2012-02-09,1.903848354177784,1.9748387656005042,2.010356787499173,1.290128329115414,2.0186956075225204
2012-02-10,1.8885169704209042,1.9540588180864897,1.9856569628557468,1.281104557301195,1.9974541829050865
2012-02-13,1.908662602990043,1.981207903168136,2.0178209432405207,1.2929992995224435,2.0252061896801354
2012-02-14,1.9142150729769885,1.9886880837096255,2.0266882116693052,1.2962805985494579,2.0328524886416552
2012-02-15,1.8988736903821244,1.9678615705482454,2.001905402581725,1.2872571813840028,2.0115634642558575
2012-02-16,1.9287748620225504,2.008243117182165,2.0498116557872015,1.3048937757571188,2.052841796560658
2012-02-17,1.9217854702907813,1.9987135349776242,2.0384427953140776,1.3007923514632809,2.0431005832155864
2012-02-21,1.9280375700963668,2.0071542790611345,2.048463395226728,1.304483535799325,2.051728777730708
2012-02-22,1.9179111960327475,1.9933665331342934,2.032025713046277,1.2985362533508917,2.0376348361771113
2012-02-23,1.932523085553156,2.013138089976645,2.055519086992692,1.307149341896362,2.057845475975546
2012-02-24,1.940175928117093,2.023498745125734,2.0678398995035616,1.3116610061479939,2.068436218574303
2012-02-27,1.943296241366864,2.0277020623709037,2.0728280348732104,1.3135068643025891,2.0727328822856146
2012-02-28,1.9659575301529333,2.0585060391492873,2.109544487436402,1.3268366927474926,2.1042209478937655
2012-02-29,1.9558061371579756,2.0446034642404687,2.09290117197578,1.3208896762856324,2.090009627258103
2012-03-01,1.9735976184552502,2.068825394611635,2.12180634602612,1.3313487116478886,2.11476947363023
2012-03-02,1.971831158068879,2.066371905843813,2.1188491634998114,1.3303230674223083,2.112261498252705
2012-03-05,1.9483907975604464,2.0342913556916633,2.080448751063425,1.3165825557086561,2.0794685093732515
2012-03-06,1.9263859910209111,2.0042862577223266,2.0446273786397597,1.3036632332081193,2.048797063922076
2012-03-07,1.9434443154108623,2.027398709517611,2.072113798301382,1.3137119399503905,2.072422792630126
2012-03-08,1.9674994950397442,2.0600927251167946,2.1110769620110386,1.3278620709864999,2.10584287068003
2012-03-09,1.9769160105467976,2.0729147456695753,2.1263846404479803,1.3333989361527572,2.1189496402150056
2012-03-12,1.9779460820189438,2.0742823981499723,2.127998269760334,1.3340144290827345,2.120347665260334
2012-03-13,2.020238247634309,2.13209417000906,2.1971702224736003,1.3588283164801376,2.179443309901251
2012-03-14,2.0282844884621523,2.143130595109136,2.210416611075643,1.363545233703953,2.1907248298209288
2012-03-15,2.0349312668705486,2.1522513275253785,2.221369024008521,1.3674416710121806,2.2000481137197325
2012-03-16,2.0332605052640282,2.149906295743136,2.218522607948736,1.3664763170764858,2.197651003919797
2012-03-19,2.0497623198721553,2.172622523205178,2.2458465936066645,1.3761316296772548,2.2208717090203285
2012-03-20,2.0539654160883933,2.1783926366377804,2.252782185778126,1.3785964385872767,2.2267699640293945
2012-03-21,2.054297716278687,2.17881161370517,2.253264626805198,1.378801425572887,2.227198245659432
2012-03-22,2.049351586838488,2.171928657022713,2.244937202030418,1.375925667407543,2.220162433590279
2012-03-23,2.0479250461712954,2.169916335389158,2.242487752356104,1.3751037688968992,2.218105422702433
2012-03-26,2.089068787835468,2.226736042005858,2.3109701919061028,1.399138404297533,2.2761869705056395
2012-03-27,2.092576984303361,2.231571971764676,2.316801934850695,1.401192707263188,2.281130295668413
2012-03-28,2.0830325752213437,2.2182543058310795,2.300647638677375,1.3956465325668748,2.2675168735547206
2012-03-29,2.0738464864848214,2.205453733678041,2.285135706739526,1.3903056108427452,2.2544320287414497
2012-03-30,2.069246277406207,2.1990318276166443,2.277349612258576,1.387634928325203,2.2478675062174442
2012-04-02,2.093885890136806,2.2331433827350375,2.3185394799391776,1.402014605773832,2.282736604233314
2012-04-03,2.0931613368142394,2.23209390741288,2.317244646112977,1.4016039225050831,2.2816638223637526
2012-04-04,2.060331550347303,2.1863887533117032,2.2618642342265787,1.3824992595732568,2.2349436569343846
2012-04-05,2.0750995221060617,2.2067892752876683,2.286463458943654,1.3911271547046253,2.2557972298039273
2012-04-09,2.0571065388479157,2.181785571944538,2.256213632527995,1.3806503869041675,2.2302382489950685
2012-04-10,2.019073288704364,2.1291294827992844,2.1926627795286238,1.358464535510432,2.1764127834844627
2012-04-11,2.030290802399656,2.1445187680419386,2.211130256190692,1.3650383050005277,2.19214383103295
2012-04-12,2.0569758386934502,2.1812435380120205,2.2552840276454833,1.3806503869041675,2.229684177676559
2012-04-13,2.0210573334724886,2.131522282462632,2.1952838267291086,1.3596973832763979,2.178858721985479
2012-04-16,1.995052698962148,2.095706951624335,2.152225474805768,1.3444958959793158,2.1422480111241033
2012-04-17,2.0416574239330383,2.159523638984561,2.2286642428055377,1.3718175934493795,2.2074819272820903
2012-04-18,2.035660674395135,2.151210228918468,2.218632128595598,1.3683247464346202,2.1989838945939115
2012-04-19,2.0092839466880013,2.114813065480459,2.1748154052594875,1.3529183608141189,2.161778429905636
2012-04-20,2.0029510575643594,2.1060797643151723,2.164315410399208,1.349221147449086,2.152851181256972
2012-04-23,1.9818890627837238,2.0771515418385866,2.129609213333165,1.3368954183173478,2.1232805263437036
2012-04-24,1.969612902733167,2.060330763634642,2.1094676209148546,1.3297052692753648,2.1060861955117947
2012-04-25,2.029781979207209,2.14238841280342,2.207463113776292,1.3650383050005275,2.1899661652723967
2012-04-26,2.0434631713343925,2.1611833947419807,2.2300340424535943,1.3730498205800081,2.209178542578197
2012-04-27,2.0575069388580225,2.1805162234572957,2.253284737057845,1.3812663231450995,2.2289407110591895
2012-04-30,2.0405966224661904,2.1570964851766585,2.2250249154293904,1.3714066441940571,2.205000871706242
2012-05-01,2.0444436633824847,2.1623605237834767,2.231336916351108,1.3736658454831314,2.2103818130765016
2012-05-02,2.0511049328982294,2.171509941787148,2.242328946516682,1.3775687551313027,2.2197344196067785
2012-05-03,2.0261132287883425,2.1369580842939,2.2006809596701458,1.3629840906970632,2.1844152410650537
2012-05-04,1.9681506220025318,2.0571788903490584,2.104807394311051,1.3290888897234772,2.102864326026596
2012-05-07,1.970231292279716,2.059974720602523,2.10812182637109,1.330322003476016,2.1057222455440563
2012-05-08,1.9618157610019902,2.0484593641666575,2.094351616642434,1.3253915876962532,2.0939511582730055
2012-05-09,1.9548038087838726,2.0388710334510534,2.0828931349097646,1.3212828931027525,2.0841498917411636
2012-05-10,1.9502426294038708,2.03262762167757,2.0754305167131037,1.318612653896165,2.077767827472108
2012-05-11,1.9498752155983745,2.0320900664214623,2.074768872659225,1.3184072235995996,2.0772183342915973
2012-05-14,1.9288928066082074,2.003526883094918,2.0407224345985004,1.3060818491166253,2.0480208252480567
2012-05-15,1.921548265011558,1.9935388462665184,2.0288324581804087,1.301767901550941,2.0378109760064493
2012-05-16,1.906535865862802,1.9731864154555387,2.0046467247864284,1.292934664785198,2.0170065623012943
2012-05-17,1.8601870248252936,1.9105809980658865,1.9304219696719795,1.2656129673151342,1.953010815765918
2012-05-18,1.8323934635352408,1.8733108676631485,1.8864689313410716,1.2491796961983783,1.914912997429381
2012-05-21,1.8674296349664763,1.9084737391094135,1.9214071682147613,1.2841013393572638,1.9951506929126812
2012-05-22,1.8659671491674903,1.9069791094382746,1.9199024096712705,1.2826634159434964,1.9917382067911478
2012-05-23,1.8684786398860795,1.9095458000341057,1.9224864943292654,1.2851284908400913,1.9974188911107609
2012-05-24,1.8599083578690616,1.90078715239353,1.913668490698614,1.2767062919918613,1.9777220405172442
2012-05-25,1.8582337515840144,1.8990757400551384,1.9119454803855187,1.2750629382815284,1.9738429154689394
2012-05-29,1.874793629417305,1.9159995862745236,1.9289840168732493,1.2912911337504829,2.0114592342518485
2012-05-30,1.8637297564403064,1.9046925412142564,1.9176003457307462,1.2804038600056582,1.985959172121572
2012-05-31,1.8580792847344323,1.8989178781895717,1.911786548714691,1.274857330660581,1.9729945280557384
2012-06-01,1.8234992591412387,1.8635778206545386,1.8762069971172866,1.2409622183491857,1.894249362464583
2012-06-04,1.8332220237271373,1.8735142811970338,1.8862107955043383,1.2504118346668163,1.9158246959513472
2012-06-05,1.8384938829583242,1.8789020102501728,1.891635036357624,1.2555475920809533,1.9275691647029998
2012-06-06,1.8679733736241517,1.9090294285606693,1.921966623486827,1.2843066809916386,1.9937383431415254
2012-06-07,1.862746403764671,1.9036875754995688,1.9165885695200284,1.2791715442128382,1.981719697073644
2012-06-08,1.8753111271304295,1.9165284580333597,1.9295164727135734,1.2914965640470486,2.010300256032754
2012-06-11,1.8531820776919903,1.8939130357791911,1.906747789267271,1.269721839233017,1.9593939643572793
2012-06-12,1.868923849347045,1.9100007947223914,1.922944572445645,1.2851284908400913,1.9949962407306598
2012-06-13,1.8599335444549177,1.9008128925535797,1.9136944052957168,1.2762956973853035,1.974367187500668
2012-06-14,1.8647544267658454,1.9057397326965593,1.918654633866526,1.2810201508953547,1.9852690417220822
2012-06-15,1.8809732165524589,1.9223149941191637,1.9353422232526327,1.2969356348166239,2.0222057647952343
2012-06-18,1.9003700260362397,1.9477235426246617,1.964939582547194,1.309083862241964,2.0505524023649806
2012-06-19,1.9230383628807795,1.9779912155082722,2.0005438384754846,1.322672850271184,2.082418038317529
2012-06-20,1.924741779685727,1.9802396681147496,2.003176511905158,1.3237022183087865,2.0847851965886677
2012-06-21,1.8696371948047301,1.9062548209831098,1.9158406629984965,1.290758805955671,2.006894365213311
2012-06-22,1.8922562148447675,1.9363002507076514,1.9510504111281584,1.3043479713092727,2.0385260248166674
2012-06-25,1.8503307305708607,1.8803035323727524,1.885202029380242,1.2792289973126112,1.979572994371982
2012-06-26,1.8636702664205027,1.8979494728421225,1.9058232107724618,1.287258688641249,1.998150541354187
2012-06-27,1.8766796943401889,1.91519501152883,1.926007010835121,1.2950826836867482,2.0163065475892674
2012-06-28,1.8526447537811743,1.883166054731772,1.888409317854515,1.280670112565255,1.9825866418284384
2012-06-29,1.919764285335359,1.9721204432221526,1.9924591055506773,1.3210259500732107,2.076237322239713
2012-07-02,1.9262826203651318,1.980815577594973,2.0026865181698383,1.3249374599539097,2.085391510853692
2012-07-03,1.9448545041118417,2.005688702270414,2.03200516299738,1.3360559646928833,2.111577796762019
2012-07-05,1.9462149112683191,2.007480076365816,2.0341011203674477,1.3368796364473474,2.1134637453447995
2012-07-06,1.918275984301166,1.9698535628205605,1.9896007181750932,1.3202019236699827,2.073850763289414
2012-07-09,1.9141286333236203,1.9642596545713782,1.9829875692581913,1.3177310857309723,2.067961528114122
2012-07-10,1.8924426559300878,1.9351959907449954,1.9487363333318701,1.3047598071865052,2.0373634661322826
2012-07-11,1.8804052675237555,1.9191040895287494,1.9298110996801683,1.2975535216257585,2.0204220029443767
2012-07-12,1.8601422713395894,1.8920941353569884,1.8981038377149402,1.2854054715248002,1.9919860749481284
2012-07-13,1.8926767788652343,1.9352239398410844,1.9485622933800604,1.3049655034696435,2.0373928907836127
2012-07-16,1.8864762816872906,1.9269156142142998,1.9387809824694453,1.301259246561128,2.0286459322441703
2012-07-17,1.8977869154942069,1.9419486912646093,1.9564076374364134,1.3080539622312153,2.0444726712991956
2012-07-18,1.9273132501479304,1.9813211998901634,2.0026642165396185,1.325761043046183,2.085923827165223
2012-07-19,1.9517343875986675,2.0140305243283216,2.0412157163375824,1.3403793104508146,2.120360020155948
2012-07-20,1.9220665529915157,1.9740605558095672,1.993933764811273,1.3226728502711842,2.0782798618711955
2012-07-23,1.895208367398006,1.9380405348909844,1.95146525870721,1.3066125809919988,2.0403581862270714
2012-07-24,1.8780191701867421,1.915076745602128,1.9244685277824876,1.2963181026562536,2.016182037886115
2012-07-25,1.8635948494363717,1.8958552116842875,1.9019136440413658,1.2876707018428635,1.9959457149738526
2012-07-26,1.892019811565571,1.9335373947999632,1.945997081939892,1.3047598071865054,2.035617305640196
2012-07-27,1.9435047915042465,2.0021289387619325,2.026516169097706,1.3356439514912695,2.107830097740868
2012-07-30,1.9417625982038318,1.9997474593047244,2.0236814808152173,1.3346144061292848,2.105322889548693
2012-07-31,1.941056116659142,1.9987608179286311,2.0224957711579177,1.3342029249008167,2.1042841590514
2012-08-01,1.934492780881705,1.9899080023034585,2.012024092766435,1.3302907057225897,2.0949639645008786
2012-08-02,1.9265556468741982,1.979221462183516,1.999397302290647,1.3255551694386625,2.0837132351050687
2012-08-03,1.9685223921293646,2.035420261592761,2.065610556163207,1.350674409421897,2.1428790153694304
2012-08-06,1.9857582492943275,2.0586254049044324,2.0930623156679102,1.3609695083929796,2.167309259869556
2012-08-07,2.0047412868794057,2.0842557378489874,2.1234430094335064,1.3722937980772827,2.194292730389222
2012-08-08,2.0036847547990715,2.082783690423648,2.1216714035294104,1.3716759999303392,2.1927429671305423
2012-08-09,2.0105827611202636,2.0920969161317076,2.1327177445335797,1.3757933834185587,2.2025478788295065
2012-08-10,2.0119493215487485,2.0939123757208304,2.1348549790616165,1.376617587146169,2.2044591844847514
2012-08-13,2.0174660645247835,2.101358642618433,2.143688355436843,1.3799119195152614,2.2122985724375988
2012-08-14,2.018485291183852,2.102703725067417,2.1452670927755926,1.3805292743512498,2.213714667682526
2012-08-15,2.02435222604399,2.110636326703649,2.1546872219495548,1.3840295689900537,2.2220660661157248
2012-08-16,2.052039648787904,2.1482503742862984,2.1994642012596928,1.400501142173325,2.2616659240757184
2012-08-17,2.0624288993420197,2.162396861920335,2.2163394324340357,1.406678059696469,2.2765592667746057
2012-08-20,2.0658810312110036,2.16707441684024,2.2219083079263435,1.4087375937313933,2.2814837703133786
2012-08-21,2.0564847198048204,2.1541771534454206,2.206457823997795,1.4031773217467098,2.267905603874756
2012-08-22,2.066183188724752,2.1673877399571624,2.2222214894657255,1.4089429353657676,2.2818136351304643
2012-08-23,2.0467190363306407,2.140715484110876,2.1902937519121006,1.397412772073944,2.253733234033913
2012-08-24,2.061266701289285,2.160522044147147,2.213914102851379,1.4060609708470533,2.274585469156682
2012-08-27,2.065062994178286,2.165668184805941,2.220041622980641,1.408325048556633,2.2800032971286015
2012-08-28,2.065043844260028,2.1656012419429707,2.2199386875841673,1.408325048556633,2.2799328200585856
2012-08-29,2.0650247369105648,2.1655344493341153,2.219835984814906,1.408325048556633,2.279862501175258
2012-08-30,2.041049725951892,2.132700059666147,2.18054586958481,1.3941183510426605,2.2452946402132694
2012-08-31,2.0566310218521178,2.15389622176388,2.2058071836194233,1.4033839933139494,2.2676098405788485
2012-09-04,2.054180889902138,2.150504061979033,2.20172893833258,1.4019427893991145,2.2640385938162555
2012-09-05,2.05173262992313,2.1471204750885287,2.197664704808291,1.4005011421733249,2.2604763725486596
2012-09-06,2.1040932187658363,2.21855169009122,2.2829402569570956,1.4315916033965648,2.335678754366275
2012-09-07,2.100593536932528,2.2136968287093213,2.2770883441493495,1.4295326013347864,2.3305675835805144
2012-09-10,2.069606182604192,2.1710572139013973,2.2258922070917126,1.4112076337106843,2.285676836681967
2012-09-11,2.065767503881918,2.165763953222843,2.219537825909448,1.4089429353657674,2.280104121579839
2012-09-12,2.0726922458331827,2.1751927860397835,2.230788439324728,1.413061205475897,2.2900307437934933
2012-09-13,2.10497224882711,2.2193384815520334,2.2835851871631188,1.4322090468947442,2.336507083995621
2012-09-14,2.126530343360342,2.248943830412387,2.3191011553928957,1.444975338453601,2.3676754289377606
2012-09-17,2.1275535139281425,2.2503097238435785,2.32071871468573,1.4455924273030167,2.369113433867829
2012-09-18,2.1296241491276957,2.253124045174254,2.3240809098279427,1.4468274916237578,2.3720763355524626
2012-09-19,2.134135718997909,2.2593074738318646,2.3314980984414486,1.4495044691568617,2.3785862145015204
2012-09-20,2.1316759831461054,2.2558683420857526,2.327333498104984,1.448063442566409,2.37496551592202
2012-09-21,2.1323549136473376,2.256763051825855,2.328386414228133,1.4484761650655513,2.375907461309462
2012-09-24,2.118001247271845,2.236902627683572,2.304454595655906,1.4400103444193455,2.35499851835852
2012-09-25,2.083754350366647,2.189682882300917,2.2476774481838286,1.4197748839034035,2.3052858357244195
2012-09-26,2.064218724846598,2.1628650818141133,2.2155381956717113,1.4082118269387158,2.277052206048076
2012-09-27,2.0969191224133255,2.207515666769228,2.2688764939680532,1.4276215764698006,2.3240600910189237
2012-09-28,2.0770190086302462,2.180148628261621,2.2360375211614194,1.4158518479378734,2.2952482266401795
2012-10-01,2.0735139048776605,2.175306183369466,2.2302187063552523,1.4137862848739606,2.2901501278650587
2012-10-02,2.080460368784721,2.184770840819953,2.2415166712415,1.4179161697311122,2.3001144660516295
2012-10-03,2.095771645015413,2.2057025573236957,2.266548342819631,1.427001650430273,2.3221512595816463
2012-10-04,2.1041217177134506,2.2171238411217726,2.2802174463026645,1.4319570689479,2.334175522993629
2012-10-05,2.0911922968066112,2.199311955011987,2.2588220577462654,1.4243172252731244,2.3154232693735626
2012-10-08,2.0692088899736922,2.169110659126235,2.222608628783856,1.411309683892535,2.28362751475142
2012-10-09,2.0312407198159006,2.117155223708574,2.160476130771126,1.3888025207185866,2.2289291242560014
2012-10-10,2.0194134279500457,2.1010360694436687,2.1412634403294084,1.3817818937858108,2.211958969211589
2012-10-11,2.012107595580507,2.0910821121138397,2.1294061294124154,1.3774460466589475,2.2014794988611848
2012-10-12,2.0110484381702682,2.0896070342133664,2.127631724539243,1.3768266525925659,2.1999265451353107
2012-10-15,2.028022113760282,2.1125689218516053,2.154884353054484,1.3869436292219135,2.224100691429182
2012-10-16,2.060989745096818,2.157323123423605,2.208121232847624,1.4065602276446199,2.2712176633921146
2012-10-17,2.05957906879189,2.1553564255737436,2.205749922213792,1.4057344279975716,2.2691471349456984
2012-10-18,2.03207527760694,2.1177731658581447,2.1608549371642756,1.3894220034471596,2.229579690279153
2012-10-19,1.9761442412423427,2.0417033304037364,2.0702792299396005,1.356178735564055,2.1494937949121202
2012-10-22,1.9878868607247355,2.057486609751038,2.0889278399018316,1.363198032563966,2.1661103427303976
2012-10-23,1.9660544595869396,2.0279738162240615,2.053948561700116,1.3501902251968034,2.135039439523214
2012-10-24,1.9580843161282304,2.0172123265309434,2.041211472196299,1.345441566908607,2.1237098036378703
2012-10-25,1.9580660778687433,2.0171496965383726,2.04111640952665,1.345441566908607,2.123643867133579
2012-10-26,1.9646130105720292,2.025908810825348,2.0514357150853035,1.349364248225373,2.132865413441708
2012-10-31,1.9507623782101262,2.007233815426835,2.029348576852147,1.3411049218220246,2.1132044832118604
2012-11-01,1.9825212229664444,2.049819970976194,2.079559001224495,1.3601013282186303,2.1580389485033518
2012-11-02,1.958273830668028,2.0170809276038955,2.0407879728823826,1.3456471745295544,2.12357146758574
2012-11-05,1.966442029409206,2.0247884395867097,2.04807587538042,1.3545263383102397,2.1445192513009954
2012-11-06,1.9689618810815248,2.0273830579173184,2.0507003348571957,1.3570043578867217,2.1503378540374456
2012-11-07,1.9364569659555542,1.993913687657476,2.016846027684566,1.3249996121498075,2.0741985821507622
2012-11-08,1.9151231801422026,1.9719469059057297,1.9946266022444041,1.3041448462296747,2.025164773382782
2012-11-09,1.9208552754334984,1.9778490785133362,2.0005966567417706,1.3097197474758744,2.0380880792288965
2012-11-12,1.9206476739966412,1.9776353173227679,2.0003804370474376,1.30951351921959,2.037539211256671
2012-11-13,1.9113212108568962,1.9680321281795514,1.990666799994595,1.3004281271826204,2.0162720064766195
2012-11-14,1.895602164975635,1.9518466816188547,1.9742952018635882,1.2851481738464963,1.9806732048913125
2012-11-15,1.891126367483505,1.9472380824918727,1.9696335984551858,1.2808121493952511,1.9705886224242424
2012-11-16,1.8968894023817995,1.9531721127172679,1.9756358769702147,1.2863869619792598,1.98339404372166
2012-11-19,1.9284369017645207,1.985655659698408,2.0084930227431523,1.316946602664935,2.054006139772434
2012-11-20,1.9288614819272478,1.9860928376026183,2.008935228704702,1.3173595024884592,2.0549090532544074
2012-11-21,1.9316139869661852,1.9889270123707496,2.0118019997982817,1.320043661659035,2.0611262227669176
2012-11-23,1.9521327419812289,2.010054580500309,2.0331725596778307,1.3400727165943103,2.107970531777761
2012-11-26,1.9580320891266212,2.016128967501022,2.039316809235293,1.3458537574346034,2.1215410652487994
2012-11-27,1.9534078605528917,2.011367533185612,2.0345006128549983,1.3413115933892645,2.1107355483736674
2012-11-28,1.9651971695205792,2.0235066433915008,2.046779337029431,1.352874650353952,2.137964590124569
2012-11-29,1.9733866093976506,2.031939072591952,2.05530874903053,1.3609273051900606,2.156987654300653
2012-11-30,1.971082808067561,2.0295669150452222,2.052909308896898,1.3586564004917732,2.1515228474460772
2012-12-03,1.9683602514152205,2.0267635772639223,2.050073729451573,1.3559717980102426,2.1450756119166527
2012-12-04,1.9675224917125422,2.0259009603467866,2.049201191430741,1.3551459097010032,2.1430498317719247
2012-12-05,1.9522047160097986,2.0101286900742603,2.033247521598581,1.3400727165943098,2.1072283914247794
2012-12-06,1.9610498698273502,2.0192362889397737,2.042459868505751,1.3487451201455642,2.1276192262228633
2012-12-07,1.9528548222012327,2.0107980856024446,2.033924615958445,1.3406920219985006,2.1084986330456377
2012-12-10,1.956858715221764,2.01492077835416,2.038094724499818,1.3446153239506036,2.1176850795087105
2012-12-11,1.9747396117535636,2.033332219955574,2.0567179192186344,1.362166270647206,2.1590828102830577
2012-12-12,1.9718074384009465,2.030313045925294,2.0536640211549666,1.3592758832203458,2.152145200165439
2012-12-13,1.9609048636117068,2.0190869802366884,2.0423088425779095,1.3485382712539424,2.126578754034371
2012-12-14,1.9478745027362727,2.0056699948032817,2.028737546115895,1.3357362488321092,2.0962329601571956
2012-12-17,1.9660026184893988,2.0243359908812066,2.047618222985498,1.3534940444203336,2.1379713393030895
2012-12-18,1.9869984685069673,2.045954809925489,2.0694856837399893,1.374142582084182,2.1868310349155995
2012-12-19,1.980938296976864,2.0397148267108545,2.06317393341842,1.3681546923522672,2.172471258542585
2012-12-20,1.9809391108582122,2.039715664740921,2.0631747810868126,1.3681546923522672,2.1724055922720966
2012-12-21,1.966355714584201,2.0246995637097602,2.047985977326913,1.3537650847382452,2.1380674174735446
2012-12-24,1.9609440516118337,2.0169611452378247,2.0385934869763456,1.3510662076439626,2.131606160061221
2012-12-26,1.9411712384759958,1.9903956559531164,2.007246910574177,1.3392308690906893,2.1035306759409518
2012-12-27,1.9376923853621357,1.9857060031201765,2.001708920443847,1.3371544892394736,2.0985744610476478
2012-12-28,1.9162221238496555,1.9569715202525304,1.9678953860600323,1.324281271078261,2.0682066967347534
2012-12-31,1.9437533425614708,1.9844032637021185,1.994988280366867,1.3523117341032425,2.1338078182742684
2013-01-02,1.9869990064972545,2.0285533288240876,2.039373846600739,1.3952913518296974,2.2354676435561758
2013-01-03,1.9797561885465966,2.0211590410484868,2.031940116912922,1.3880245986546835,2.2179359586128222
2013-01-04,1.97519650572327,2.016504001091549,2.0272602464810396,1.3834566339117615,2.206919679794509
2013-01-07,1.9749714877856805,2.0157355728763813,2.0261008779886582,1.383872459587589,2.207844225711573
2013-01-08,1.9705226343156537,2.0097756926553063,2.0190914232552037,1.3811726958713961,2.2013163421393958
2013-01-09,1.9790223576548,2.02104607356926,2.03228075887194,1.3863641331414864,2.2136608409701304
2013-01-10,1.9926375239456244,2.039144820283414,2.0534928169159015,1.3946688545866306,2.233484479528258
2013-01-11,1.995689945962701,2.0431814262768353,2.0582145152363642,1.3965376762486965,2.2379057922013934
2013-01-14,1.9854348081204791,2.0294470381274268,2.0420512079013933,1.3903090686681951,2.222862455179721
2013-01-15,1.9741630749384214,2.0143810176820227,2.024344165179186,1.3834566339117615,2.206360575323837
2013-01-16,1.983345492117553,2.026564650721483,2.038608107947167,1.389063187560151,2.2197053633090866
2013-01-17,1.9942375303158957,2.0410436184611,2.0555798973477426,1.39570762081648,2.235564241699848
2013-01-18,1.9891007401232723,2.03414830723822,2.0474571759512123,1.3925925633976057,2.2280117763503395
2013-01-22,1.9928328816685905,2.03908591731373,2.053233005729777,1.3948765901001623,2.2334199628410283
2013-01-23,2.0068016301419305,2.05769105057153,2.0750687149579226,1.4033897563563664,2.253798248854611
2013-01-24,1.9750280642529496,2.015158030420211,2.0250066462481446,1.3840793971414016,2.2072116408655664
2013-01-25,1.9865953361942885,2.0305149272721743,2.0429900002470545,1.391139301424794,2.224032118955891
2013-01-28,1.9916914959815832,2.0372694882462103,2.050896939964793,1.394254092857095,2.231430419925726
2013-01-29,1.9920132808172397,2.037661108540885,2.0513361009754,1.3944610304109075,2.2318593633932644
2013-01-30,1.9872207459901738,2.0312290685655037,2.043760931889224,1.3915547724518569,2.2248143211217086
2013-01-31,1.982087140131211,2.0243471473875556,2.0356617568890667,1.3884398923573644,2.2172765219485497
2013-02-01,2.008998806494065,2.0601603188819735,2.0776567178581398,1.4048434616401326,2.256502849524611
2013-02-04,1.968686144672345,2.006199651205587,2.0141459287241044,1.3803423744526058,2.197399487879389
2013-02-05,2.002042742827178,2.0505000722837012,2.066013988370519,1.4006907019377008,2.245921938041013
2013-02-06,1.9945148251204539,2.040405407134505,2.0541268168101565,1.3961220278972506,2.2348652059675986
2013-02-07,1.996543622625885,2.043074754904962,2.05724116166092,1.3973679976674858,2.2377889545687157
2013-02-08,2.0200650437576884,2.0744320499296514,2.09405746910743,1.411694300477128,2.272134740635984
2013-02-11,2.0207308238649144,2.075283156479535,2.09503733605406,1.4121107467882923,2.2730669614624213
2013-02-12,2.0111443772241677,2.062402778492097,2.0798457645042427,1.406296723612944,2.2589590256065453
2013-02-13,2.0193202239250843,2.0733001782950233,2.092645636802447,1.41127927276102,2.2708949965513003
2013-02-14,2.0186187697176696,2.072321856536828,2.0914720973644876,1.4108643337071023,2.2698234363358716
2013-02-15,2.011767505257349,2.063108775720392,2.080602673669078,1.4067117513290526,2.259732307541356
2013-02-19,2.0284787568296023,2.08541836108842,2.1068269369388926,1.4168856490850272,2.2841680965880977
2013-02-20,1.9925664215555325,2.0372218215510305,2.0499985475732494,1.3950844142758843,2.231378210380424
2013-02-21,1.9679925039227597,2.0044118768246704,2.0114589016482234,1.380134638939074,2.1954413305710143
2013-02-22,1.9907862711870954,2.0346550273920587,2.0468457172725576,1.3940459140326078,2.228566789210538
2013-02-25,1.9624630504056328,1.9968551797429455,2.0024582912925677,1.37681202333105,2.1871644463200055
2013-02-26,1.9709547236182994,2.0080876457287937,2.0155788819008698,1.3820036379255223,2.1994674167597092
2013-02-27,1.9940917497778985,2.038797161945161,2.0515195396554065,1.396122027897251,2.2331036877890247
2013-02-28,1.989299573004146,2.032368002625882,2.043950910320442,1.3932157699382004,2.2260618007130355
2013-03-01,1.9988267298129638,2.045025528369884,2.0587811245269125,1.3990290838160206,2.2399256455058385
2013-03-04,2.0090414565935877,2.058615911871067,2.0747205519861627,1.405258134707477,2.2548112535895792
2013-03-05,2.04315987942424,2.104177850248397,2.1282707500237934,1.4260213125842989,2.3047154493145525
2013-03-06,2.0373257002623104,2.096301337778966,2.1189544168333563,1.422491936746844,2.2960882698330876
2013-03-07,2.043462270687065,2.1044979948563856,2.1285987844166114,1.4262291367600213,2.305066105141463
2013-03-08,2.046180236912649,2.1081096892153735,2.132838876537074,1.4278901342463646,2.30902201019311
2013-03-11,2.0530034948714464,2.117236460478359,2.1435881381733797,1.4320428939487964,2.319018603746112
2013-03-12,2.044426770729061,2.105659721346825,2.129891832330137,1.4268521659762343,2.3063385493837965
2013-03-13,2.0413277170146347,2.1014570518535765,2.12491049255206,1.4249828123410222,2.301735346613503
2013-03-14,2.0491768319510344,2.1119572329924368,2.1372756257192074,1.429758778584049,2.3132362421715835
2013-03-15,2.0426066134881395,2.1030853911444867,2.1267792047761884,1.4257839638989704,2.303518873951767
2013-03-18,2.0374436453279965,2.0961100872573395,2.118526627579123,1.4226622568157705,2.295878792277837
2013-03-19,2.0329697067769863,2.090067569770647,2.1113800943025667,1.4199570847059262,2.2892603957375024
2013-03-20,2.0493982400690554,2.112059250527911,2.1372772820168793,1.429946387780222,2.3133479824363534
2013-03-21,2.022624559655095,2.076030266153293,2.094719950585788,1.4137133158907622,2.2738852740433853
2013-03-22,2.045204806549537,2.1062219746880078,2.130239466543272,1.4274484192107633,2.306954387993494
2013-03-25,2.0366132500138443,2.094640333686664,2.1165508050763018,1.4222459878289881,2.2942689645911614
2013-03-26,2.049275348943915,2.1115877589252774,2.1365080834812624,1.429946387780222,2.312831555566503
2013-03-27,2.0523427653757915,2.1156710163392707,2.141306285845997,1.4318190219165015,2.317303965750104
2013-03-28,2.0581559878612152,2.1234482590744683,2.1504679560050257,1.4353569979864838,2.325822414645839
2013-04-01,2.04200722550781,2.1016736553111834,2.124717275162057,1.4255762283854385,2.301972593353394
2013-04-02,2.0605001699401595,2.1264607140715017,2.1539309997400924,1.436813983771318,2.3291219701331323
2013-04-03,2.038858055960209,2.097288997706182,2.1194359219430026,1.423702441640676,2.2971700581869827
2013-04-04,2.0395261610301123,2.098146563765215,2.120425481196513,1.4241194199249867,2.298109354142801
2013-04-05,2.019970529893138,2.071867304275163,2.08941933362961,1.412256862079074,2.2693255632022593
2013-04-08,2.0322734618104916,2.088286785675632,2.1087155288998627,1.4197481965839112,2.2873098949206674
2013-04-09,2.0480148612903193,2.1093463059069433,2.133503949144127,1.4293220286311437,2.310376482009076
2013-04-10,2.093947843524305,2.1710140072489774,2.2062519281935167,1.4572089475688832,2.3779213922408435
2013-04-11,2.092898308063384,2.16955448528004,2.2044991546554797,1.456585386379524,2.376322771273501
2013-04-12,2.091158308255938,2.1671617858885073,2.201640448306032,1.4555438716217532,2.3737020368842576
2013-04-15,2.043688856350465,2.10295278754924,2.1255148162558983,1.426824680697022,2.303373632638366
2013-04-16,2.0748647799275313,2.1447575115168918,2.1747888230712418,1.445762747371944,2.3491625345466347
2013-04-17,2.028134233856567,2.0817119397153134,2.100183838119582,1.4174595594474222,2.2801084366124633
2013-04-18,1.9959264731750768,2.0385537247418974,2.049364639241255,1.3978968676368486,2.232837049927004
2013-04-19,2.027345831633961,2.080373327571067,2.0983923162676614,1.4170429358118757,2.278642248719115
2013-04-22,2.051296204666849,2.1123903012106715,2.136047026757755,1.4316114637273518,2.3137105837359404
2013-04-23,2.073908854366926,2.1427247317218745,2.171812058285515,1.4453457690876337,2.346936021707866
2013-04-24,2.0728614065728164,2.1412737736320806,2.1700744321355625,1.4447223852226567,2.345346780795811
2013-04-25,2.0855469462112106,2.1583268260386337,2.1902153910391724,1.4524219872141717,2.3640250656825725
2013-04-26,2.077968177449162,2.148056883211152,2.1780347493403434,1.4478438263192837,2.3527763511809536
2013-04-29,2.0999327821928344,2.177631655055208,2.2129973895901327,1.4611635472744122,2.3851697316030993
2013-04-30,2.1174556950037093,2.2012933391253924,2.2410287637675372,1.4717773868221684,2.4110864804306362
2013-05-01,2.1060729439011308,2.1858179229360624,2.222625628506612,1.4649091701957353,2.394136187577819
2013-05-02,2.136676560783479,2.2272069258590848,2.2717035280045317,1.483430967883875,2.439469748358888
2013-05-03,2.1656137501184882,2.2665094099240424,2.318449668649112,1.5009124034227272,2.4825179356640885
2013-05-06,2.175262265487967,2.279638307505929,2.3340939445447613,1.5067392826157715,2.4968980761478745
2013-05-07,2.173861637557621,2.2776820832057436,2.331733807171221,1.5059074539397346,2.494755414886409
2013-05-08,2.185934367046206,2.294139555383471,2.351366502353309,1.513191584904186,2.5127813580737657
2013-05-09,2.1824571446514356,2.2893376148080495,2.3456009605290737,1.5111103286324645,2.5075217709958206
2013-05-10,2.197646832929325,2.3100786920948484,2.3703701058389655,1.5202675370441505,2.530239566096966
2013-05-13,2.200739623821184,2.314275589020861,2.375369799696193,1.522140259842621,2.5348364461484407
2013-05-14,2.2138676677677487,2.332240139397882,2.3968579011731173,1.5300478633342407,2.5545130988558262
2013-05-15,2.2190425681683292,2.3393082581710543,2.4053085024410032,1.5331698364040136,2.562254841091254
2013-05-16,2.216252993454508,2.3354299292729084,2.4006321667235593,1.5315058244031758,2.5580068900314017
2013-05-17,2.240822454887502,2.369157777341098,2.4410559328183883,1.5462815558590377,2.594949153493454
2013-05-20,2.236986480593002,2.3638231017339315,2.4346180599591336,1.5439922980872116,2.589106059342707
2013-05-21,2.2397399755703677,2.367574960615002,2.439101903097915,1.5456570193855776,2.593215487224875
2013-05-22,2.2171785259423493,2.336424092575256,2.401636864748194,1.5321301835522543,2.559095801561286
2013-05-23,2.2112697630156117,2.328259711218675,2.3918218062517043,1.5285916755091258,2.550153317994896
2013-05-24,2.2098645268872015,2.3262872369977665,2.3894338055186504,1.5277589602111787,2.5479928581222833
2013-05-28,2.2264607772533864,2.349030421663415,2.4166627163854164,1.5377485292720476,2.5729035704270182
2013-05-29,2.2143125241694164,2.3322695321126505,2.396521105213287,1.5304645756319781,2.554545292828316
2013-05-30,2.2277978652942636,2.350753683912932,2.418656165049255,1.5385814218943765,2.574791067308147
2013-05-31,2.204213405924267,2.318250662611854,2.379616484896107,1.524429872263211,2.5391903621048524
2013-06-03,2.2086914050608084,2.3243502882850753,2.386896676283288,1.5271351330352465,2.5458713094983674
2013-06-04,2.1955180304014563,2.3062252782290082,2.3651578733541694,1.5192268202460988,2.526018904583893
2013-06-05,2.1626399592072385,2.261136088202308,2.311185813740433,1.4994556836244655,2.476632512250494
2013-06-06,2.1747011584378533,2.277543083707833,2.330727767431295,1.506739282615771,2.494603168112095
2013-06-07,2.2088803753376363,2.324191226392195,2.386398093664338,1.527343311859733,2.5456970882927425
2013-06-10,2.209898117551679,2.3255438969925786,2.3879936407252216,1.5279676710088113,2.547178674476234
2013-06-11,2.184609090065709,2.2907893506718464,2.346333823090822,1.5127750499308301,2.509111863807234
2013-06-12,2.1555588714228464,2.251014129886504,2.2987807033616976,1.495294412351697,2.4655458858491186
2013-06-13,2.186934539113332,2.29370991374485,2.349626369726428,1.514232301702237,2.512310769657447
2013-06-14,2.1703229185897484,2.2709426818268263,2.3223935052858256,1.504242555316986,2.4873737182891884
2013-06-17,2.194474290888125,2.3038618390951684,2.361645172285645,1.5188106399215069,2.5234302190863085
2013-06-18,2.2152024656281166,2.3322039923522593,2.395516603838238,1.5312974682543066,2.5544735068344173
2013-06-19,2.186792675779833,2.2931478099073,2.3486900577835,1.5142323017022368,2.5116950947997507
2013-06-20,2.1269783400029003,2.2112926548496508,2.2508557740499535,1.4782284478399077,2.422038775850698
2013-06-21,2.113970227173607,2.1936124673044946,2.229837268954367,1.4703787407590163,2.4026735870301383
2013-06-24,2.089788663626078,2.1608413676748235,2.190949770060347,1.4557649951261262,2.366779254429587
2013-06-25,2.1073461506549367,2.184481172020609,2.2188916736916826,1.4664119056711282,2.392672038296727
2013-06-26,2.129063912469715,2.213805274428026,2.2536196268858384,1.47956476438278,2.424790859359156
2013-06-27,2.1394085511396956,2.227794693319362,2.2702114867382206,1.4858275955690106,2.440113532697814
2013-06-28,2.142847630727085,2.232425153642774,2.275693881098094,1.4879161221403947,2.445185296685609
2013-07-01,2.1580402853787364,2.253029347937316,2.3001752941451667,1.4971009931556751,2.467753163230589
2013-07-02,2.159058495888845,2.254374735485001,2.3017547401742675,1.4977269482241915,2.4692267722537515
2013-07-03,2.1690765418653783,2.2679774274226907,2.3179350480764875,1.5037816892481264,2.484125861823276
2013-07-05,2.188103536585311,2.2938847299539504,2.348802450228479,1.5152641522811878,2.5125022466363807
2013-07-08,2.1905105432356087,2.2971328262010777,2.352658363476512,1.5167258371621455,2.516059901043175
2013-07-09,2.205747474801597,2.3179324796814216,2.377487638802711,1.525911772123718,2.538841854912178
2013-07-10,2.22030346142975,2.3378419259354972,2.401288382912987,1.534679930841261,2.5606487608082973
2013-07-11,2.2709973609905014,2.407422172863175,2.4846444158773746,1.565161282812276,2.6368603177555436
2013-07-12,2.2824718139080495,2.4232440461945663,2.503670560564923,1.5720501577292139,2.654190086672012
2013-07-15,2.288376716609944,2.4313763327186204,2.5134477799670782,1.5755991279108812,2.663097416624196
2013-07-16,2.284870721821051,2.4264730987324183,2.507509093889898,1.5735123745833175,2.6577268824185105
2013-07-17,2.291473105161977,2.435574471830523,2.5184569984693495,1.5774784117114864,2.6676956572474544
2013-07-18,2.284827283543578,2.426316641574684,2.5072635926746427,1.5735123745833175,2.6575555141909892
2013-07-19,2.257612919496509,2.3885774368005825,2.461740700729553,1.557227257987736,2.6162195937138066
2013-07-22,2.2652516323480967,2.3990757118844157,2.474339440016797,1.5618210234282415,2.6277184015612556
2013-07-23,2.2460791960938353,2.3725472787616178,2.4423940526039893,1.5503385603951803,2.5986616896217196
2013-07-24,2.25440608571302,2.3839769306699474,2.456096937310513,1.5553485061602772,2.6111806386878857
2013-07-25,2.270742610431096,2.4064669702924,2.4831047255993886,1.5651612828122763,2.6358140800899252
2013-07-26,2.2846555150979646,2.425655342043283,2.5061794689434227,1.573512374583318,2.6568311898443264
2013-07-29,2.2797546259331964,2.4188235290870987,2.497919061129616,1.570589714118931,2.649348274431503
2013-07-30,2.2936724826196113,2.438040563184659,2.5210471243386983,1.5789397419436806,2.6703967781829436
2013-07-31,2.298535258600807,2.4447380887176178,2.5291017646860023,1.5818629343812138,2.677732607978019
2013-08-01,2.325376682946502,2.481930882433145,2.573965417203342,1.5979382762328704,2.7184700419687937
2013-08-02,2.3403796570616713,2.5027722028015122,2.59915623189603,1.6069156777211924,2.7412976337673767
2013-08-05,2.3421054660232477,2.5051322569648926,2.601988823705629,1.6079590543849744,2.7438826116916144
2013-08-06,2.325998759199972,2.4826152717732346,2.5746772334505863,1.5983560524769003,2.7192196566866107
2013-08-07,2.3210860059671896,2.475730396789258,2.566321194622794,1.5954330373637493,2.711678622196443
2013-08-08,2.334337294372612,2.4941208197453233,2.5885359792729496,1.603365998241997,2.731821735052264
2013-08-09,2.3234805100098863,2.478944638779078,2.5701341327009373,1.5968941902715605,2.715199195883167
2013-08-12,2.329746378381308,2.4876168055387766,2.5805968417154297,1.6006520485752427,2.7246978590820743
2013-08-13,2.3447518149682436,2.5084695804692814,2.6058083750228764,1.6096294500635646,2.7475379971140095
2013-08-14,2.3345896799265597,2.4942429671074438,2.5885403458962504,1.6035759503103038,2.7319555236065627
2013-08-15,2.2891277343312986,2.4308438232036846,2.5117523093090566,1.5764348577233234,2.6625141565609676
2013-08-16,2.2880611927409333,2.429322036854163,2.509892606157425,1.575808548006043,2.6608473371379397
2013-08-19,2.283508947111628,2.4229716271367154,2.5022119846079263,1.573095130312435,2.653891704854504
2013-08-20,2.2949872940786546,2.4388132881676725,2.5212731979471554,1.579983473256227,2.6712431473271736
2013-08-21,2.28590036638219,2.426173455569342,2.5060029189412747,1.5745559285714827,2.6573986819162854
2013-08-22,2.311672709680761,2.4618083581590504,2.548919995413943,1.590004960705859,2.6964297507604065
2013-08-23,2.329453511247485,2.4864622563085637,2.5786753016495907,1.6006520485752431,2.7234332761251006
2013-08-26,2.330830587518964,2.488333988512406,2.5809141214866558,1.6014874237389203,2.725483392813985
2013-08-27,2.2759489353444944,2.4118665307638048,2.4883570901920438,1.5687098983451806,2.6417282429238726
2013-08-28,2.286029438503581,2.4257562552332255,2.505050843798278,1.5747639300715874,2.6569417205144754
2013-08-29,2.304481428080093,2.45125111756535,2.535742243295738,1.5858291488337652,2.6848663577251837
2013-08-30,2.2873649462616874,2.4274588780544906,2.5070026636012805,1.5755991279108827,2.6588066109371464
2013-09-03,2.302332513891278,2.448132644848374,2.5318870366963067,1.5845768840479686,2.681450680553108
2013-09-04,2.3305679256592335,2.4872493768432684,2.5790594027995315,1.6014874237389205,2.724295412781749
2013-09-05,2.335089327106885,2.493498301271282,2.586593347003018,1.6042015507300569,2.7311398877718935
2013-09-06,2.338212830790937,2.4978036699597035,2.59177816081392,1.606079947908752,2.7358555774318853
2013-09-09,2.36964998038655,2.541561834281641,2.644724166885291,1.624869594075927,2.7837840913331737
2013-09-10,2.3829339367308684,2.5600997346181686,2.667203358012393,1.6328029096029388,2.8040887368261416
2013-09-11,2.377658105011906,2.5526602336644237,2.6581343832068782,1.629672070314065,2.795940218020442
2013-09-12,2.375884842727887,2.5501309287250327,2.6550353034298655,1.628627807028373,2.7931698589611287
2013-09-13,2.3776155971239836,2.5525079297397046,2.6578962846503056,1.629672070314065,2.795773398847695
2013-09-16,2.3702378036180076,2.542130767481716,2.645263450214298,1.6252873703199564,2.7844072464223157
2013-09-17,2.388422440658358,2.5675241825731416,2.6760648866225063,1.6361428143382093,2.8122207680146833
2013-09-18,2.4213474566698143,2.6136439666206672,2.7321195255967856,1.6557681903178254,2.862735974607527
2013-09-19,2.4279960363940747,2.622957630073871,2.7434510492924127,1.6597344047703764,2.8729372720158146
2013-09-20,2.418392279383191,2.6093778595716524,2.726853106908907,1.6540385682956418,2.858063288397503
2013-09-23,2.412737287728701,2.601372031037106,2.7170654382486155,1.6506882014218323,2.8492944684491537
2013-09-24,2.4127157560500874,2.601294647413102,2.7169442004742264,1.6506882014218323,2.8492097098182496
2013-09-25,2.4031919905581898,2.5878543104430536,2.7005397406920344,1.6450351001231636,2.8344884483739246
2013-09-26,2.4246297424647985,2.617918630317931,2.7371154568537537,1.6578083073329193,2.8674180329528065
2013-09-27,2.4210858964465065,2.6128805446448986,2.7309430532364596,1.6557141063813108,2.8618997950889122
2013-09-30,2.4143735327813696,2.6033843984146596,2.719336541477015,1.6517353018976366,2.8514986234754014
2013-10-01,2.4425111617195547,2.642911740038768,2.767478760363112,1.6684869589423024,2.8947930982749823
2013-10-02,2.4414326376493136,2.6413418032263905,2.7655334614359797,1.6678592306299658,2.8930735394337437
2013-10-03,2.408628977725679,2.5950029712365024,2.7089020981148693,1.6483854669969733,2.8423184086458786
2013-10-04,2.432533521230549,2.6285483799019316,2.7497292700501283,1.6626239055753267,2.879060845410745
2013-10-07,2.409258946200484,2.595695513346954,2.70960616368297,1.648803952538531,2.8430769531296867
2013-10-08,2.355752011790841,2.5204554972802944,2.617946728927622,1.6169751125885767,2.7606662256262893
2013-10-09,2.3473117521383196,2.508630661094217,2.60359124938462,1.6119500942510085,2.747714429445919
2013-10-10,2.404448375683107,2.588232543763899,2.699949415422961,1.6460818459502042,2.834902729028905
2013-10-11,2.4262342811473974,2.6187730507935334,2.7370905802645646,1.6590641186063566,2.8683538835369657
2013-10-14,2.445933186238939,2.6464554033481247,2.770816684974426,1.670791111962218,2.8986744886124383
2013-10-15,2.434981681155973,2.6309501377031372,2.7518487057972494,1.664299443660996,2.8816915015167845
2013-10-16,2.466668146199259,2.675557253974852,2.8062535277257847,1.6831454789816518,2.9305498763013373
2013-10-17,2.4828792221376195,2.698443847039851,2.83423074323844,1.6927775620883767,2.9556176644699335
2013-10-18,2.529127429966122,2.7639558441147543,2.9144791986075913,1.7202091120130991,3.0273732490827814
2013-10-21,2.5354762395647032,2.772954363071067,2.925519502627847,1.7239777871040842,3.037229367308299
2013-10-22,2.5397034812291515,2.7789339642174213,2.9328502783936212,1.7264906509216322,3.043778851298502
2013-10-23,2.5219695353318508,2.753573189827302,2.9015946646327175,1.716021064758646,3.016001081212866
2013-10-24,2.534687924869932,2.7716356504644604,2.923771361467017,1.7235596562112905,3.0357849754678976
2013-10-25,2.555558004838874,2.801351713957964,2.960313885686721,1.7359134912575782,3.0683331132682286
2013-10-28,2.5562453211664415,2.8022826637624734,2.961431662854852,1.73633321806981,3.0693527867700365
2013-10-29,2.561183637765154,2.809292591562789,2.9700446734494848,1.7392636808070057,3.077030792171557
2013-10-30,2.55832402685436,2.8051499996271656,2.964905375020592,1.7375886746944829,3.0724933926199407
2013-10-31,2.5515638233912057,2.795430405502935,2.952890411211656,1.7336096928864269,3.061847477524628
2013-11-01,2.5522506911576723,2.796360910955766,2.954007626862175,1.7340290650498946,3.0628666643260467
2013-11-04,2.556479508856774,2.802351731951643,2.9613605199594804,1.7365413968942967,3.069428437467821
2013-11-05,2.559648199654118,2.8068308669123256,2.9668529178259417,1.7384267097238904,3.0743344541062108
2013-11-06,2.5589149384607466,2.8057305527707266,2.96546620729901,1.7380073375604226,3.0731292750853676
2013-11-07,2.50358249033411,2.726544923395438,2.867793565713756,1.705341349202971,2.986396899605139
2013-11-08,2.542447503051137,2.781702836292113,2.935449241311613,1.7283750771293158,3.0468116093170132
2013-11-11,2.5378193752402254,2.7750444314184732,2.927220755942816,1.7256535025141349,3.0395186285557827
2013-11-12,2.542399111786801,2.7815251434684343,2.9351666031311385,1.728375077129316,3.0466169815692132
2013-11-13,2.5777985332523268,2.831989490531628,2.9972638810279855,1.7493151360771984,3.101890807544705
2013-11-14,2.5870015774599247,2.845124616092887,3.013452073136288,1.7547597039026162,3.116277769562268
2013-11-15,2.5926581796320325,2.8531861436133408,3.023382990777942,1.7581100707764254,3.125107596860027
2013-11-18,2.563514494788348,2.8112968423500653,2.971564456254321,1.7409399281902023,3.079226057060021
2013-11-19,2.5549793553669193,2.7990355593488707,2.956413783375568,1.7359134912575778,3.065796218722955
2013-11-20,2.5478677690587666,2.7888213902427754,2.9437970837515754,1.7317257986518888,3.0546085934288527
2013-11-21,2.5776052885173257,2.8312258980102594,2.995988251223369,1.749315136077198,3.101054441226729
2013-11-22,2.593548027734478,2.8540144191481103,3.02409166780334,1.758737444439998,3.1260148107730754
2013-11-25,2.600627589687071,2.864120406242271,3.036552334297042,1.762926732965125,3.1370839438236566
2013-11-26,2.6162327429342582,2.886484129163665,3.0641832871493406,1.7721394439083822,3.161579029975733
2013-11-27,2.6371848350564293,2.9165825342186875,3.101428793026427,1.784494520225344,3.194545948205506
2013-11-29,2.6553102308437255,2.942673977590965,3.1337659302856253,1.795174058456637,3.2231240233087606
2013-12-02,2.646379124702927,2.929707403558546,3.1176228920521263,1.7899383787532337,3.2089216765377073
2013-12-03,2.643863734892059,2.926021657251438,3.113015846148464,1.788472970060254,3.204884662054714
2013-12-04,2.6466863815051243,2.9300424053601177,3.1179751063904493,1.7901474441996306,3.2092886055154732
2013-12-05,2.642746587396088,2.924299513167545,3.110813938646824,1.7878443551260073,3.202998389905415
2013-12-06,2.6647923865959955,2.9560645928632194,3.150205499420329,1.8008273370796877,3.2377908243541884
2013-12-09,2.677238082204858,2.9740154955411695,3.1724903777137796,1.8081557991396433,3.257452528675489
2013-12-10,2.6750749599905244,2.9708260527938988,3.1684887801725647,1.8068998105418244,3.2539591177105027
2013-12-11,2.635477594930007,2.913412026552019,3.097016875899201,1.7836564851959367,3.19107327691934
2013-12-12,2.6276267117264442,2.90203789692813,3.0828793989231373,1.7790503070486903,3.1786151416606745
2013-12-13,2.6236900066135913,2.8963131819633032,3.075753168646398,1.776746686001921,3.1723448356498016
2013-12-16,2.6403787702434447,2.9202867232294154,3.10542238629763,1.7865888985013347,3.1986031630646
2013-12-17,2.6343045739122988,2.9114699053309807,3.0944525122051307,1.7830291115323644,3.188946062823802
2013-12-18,2.66950260638074,2.962156990542916,3.157272689512632,1.8037595730607041,3.2444638548939353
2013-12-19,2.6609244187437247,2.94968672246888,3.141733805472562,1.7987336681012258,3.230805114268027
2013-12-20,2.692061829974666,2.994653757970062,3.197579266744087,1.8170507447903281,3.2800577102010258
2013-12-23,2.7246052446456823,3.0418147103186053,3.256294723869054,1.8361664904960302,3.3317133131098977
2013-12-24,2.7260137161809177,3.0438093120445404,3.25875276343215,1.8370064760936398,3.3338980093381414
2013-12-26,2.7363843882513326,3.0588554553961265,3.2775123144726854,1.843098455237798,3.3503781177238983
2013-12-27,2.7284696253033447,3.0472587764032664,3.262982583998913,1.8384773818424622,3.3376762231419215
2013-12-30,2.723783535239005,3.0403733496477487,3.2543463189936586,1.8357469410081804,3.330134584293907
2013-12-31,2.7441888319328105,3.070026260773595,3.2913431034370606,1.8477202379306619,3.3626135510223243
2014-01-02,2.719407001603674,3.0338058827895207,3.2460055459291195,1.8332255656202954,3.3229412083493632
2014-01-03,2.696806718186465,3.000863117944334,3.204851283231716,1.8199918469904444,3.286858850067303
2014-01-06,2.6853261802998247,2.984142824437564,3.1839847218326223,1.8132694796682194,3.268545037497905
2014-01-07,2.7139232627369307,3.0255393510324247,3.2354829711031656,1.8300752206493998,3.313886838990528
2014-01-08,2.720704482248971,3.0353446079178976,3.2476837760326056,1.8340659058666688,3.3246265808929434
2014-01-09,2.7102892526392353,3.02013304126243,3.2286629892932344,1.8279749906688028,3.3079652836195232
2014-01-10,2.720291737778135,3.034616140193211,3.2466943351708135,1.833855599149598,3.32382868692252
2014-01-13,2.6740404105746243,2.9672607151477455,3.16258793989454,1.8067574190630653,3.250053987374615
2014-01-14,2.7326524044111964,3.0520400943136576,3.2679765423095097,1.8412081773255076,3.342913222122242
2014-01-15,2.7584433531685546,3.0895565181421305,3.3148097349311145,1.8563334151383228,3.384005129629161
2014-01-16,2.7587767385347712,3.089987237459673,3.315315781673559,1.8565430125578657,3.384476898432041
2014-01-17,2.7408019856320043,3.0636707944489525,3.2823412701261696,1.8460390254647685,3.3556523802143183
2014-01-21,2.764809170634866,3.0986153453597667,3.325985787208973,1.8601146802604311,3.3939273037641526
2014-01-22,2.773042699501631,3.1105948445190115,3.3409542002549113,1.864946060372838,3.40704850299363
2014-01-23,2.7622401612414857,3.094732708990708,3.3210445444756247,1.858643242538463,3.389674634712065
2014-01-24,2.6997463184324353,3.0033506450534655,3.2066025732085466,1.8220920769710416,3.2895834496815075
2014-01-27,2.6696547061183575,2.9596291904628447,3.1521085313759643,1.8044468823653976,3.2416951441137947
2014-01-28,2.6678447822020734,2.956957666110903,3.148757366262007,1.803397299348245,3.238769011493202
2014-01-29,2.63494053056752,2.9093338550324632,3.089560763236866,1.7840701829791799,3.1866064373387593
2014-01-30,2.69093336148029,2.989920816923711,3.189372468447477,1.8170507447903277,3.274873698617152
2014-01-31,2.68268059662184,2.977906294811423,3.17438893152515,1.8122190100291569,3.2617141385899173
2014-02-03,2.6118496839221277,2.8752959076868185,3.0467460637632686,1.7706263349566398,3.149324520745444
2014-02-04,2.6339202007821685,2.906934203159711,3.085827616923683,1.783650810815712,3.1839780878656123
2014-02-05,2.626048723379515,2.895549232229093,3.0716965830505587,1.779029737420376,3.171508078074998
2014-02-06,2.6645352563457765,2.9508473422989776,3.140104617526993,1.8017159095579696,3.2320763463803193
2014-02-07,2.7191714891054204,3.0297147554964936,3.237985980609744,1.833855599149598,3.318460178251913
2014-02-10,2.737055790396878,3.055647560042208,3.2702864057433323,1.844359054269549,3.3468644955359808
2014-02-11,2.7728811679156764,3.1077594213988196,3.335321297653523,1.8653656098606872,3.403942851316098
2014-02-12,2.7789609039636662,3.116590223870883,3.346344797506351,1.8689367455901067,3.4136152689231967
2014-02-13,2.802643952473751,3.1511775526906423,3.3896380817925746,1.8828013843711704,3.4514989255124013
2014-02-14,2.809090980549869,3.1605755471049974,3.401398583820825,1.8865821175201325,3.4617925910011715
2014-02-18,2.8248916217836104,3.1837054108440905,3.4304051340135424,1.895824618959568,3.4871268346316397
2014-02-19,2.8025498591273483,3.1508040340490573,3.389011328277486,1.8828013843711702,3.4510898088667874
2014-02-20,2.817625648172809,3.1728539215707166,3.416647058938232,1.8916232723764643,3.475241149696089
2014-02-21,2.813283086321484,3.16641762294762,3.4085268818157384,1.8891029609348715,3.468191442908566
2014-02-24,2.830524872144445,3.191670302068079,3.440205904932912,1.8991858026206807,3.4958508157598835
2014-02-25,2.8268993347591795,3.186279517334981,3.4333924069894604,1.8970853953157016,3.4899462650315156
2014-02-26,2.823993723997127,3.1819494235325645,3.427914402359139,1.8954047148229543,3.4852034938431236
2014-02-27,2.845039078927203,3.2128212274559997,3.4666813290864993,1.907702338040143,3.5190175193268303
2014-02-28,2.8413952552438917,3.207395086679934,3.45981581132732,1.9055927098672991,3.513074242965814
2014-03-03,2.8171345069385922,3.171613388976823,3.4147490504075986,1.8914599566206274,3.473882388774721
2014-03-04,2.8582970737225994,3.2320012216372893,3.490568029226735,1.9155070933901932,3.5400254530916317
2014-03-05,2.8673186555200543,3.2452475344683402,3.507223246222906,1.9207794792406736,3.5545341990251433
2014-03-06,2.864397735696194,3.240875899907766,3.501676027094509,1.9190931243677019,3.54974592805778
2014-03-07,2.8480785251605236,3.2167327936654373,3.4712072140168737,1.9096007728740056,3.5233018753630096
2014-03-10,2.8509454818818494,3.2208952819837116,3.476411541745336,1.9112878370445057,3.5278610675118984
2014-03-11,2.8368085239599194,3.2000038626506457,3.450069716268402,1.9030615816384033,3.504978602092285
2014-03-12,2.8490752162439397,3.2179937638638987,3.472663465083701,1.9102322249983645,3.5246830216844462
2014-03-13,2.802741542548525,3.1496740149194293,3.38661435613024,1.8832337012145248,3.4498520938391497
2014-03-14,2.7806949704574833,3.117300368353707,3.345969869039971,1.870367044055447,3.414393093364517
2014-03-17,2.808797088312165,3.158333007164697,3.3973179682494017,1.8868190228945056,3.4593363269332333
2014-03-18,2.8477725553168423,3.2154388567689978,3.4689485006960665,1.9096007728740056,3.521884620469223
2014-03-19,2.830021445238245,3.189236788888588,3.4359343616184668,1.8992652439438236,3.4931853778453923
2014-03-20,2.8390309714005686,3.202421241579699,3.452471408668542,1.9045379844430683,3.5076263680898117
2014-03-21,2.7997178376649092,3.1445209727109495,3.379611951944764,1.8816200493381798,3.4442079435657056
2014-03-24,2.771474710851121,3.103085244336984,3.32762087306984,1.8651297684326058,3.398823204188373
2014-03-25,2.781926174075128,3.1182917515793087,3.3466120592919166,1.8712605816164256,3.4154789598638553
2014-03-26,2.7406962581900527,3.057954193595042,3.271030508960034,1.8471593609103447,3.3493909616255713
2014-03-27,2.7229952783444666,3.0321374783634543,3.2387795965658546,1.8367998931885905,3.321113797488628
2014-03-28,2.7290979789926326,3.0409458701821506,3.2497240197967137,1.8403939037632902,3.330761668606447
2014-03-31,2.741478151169817,3.0536763657494763,3.2625161049506057,1.853501899406292,3.3662438949437123
2014-04-01,2.775187768742873,3.0912248183743385,3.3026324816493924,1.886059719890714,3.4548380646327006
2014-04-02,2.7801969854769286,3.096804482303148,3.3085937366245854,1.8909226637431198,3.468096883210644
2014-04-03,2.764748692662046,3.079596945325385,3.2902093828842354,1.875912332129851,3.426698571473425
2014-04-04,2.713273926923493,3.022260257998063,3.2289514618065396,1.8260173294913469,3.289882816295761
2014-04-07,2.69524348292282,3.0021765156981908,3.2074942001805424,1.8086812112835569,3.2429319464868267
2014-04-08,2.712666223173703,3.0215833492372477,3.2282282595187946,1.8253832175012579,3.287754616256979
2014-04-09,2.7452167844986946,3.05784075284544,3.2669652928606983,1.8566735233030296,3.3721931470865254
2014-04-10,2.6856983807962425,2.991544421927844,3.1961349816516367,1.7991670488908726,3.2154225739340014
2014-04-11,2.663828695136884,2.9671842269739446,3.170108802437545,1.7782369201083832,3.1592176253404314
2014-04-14,2.6784620744228915,2.983484048461729,3.187523362378531,1.792190043756073,3.1963041038374502
2014-04-15,2.684656551355323,2.9903839494507904,3.1948951449131386,1.7981105502228216,3.212046869721903
2014-04-16,2.709625105976918,3.0181959110753445,3.2246091557782375,1.8220004002655394,3.2759641730545774
2014-04-17,2.7100657445581957,3.0186867293665323,3.2251335409415,1.8224231415922656,3.277006409459313
2014-04-21,2.72415293726107,3.0343781648055383,3.2418981075484083,1.8359540558863754,3.31340121353634
2014-04-22,2.7393046607909928,3.0512553593306713,3.25992952684425,1.8505414688485364,3.352791706121268
2014-04-23,2.722437867053705,3.032467783227047,3.239857075716635,1.8342634452282356,3.308453440059658
2014-04-24,2.740668972899536,3.0527750386465855,3.2615531364376373,1.851810934099389,3.3558308856237407
2014-04-25,2.7100050740744988,3.018619149757304,3.2250613395890753,1.8222123029020494,3.2752739682996093
2014-04-28,2.718884792516782,3.030822766992991,3.239864446075786,1.8281313907737422,3.291135404026642
2014-04-29,2.7438105015074052,3.0670097642006127,3.284962351794977,1.842719158384667,3.3304304459447733
2014-04-30,2.752113025893253,3.079059097217139,3.29998623885738,1.8475821022370726,3.3435146773678275
2014-05-01,2.761504345759696,3.092708039499699,3.317019792099931,1.8530788034308032,3.3583359060001494
2014-05-02,2.755682672907848,3.084147821343785,3.3062756364284995,1.8496961635194669,3.349040464067373
2014-05-05,2.7723199334427573,3.108378615866402,3.3365476804074925,1.859421519251132,3.3753524037127915
2014-05-06,2.730969917566129,3.047849460411102,3.2607135387700503,1.8353195892475231,3.309624493567648
2014-05-07,2.7219017915080324,3.0345937315638727,3.2441360266306023,1.8300346133659195,3.295230250858901
2014-05-08,2.718983893652238,3.030295425550725,3.2387427942679534,1.8283429387614873,3.29056277005096
2014-05-09,2.7305301365667827,3.0470250350841512,3.259571045965168,1.835108573232924,3.3087292596361055
2014-05-12,2.7822380299843044,3.1222313357908864,3.3533991132164314,1.8653416710691166,3.3903949121306525
2014-05-13,2.7843894088903745,3.1253237327023697,3.357240700282519,1.8666104270224408,3.393752910186336
2014-05-14,2.767680684741521,3.1008044611247967,3.3264788013904973,1.8568847166420117,3.3671277166419586
2014-05-15,2.742651477678313,3.0641720100017382,3.280597480684516,1.8422969490310868,3.3273489614668454
2014-05-16,2.7632575839902507,3.094144904908163,3.318003179257357,1.8543473820597451,3.359896181535927
2014-05-19,2.7853336953524876,3.1263308604417808,3.3582366945455133,1.8672443616881476,3.3948465385553885
2014-05-20,2.773701814738174,3.1092445241409528,3.336790508660193,1.8604781952435647,3.376292683497558
2014-05-21,2.8041260236906047,3.153672374417978,3.3923830545301192,1.878238118724373,3.4245363724931313
2014-05-22,2.8182561607248227,3.174342997701155,3.4182903322364044,1.886482815866205,3.4469823633479697
2014-05-23,2.8418408390603607,3.208934659130055,3.461714591759649,1.9002254554724418,3.484545048587301
2014-05-27,2.8825382601817773,3.268814607599505,3.537041805083588,1.9239041121761788,3.5495679923718435
2014-05-28,2.872312472309729,3.2536297157601024,3.5178371282565384,1.9179843150069582,3.533078893872509
2014-05-29,2.8934048999582758,3.284734627379664,3.5570378823248623,1.9302466506721256,3.566855357803399
2014-05-30,2.893743878685318,3.2851766858376017,3.5575608571592428,1.9304583759842529,3.567335383972336
2014-06-02,2.890437097082547,3.280218924548334,3.5512609780180973,1.9285555080408396,3.561951808303868
2014-06-03,2.8889523465147664,3.2779613292368954,3.5483740262466874,1.9277091387654774,3.5595003116547215
2014-06-04,2.901315748081841,3.2961991952712526,3.571371379407862,1.9348978692124044,3.5793045995376187
2014-06-05,2.929361127592159,3.3376988743467146,3.623793886797296,1.9511769567789974,3.624368621277334
2014-06-06,2.9486823474528987,3.366352639076084,3.660052573251653,1.962382971100496,3.6554834131373144
2014-06-09,2.946097168869897,3.362439979779549,3.655052002012651,1.9609026671594267,3.651234701640569
2014-06-10,2.951914179515933,3.3710381936532228,3.665919631867721,1.9642847750976171,3.6605714026840013
2014-06-11,2.9511567245651014,3.3698483858368067,3.664373446395887,1.9638618564465091,3.6592794041312517
2014-06-12,2.920440356043511,3.3240378864602973,3.606220078826194,1.946102996911993,3.6095343124630395
2014-06-13,2.9302664048585254,3.338565087766797,3.624571248388401,1.9518119553909965,3.625309232416105
2014-06-16,2.933158680300815,3.34280115826692,3.629899772709168,1.9535027433735188,3.629909132399944
2014-06-17,2.9349574726203436,3.3454140548013718,3.633173672566911,1.9545597740147158,3.632746446539604
2014-06-18,2.9539156424355113,3.373539684135564,3.668773299292474,1.965553531050941,3.663287742279614
2014-06-19,2.951696591745964,3.3701731546824343,3.6644656632572907,1.964284775097617,3.6596320668661404
2014-06-20,2.955662808353348,3.3760190453221983,3.6718451753064887,1.966595134470903,3.6659800519288512
2014-06-23,2.9563701515235112,3.377011753026794,3.673068409728391,1.9670196490414489,3.667058021748804
2014-06-24,2.9530461566968187,3.3719978737277834,3.666669527686889,1.9651118160153394,3.661613508182324
2014-06-25,2.974633451783074,3.40408872897078,3.707344160102892,1.977618682003307,3.6964605968956326
2014-06-26,2.9764401126139397,3.4067235372780194,3.71065501698687,1.9786785498346164,3.699321704776046
2014-06-27,2.9914499107391226,3.42907002015976,3.7390149888926496,1.9873706363922747,3.723587492194734
2014-06-30,2.9972927937781195,3.4377426958007944,3.7500098185730075,1.990761787873948,3.7330050504105072
2014-07-01,3.035072271136723,3.4941990439942567,3.8218211127426134,2.012596980302247,3.794310346234817
2014-07-02,3.040927290191295,3.502928263758026,3.8329223235005583,2.0159886637570663,3.8037893050597744
2014-07-03,3.0629618836549506,3.535972479356764,3.875067871875548,2.0287067230840146,3.839671636761801
2014-07-07,3.0522615499232364,3.5197957521295917,3.8543464863803916,2.0225597733814316,3.8221055156812698
2014-07-08,3.009927055780099,3.456054591397082,3.772875164269654,1.9981819266394056,3.752889726138865
2014-07-09,3.0356043727468127,3.494448329123768,3.8217366461478246,2.0130202536021193,3.794581042075025
2014-07-10,3.0245495628540113,3.4777861993615695,3.8004389380058594,2.0066612239386448,3.776487827993337
2014-07-11,3.0469367806504932,3.51129974975239,3.8431278314926565,2.0195924271727765,3.8128798049202133
2014-07-14,3.067873538527996,3.542706058161234,3.883192543262349,2.0316756652121075,3.8469835521402054
2014-07-15,3.055697716536868,3.52430218309529,3.8596191846055796,2.024679863692814,3.826998996969101
2014-07-16,3.0696506695924595,3.5452287570359853,3.886318080121919,2.0327348237458893,3.8497229216839512
2014-07-17,3.0228707115182623,3.4746941048798266,3.7960720303003557,2.0058132587438444,3.773130158342612
2014-07-18,3.077952688922813,3.5572161000727873,3.9012147691066743,2.037610889602564,3.862739838904675
2014-07-21,3.0735054686537926,3.55044703383762,3.8925147154834754,2.035066816693781,3.855389388135538
2014-07-22,3.0959386037970775,3.5841838228026424,3.9356277144655705,2.047998906549823,3.89202377724933
2014-07-23,3.118757602499181,3.6185766056575743,3.979647925235644,2.0611409484741716,3.9293705025443786
2014-07-24,3.114672753620484,3.6123289821520124,3.9715921736453272,2.058809487499426,3.92258628040704
2014-07-25,3.100630425796904,3.591020836459697,3.9442208032770183,2.050754172797587,3.8994480113383694
2014-07-28,3.101707937190506,3.592581750624258,3.946180793044664,2.051390235355878,3.9011429899842933
2014-07-29,3.0954126222699463,3.5830055193789234,3.9338695316236576,2.0477857626426395,3.890744271183611
2014-07-30,3.1093882332024503,3.604040773076498,3.960774597960688,2.0558414319932425,3.9135862099900343
2014-07-31,3.037092116614759,3.494674676747503,3.8205120505952532,2.0142920240699373,3.7948268303428856
2014-08-01,3.0242010730726347,3.4752635694466902,3.7957163224263604,2.0068731265751536,3.7737485333323186
2014-08-04,3.0480521548057093,3.5109499824439885,3.841151382895665,2.020652117679704,3.8124999966436
2014-08-05,3.0211789853602364,3.4705109289092855,3.7894970950169617,2.005176486888025,3.7685876959169446
2014-08-06,3.0185821330980307,3.4665569759854664,3.7844224966732254,2.0036933457568438,3.764294144147718
2014-08-07,3.0075366706784576,3.4499488379136,3.7632320290980523,1.9973334294714593,3.746259559018376
2014-08-08,3.0324721007738296,3.4871950881059948,3.810594556558927,2.0117488377830646,3.7867048315068903
2014-08-11,3.0530231109452,3.5179554095502246,3.8497709028354334,2.023620173185887,3.820107108950116
2014-08-12,3.0515245220454834,3.515639065100942,3.846775259845596,2.022772207991087,3.8175918172913708
2014-08-13,3.0886409889742565,3.5713509806253403,3.9178561429265906,2.0441823538756934,3.8780887422865606
2014-08-14,3.10702965508493,3.5990196868089033,3.9532291547166003,2.0547812095131692,3.9081338704596873
2014-08-15,3.124328418901822,3.625090802186849,3.9865996516876088,2.064745243863028,3.9364441932463774
2014-08-18,3.151966755235991,3.666851662354958,4.040138854148424,2.080644325278961,3.981791828515143
2014-08-19,3.1722480140458975,3.697560101066972,4.0795722759899595,2.0923021621258364,4.01513776709926
2014-08-20,3.1722195740237944,3.6974496024652064,4.079389403898643,2.0923021621258364,4.015017777945052
2014-08-21,3.179586434406878,3.708582571664275,4.093679102432528,2.096543584019276,4.027106940492601
2014-08-22,3.1851029003081806,3.7169079265834126,4.10436000659651,2.0997228328644404,4.036147347151763
2014-08-25,3.1980172404896847,3.7364969997846176,4.129554967658115,2.1071424396567524,4.057418895276142
2014-08-26,3.2016888879496297,3.7420245228664824,4.136640982644795,2.1092625299681345,4.063421168688305
2014-08-27,3.2023993621122244,3.743039555649992,4.137908861561416,2.109685980592389,4.064523381053355
2014-08-28,3.198301411031781,3.7367240209591555,4.129722280068938,2.107354874266407,4.057665414945033
2014-08-29,3.211961925358776,3.7574739358317744,4.156435533533246,2.115198109007355,4.080197507620174
2014-09-02,3.2226673995563795,3.773739080204504,4.177383924223878,2.1213454133587026,4.097859639856895
2014-09-03,3.2007883146454277,3.7402527070782776,4.134096259665007,2.1088383700463527,4.061497174407452
2014-09-04,3.197428697482185,3.735064151482114,4.127364451919949,2.106930005047097,4.055862981869287
2014-09-05,3.215898293322753,3.7631379145225305,4.163516231021769,2.117529392657718,4.086347956600501
2014-09-08,3.222904730795868,3.773762322088139,4.1771880120981235,2.1215578479683566,4.0978848779496415
2014-09-09,3.1921370390101598,3.7267029121851536,4.116374701815253,2.103962481514059,4.0467836087791
2014-09-10,3.222437992705509,3.7727770658567303,4.175707608144438,2.1213454133587017,4.096814999598278
2014-09-11,3.219445730920733,3.7681393999679793,4.169677837781398,2.1196489509959546,4.0917790118246815
2014-09-12,3.2005343684274985,3.7392003097920643,4.132276558633849,2.1088383700463518,4.06035438836088
2014-09-15,3.1649861527493117,3.684961060507932,4.062304080486843,2.0884872053711443,4.001456614610836
2014-09-16,3.196730931550549,3.7331031914173645,4.124181044854612,2.106718634383733,4.053733598005189
2014-09-17,3.2022505532992316,3.7414431538969075,4.134889449317538,2.1098980605532787,4.0627898668453195
2014-09-18,3.229972087834009,3.7836224324591536,4.189232485756834,2.125797141969212,4.108591857811039
2014-09-19,3.227641847137447,3.779993738395776,4.184503787923125,2.124479976459597,4.104651500878122
2014-09-22,3.19308637410173,3.7271398172543306,4.116200743536323,2.104718238030211,4.0472580389427595
2014-09-23,3.183047897062861,3.711788957223475,4.096381259360021,2.0989807303257026,4.030588717503046
2014-09-24,3.22229912609622,3.771423706723324,4.173123473428994,2.1215041186806056,4.095345402561189
2014-09-25,3.1443288384208796,3.652324198527895,4.019333154749205,2.076882033865728,3.966016623494035
2014-09-26,3.182776084098369,3.7105089180866213,4.093996892421961,2.0989807303257026,4.029198737802577
2014-09-29,3.1779313101673736,3.703074669761493,4.084386607098402,2.096218725751422,4.02112597349197
2014-09-30,3.1830877896772622,3.710844947538368,4.094344940668059,2.099192632962212,4.029563628299469
2014-10-01,3.1245160735253217,3.621713127341362,3.9795706304485523,2.0656201623638943,3.9327764151801934
2014-10-02,3.124488254005939,3.6216056394230467,3.9793934674260476,2.0656201623638943,3.932659695292338
2014-10-03,3.159944410587559,3.6751454652910054,4.047988124671752,2.086019027297864,3.990797973240633
2014-10-06,3.152142067319897,3.663242225173357,4.032651750674032,2.08155648190005,3.9778723824075244
2014-10-07,3.1006791849285325,3.5851665681656883,3.9323380452951433,2.05202115550709,3.893090929077768
2014-10-08,3.170068028238454,3.689751068048929,4.066129893087143,2.091968614963263,4.006658028423419
2014-10-09,3.1111626017468548,3.600255805407478,3.9510279987696992,2.0581826458089987,3.9094761573553956
2014-10-10,3.021743901292142,3.465222415399328,3.7781010583148724,2.0067596389706632,3.7628449602357827
2014-10-13,2.9672597874612134,3.383663580863973,3.6743202483910467,1.975311514468897,3.6742811646969327
2014-10-14,2.967600715972445,3.384109688791226,3.674849149222057,1.9755241264029344,3.674765588137785
2014-10-15,2.945548559300929,3.351247828062764,3.6331801471431517,1.962774148687223,3.6390812734812283
2014-10-16,2.9242513816153375,3.319582004583179,3.5930926144056827,1.9504490401908219,3.604695721846113
2014-10-17,2.9685565960539946,3.3851236849599595,3.675822376785852,1.9761608982587537,3.6758666748548343
2014-10-20,2.9982805672911126,3.4178339230735615,3.710422662554145,2.0056972885980056,3.758166241232018
2014-10-21,3.0534252644408806,3.480695090454698,3.7786651533524784,2.0583954350674176,3.906168662878288
2014-10-22,3.042392928688729,3.468118985404426,3.7650124521869324,2.0477705127457853,3.8758084669169794
2014-10-23,3.074436831546717,3.5046468338688066,3.8046673212669075,2.07858168806735,3.9631674865524498
2014-10-24,3.092037276054418,3.5247101317989076,3.8264481675575537,2.095580712624928,4.011667408529979
2014-10-27,3.093143026820013,3.525539497556108,3.827014232157155,2.097068641514424,4.015820689463365
2014-10-28,3.146819972066365,3.6052763775236136,3.927957482880592,2.1287297325989916,4.106646224820077
2014-10-29,3.1334243172871434,3.5851929425262115,3.902390757111822,2.1208664602028757,4.083769875304218
2014-10-30,3.140979457696748,3.596403714628426,3.9165886873949614,2.1253295375738355,4.0965396799211105
2014-10-31,3.190788819437048,3.670727785827562,4.01098133117626,2.154653138654668,4.181199671123461
2014-11-03,3.201616522196044,3.6869089031090487,4.031569509300319,2.16102777286376,4.199631024850365
2014-11-04,3.1892790048062367,3.668310270432613,4.007802583565549,2.1538032228916655,4.178445962550104
2014-11-05,3.1896125304647973,3.668744071089859,4.008315690771683,2.154015834825703,4.178940089946968
2014-11-06,3.201163746316035,3.686007630872951,4.030280904210342,2.160815870227251,4.198604416668817
2014-11-07,3.197875437350747,3.6810020764292473,4.023855633418296,2.1589025401452986,4.192902761897627
2014-11-10,3.210878024761855,3.7004566571001,4.048626224062647,2.166552668634231,4.2150628050958385
2014-11-11,3.2224394446457287,3.717769106016837,4.070684317427193,2.173353058684543,4.234782819747015
2014-11-12,3.2289322629243737,3.727472519653257,4.083039270808134,2.1771777682802447,4.24583564422014
2014-11-13,3.24484822960738,3.7513705866083655,4.113539648552646,2.186526487024508,4.273057109696
2014-11-14,3.256424223337209,3.7687591382670584,4.135744264814689,2.1933263451016742,4.292863810361015
2014-11-17,3.2451503123913024,3.751671763483922,4.113826493347424,2.186740517553601,4.273400169908171
2014-11-18,3.273041776724091,3.793662426022238,4.167503802867026,2.203100642362776,4.321230288249643
2014-11-19,3.255949930481122,3.7677539113648537,4.1342572387201795,2.193113733167637,4.291718790997517
2014-11-20,3.2726099178857377,3.7928319194975235,4.166319922766169,2.2028887397262666,4.320284286854113
2014-11-21,3.2798413237745163,3.80369526693057,4.180200769880649,2.2071384958656615,4.332658351989022
2014-11-24,3.3092259261617083,3.8480758155547528,4.2370617589428345,2.22435048700604,4.383210707308902
2014-11-25,3.3150115752204425,3.8567813570068674,4.248202827026709,2.227749440760522,4.393126889924532
2014-11-26,3.3397106851144485,3.89419298692966,4.29623738852258,2.2421999592997666,4.4357411898280334
2014-11-28,3.357515298652259,3.9212017600217206,4.33095830222924,2.252611737714216,4.466505953591226
2014-12-01,3.31377736105408,3.854503156159376,4.24496870902397,2.227112314255939,4.390531869756852
2014-12-02,3.329019336355331,3.8775582566522946,4.274548993452265,2.2360372277271843,4.416793141151286
2014-12-03,3.3359015509167382,3.88794432238345,4.287864446035272,2.2400741946081597,4.428623551128032
2014-12-04,3.3340527610955903,3.885063461091636,4.2841152446858795,2.2390120215598843,4.4253420611923335
2014-12-05,3.334385945253935,3.8854996874813903,4.284634067576,2.239223924196393,4.425838951657602
2014-12-08,3.3070667535187344,3.8439059929443773,4.231080818931985,2.223287959309001,4.378461005902423
2014-12-09,3.3190325018378783,3.861977052234672,4.25424507707945,2.230300429320204,4.399045127518077
2014-12-10,3.258999324143047,3.770793258466073,4.137016285281656,2.195238965886099,4.295180806663486
2014-12-11,3.2767460884016573,3.7975078734255043,4.171169155869009,2.20565092162493,4.3256105050229845
2014-12-12,3.235693653387875,3.7353824752085507,4.091516426166965,2.181639072407385,4.254845602325473
2014-12-15,3.1972503487227963,3.6774272688743848,4.017414763704357,2.159116925323156,4.188830821659933
2014-12-16,3.1382371123501307,3.588826178217479,3.904450085228115,2.124479976459597,4.087908369020936
2014-12-17,3.203903869265922,3.686711320143708,4.028654019110142,2.1631522962846934,4.199405964895524
2014-12-18,3.2925494802491992,3.8196926124942383,4.198148275474519,2.2152127842763765,4.350880377677744
2014-12-19,3.3091806558484653,3.84478903116944,4.230286593837559,2.2249599509070292,4.379466844349632
2014-12-22,3.3186350393747333,3.859046224165485,4.248545205900609,2.23050506165705,4.395706722146173
2014-12-23,3.305102927296558,3.838451361171548,4.222050527916469,2.2226135946841947,4.372247822603267
2014-12-24,3.308357156327849,3.843311308565245,4.228245135920469,2.2245338404170454,4.377783621395719
2014-12-26,3.335319835437977,3.8840969734994544,4.28055217838094,2.240316065065229,4.424241168443442
2014-12-29,3.334561221319765,3.8828745347988893,4.278938100259295,2.239890309224009,4.422848730597054
2014-12-30,3.3089702666013343,3.8439358531011805,4.228833287379615,2.224959950907029,4.378495018579224
2014-12-31,3.2699095202421415,3.7846797867330277,4.1527365838926915,2.202138657590339,4.310998473025729
2015-01-02,3.2585914116836596,3.767523986407925,4.130733570628134,2.1955278273044025,4.291456891393299
2015-01-05,3.20359211233041,3.684513538069655,4.024510771898626,2.1633216410695177,4.196902546984582
2015-01-06,3.154164482994013,3.610297525118619,3.929895556983203,2.134314564010584,4.112365641213182
2015-01-07,3.200896299178095,3.680001362251783,4.018376516857757,2.161828392448562,4.1917628828235465
2015-01-08,3.271323240044934,3.785545505870587,4.152793666374362,2.2032061503700753,4.311984583896502
2015-01-09,3.2465289432859974,3.7480529591106766,4.10476769664843,2.188702611840608,4.269278114409069
2015-01-12,3.207570886418895,3.6893196036803686,4.029682805453148,2.1658813185239185,4.202376970892698
2015-01-13,3.2064519336656305,3.687573846975742,4.027418084794855,2.165241177504841,4.200388439520955
2015-01-14,3.1860833183370225,3.6569525685961097,3.988360766331092,2.153297671078538,4.165508795330332
2015-01-15,3.138512297066524,3.585666743964304,3.8976173580155096,2.1253573775018113,4.0843095662136815
2015-01-16,3.180861474003755,3.6487097379692606,3.9775276313378023,2.1503115284853886,4.156119670688845
2015-01-20,3.209858956808248,3.6920290202712893,4.032581581434754,2.16737421249611,4.205463174070889
2015-01-21,3.228718425343689,3.720256514843136,4.06851123337039,2.1784644339961527,4.23761614152223
2015-01-22,3.29739568110364,3.8234056371898557,4.200076670076366,2.218774876462312,4.355109756302914
2015-01-23,3.3057500466811,3.8359717893365652,4.216139884146182,2.2236803781664016,4.369423427675106
2015-01-26,3.3013454206061166,3.8292356782415773,4.207460427260326,2.2211212326851473,4.361750555389736
2015-01-27,3.202883193278208,3.6802012590692437,4.016371170101794,2.1635344303279367,4.191990578407692
2015-01-28,3.183973727500469,3.6517944061905583,3.9801627044392305,2.1524440315035123,4.159633310082704
2015-01-29,3.219138025621749,3.704334064064223,4.046931339211604,2.173131935180168,4.219479425904877
2015-01-30,3.1904074421861424,3.6611443536184853,3.991843239981954,2.156283459022922,4.170283513364355
2015-02-02,3.208410378044127,3.680522178651142,4.011973438127426,2.175051471615491,4.224605872144592
2015-02-03,3.2299932465391166,3.7052809273194303,4.038961848248853,2.195953228496858,4.285376474381708
2015-02-04,3.228017353151237,3.703014284783143,4.036491082089078,2.1940340467102994,4.279631692790778
2015-02-05,3.247567150765964,3.725440799857878,4.060937228158105,2.213016267156344,4.3350442113154415
2015-02-06,3.2337647899455018,3.7096074465359052,4.043677994310064,2.1995795121090844,4.295433670321978
2015-02-09,3.220381361092142,3.688724794160857,4.016609121513855,2.192541330062489,4.274689548184298
2015-02-10,3.277994777021867,3.7747350864381874,4.125834340947928,2.2266670527326964,4.374362827691673
2015-02-11,3.291685369634617,3.795230402896167,4.151928872677636,2.234770954315207,4.398113885289773
2015-02-12,3.3357309780565068,3.861401223493323,4.2363427780211795,2.260791002159083,4.474796134843657
2015-02-13,3.36863383638117,3.911011555008958,4.299799701212948,2.2801996877438757,4.532287213047035
2015-02-17,3.3722277445477897,3.9163826494146288,4.306645930276357,2.282332900059527,4.538511521554565
2015-02-18,3.377633795989047,3.92450100705558,4.317018499696634,2.285532186559859,4.547919504121096
2015-02-19,3.3968147384207534,3.9534993563562546,4.354190861887579,2.29683608394023,4.581524326271671
2015-02-20,3.422901660256678,3.993030750998636,4.404942055340554,2.3121923754228124,4.62733539891402
2015-02-23,3.4268648881858264,3.9989879139742244,4.412564744613272,2.314538554321266,4.634238874702967
2015-02-24,3.429739384913972,4.0032907093776595,4.41806002111604,2.3162447695250235,4.639225181778018
2015-02-25,3.4199030739806124,3.9882427098832904,4.398641287291224,2.3104863375434372,4.621786763422307
2015-02-26,3.4398398971834077,4.018496702845506,4.437526102992286,2.3222167000625564,4.656846691913352
2015-02-27,3.4223704266606725,3.9918047568924098,4.403094448297434,2.3119794088400116,4.625914652047701
2015-03-02,3.4579213383246516,4.045818673236137,4.472559808579657,2.332881165721378,4.688508837446548
2015-03-03,3.43934802170262,4.01740063151819,4.435864091287068,2.3220032015066088,4.655576506440486
2015-03-04,3.424059618474231,3.9940351019597915,4.405720969309101,2.313045837673455,4.628499293971509
2015-03-05,3.430927919847886,4.0044131100844025,4.41903320167545,2.3170982317756654,4.640525879129466
2015-03-06,3.386226217374337,3.936288329662096,4.331281365863943,2.2908643307270786,4.5615792775004795
2015-03-09,3.3974350244228715,3.9532121560884192,4.35296417140659,2.297476047634925,4.581191503398819
2015-03-10,3.3248645253470137,3.8429988585380626,4.211336593178437,2.2548199582434587,4.4534705002339265
2015-03-11,3.3027721770978826,3.8096226377617657,4.168623791840879,2.2418093136861836,4.41479236888182
2015-03-12,3.3276761175672,3.847021934129159,4.2163266376047535,2.2565258187984516,4.458132653183922
2015-03-13,3.3110081949619063,3.8218181991310893,4.184057571641016,2.246714992714655,4.428925230949007
2015-03-16,3.3601363738205023,3.8957129006125784,4.278396333676059,2.275721183151679,4.514558322522861
2015-03-17,3.3662630320558957,3.904906325307111,4.290132530438139,2.2793472894395235,4.525212149698027
2015-03-18,3.4042670443690985,3.9623372002269206,4.363702166130459,2.3017417629687005,4.591766087566042
2015-03-19,3.4100404493255922,3.971030646161116,4.374828719734583,2.3051540160518336,4.601840512888158
2015-03-20,3.435394446168418,4.009470030260614,4.424191731261099,2.3200753308253304,4.646386105909593
2015-03-23,3.4277205106669615,3.9977155042304804,4.409015894543733,2.31558671874336,4.632764338938955
2015-03-24,3.4134965997164346,3.9760050274535885,4.381037352440904,2.3072491036253524,4.607605089240743
2015-03-25,3.323629115465581,3.839398104657866,4.205383735394883,2.254446867743697,4.449297756037444
2015-03-26,3.3105523404307173,3.8196246102683276,4.180073679773042,2.246751344212968,4.426383184060743
2015-03-27,3.3257369627223023,3.8424066244843416,4.209119161401703,2.2557299869719643,4.45278418806352
2015-03-30,3.3695626530923137,3.908379965050592,4.293391060764245,2.28159611725225,4.529237587304302
2015-03-31,3.328507168930889,3.846195107352398,4.2136525532700855,2.257440457960891,4.457174482548267
2015-04-01,3.3085399611732327,3.816030010309068,4.17505558355452,2.245682432838177,4.422217571353589
2015-04-02,3.3110455959589826,3.8197305971132067,4.179737822996181,2.247178695973627,4.426506007226832
2015-04-06,3.3421685970689032,3.86649350219058,4.239395094680844,2.2655638652254235,4.480697336949617
2015-04-07,3.3356098996405423,3.8565265741551475,4.226603511913506,2.2617153941625308,4.469147133158862
2015-04-08,3.3660359981197203,3.902340593476683,4.285140329902258,2.2796725023561413,4.522238843840042
2015-04-09,3.3903267429662356,3.939001440429317,4.332064345926523,2.2939955246647163,4.564723373871689
2015-04-10,3.406282015195684,3.963109333245376,4.362953874547266,2.3034009872112247,4.592660876179448
2015-04-13,3.3964372650834127,3.948097470967129,4.343629773558086,2.297629965198515,4.575264335542644
2015-04-14,3.385140171504783,3.930897446876358,4.321509765663086,2.2910022890962867,4.555332037170664
2015-04-15,3.4094478921909275,3.9676436359195133,4.368597505022599,2.3053253114048617,4.597915466134253
2015-04-16,3.4039638687470903,3.959247781840457,4.357769264563148,2.302118754604867,4.5881859060064185
2015-04-17,3.3428644283924034,3.866480713187242,4.238604040020978,2.266204538217647,4.480682516375584
2015-04-20,3.400493891984917,3.953353020870238,4.349666941574827,2.300194785059994,4.581354744964443
2015-04-21,3.4171811767110913,3.978586060061572,4.382013399652027,2.3100281313403075,4.610596126449684
2015-04-22,3.438607049159329,4.011051991036912,4.423687475550768,2.3226408599843387,4.6482193657957165
2015-04-23,3.4534975234765755,4.033634906495957,4.452700655668373,2.3314049402410957,4.674389643619945
2015-04-24,3.5073629563969715,4.1156236641788535,4.558247772613481,2.363043688453529,4.769402555965828
2015-04-27,3.497114848717951,4.099863047348548,4.53783717510038,2.357058281262962,4.751138318919982
2015-04-28,3.48905897398139,4.08747015961493,4.521789314138851,2.3523551066787536,4.736776784616698
2015-04-29,3.4638685626518115,4.0489041591310935,4.471970200455488,2.3376049099339022,4.692084461826857
2015-04-30,3.401181784582169,3.9532559293201,4.348676571799151,2.300836521998511,4.58124223013676
2015-05-01,3.452753829969621,4.0313714392316085,4.448884118599517,2.331191264360767,4.671766617941022
2015-05-04,3.4592784204380957,4.041235154819286,4.4615395968592235,2.3350399127480417,4.683197213683933
2015-05-05,3.3944186956707583,3.942330320492776,4.334105616903423,2.2969876962868554,4.568581056298136
2015-05-06,3.367504925555911,3.9014877073699457,4.28167775899989,2.2811685881672115,4.521250474273402
2015-05-07,3.3907010747055724,3.9364708824697923,4.326426394401345,2.2948498735372707,4.56179082935718
2015-05-08,3.439345361429945,4.010061878435375,4.420744994956389,2.3234960954788026,4.647071970903038
2015-05-11,3.424031083748943,3.986699496930105,4.390653663618691,2.3145178073685706,4.6199984065646635
2015-05-12,3.4061783311350045,3.959514573817746,4.355680811115187,2.3040420148522136,4.588495078671906
2015-05-13,3.414144781956314,3.9715220962105415,4.37104813435746,2.308745721409569,4.602410031219551
2015-05-14,3.471554113467568,4.058556928355289,4.4827602853065,2.3425217603984403,4.703270601757659
2015-05-15,3.4715232040516213,4.058436475459033,4.4825607212240755,2.3425217603984403,4.703131014565498
2015-05-18,3.48897892913223,4.084980352014564,4.516720220565504,2.352782458439412,4.733891463775435
2015-05-19,3.484573335277707,4.078178500997656,4.507901345247976,2.3502172839291693,4.726009118772005
2015-05-20,3.4870943910886862,4.081953234318385,4.512724582598796,2.351714079037766,4.730383479553499
2015-05-21,3.5078415839687214,4.113557341548527,4.553442405727161,2.3638992785967567,4.767007991924343
2015-05-22,3.503797798078335,4.1072977517799405,4.54531357018732,2.361547957291225,4.759754047959194
2015-05-26,3.4574421278340877,4.036344201374818,4.4536609974893775,2.334398175809526,4.677529317937733
2015-05-27,3.5214933514753173,4.133804753257208,4.579076684783178,2.3720216219149974,4.790471764376517
2015-05-28,3.512338324218058,4.1197126357888925,4.560819809198427,2.3666775970141827,4.774141072710672
2015-05-29,3.488229874280806,4.082754853601457,4.513040741381962,2.3525700238297573,4.731312438411148
2015-06-01,3.501684616063372,4.103221403623889,4.539389937563925,2.360479045916433,4.755030159941032
2015-06-02,3.488888927867658,4.083590153532709,4.514007324228296,2.3529968436172695,4.732280428186741
2015-06-03,3.5008862621235486,4.101832489569536,4.537488627436955,2.3600509848582463,4.753420612814916
2015-06-04,3.4702211625208084,4.054894736249654,4.476866987780741,2.34209334469149,4.699026659693402
2015-06-05,3.460721259148887,4.040342600970557,4.4580784462781615,2.336536175883492,4.682162875038122
2015-06-08,3.420272754484553,3.9786736531840883,4.37864813285674,2.3128073363796444,4.610697633996655
2015-06-09,3.4136978973050423,3.968625657445573,4.365703619069149,2.3089592199655162,4.59905348466038
2015-06-10,3.467460484395237,4.05007845471627,4.470196617188923,2.3405979681779496,4.693445297710405
2015-06-11,3.473257152505524,4.058836638606947,4.481430225641243,2.344018555507037,4.703594744803292
2015-06-12,3.440440941136969,4.008743160545947,4.416858760455606,2.324778505409542,4.64554377080856
2015-06-15,3.420764368177851,3.978766243147793,4.378281533276983,2.3132348654646853,4.6108049321476985
2015-06-16,3.442183100771324,4.011189125841104,4.419863204435409,2.3258475941087164,4.6483782848658235
2015-06-17,3.453066841417809,4.027659763356485,4.440993131797583,2.3322603530599415,4.667465331465338
2015-06-18,3.5109094428514283,4.115588525080748,4.554060399256215,2.366250422577907,4.769361834918911
2015-06-19,3.4909165605640506,4.08494542177588,4.5144563945123,2.354551623798786,4.733850984765871
2015-06-22,3.5204774550014237,4.129990484754623,4.572489959896751,2.3719074250129797,4.786051588133556
2015-06-23,3.5237367728567865,4.134903268401946,4.578790445953068,2.373835295694257,4.79174478187437
2015-06-24,3.5028572900909487,4.102871076648133,4.537362549423343,2.3616224335316724,4.75462418249753
2015-06-25,3.4947850836479124,4.09046462852,4.521310768191236,2.356908264835778,4.740246933691284
2015-06-26,3.468082557622411,4.049624919075584,4.468601256195267,2.3412670130712963,4.692919716602799
2015-06-29,3.3738831049202904,3.9060795862423685,4.283760902918531,2.2859868462753496,4.5265717865744834
2015-06-30,3.3876726852559185,3.926832607806011,4.310271442498848,2.2941290499243765,4.550621486490231
2015-07-01,3.4185704848831087,3.973477495997376,4.369961767363384,2.312341505228089,4.604676051998475
2015-07-02,3.4196330114375213,3.975016811796531,4.371893740380516,2.312984306112897,4.606459892627741
2015-07-06,3.4104947082036214,3.961089290011838,4.353979190829957,2.3076275138565765,4.590319943152687
2015-07-07,3.420296945047993,3.9758673695104956,4.37288730811282,2.3134127218198475,4.607445563929587
2015-07-08,3.3517778732850054,3.8719057309443126,4.239443902203181,2.2731308285791925,4.486969314117062
2015-07-09,3.349568966921745,3.8685075650881617,4.235061143448765,2.271845758782723,4.483031339646514
2015-07-10,3.4083925622428133,3.957051166164958,4.348108243602554,2.306556474589201,4.585640351487335
2015-07-13,3.4771791510387424,4.0611436024950605,4.481507595996822,2.3470525756833314,4.706268176672259
2015-07-14,3.5034314867367544,4.101063113598497,4.532856713343881,2.3624794422699558,4.752529019213998
2015-07-15,3.507784547461719,4.107635392749399,4.541286781194907,2.365050291160423,4.760145324187084
2015-07-16,3.564765827946386,4.194594316444608,4.653404433596235,2.3984759371704314,4.860917927995773
2015-07-17,3.62516035838387,4.287212085252021,4.773231490071406,2.433829453861717,4.968248301062345
2015-07-20,3.6394409956432097,4.309161220615017,4.801693279705273,2.4421858653642197,4.993684120963143
2015-07-21,3.6368361327125034,4.305059782439454,4.7963134061731045,2.4406849917948366,4.98893115730227
2015-07-22,3.5894402750328362,4.231801822490301,4.701045124099499,2.413045440370009,4.904035955520976
2015-07-23,3.574014199135016,4.208002877192172,4.670153981531507,2.404046582631463,4.876456477950635
2015-07-24,3.533686243076184,4.145993546385634,4.589817806935758,2.3804771577470487,4.804596783047884
2015-07-27,3.5000035862096253,4.094369445779585,4.52309537541992,2.360765424793391,4.744772042626908
2015-07-28,3.534676163636066,4.1471995196076,4.591138911249867,2.3811203132806207,4.8059943286537505
2015-07-29,3.550006993001599,4.170585353262879,4.621296805789282,2.390119525667931,4.8330950705849585
2015-07-30,3.5693719329896,4.200182360038713,4.659511483455485,2.401475733740997,4.867393648706718
2015-07-31,3.564577207807599,4.192745553152914,4.649839260102986,2.3986896130507622,4.85877548323205
2015-08-03,3.551727884196605,4.172950034477864,4.6241768932798895,2.391190919584071,4.835835388347478
2015-08-04,3.544009661536571,4.161044308898615,4.608737815280391,2.386691490714799,4.82203840333582
2015-08-05,3.5754423690501542,4.209104286636644,4.670793487588978,2.405117621898841,4.877732849516227
2015-08-06,3.509476026143165,4.107735479895156,4.539511162252553,2.3665502781078978,4.76026131046954
2015-08-07,3.5043279968771297,4.099800236983742,4.529234425606359,2.363550304212952,4.75106553094448
2015-08-10,3.5503268215752173,4.1699135452036655,4.619552686855447,2.390548118699264,4.832316543844864
2015-08-11,3.497963324006991,4.089615502469957,4.515722512502799,2.359908238730726,4.739262921477375
2015-08-12,3.5118097840020437,4.110654299830319,4.542778884522981,2.3680502650553708,4.763643793513443
2015-08-13,3.5051995884846345,4.100485295648133,4.529621428368246,2.3641932824221414,4.751859413187253
2015-08-14,3.511378348802541,4.1098367768213375,4.541627023452704,2.3678360572018953,4.76269640457637
2015-08-17,3.5449620440277365,4.161027360015109,4.607575502858759,2.387548499453081,4.822018762072452
2015-08-18,3.524074277421129,4.128969887163169,4.566114268661628,2.3753345733442037,4.784868865620889
2015-08-19,3.4973566945098145,4.088063523795157,4.513291711559039,2.3596936762284857,4.737464406437522
2015-08-20,3.3859398102554326,3.918117369946027,4.294352938069433,2.294343435102235,4.540521807530992
2015-08-21,3.2157272449404926,3.6611349393973596,3.9657080215867717,2.1940677383428846,4.242716964059798
2015-08-24,3.1276700297730162,3.559599595686351,3.854734435033987,2.1096473238771094,3.9977205977134953
2015-08-25,3.1194436201432847,3.550237123266564,3.8445956978351905,2.101719150757176,3.975064108506775
2015-08-26,3.2294159373991413,3.6753965589852506,3.980132399018914,2.207565847626322,4.2752317164584825
2015-08-27,3.286683672455433,3.7405729377629835,4.050712705840446,2.263488992631458,4.437555903329245
2015-08-28,3.286249748385661,3.740079089010201,4.050177910917063,2.26306075424889,4.43616243343208
2015-08-31,3.257718329481486,3.7076074963457315,4.015014021541468,2.2349919004952024,4.375085529609174
2015-09-01,3.1864504597792482,3.626497571781239,3.9271790808867246,2.1651422304996784,4.228014752418311
2015-09-02,3.249360262916591,3.6980951852381305,4.004713022174106,2.2262076052588955,4.356239936211467
2015-09-03,3.238195561938638,3.6853886449993047,3.9909529525673717,2.2152798128927804,4.333223369540395
2015-09-04,3.21122939559374,3.654698465439194,3.9577181774788763,2.18892515394004,4.277762616421231
2015-09-08,3.2746022101083465,3.726823031898039,4.035822762690573,2.250633861557212,4.395428200660475
2015-09-09,3.2488516138248973,3.6975162919776836,4.004086131501357,2.2253495325743207,4.347079840591428
2015-09-10,3.273595156715686,3.725676904968016,4.034581607660262,2.249561226370398,4.393388229178561
2015-09-11,3.286255700041349,3.7400858625863718,4.050185246106487,2.2619893603327506,4.417153540658834
2015-09-14,3.279284936359539,3.7321524401513977,4.0415940448138405,2.2551329357777212,4.404445319726477
2015-09-15,3.3063302224714377,3.7629326658762077,4.074926332007975,2.2817010932864084,4.452934723046949
2015-09-16,3.319372813829968,3.7777764321573635,4.091000830133805,2.294557820280094,4.476381765401123
2015-09-17,3.3202407369820772,3.7787642150346894,4.092070512430707,2.2954148290183767,4.477944129624742
2015-09-18,3.287184142198427,3.7411425221110313,4.051329515776803,2.2627669277478906,4.418428039840912
2015-09-21,3.2943932401653133,3.7493471926689588,4.060214455017182,2.2698551152702144,4.431557475301135
2015-09-22,3.2599161784823627,3.710108867123476,4.017722786899077,2.2359194843375283,4.368270976375057
2015-09-23,3.261669899273661,3.712104775822356,4.019884181118831,2.2376377575992628,4.371477576655601
2015-09-24,3.2533420696121373,3.702626877318384,4.009620447585629,2.2294758709438325,4.356246686942536
2015-09-25,3.2340358215947087,3.6806544467285605,3.985826230697126,2.2105748650647516,4.320969796594369
2015-09-28,3.1695882836102878,3.6073067380609123,3.906397089657035,2.147642264562906,4.133966015346841
2015-09-29,3.1580503560729456,3.594175428873555,3.8921770325014697,2.136473843010395,4.101596817351799
2015-09-30,3.2089427941455404,3.652096085548405,3.9549000281032476,2.185658838823308,4.243113204761911
2015-10-01,3.2190979197666567,3.6636536286111214,3.9674158344546786,2.1955395307136185,4.2717595256721275
2015-10-02,3.2585571921551546,3.708562205508016,4.0160478879032215,2.233985939276027,4.383837955567451
2015-10-05,3.2912336215524127,3.745751232407825,4.056320345167746,2.265988379795975,4.47790646847826
2015-10-06,3.2803153174752793,3.733325116350638,4.042863950376205,2.2552494378967065,4.445941424600485
2015-10-07,3.2940925447919214,3.7490049714245943,4.059843859398323,2.2687807068395798,4.485822578654612
2015-10-08,3.3032612815447204,3.759439905841441,4.0711439789602775,2.27780190745026,4.512444888508275
2015-10-09,3.313727428205169,3.7713514217834314,4.08404310692138,2.288111901669432,4.542948355325787
2015-10-12,3.3215072645908665,3.7820281929488635,4.097014868003979,2.2936963784322604,4.559443891498315
2015-10-13,3.2967970551533807,3.7452605901667413,4.050506333583059,2.2788759612321305,4.515118515441487
2015-10-14,3.290692840624658,3.736147837865322,4.03896822715943,2.275224497557658,4.504132589188238
2015-10-15,3.3528233698440344,3.8280905301000367,4.1548889451846,2.3125966750138134,4.614974583242921
2015-10-16,3.368909437895515,3.8519775638131306,4.185095209510233,2.3222626270775035,4.643771721813234
2015-10-19,3.3910960170121727,3.884996399493291,4.226907052773353,2.3355795108425195,4.683577752060965
2015-10-20,3.370981706621556,3.8548689756908403,4.1886232128588,2.323551066037231,4.647257478542443
2015-10-21,3.3473003896604308,3.8194769106289623,4.143716179132096,2.3093750456413473,4.604590389186858
2015-10-22,3.4256773263354368,3.9360597248031737,4.291234869045193,2.3564137071343385,4.74513741126652
2015-10-23,3.5358872967148414,4.101158225392253,4.501188312438266,2.422353551830793,4.944172773141885
2015-10-26,3.538378020833836,4.104851798988016,4.5058729836495655,2.423856198643996,4.94862558013058
2015-10-27,3.5466392558373374,4.117278266238533,4.521742282055367,2.4287959239538144,4.963606372792015
2015-10-28,3.5805137804234364,4.1684962324964285,4.587321336035374,2.4489869647120615,5.02535246020218
2015-10-29,3.573978761220846,4.158495716583853,4.574435529000195,2.4451195199402935,5.013296285878986
2015-10-30,3.555534010475112,4.130425513553662,4.538364925590242,2.434166015538786,4.979456105634498
2015-11-02,3.6016825133583716,4.200272137244657,4.627852763377317,2.4616590970240684,5.063660068556675
2015-11-03,3.616105384102147,4.222133592780842,4.655907367121116,2.470250463332742,5.090015260749464
2015-11-04,3.616432826933054,4.222554412358064,4.65640174628783,2.4704644938618348,5.090522581994283
2015-11-05,3.605190893941693,4.2053560691842495,4.63422875376141,2.4638059633171356,5.069789029326977
2015-11-06,3.608050181200527,4.209628255039298,4.639674094815335,2.4655247685520165,5.074939385354587
2015-11-09,3.5639162918315748,4.142380625114601,4.553153234961775,2.439321012648372,4.9938686529762455
2015-11-10,3.553418426154663,4.126386444942304,4.532595547694107,2.433092848378826,4.9745867853206684
2015-11-11,3.548333514745533,4.118606070986821,4.522577700190301,2.4300850722110714,4.965207114758973
2015-11-12,3.5086270636600427,4.058413140322953,4.445417544869311,2.406458726200029,4.892641212014403
2015-11-13,3.4293661145896026,3.938752710069984,4.292455222215833,2.359206388826709,4.748383953755954
2015-11-16,3.486060130578513,4.023605044641921,4.400291343522983,2.393142019759395,4.850678130003682
2015-11-17,3.4885468988336736,4.027271936558982,4.404923848934488,2.394646085167654,4.855098770754906
2015-11-18,3.565519339090013,4.143098493656437,4.552680706274206,2.4406101609056283,4.994734083155764
2015-11-19,3.5683723420310183,4.147345077532299,4.5580781755702775,2.4423279021942172,4.99985357458331
2015-11-20,3.5961281550832718,4.189344538634904,4.6118833894954605,2.4588667699804634,5.050486244833497
2015-11-23,3.584170963078497,4.171089102970968,4.588385211692633,2.4517791144312864,5.028478308779569
2015-11-24,3.580525665712522,4.16547544429366,4.581132336310332,2.449631006867545,5.021710733166852
2015-11-25,3.584102131729372,4.170821536533454,4.587943051962511,2.4517791144312864,5.0281557426597905
2015-11-27,3.5898428805468936,4.179449128922218,4.598963346684853,2.4552156609547553,5.038556781839938
2015-11-30,3.5793303143377604,4.163392067282337,4.578293762197227,2.4489869647120623,5.019199107101855
2015-12-01,3.6204505343715097,4.22569720120018,4.658177596493811,2.473472447353972,5.094311387539193
2015-12-02,3.5947455066543883,4.186480804776262,4.607692462824254,2.4582223731762176,5.047033855485104
2015-12-03,3.524637885560539,4.079901071794628,4.4707894629135945,2.416554157916962,4.918546100315373
2015-12-04,3.6193525755437435,4.222823983988511,4.653460056419014,2.4730424357275838,5.090847565484902
2015-12-07,3.6005130067401954,4.194052675298661,4.616409688262757,2.4618740141750726,5.056162163641277
2015-12-08,3.600837409935723,4.194460786036446,4.6168826647316115,2.462088222028548,5.056654163678167
2015-12-09,3.53794536611408,4.098819968807818,4.494013831450743,2.4247156899236284,4.941353875672918
2015-12-10,3.5562919773026715,4.1264624829612755,4.529323856694156,2.435670080947046,4.974678453352591
2015-12-11,3.462128377129044,3.9838671456604895,4.3466719892575,2.3796109281409032,4.802771897810687
2015-12-14,3.4922766099231684,4.029025626089203,4.4041002370151965,2.3976531520378805,4.857212940350749
2015-12-15,3.5167056964636907,4.065706187904854,4.450829662648491,2.412258120113861,4.901433383714684
2015-12-16,3.5768067150621032,4.156255796685147,4.566429123520414,2.4481272961080496,5.0105959387164125
2015-12-17,3.5168655337790273,4.0653235637156,4.449822522137222,2.4124728599404826,4.900972109119829
2015-12-18,3.4392517610721187,3.9482214428599223,4.300234549505455,2.3661965159657776,4.7597990341511265
2015-12-21,3.4831479256825366,4.0138644229443905,4.383594657433763,2.3924798905169475,4.838935272512299
2015-12-22,3.509445721389947,4.053313674743065,4.4338111921960905,2.4082071446067066,4.886493524582706
2015-12-23,3.539379810893765,4.098329659819812,4.491212431093337,2.426089067262342,4.940762781105069
2015-12-24,3.538622264058515,4.0971055667874845,4.489599442552833,2.4256578143652794,4.93928706934034
2015-12-28,3.5364120585327194,4.093668086428184,4.4851450857663515,2.424365651593529,4.93514299689382
2015-12-29,3.6003455414986956,4.190119197435997,4.608383693571118,2.462498550648532,5.0514201388074325
2015-12-30,3.5629996909307224,4.133345542024747,4.535486504827988,2.440307822834291,4.982976361247694
2015-12-31,3.511960075510239,4.056035993850476,4.436469117113971,2.4099303829511376,4.8897754306372745
2016-01-04,3.4267117929813704,3.9275225134407865,4.272417679621165,2.3590865175444655,4.734845331405973
2016-01-05,3.4198411197080834,3.917173683486434,4.259237732301386,2.3549933388343915,4.72236924526587
2016-01-06,3.3820297288192447,3.8606050738395608,4.1874319864957705,2.3323715354474692,4.654172661701038
2016-01-07,3.2602101344577443,3.6791499069874645,3.95776775404042,2.2593378288484667,4.435418435165375
2016-01-08,3.2294306238698813,3.6337717899735344,3.9007750417514293,2.2408086721984737,4.380712608589942
2016-01-11,3.2349471089382105,3.638707146949081,3.90509784644138,2.2477035761444,4.400770707143232
2016-01-12,3.2612144447029747,3.668252959959276,3.9368067161299485,2.273770969598274,4.477183937201401
2016-01-13,3.1824869588566256,3.5796993435434366,3.841770066354481,2.195350857571155,4.245418031928236
2016-01-14,3.229933851298612,3.6330681748767706,3.899046043752563,2.242101721592134,4.380890455798212
2016-01-15,3.1597668971226343,3.5541435467323614,3.8143433229918835,2.1725139597088474,4.176794146671146
2016-01-19,3.164616436390632,3.5595983664248125,3.82019749145707,2.1772538404401343,4.1885632257081875
2016-01-20,3.1578270447514387,3.55196157761528,3.81200161134651,2.170574385618357,4.170899436830855
2016-01-21,3.1600287626309305,3.554438096183864,3.814659436485573,2.172729408832997,4.176457338447359
2016-01-22,3.2240823270517467,3.626486310512193,3.891982319380782,2.2356378932188883,4.34162641481414
2016-01-25,3.190611324457721,3.588837727010497,3.8515774732591823,2.202459969370557,4.2575434639481555
2016-01-26,3.2107186600282334,3.6114546982259985,3.875850238837675,2.2222807568191545,4.307220503484271
2016-01-27,3.1547296730134287,3.5484776168887775,3.808262588946326,2.1669122824809635,4.167756584961191
2016-01-28,3.185915447111662,3.5835557480832088,3.8459087992766676,2.197505348812649,4.244093657878456
2016-01-29,3.2324944035259184,3.6359483146057614,3.9021370392624837,2.243394948310177,4.359115052841092
2016-02-01,3.2386015994230637,3.642817761496364,3.9095094001520456,2.2494266371644493,4.372437988061409
2016-02-02,3.189539800811532,3.5876324644147832,3.8502839730744087,2.2007369083505077,4.260244612879103
2016-02-03,3.1788386469932752,3.5755956787834187,3.837365971226821,2.190180255915952,4.235977413400459
2016-02-04,3.178626957725661,3.5753575681667495,3.8371104284697872,2.1899646294674207,4.235430956683876
2016-02-05,3.101366027486632,3.4884535510148393,3.7438441455507077,2.1139144578059446,4.0611075570275235
2016-02-08,3.0681973762992976,3.4511450559867307,3.703804285868569,2.081597975805446,3.9882890114957523
2016-02-09,3.0615359048986996,3.4436521533894733,3.695762825917422,2.0751343247565828,3.9737399688836756
2016-02-10,3.0697760042972573,3.4529207156142645,3.705709942000668,2.08310594235011,3.9915712111368147
2016-02-11,3.066671043445869,3.449428218562388,3.7019617583285025,2.0800892999632548,3.984756357388802
2016-02-12,3.0993616862788373,3.486199044084084,3.741424585579397,2.111759434591305,4.055760958023894
2016-02-16,3.148304806094979,3.5412508498390887,3.800506748395614,2.159371740460118,4.1746016213416235
2016-02-17,3.198224244032382,3.5974008298782145,3.8607674831217835,2.208277095722591,4.298073990643694
2016-02-18,3.1726770466701057,3.5686650371446063,3.8299279355055678,2.1830702574946406,4.233869638787888
2016-02-19,3.1792601768628748,3.5760698206155754,3.8378748251062027,2.1895340858678862,4.250165597170785
2016-02-22,3.2154140653029604,3.6167361461618124,3.8815183429546907,2.2250814181087155,4.337378553296867
2016-02-23,3.178374361832294,3.5750734452888375,3.8368055048818603,2.1884564855983757,4.246794169291285
2016-02-24,3.1996277145755023,3.598979470308432,3.862461696229732,2.209353986694574,4.298125738302422
2016-02-25,3.2216953081600246,3.6238013631517823,3.889100806323667,2.23111417090928,4.35171334761412
2016-02-26,3.2188724404604514,3.6206261678464404,3.885693154141678,2.2283135096197197,4.344709910724235
2016-02-29,3.19863656597803,3.59786461452753,3.861265221566267,2.208277095722591,4.287896347356984
2016-03-01,3.2705128381485165,3.6787119039685776,3.9480313621586953,2.279157375026392,4.4848525072114835
2016-03-02,3.271386980961583,3.6796951502456405,3.949086592152211,2.280019526171753,4.487151325148225
2016-03-03,3.267065897637404,3.6748347441107736,3.94387035441623,2.2757101890400016,4.47487854285094
2016-03-04,3.267939233861723,3.6758170831271793,3.9449246107282994,2.276572162860981,4.477177427519819
2016-03-07,3.2538893254403973,3.6600135783201293,3.9279641272115144,2.2625685017644166,4.437982203515365
2016-03-08,3.2350287464728527,3.6387989738231403,3.9051963959848455,2.2438253145853304,4.385836491364733
2016-03-09,3.2496035456601935,3.655192882033198,3.9227905064917965,2.2582593419570474,4.42563610353908
2016-03-10,3.2461396669126095,3.651296669844698,3.9186090515925343,2.2548125106194217,4.4159541290644
2016-03-11,3.2858797330740805,3.695996770925929,3.966581658735263,2.294238636392467,4.525088617140898
2016-03-14,3.289792490706299,3.70039788744536,3.9713049821432427,2.298116543302774,4.535986111345149
2016-03-15,3.288937157900138,3.6994357988887345,3.9702724588323974,2.2972542148330306,4.533278873025327
2016-03-16,3.309457841825795,3.7225177092712136,3.9950442018955754,2.317722236275986,4.5937121016787295
2016-03-17,3.3081721681758167,3.721071568193391,3.9934921884521764,2.3164284775847976,4.58971278050224
2016-03-18,3.3118090234352917,3.72516234642853,3.9978824536291104,2.3200588396578103,4.600349273762202
2016-03-21,3.3251760748715014,3.7438863565605067,4.020804848948031,2.329134478853769,4.627152568610361
2016-03-22,3.336849775096154,3.7609537519729104,4.0421446066894715,2.3362652242277764,4.648246542892888
2016-03-23,3.305228172153498,3.714389185778441,3.983712396774807,2.317033863025,4.590696357990665
2016-03-24,3.3062595318261274,3.715825671509643,3.9854655889085695,2.3176826929387966,4.592471742713349
2016-03-28,3.300897795811936,3.7078673862922864,3.9754493934824353,2.314440671262399,4.5826359206882765
2016-03-29,3.3618247202186016,3.797061554333763,4.086975614574899,2.3516075070841795,4.692872980377594
2016-03-30,3.380619671139895,3.8246764184372997,4.121609126625414,2.363059470323534,4.727002806232108
2016-03-31,3.3748987900608394,3.816159311969244,4.1108568469798765,2.359601999522987,4.716476324571752
2016-04-01,3.4160927932243426,3.876840318436932,4.187073792483144,2.38466662359656,4.791473332547383
2016-04-04,3.4011056282529166,3.8545677860188836,4.158958105512861,2.3755922256712756,4.763946213459744
2016-04-05,3.363359860260279,3.798693651682197,4.088578831373232,2.3526867032731285,4.6948901258565945
2016-04-06,3.4269167405538767,3.8922487928421634,4.206011387630083,2.3913661160735056,4.810517009393396
2016-04-07,3.3702632606312783,3.8082417039263725,4.100056820279636,2.35700916240915,4.706690776372987
2016-04-08,3.3673873976721507,3.8039277108708314,4.0945937127995835,2.355280249684494,4.701359016232102
2016-04-11,3.3531379923304785,3.7828436967309242,4.068064023636281,2.3466371046562724,4.675300813366747
2016-04-12,3.3854177167179453,3.830268055253939,4.127519788834737,2.366300960026786,4.733913634765543
2016-04-13,3.4351551517124044,3.903591668010319,4.2196579039710995,2.396551435652416,4.824535921553427
2016-04-14,3.4354782792252756,3.903993427932836,4.220118885014481,2.3967677713984754,4.825032465593601
2016-04-15,3.425471623573546,3.8890842429835457,4.201270755558292,2.3907174634840906,4.806605871711255
2016-04-18,3.4464407449692716,3.920047856331863,4.240241997158625,2.4034669092266565,4.844874491373565
2016-04-19,3.4221753507668273,3.883970443815445,4.1946677828352446,2.3887723923377577,4.800285613374736
2016-04-20,3.425346463075911,3.888587934992998,4.20044031661505,2.3907174634840906,4.805992473607101
2016-04-21,3.425669979546194,3.8889897693542146,4.200901046679188,2.390934153878914,4.806489109647723
2016-04-22,3.3661781013163354,3.8008193513816053,4.089739690241799,2.3548482874899026,4.697517325479516
2016-04-25,3.366138402900146,3.8006699371161967,4.089498532193347,2.3548482874899026,4.697332661059678
2016-04-26,3.3472785062625214,3.772818400954694,4.0544909215169,2.3433956149530193,4.6629103269352425
2016-04-27,3.316366458102186,3.727296903348734,3.9973730634209623,2.324597279891126,4.606649293743007
2016-04-28,3.27024761031447,3.6596145417020534,3.9126455546148597,2.2965066152384503,4.522999154898844
2016-04-29,3.2503993526171313,3.630571382010119,3.8763771278603536,2.284405644760917,4.487104066701628
2016-05-02,3.2704737330812863,3.651722994892698,3.8979917042374104,2.3060142166289994,4.550603819022568
2016-05-03,3.2492418840015693,3.6280160833452246,3.8726860212284895,2.2846221578313584,4.487135288962658
2016-05-04,3.234618834680624,3.611688379832243,3.85525719299265,2.26992852756437,4.443701812429575
2016-05-05,3.233977024133039,3.6109717514394593,3.8544922358658362,2.26928022962372,4.441655707560008
2016-05-06,3.2460527580868708,3.6244551911360894,3.8688849858514067,2.2813804908037247,4.477039260911742
2016-05-09,3.2525256328051455,3.6316826289267343,3.8765998351404214,2.287863115561464,4.495952191489674
2016-05-10,3.283712151225044,3.666504656479694,3.9137702269571073,2.31919509259301,4.588161614240819
2016-05-11,3.2629454119291523,3.643317074005426,3.88901889607784,2.2982355279631057,4.525812715832092
2016-05-12,3.252858704216085,3.632054527504596,3.876996814203004,2.2880792739831413,4.495662653579345
2016-05-13,3.2444785251596606,3.622697444996298,3.8670086989915755,2.279651400754687,4.470675101547916
2016-05-16,3.272915739622842,3.6544496737072305,3.900902267665697,2.3081745595751,4.554401791458566
2016-05-17,3.2441832797845516,3.622367781952527,3.8666568037871447,2.279219970533243,4.468552416305128
2016-05-18,3.2523710738229847,3.631510052524877,3.87641562035093,2.2874304440693454,4.492549617572771
2016-05-19,3.2405510230741936,3.6183121018171387,3.862327612458861,2.2755466959597825,4.4573892741160055
2016-05-20,3.2655446959604246,3.6462193646342245,3.8921169144133403,2.3006113200333558,4.53088510423646
2016-05-23,3.2625640748465097,3.642891283276882,3.888564390429431,2.2975861660761634,4.521756335347042
2016-05-24,3.308322418175015,3.693983818541939,3.9431025574509144,2.343611596050316,4.657471822089616
2016-05-25,3.324985998430871,3.7125899240067333,3.962963440889053,2.360466455885314,4.707557795559142
2016-05-26,3.3318111424186236,3.7202106961876638,3.97109815066378,2.3673806881888804,4.728084946005551
2016-05-27,3.343953208662472,3.7337682007349935,3.9855699603628083,2.379697285114945,4.7648236859983415
2016-05-31,3.3497352877506335,3.7412914299453415,3.994414177869297,2.384234484077588,4.778236264330203
2016-06-01,3.350052224176567,3.7416766827401715,3.9948493417428335,2.384451529121175,4.7787282946650915
2016-06-02,3.3580486453317886,3.7532503930232535,4.009221376031979,2.3894213995759364,4.793509800790179
2016-06-03,3.3398542627944128,3.726649713995224,3.9760263128088886,2.3781845308119673,4.75953641711571
2016-06-06,3.3537744406537846,3.7468189500360696,4.001078946856889,2.3868283851377172,4.785295804449942
2016-06-07,3.343963607662479,3.732446858373175,3.9831294294713,2.380777545250187,4.766940311202808
2016-06-08,3.350563174270817,3.741980612010677,3.9949556854843387,2.3848836686401484,4.7791164616628565
2016-06-09,3.3442461997837767,3.73270375895119,3.983357293911143,2.3809942356450104,4.767268414928804
2016-06-10,3.3005849129399096,3.6690645893526592,3.9040823629051125,2.3539838311275756,4.685990868471536
2016-06-13,3.268839077915669,3.622945766896447,3.8467791016398363,2.334320153081444,4.627089648383556
2016-06-14,3.268806579319568,3.62282570322005,3.8465878794393342,2.334320153081444,4.626936307585778
2016-06-15,3.2579880723948724,3.607113504941932,3.827082430342332,2.327622256523937,4.606869280728705
2016-06-16,3.269086073459596,3.623068144163902,3.846789316701052,2.3345368434762674,4.6272459440125475
2016-06-17,3.224988135486401,3.5592482036943522,3.7676928609993245,2.307173031465475,4.545737523818868
2016-06-20,3.2377604812472303,3.572098626807641,3.7803539361292047,2.321689514674829,4.588458895772052
2016-06-21,3.2449572250842142,3.5800385219686546,3.7887567315333217,2.329054505557479,4.61014035146565
2016-06-22,3.2394712655157796,3.57398607035754,3.7823514186733695,2.3234221512115067,4.593264198368408
2016-06-23,3.271830898888462,3.6096872294161093,3.820133974887965,2.3565704618880416,4.691409514894751
2016-06-24,3.177505193716934,3.505621248047999,3.710000889723497,2.2595080602552025,4.401411049886769
2016-06-27,3.1333760363595213,3.4569352185187645,3.658476437967295,2.2146607734751647,4.270198089478508
2016-06-28,3.1814468672039364,3.5099699472590116,3.714603120483873,2.26319161964282,4.410418874923967
2016-06-29,3.220894310337549,3.553490818634392,3.760661282532642,2.3032731363317973,4.527437123154371
2016-06-30,3.246987208290152,3.582278125628151,3.791126905314641,2.3299223310830652,4.605862640995317
2016-07-01,3.2584057779178752,3.594875801436334,3.8044590325325567,2.3416207752134217,4.640400032492536
2016-07-05,3.234016700793124,3.5589199918651957,3.759567134998501,2.327322223669565,4.597699249780589
2016-07-06,3.264452078826435,3.602534785002209,3.81327829746577,2.3463879638995393,4.654044349457945
2016-07-07,3.275510659536687,3.6183799852524072,3.832803529537051,2.353320105965689,4.6745144542845445
2016-07-08,3.3337408345514605,3.702209535778927,3.9363578088263114,2.3897196591864875,4.782812213842558
2016-07-11,3.3555961144071,3.733775199905835,3.975459965122314,2.403368139545873,4.823591279010317
2016-07-12,3.3750433220481315,3.7619235767705432,4.010380940034094,2.415501028412169,4.859955617486379
2016-07-13,3.3656094375337324,3.7481310031914163,3.9931819069160355,2.4096510970494625,4.842137260978718
2016-07-14,3.3920238523343,3.7864235887941895,4.040732559874751,2.4261172618390825,4.891606704658388
2016-07-15,3.3857186342717336,3.777165659892314,4.029160936500871,2.4222170120566413,4.879646567070589
2016-07-18,3.4114489845355043,3.814512156315679,4.075583152290273,2.438250150705379,4.92789377661172
2016-07-19,3.3971214800558136,3.793537674196881,4.04939225005974,2.429367085788289,4.900797252688013
2016-07-20,3.442727235761429,3.859886779884603,4.131974572272842,2.457748385103089,4.986512366863472
2016-07-21,3.433618543334143,3.8464871072991755,4.115193239633802,2.4521154987839697,4.969201591478202
2016-07-22,3.449982229873397,3.8703186344866407,4.144892760162345,2.462298883394382,4.999989076142478
2016-07-25,3.4502875776513426,3.870667035145449,4.145270352722012,2.462515219140442,5.00043916815109
2016-07-26,3.4547907507720828,3.877176857699655,4.1533573155385515,2.4653316623000014,5.0088490808049535
2016-07-27,3.4823395332135276,3.9174244243787237,4.203611301943838,2.48244772094971,5.060844126366196
2016-07-28,3.4962867136499693,3.9378116901437554,4.229088453343626,2.4911144501207394,5.087182036947838
2016-07-29,3.504993319394637,3.950523588647109,4.244969731322322,2.4965301140718883,5.103604290425226
2016-08-01,3.526289693576604,3.9817378680105877,4.284045024978658,2.509746100263538,5.143929408477878
2016-08-02,3.4954495101860723,3.936235111304536,4.226880307312005,2.490681246655474,5.085145285528062
2016-08-03,3.5087009575138945,3.9556196638000323,4.2511187074451655,2.498913531090565,5.110187810414711
2016-08-04,3.520210398536515,3.9724648633677515,4.272192900271898,2.506062895524684,5.131949794834686
2016-08-05,3.559023411777253,4.029514896781114,4.343726254741876,2.5301116282136884,5.205651619102757
2016-08-08,3.5544248479443064,4.022626210113869,4.335005133098893,2.527295185054129,5.196752259298558
2016-08-09,3.5638511898798284,4.036458861465964,4.3523479582811255,2.533145471065599,5.2146223914986
2016-08-10,3.5532994094868684,4.0207887527435835,4.3325871736692605,2.5266456458428044,5.194378483998136
2016-08-11,3.5707834959443963,4.046512954213075,4.3648779394548445,2.5374783923401587,5.227611077613004
2016-08-12,3.5735539297121717,4.050526372082567,4.369880431298463,2.539212270147511,5.232795933796845
2016-08-15,3.591041265655942,4.076279736552404,4.402235425169622,2.550044307347338,5.266066202522453
2016-08-16,3.568199308529636,4.042376918305063,4.3594701666693,2.5359619142251586,5.2222678135793075
2016-08-17,3.575525749300206,4.053120687976757,4.372939137723861,2.5405118805433062,5.236147479846679
2016-08-18,3.576541741714416,4.0545404066380035,4.3746774281974155,2.5411617744033945,5.237981586665217
2016-08-19,3.5754538519753147,4.052848975075497,4.372499358400173,2.5405118805433067,5.23579645925472
2016-08-22,3.578564788769252,4.057347283632162,4.378101494629256,2.5424612074748074,5.241607736249858
2016-08-23,3.585893388422472,4.068101985973994,4.39159136405082,2.5470111737929546,5.25550152622032
2016-08-24,3.559197898756964,4.028515895410228,4.341685775321162,2.5305453636520987,5.204361028737154
2016-08-25,3.552503739959236,4.018550371274725,4.329106719563745,2.5264289554479804,5.191486762682787
2016-08-26,3.55842290104513,4.027201408058029,4.339930930461991,2.530111628213688,5.202662868192138
2016-08-29,3.563985295658444,4.035309405434619,4.350063976809756,2.5335784972064825,5.213137431694768
2016-08-30,3.5506306874571503,4.015503264106614,4.32510516922719,2.5253456807982455,5.187550264426898
2016-08-31,3.546390737355237,4.009165917120585,4.317092641076315,2.5227457507091273,5.179363169591986
2016-09-01,3.556861970223791,4.024523715497543,4.336337521759988,2.5292452212831584,5.19920360945504
2016-09-02,3.570141021463996,4.044039022196824,4.360820706034852,2.537478392340159,5.224415053144589
2016-09-06,3.595682202758588,4.081662233210547,4.408085740877969,2.5532944859453086,5.273019744862167
2016-09-07,3.5981019628654356,4.085160415316729,4.412443301905022,2.5548113187090733,5.277538978023337
2016-09-08,3.5738523837992546,4.04916415454346,4.367033032482119,2.5398616320344534,5.231036111555292
2016-09-09,3.4703924780591837,3.8961847706481696,4.174496671745648,2.475947895726913,5.03340503241472
2016-09-12,3.5419375979248615,4.000850039594286,4.305267577617608,2.520362156366069,5.168620049782795
2016-09-13,3.5054873295629814,3.947062745160529,4.237691892645048,2.497830611089593,5.099133294297684
2016-09-14,3.524682433117687,3.9751723550436404,4.272853341925319,2.5097461002635377,5.135447550467144
2016-09-15,3.587633017815416,4.067695546046801,4.388832943648932,2.5487452289246892,5.254976454414095
2016-09-16,3.585627796544428,4.064647666171306,4.384947673380569,2.547528606339678,5.251038957912623
2016-09-19,3.5676547854275484,4.037975485611014,4.351320563754649,2.5364507975463764,5.216581688619589
2016-09-20,3.5753481247661445,4.049250859714759,4.365447395496645,2.5412291576685604,5.231148124273179
2016-09-21,3.615727426994624,4.108820268343876,4.440324519513608,2.5662074247680926,5.308104680191827
2016-09-22,3.648774502183388,4.1577241915351415,4.501935357662084,2.586624022140264,5.371282703716309
2016-09-23,3.6219613901578045,4.117791787982923,4.451442904832813,2.5701168954183986,5.3196948112451015
2016-09-26,3.5870741046683072,4.065965329060802,4.386025112680389,2.548614718179526,5.252741220872271
2016-09-27,3.6278177373671716,4.126122405316506,4.461684678829491,2.5738091437007355,5.330456973123529
2016-09-28,3.634822896378884,4.136431386568822,4.4746406603869,2.57815305908698,5.343774944721124
2016-09-29,3.604502004393594,4.091342127635793,4.417686565752337,2.559473886009801,5.285525011470755
2016-09-30,3.635422107976456,4.137037495569488,4.475201442042357,2.5785878584716833,5.3445579651048405
2016-10-03,3.6293900803921177,4.127979872315128,4.463708744497382,2.574895255540583,5.3328565984721115
2016-10-04,3.6230161338060394,4.118438854849264,4.451621891659785,2.5709857848902775,5.320530744295783
2016-10-05,3.6377632541515066,4.140219745863643,4.479038503782487,2.5801084150474707,5.348669052126603
2016-10-06,3.635612853313734,4.136942325172943,4.474851497068173,2.578804903515271,5.34443501632774
2016-10-07,3.6264196822198627,4.123212664550611,4.4574748106292645,2.573157299272445,5.326697935840589
2016-10-10,3.6527761252841398,4.162194301578615,4.506577589296798,2.5894477355994874,5.377057551602826
2016-10-11,3.592840001782756,4.073028132071402,4.393892146042229,2.55252401150545,5.261865518180836
2016-10-12,3.589286973942714,4.067689587395236,4.387123114445382,2.5503517878257544,5.254968756548479
2016-10-13,3.5744863662070907,4.0457288774630555,4.359441593471308,2.5412291576685617,5.226598144168705
2016-10-14,3.579369698539664,4.052855654048634,4.368352199312631,2.544270270820136,5.235805087689707
2016-10-17,3.568080473807129,4.0360799745931955,4.347196366968007,2.53732004166702,5.214132914945412
2016-10-18,3.6045740713264993,4.089839949861603,4.414701624866355,2.5599088627188875,5.283584377334214
2016-10-19,3.6041847390799573,4.089179218656153,4.413819568444021,2.5596911083777716,5.282730791590632
2016-10-20,3.5992257133918657,4.081756097980732,4.404421815146247,2.556651236496872,5.273141006926064
2016-10-21,3.614660225383541,4.104502961940786,4.433007974797224,2.566207424768094,5.302527236344835
2016-10-24,3.664575019153639,4.178326231516638,4.52596570157116,2.5970503411540395,5.397898076914746
2016-10-25,3.6511439344539967,4.158264955749963,4.5005623092959794,2.588796423144343,5.3719813064470445
2016-10-26,3.622571521356089,4.115734639007801,4.446808385793199,2.5712028299338656,5.317037220649857
2016-10-27,3.6035316621266773,4.087435718585724,4.411087821661344,2.559473886009802,5.280478397891385
2016-10-28,3.577472300660622,4.048798008868859,4.362392243806252,2.543401204023876,5.230563095107248
2016-10-31,3.573563401373387,4.042925078349855,4.354949237522362,2.541012289949357,5.22297597083838
2016-11-01,3.542614937973938,3.997171220523377,4.297400289954744,2.521899204109385,5.163867455253821
2016-11-02,3.509946833118135,3.9490098902261224,4.236942676672885,2.501699474456419,5.1016487729900275
2016-11-03,3.470310208555406,3.890759964803091,4.163980778264522,2.4771560067415903,5.026396831662487
2016-11-04,3.456276276919035,3.87015549886502,4.138206377629758,2.4684672893471906,4.999778324418117
2016-11-07,3.5122322747518075,3.9314575133475844,4.202719679956903,2.5271112996699805,5.177722166699007
2016-11-08,3.528304256988938,3.9494478711535814,4.221951334004806,2.543618958364992,5.228272546658687
2016-11-09,3.5397051412351614,3.9622095818043355,4.235593575417755,2.5553480796134376,5.26425109009092
2016-11-10,3.499702060099726,3.9174316737435504,4.1877260873944335,2.5140791988624818,5.136536110934991
2016-11-11,3.500774061467223,3.918631630779667,4.189008838901646,2.5151658426754753,5.139682411961323
2016-11-14,3.4760579538512526,3.8909653720057134,4.159433667397104,2.489753485488768,5.061530263309175
2016-11-15,3.509821927924485,3.928759463958263,4.199835470925646,2.5242874088863765,5.1666552991365675
2016-11-16,3.524421832405282,3.9451020346298575,4.217305644048315,2.539274511005601,5.212483578316928
2016-11-17,3.5423714852744728,3.965194184611467,4.238784109440264,2.557736816363575,5.269147278536865
2016-11-18,3.533118120066647,3.9548363240475246,4.227711578632913,2.5481795641460603,5.239428426799305
2016-11-21,3.5737305972538516,4.013176899732023,4.299912716803873,2.5746780331726153,5.320910467966318
2016-11-22,3.586173113079078,4.03131390177568,4.32253274625539,2.5824971517976083,5.344957592337553
2016-11-23,3.569484819058896,4.006755893364124,4.291759895999005,2.5720713647569804,5.312397112873472
2016-11-25,3.5826120088751585,4.025871809451372,4.315587121139196,2.5803252827666774,5.337742140156021
2016-11-28,3.5731974765366203,4.011955049247632,4.298113447299973,2.5744613427777914,5.319290465361122
2016-11-29,3.587372299415258,4.032626462410485,4.323898761977671,2.5833662185938686,5.346697863896986
2016-11-30,3.5373867191007844,3.95924740738183,4.232054628110449,2.5520895667695123,5.249407514683245
2016-12-01,3.4670671668189335,3.8565015153645223,4.103874402502555,2.507997859181244,5.113180852855321
2016-12-02,3.4749717737989494,3.867886025738497,4.117959373384547,2.5129934416713975,5.128275119052657
2016-12-05,3.506007090523517,3.91283074985874,4.1737189901796095,2.5325413268960735,5.187865528104206
2016-12-06,3.5156507858424897,3.9267829250265054,4.191031513172148,2.53862266657731,5.206364158181047
2016-12-07,3.5668082784509614,4.0012268395623884,4.2836767197160786,2.570768739846691,5.305066361953031
2016-12-08,3.5740465300011617,4.011729667538008,4.296743245850377,2.5753295229521416,5.318991640781995
2016-12-09,3.6062460035404174,4.058782791928421,4.355486111320663,2.5955296072538716,5.381377493281094
2016-12-12,3.5874511546210863,4.031067832261446,4.320715669434021,2.583800663329808,5.344631338627129
2016-12-13,3.6394311817798233,4.107161857749243,4.415818119241749,2.6163799400644536,5.44552135840043
2016-12-14,3.6307048707758187,4.094225188658705,4.399537103145644,2.6109499128383615,5.428369147146285
2016-12-15,3.637266064763726,4.103785608483437,4.41146957883489,2.6150774924785463,5.441044924764503
2016-12-16,3.621721514062899,4.080819200586196,4.382613341168787,2.6053838778112617,5.410594684656678
2016-12-19,3.638731132367868,4.105696004777328,4.413710864542698,2.616057564337948,5.443577842672708
2016-12-20,3.6547195000303927,4.12913533292936,4.443054496898857,2.6260779878412874,5.474655108799346
2016-12-21,3.6515418788715506,4.124361062031395,4.437007122809034,2.624117489473719,5.46832509429149
2016-12-22,3.639649543653832,4.106749708786094,4.41484936003869,2.6167108273612945,5.444974906602472
2016-12-23,3.6423977416037596,4.110703424415715,4.419754554649184,2.618453748712129,5.450216979754647
2016-12-27,3.6639425236785326,4.142276774262397,4.459276119288673,2.6319603695659026,5.492078819365853
2016-12-28,3.6311203775330405,4.093784620829115,4.39831847657461,2.611483127255082,5.427785015911883
2016-12-29,3.625160405907623,4.0849316247435175,4.387169522540787,2.6077800621854426,5.416047183087253
2016-12-30,3.58228475087745,4.021824275076491,4.308044066925147,2.5809847521433933,5.33237567648825
2017-01-03,3.619082550134342,4.075574673177574,4.375135929640043,2.6040762878182755,5.403641175881638
2017-01-04,3.641673717234924,4.1086673482959535,4.416528404303097,2.6182361716953952,5.447517428000539
2017-01-05,3.6653266702271727,4.143384079909566,4.46001241342256,2.633048609298334,5.493546951560486
2017-01-06,3.702252231541982,4.197737869601823,4.528216894786007,2.656139790324452,5.565612463690409
2017-01-09,3.7161647664810857,4.218187014013467,4.553877864355421,2.664853510456716,5.592725164993993
2017-01-10,3.725557380813492,4.231999789119426,4.571219945064813,2.6707357148569497,5.611038970113789
2017-01-11,3.7370483409012722,4.248931825996614,4.5925020099926845,2.6779240906551127,5.633488479446367
2017-01-12,3.7303655349975955,4.238926968961594,4.5798301023908365,2.67378533957886,5.620223440336902
2017-01-13,3.745003992177325,4.260529338117535,4.6070039244681755,2.6829345683933554,5.648865156126305
2017-01-17,3.732000899662209,4.241084719758566,4.582385292005219,2.6748744659332018,5.623084315670766
2017-01-18,3.7406979602109347,4.253881722009155,4.598460731700445,2.6803204523536763,5.640051348257417
2017-01-19,3.7385596059369206,4.250615631688536,4.594285816804487,2.6790135716582184,5.6357209699535185
2017-01-20,3.7479578764379995,4.264459853866775,4.611688008908801,2.6848950667609235,5.65407646948656
2017-01-23,3.7514008152571043,4.269442491875904,4.617899185136232,2.6870740287671353,5.660682749599114
2017-01-24,3.7803889317622676,4.312380170148309,4.672025789880566,2.705154909379393,5.717612096971034
2017-01-25,3.8241099486558134,4.377337835012394,4.754073706035227,2.73238537345491,5.803736862359033
2017-01-26,3.8286256818076545,4.38398354954954,4.762436948391339,2.7352168891869404,5.812548149010807
2017-01-27,3.836998755919374,4.396392152730192,4.7781056736378185,2.7404444119687703,5.829000218831396
2017-01-30,3.8025676053113866,4.344801169523323,4.712610914334948,2.719096329617869,5.760597801131735
2017-01-31,3.793767385966877,4.3315896226229516,4.695835474456395,2.7136501658730126,5.743081140402199
2017-02-01,3.8238472513104766,4.376290406691612,4.752314853945365,2.7323853734549095,5.802348119112537
2017-02-02,3.819948504269272,4.370373933532327,4.744761852030975,2.7299886571075813,5.79450370438744
2017-02-03,3.8325258926077614,4.38904677150415,4.768355768906046,2.7378306505778554,5.81926127214817
2017-02-06,3.83772924125397,4.396685273037565,4.777957779120568,2.74109873893841,5.82938885530341
2017-02-07,3.8538206556535157,4.420632785152311,4.808260867879627,2.751119162441749,5.861139902186395
2017-02-08,3.8611485040283124,4.431497835904831,4.821989415341345,2.7556943088221426,5.875545437683206
2017-02-09,3.8772518074615054,4.455505649037508,4.8524075395109625,2.7657145550011,5.907376435269973
2017-02-10,3.8919602274742764,4.47745228423801,4.880233478231817,2.774864315788742,5.936474599615229
2017-02-13,3.917198971697886,4.515185823807168,4.9281331690212005,2.790548657378053,5.9865039879784385
2017-02-14,3.9322762011962578,4.537752635026073,4.956808466435792,2.7999152858848997,6.016424418859845
2017-02-15,3.9589736701217935,4.577836074137193,5.007830527160187,2.81647206343373,6.0695694448796775
2017-02-16,3.9575200489781213,4.575542001112582,5.004841813221105,2.8155996274742114,6.066527825365784
2017-02-17,3.9771973096069,4.605114486318888,5.042519256925977,2.8277998996056732,6.105736798712691
2017-02-21,3.999678440877092,4.638907048533207,5.0855925106806374,2.8417413198441497,6.150541003091916
2017-02-22,4.001397774182578,4.641404977225871,5.088725484893101,2.8428306235228735,6.153852906668835
2017-02-23,3.984075520963044,4.615094190014146,5.055009560624174,2.8321560503742775,6.118968488016706
2017-02-24,3.99284168462962,4.62823720815741,5.071743443806308,2.837601682145988,6.13639428921272
2017-02-27,3.9984226909048504,4.636535389747977,5.0822684655763,2.841087347523275,6.147396515726403
2017-02-28,3.984277024117872,4.615036384332641,5.054712867297221,2.8323743366885394,6.118891845779518
2017-03-01,4.034273271851555,4.69046622911499,5.1510343654625075,2.8633082204824585,6.218901254965112
2017-03-02,4.010931079072221,4.654958165627292,5.105474719927351,2.8489307595886046,6.171822536177132
2017-03-03,4.019347950156729,4.667589367485407,5.121571198320452,2.8541582823704355,6.188569740666006
2017-03-06,4.009046683875252,4.6518199406414995,5.101284406095156,2.847840923936735,6.1676616893979
2017-03-07,4.00123894277849,4.639891066882154,5.0859554155082325,2.843047491242079,6.151845673597204
2017-03-08,4.009302689967851,4.651977073084119,5.101344850706294,2.848058855602232,6.167870025008236
2017-03-09,4.012780944611761,4.657129954888067,5.1078704748827715,2.8502365763377706,6.174702024547716
2017-03-10,4.032132997306046,4.686313148790502,5.1451456332430485,2.862218562154971,6.213394852151335
2017-03-13,4.039824244209423,4.697803524604276,5.159761793763539,2.8670103989301876,6.228629481093922
2017-03-14,4.02847998772842,4.680482794606144,5.1374986858328615,2.860039422824377,6.205664619124834
2017-03-15,4.0570136855817545,4.723612341734872,5.192662363113423,2.877684085456875,6.262848357726344
2017-03-16,4.053789439853905,4.718603073821664,5.186170037591157,2.8757248283599806,6.256206770090868
2017-03-17,4.05211415083505,4.7159469441512085,5.182696380503061,2.8747208177090062,6.252685114175638
2017-03-20,4.056288431812146,4.722115366025758,5.190503862343212,2.877339898831382,6.260863577608265
2017-03-21,3.9854601263851754,4.6144515045405905,5.052368040276121,2.833680862735233,6.1181163770957845
2017-03-22,4.01648412762733,4.661192362199088,5.112007148548906,2.8528912996609312,6.180088207645649
2017-03-23,4.004772956096253,4.643352193457375,5.089112869351132,2.845687496641533,6.15643464265717
2017-03-24,4.014263096765449,4.657592087148615,5.107253511405927,2.8515808724778333,6.175314747197168
2017-03-27,4.021611169516358,4.668540804047951,5.121157090810072,2.8561648850773276,6.189831212286053
2017-03-28,4.049841381322789,4.711172205110776,5.175647269403323,2.873628854164551,6.24635447897644
2017-03-29,4.071374334037958,4.743730862990047,5.217308584090652,2.886944851307658,6.289522699032804
2017-03-30,4.079114615426003,4.755378991854891,5.232185371281827,2.8917475048701773,6.304966486425608
2017-03-31,4.07587892128108,4.750344155045061,5.2256533406591865,2.889782750717441,6.29829099801449
2017-04-03,4.072972095321574,4.7457522008826185,5.21965578565033,2.8880357509058197,6.292202709961951
2017-04-04,4.080359231497884,4.756863101797949,5.23384302271552,2.8926208274516063,6.306934208339923
2017-04-05,4.061188118735524,4.727595105715378,5.196203033916194,2.8808331891570953,6.268128944923165
2017-04-06,4.063615917650591,4.7311654749984315,5.200711557811881,2.882361016032545,6.272862754512764
2017-04-07,4.061089571542457,4.727212485185686,5.195571946345657,2.8808331891570953,6.267621643692105
2017-04-10,4.0627836502255565,4.729606771457847,5.198535008501045,2.881924620728404,6.270796131935996
2017-04-11,4.042561305194262,4.698784085577716,5.158939781401087,2.86948141419358,6.2299295676035396
2017-04-12,4.023767013988361,4.6701749844088445,5.122224423960298,2.85791117559142,6.1919979065549775
2017-04-13,4.005338619357811,4.642161837037629,5.086310120145097,2.8465595779522874,6.154856396770514
2017-04-17,4.043400330488277,4.699495581384985,5.1594760725448525,2.870135386514455,6.230872911389125
2017-04-18,4.036279115228948,4.688583926154662,5.145430090285683,2.8657701922023677,6.2164055848823505
2017-04-19,4.043655438346528,4.699645238386142,5.159523338290848,2.8703543821262443,6.23107133561112
2017-04-20,4.082509407827942,4.758431274676812,5.234749344534408,2.894367117965699,6.309013385932939
2017-04-21,4.081397954586962,4.75662580449653,5.232362397383157,2.893712081698532,6.306619585355022
2017-04-24,4.137976093318116,4.84245566700586,5.342405773600608,2.928639842548596,6.4204179613798855
2017-04-25,4.1723313246802505,4.8947762513749975,5.409676244374577,2.949814147005122,6.489787728029955
2017-04-26,4.165535542553079,4.88425670208055,5.396039386958154,2.9456674163316787,6.475840279074279
2017-04-27,4.194238545784696,4.928035397972847,5.4523938904122,2.963348253138108,6.533884698013996
2017-04-28,4.202715750601437,4.940906579029138,5.468935022760944,2.968587479329151,6.5509500813072385
2017-05-01,4.245642707271061,5.006547490515661,5.55358777160916,2.995001719274248,6.6379807360184255
2017-05-02,4.253773608278616,5.01892866483858,5.569534799368077,3.0000214178803555,6.654396439015453
2017-05-03,4.23805987495205,4.99462011626313,5.537987249344086,2.990416820052843,6.622166708353738
2017-05-04,4.2397854304890235,4.997147360653196,5.541180401388064,2.9915077196510054,6.625517480439343
2017-05-05,4.257521077886312,5.02428732157752,5.576214397545432,3.0024216807153237,6.661501267297101
2017-05-08,4.268118613419884,5.040400429371366,5.596957004837787,3.008971334089465,6.682864991367543
2017-05-09,4.2851574746536105,5.066518517884065,5.630714940533481,3.019449431822788,6.717493918534887
2017-05-10,4.287955368600891,5.070705475005242,5.6360658359710385,3.0211964316344098,6.7230452372361595
2017-05-11,4.283980553671773,5.064447127498448,5.6278728194759315,3.0187936862580935,6.714747545010508
2017-05-12,4.294974112487378,5.081271923970623,5.6496081923270465,3.0255625125684067,6.737054868586545
2017-05-15,4.310569438677605,5.105137096174842,5.680442939285143,3.035166755747155,6.7686967442810175
2017-05-16,4.331192765165056,5.136866046234301,5.721552643391577,3.0478270073255667,6.810764887980397
2017-05-17,4.204495687204013,4.940738762998494,5.466614256364281,2.970333237870099,6.550727580755567
2017-05-18,4.246729182705636,5.0053466937931566,5.549936909785456,2.9963103732135266,6.636388647752619
2017-05-19,4.267312437554655,5.036863475508765,5.5906300245727305,3.008971334089466,6.678175485945172
2017-05-22,4.308525647517621,5.100113337033619,5.6724123675827185,3.0342925465438166,6.762035943306891
2017-05-23,4.31346221460544,5.107604987908573,5.682053998985516,3.037348909592244,6.771968823057483
2017-05-24,4.336227287644372,5.1426351703998,5.7274396760868,3.0513213615975734,6.818413938578004
2017-05-25,4.378624770130431,5.208089334352899,5.8124066130542085,3.077297610319091,6.905196992216454
2017-05-26,4.387500726180256,5.2217268284608975,5.830081897621041,3.0827556547975425,6.923278399283489
2017-05-30,4.3916832209449055,5.227967860365516,5.838057516404048,3.085374735919918,6.931553133445946
2017-05-31,4.38983980451179,5.224970309638496,5.834069572303905,3.0842827723754636,6.9275788010304655
2017-06-01,4.409435025863458,5.2552566151898175,5.873440062747949,3.0962886969842356,6.967734200174425
2017-06-02,4.467295884372928,5.345068088493489,5.990462268806884,3.1316532077872057,7.086811634432779
2017-06-05,4.466129173827889,5.3430250005204,5.9876544361740525,3.130997816871275,7.084102785943267
2017-06-06,4.445662162310561,5.310948734131779,5.945632139116027,3.118555674282743,7.041574149437888
2017-06-07,4.465645542874132,5.341948876622784,5.986036242202892,3.1307800625301594,7.082675996381103
2017-06-08,4.470958807535653,5.35009998871896,5.996607051128123,3.134054179919702,7.093483229344347
2017-06-09,4.342334216883929,5.14919959890501,5.733814529148256,3.0556863785852775,6.827117451336669
2017-06-12,4.315488902913495,5.107460266543088,5.6794574279023555,3.039314727691272,6.771776942797085
2017-06-13,4.3557094402080585,5.169415995536554,5.759752821377598,3.0639805492296914,6.853921561683393
2017-06-14,4.33388750781647,5.135500130718811,5.715583223919991,3.0506666799791695,6.808953875322269
2017-06-15,4.311719823162276,5.101102986597502,5.670838246016993,3.0371322191974195,6.763348080014457
2017-06-16,4.290151271051434,5.067686144896238,5.627416378559698,3.0239552443698137,6.719042028410676
2017-06-19,4.372557010993711,5.194436918338262,5.791494322056477,3.074518582604136,6.887095800791237
2017-06-20,4.333118986159075,5.13319081457212,5.711744353358275,3.0504397047701888,6.805892045563508
2017-06-21,4.38240882087283,5.209219141803935,5.810359897871436,3.080646913246607,6.906694958651328
2017-06-22,4.380919616451642,5.206776218972939,5.807099068722975,3.0797705761506844,6.903455985142648
2017-06-23,4.400199439466727,5.236530494119694,5.84573290320091,3.09159031015834,6.942905986488387
2017-06-26,4.3764653988385716,5.1994732570091236,5.797337875323035,3.077144402053028,6.893773280459727
2017-06-27,4.285116362147315,5.057779433569597,5.612937038522322,3.0213280063258647,6.705907116763854
2017-06-28,4.356107882898319,5.166941359258459,5.754191168893763,3.064887386119321,6.850640540585768
2017-06-29,4.2691108506148865,5.032209260843844,5.579055662440032,3.0116961005435225,6.672004649186796
2017-06-30,4.270840933096467,5.0347373096341785,5.582245449945094,3.012791255926853,6.675356487794488
2017-07-03,4.219008561682187,4.9548215264763735,5.478740354277728,2.9810516101410527,6.569399352640918
2017-07-05,4.266675654867819,5.027666531812307,5.572607799601003,3.0103835454678407,6.665981626763176
2017-07-06,4.222380488433883,4.959452973727995,5.484319092414336,2.9832412116101863,6.575540002998152
2017-07-07,4.274697409473446,5.039473881931699,5.587477880189338,3.0154170753757463,6.681636519238364
2017-07-10,4.30672307546367,5.088502249758288,5.650765506320162,3.0351174595689554,6.746641267873596
2017-07-11,4.320597062468657,5.109748621335096,5.678209709857339,3.0436542099679675,6.774810980735466
2017-07-12,4.379499730650449,5.2004757623209255,5.795751395403303,3.0797705761506857,6.895102462088404
2017-07-13,4.390541583422767,5.217440818488042,5.817725782624769,3.0865574895479644,6.917595750374618
2017-07-14,4.430227725260171,5.278817048850321,5.897485929307666,3.110852703127971,6.998972035242792
2017-07-17,4.4326427614118655,5.282341536029415,5.901939676009205,3.112385140437353,7.003645011588965
2017-07-18,4.466642321445232,5.335049209456757,5.970558766836127,3.1331796160676,7.073528004113022
2017-07-19,4.496728543782272,5.381777790838712,6.031481241552176,3.151567445185127,7.135483558039654
2017-07-20,4.503490715129548,5.392187571458057,6.045002255669329,3.1557253472946374,7.149285469106769
2017-07-21,4.5012740158310995,5.388577820029627,6.04019025955588,3.154411728272663,7.144499444308418
2017-07-24,4.524880819650583,5.4251879734316,6.087912930100173,3.1688601189193233,7.193039379959752
2017-07-25,4.511516463489032,5.4041388690885634,6.060264252381354,3.1607588772025426,7.165131215819851
2017-07-26,4.528345335088229,5.430286357791055,6.094383552997265,3.1710479471446367,7.199799123520957
2017-07-27,4.495574456924721,5.378881801921726,6.0269874423457965,3.1511294539615484,7.131643882359138
2017-07-28,4.4912072029707915,5.371922425770457,6.017801695496452,3.148503634512656,7.122416724339695
2017-07-31,4.469203233782714,5.337356066959015,5.9724800000385825,3.135149689951798,7.07658657405363
2017-08-01,4.480987224749185,5.355569414274192,5.996169924864587,3.142373885275128,7.100734921561687
2017-08-02,4.494928156672992,5.377159339855163,6.024283390505891,3.1509109903229042,7.129360138913574
2017-08-03,4.47475737256845,5.345541864785379,5.982868822601729,3.138651846496613,7.087439795436886
2017-08-04,4.484030363398887,5.3598479746976535,6.001461687414104,3.144343604510561,7.106407693411476
2017-08-07,4.516599574798143,5.410392850325832,6.067346149296166,3.164262097693649,7.173423118983668
2017-08-08,4.507559686609851,5.396124811386847,6.0485907319647065,3.158790931210929,7.154505697787292
2017-08-09,4.500674083016096,5.385230223091819,6.0342557940254515,3.1546309012088347,7.140060999646258
2017-08-10,4.389645458094835,5.211805251220694,5.807454713127905,3.0869947714740156,6.910123777517462
2017-08-11,4.42788936745276,5.270894008145635,5.8841863744166165,3.1104164851482117,6.988467193000101
2017-08-14,4.493369385567736,5.372336910349729,6.0161686003386246,3.1504712258555045,7.122966272837497
2017-08-15,4.496904733804148,5.377708741090627,6.0231000070407985,3.152662245919694,7.130088568000538
2017-08-16,4.505820761189498,5.391475565278227,6.041002586055012,3.15813305775365,7.148341448638653
2017-08-17,4.399816620205123,5.225891259468124,5.8244613916712655,3.093561093340067,6.928799851512759
2017-08-18,4.396179725516781,5.220120017005005,5.816873565855655,3.091372201168462,6.921147992349204
2017-08-21,4.389644442628894,5.2097788188166065,5.803295810087071,3.0874316987513035,6.907437011979602
2017-08-22,4.466536008383338,5.328673669806257,5.957725510304066,3.1344935897383386,7.065074931519199
2017-08-23,4.448184598174064,5.299977612186986,5.920209401893239,3.1233299559441416,7.027027978396863
2017-08-24,4.433070324774194,5.276349021787305,5.889331568097541,3.1141367506829063,6.995699777038647
2017-08-25,4.422262950867607,5.259432493852428,5.867218165495649,3.1075700741680916,6.973270830391329
2017-08-28,4.437929726554695,5.283509770237383,5.8984162990418465,3.117200561355378,7.005193926521326
2017-08-29,4.457942120340275,5.314447164478673,5.938625431709293,3.129458995884141,7.046212578074182
2017-08-30,4.51812627188486,5.407891082462239,6.060362007853841,3.1662325262266102,7.170106125203825
2017-08-31,4.573743761136437,5.494580864660471,6.1736159512658135,3.200160000237723,7.285044634292496
2017-09-01,4.566489445346922,5.483069976584393,6.1584385193702795,3.1957822158945133,7.269782808963122
2017-09-05,4.51925752842175,5.408819975443598,6.0609729390055795,3.1671085086737687,7.171337707192763
2017-09-06,4.53500343286842,5.4332569664921415,6.092831988422847,3.176740059807347,7.20373773458365
2017-09-07,4.547161720480042,5.452112929609243,6.117412839859595,3.184182009471793,7.228738100637805
2017-09-08,4.50180738975296,5.381037665294651,6.0242845693147755,3.156600975093031,7.134502255233073
2017-09-11,4.561305523571947,5.473567530238812,6.144997480192148,3.1929372235094493,7.257183896058269
2017-09-12,4.5738321504855675,5.4930297748687895,6.170399787452604,3.200598346110066,7.282988106480363
2017-09-13,4.580965921149746,5.504059524276749,6.184765344586564,3.204975421155748,7.297612009325955
2017-09-14,4.549963854033641,5.455327724677136,6.120790492292189,3.186151019409698,7.2330004686212
2017-09-15,4.567878868709842,5.4832010338028265,6.157187773970628,3.197095834916487,7.269956572478385
2017-09-18,4.560897584705382,5.47203524063881,6.142415224948428,3.1929056597694503,7.255152294667076
2017-09-19,4.569847298888628,5.485896209894146,6.160478589383087,3.19838994825644,7.273529998478688
2017-09-20,4.553569228314983,5.460262759979569,6.126806283055079,3.188519363855904,7.239543634212097
2017-09-21,4.521444444638497,5.409873634211346,6.060754311210247,3.168994885449655,7.172734711139278
2017-09-22,4.516347696865254,5.401777134914296,6.0500846228345315,3.165924336450667,7.161999887098397
2017-09-25,4.4615503526659195,5.316058386497419,5.93793516481493,3.132580259656386,7.048348832797056
2017-09-26,4.474784444978943,5.336484773616453,5.964467088081172,3.1406960419724927,7.075431361118112
2017-09-27,4.521093196420911,5.408377213188181,6.0581248562055325,3.1689948854496555,7.170750666457078
2017-09-28,4.5192332329839155,5.405331587496239,6.054056747780464,3.1678972475249765,7.166712593371677
2017-09-29,4.556603361778367,5.463489237324155,6.129962592527825,3.1907121571639134,7.243821491258123
2017-10-02,4.561190323518144,5.47042700792548,6.138899024496555,3.193564242524258,7.253020003344496
2017-10-03,4.5722995281325165,5.487660455740322,6.161372261552925,3.2003642779258055,7.275869141363621
2017-10-04,4.577284951783198,5.495318851327338,6.171314102762147,3.2034351815735578,7.2860231012474985
2017-10-05,4.628773315406465,5.575800780767428,6.276670047733893,3.234805992644765,7.39273086707474
2017-10-06,4.635931664996278,5.586899559524375,6.291154691620107,3.2391929978558403,7.407446293168573
2017-10-09,4.629693457399067,5.576847911696702,6.277797989626201,3.2354638661020445,7.394119216021751
2017-10-10,4.6336032430173,5.582841860529813,6.285577964197832,3.237876896292518,7.4020663526387995
2017-10-11,4.649424900046212,5.607556638478898,6.3179489321015065,3.2475279531081185,7.4348346865518975
2017-10-12,4.639613039986276,5.591971378325607,6.29737020927572,3.2416056733975496,7.41417081452045
2017-10-13,4.660133434866031,5.624081967096417,6.339466201052677,3.254109879519787,7.456744957697286
2017-10-16,4.678457387035562,5.652677871541426,6.376918159092479,3.2652979840787015,7.494659121738392
2017-10-17,4.685262733810351,5.66325086864569,6.390739872239606,3.269465816353605,7.508677435003778
2017-10-18,4.678693982557659,5.652742483517706,6.376811292071251,3.2655175116636377,7.494744788169136
2017-10-19,4.658750997364222,5.621162801481125,6.335155414729058,3.25345129676498,7.4528745529610365
2017-10-20,4.673139436341939,5.643656157505797,6.364637603284908,3.2622263711334214,7.482697592543309
2017-10-23,4.637982910842299,5.5880246385240335,6.291287227280358,3.2409477999402703,7.408937990339204
2017-10-24,4.646945991060892,5.601959018719712,6.309496624633804,3.2464317337784956,7.42741302677549
2017-10-25,4.626662872060165,5.569914594457238,6.2672964834298135,3.234147409889958,7.38492660846945
2017-10-26,4.6096399411876785,5.5430339623918865,6.2319167631301795,3.2238374156707863,7.349286655356087
2017-10-27,4.763964347632779,5.784936898806634,6.549119152085845,3.317726420163068,7.670016067181161
2017-10-30,4.776175732435302,5.804019559596502,6.574162759074507,3.325185038319423,7.69531700259725
2017-10-31,4.796764404855681,5.836495147519415,6.616980118133891,3.337688180495368,7.738375083526582
2017-11-01,4.794890768760732,5.833361526468611,6.612735993484555,3.3365937344095657,7.7342203409203005
2017-11-02,4.784310756778646,5.816412786569304,6.590221307484029,3.330230980934069,7.711748685719883
2017-11-03,4.8371589544677684,5.9000558111985075,6.700687985482641,3.3622582468674995,7.822647621012671
2017-11-06,4.855919754764498,5.92962745956427,6.739698224360454,3.373665169713822,7.861855484826229
2017-11-07,4.859121775403647,5.934562478747345,6.74613959230753,3.375639854031952,7.868398629045113
2017-11-08,4.881567194485456,5.9701532376425925,6.79323750863883,3.3892392155375197,7.9155869903608655
2017-11-09,4.852071061787254,5.922933635875109,6.730448981558675,3.371472021757049,7.852980412177236
2017-11-10,4.851640362848112,5.9220824496293645,6.729217604626746,3.371252139523349,7.851851858435817
2017-11-13,4.8584252028374495,5.932603802146243,6.742990631687541,3.375420326447016,7.86580169821187
2017-11-14,4.838023235445717,5.899941251890709,6.699574699977156,3.3631356479097145,7.822495731416149
2017-11-15,4.811826553956958,5.85810540713773,6.6440477098970865,3.347341010554789,7.767027260963923
2017-11-16,4.882474680951977,5.9701270292395785,6.79217113335319,3.3901173258772626,7.9155522416893165
2017-11-17,4.86097130473386,5.935662311510835,6.746320718213984,3.3771751285314457,7.869856853242666
2017-11-20,4.856498547058277,5.92824873205543,6.736309958887413,3.374543634702329,7.860027485259411
2017-11-21,4.917060222482795,6.024505423486892,6.8638112293797064,3.4111774334317695,7.987650376013036
2017-11-22,4.923900736806835,6.035265902824251,6.87800708245557,3.4153456203554367,8.001917264460019
2017-11-24,4.944536268449403,6.068024391904674,6.9214168253963635,3.4278484078826175,8.04535043269998
2017-11-27,4.941873347713729,6.063468164955369,6.9151702374719575,3.426314197329415,8.03930951392797
2017-11-28,4.956358460557971,6.086477248822165,6.945676998837247,3.435088917049093,8.069816336394064
2017-11-29,4.856916664562584,5.927022731584877,6.733277653065696,3.3752004442133154,7.858401980353826
2017-11-30,4.903680606892777,6.001290905969858,6.8316062348168165,3.403499996988006,7.95687117730056
2017-12-01,4.879621863348446,5.962716471560724,6.780270654846055,3.3890207518988746,7.905726880158525
2017-12-04,4.814850154773121,5.859187357678658,6.6427441797977105,3.3499739229789607,7.768461775839015
2017-12-05,4.818407836021328,5.864666678475153,6.649887521504051,3.3521674255844984,7.775726587760305
2017-12-06,4.843360927608512,5.904114651806095,6.7019685382454055,3.367303834833381,7.8280290751614166
2017-12-07,4.862161884214632,5.933840653737722,6.741231093897541,3.3787111123284674,7.867441590183952
2017-12-08,4.886780111250449,5.972860660749854,6.792843874035198,3.393627993992414,7.919176654188939
2017-12-11,4.930254182012124,6.041873715057737,6.8842289380155375,3.419952507800211,8.010678297965885
2017-12-12,4.922546556293843,6.029379340764856,6.867511177774581,3.4153456203554367,7.994112507663912
2017-12-13,4.933385106211532,6.046523315877477,6.890185528709629,3.4219264828208127,8.016843017411786
2017-12-14,4.929316610768843,6.039846200696184,6.8812006794732365,3.4195145165766316,8.007990097903969
2017-12-15,4.993611999999731,6.142430524563757,7.017446249927748,3.4583411086140816,8.144002542995205
2017-12-18,5.041633606604834,6.219166294914735,7.119529851522792,3.487335772966275,8.245743426571815
2017-12-19,5.0072073332545575,6.163593116125442,7.0451943053750865,3.4666725173787194,8.172061175291574
2017-12-20,5.000927569126167,6.153330703541718,7.031396459995046,3.4629352287033512,8.158454653598755
2017-12-21,5.001587813358424,6.154212408107247,7.032460557539538,3.463375702468279,8.159623670357695
2017-12-22,4.994945667204135,6.143375336649004,7.017902365399063,3.459418886207975,8.145255231486207
2017-12-26,4.9637678038704225,6.092982769402011,6.9505068636411185,3.4407327974798974,8.078441745494565
2017-12-27,4.964424879596229,6.093854197774372,6.951553796355864,3.4411725619472966,8.079597137460688
2017-12-28,4.971284251507856,6.10465796845248,6.965820596950102,3.4453503243875923,8.093921424161952
2017-12-29,4.935826822217816,6.047686867698187,6.889866743139334,3.4240249395575892,8.018385724154477
2018-01-02,5.035160677785664,6.206054364526671,7.100118062502348,3.484038958055834,8.228358843384925
2018-01-03,5.091352388992485,6.2962098217689135,7.2203381553073696,3.517892665124029,8.347892352166102
2018-01-04,5.101523431119069,6.312431249122336,7.241924913895823,3.5240479490725667,8.369399692800886
2018-01-05,5.16036797555011,6.407218295892096,7.368676909398483,3.5594390585328393,8.49507404057721
2018-01-08,5.183327006756344,6.444065664507687,7.417905402565105,3.573289511363342,8.543928490376521
2018-01-09,5.183617346234649,6.444345103194833,7.418160042423177,3.5735090389482775,8.544298986936413
2018-01-10,5.169606557889498,6.421435116862365,7.387272792197284,3.5651552873115055,8.513923553920854
2018-01-11,5.210221857895812,6.487049863495021,7.475217430446145,3.5895568955207215,8.600919517700564
2018-01-12,5.254175275745908,6.55823756654305,7.570799646672531,3.61593425199436,8.695304441117228
2018-01-16,5.236746460176885,6.529441059343648,7.531750530551479,3.605603688146874,8.657124305920995
2018-01-17,5.301658523702058,6.634815389586174,7.6734363026784695,3.6445132679951078,8.796835908686335
2018-01-18,5.302682881711622,6.636290993418496,7.675302882078515,3.6451718507499145,8.798792352689215
2018-01-19,5.32172993863411,6.667186734735986,7.716866898478444,3.656603599009719,8.839755778299184
2018-01-22,5.387081264827855,6.773628333708231,7.860378000888175,3.695732351794124,8.980882429914345
2018-01-23,5.4382242769648785,6.8573051825298,7.973535696669971,3.726288889303114,9.091826211348664
2018-01-24,5.397561557122146,6.790223363895066,7.8824045889435865,3.70210822727389,9.002885115577977
2018-01-25,5.395271021276229,6.786264414244561,7.8769154894241025,3.7007889338716913,8.997636102847208
2018-01-26,5.4902789571990205,6.941937352394651,8.087595484879444,3.7575043642156754,9.204036614680414
2018-01-29,5.459476947620049,6.890775945512315,8.017825609445241,3.7392573306574692,9.136203755018961
2018-01-30,5.407722872263357,6.805367700547927,7.901754380228881,3.7084816202123077,9.022964384805306
2018-01-31,5.43344960266558,6.847394180723798,7.958555410807117,3.7238705393811804,9.078685611127153
2018-02-01,5.380252745963578,6.759744875735644,7.839573250099996,3.6922149453524553,8.962474909213519
2018-02-02,5.2567680294528305,6.557177712801936,7.565364134756893,3.6185739027450485,8.693899223503731
2018-02-05,5.018282596587367,6.16880298378125,7.042369645030645,3.4759057979502894,8.178968730088965
2018-02-06,5.171132169731973,6.4136935765380665,7.36841738798875,3.5680126924033106,8.503659355760918
2018-02-07,5.094113041174579,6.288898821709205,7.201027674066832,3.521848772086804,8.338198990093877
2018-02-08,4.846852851518951,5.890550534609003,6.6687627742618405,3.373247038821027,7.81004495560079
2018-02-09,4.943037819629449,6.042844580722654,6.869800581868171,3.4315012901521458,8.011965529854365
2018-02-12,5.043771562763583,6.178409953931967,7.082182087730396,3.4923927096926053,8.191706226919417
2018-02-13,5.0736331826599645,6.219040108271499,7.145612612817354,3.51041879707082,8.245576120757073
2018-02-14,5.182804239878948,6.36786489673762,7.379209517571595,3.576147625752675,8.442896945287668
2018-02-15,5.293370628960028,6.518947091431256,7.618375489574815,3.642535037189338,8.6432107742949
2018-02-16,5.26610449459142,6.481509563865325,7.558254565806892,3.626268007680722,8.593573856387383
2018-02-20,5.278035980427481,6.495952254834921,7.583406565387293,3.6335212842027027,8.61272284171391
2018-02-21,5.260695184307144,6.473973283849342,7.545085733000515,3.623189301760161,8.583581804646718
2018-02-22,5.259881027186855,6.4729231343405775,7.542904489801719,3.6227502465902894,8.582189453486098
2018-02-23,5.3834906543528,6.6294213659508054,7.812246401262861,3.6968303443675676,8.789684188853652
2018-02-26,5.4654339592073855,6.731527165007755,7.992424077500669,3.745852733722171,8.925062177070037
2018-02-27,5.387523067884526,6.634289746242549,7.818615110858303,3.6994703497670214,8.796138979236332
2018-02-28,5.347678761165201,6.58456693420211,7.730201899184645,3.6757287429076686,8.730213494840077
2018-03-01,5.247188346443165,6.459188586896994,7.508739368674052,3.615715079058188,8.563979367289743
2018-03-02,5.302506255618475,6.528175543716439,7.628797965812663,3.648909848722811,8.655446409452335
2018-03-05,5.369948108955572,6.610341458705927,7.775689229559876,3.689357540260651,8.764386904252548
2018-03-06,5.395990790823064,6.64213061634351,7.832652914902935,3.7049659870144596,8.806534874767614
2018-03-07,5.410264740084887,6.659556190140508,7.863758090435099,3.713538556938639,8.82963874492917
2018-03-08,5.444434123850502,6.701260856288923,7.938910262711567,3.7339829942387865,8.884933290925126
2018-03-09,5.565990116944238,6.849600328041316,8.208208683087127,3.806526753570279,9.081610653468653
2018-03-12,5.599834098908178,6.901057736625977,8.283331969552258,3.8267491807441427,9.149835969928246
2018-03-13,5.5120716403271,6.759764595240846,8.085327344279111,3.774650213361562,8.962501054515423
2018-03-14,5.510876437970184,6.757635186584958,8.082213362478802,3.773990566660463,8.959677756890928
2018-03-15,5.505253074129598,6.748422632285206,8.069215650696382,3.7706941063987864,8.947463200235445
2018-03-16,5.486340440705309,6.71796511473779,8.026584305256828,3.7594822403726815,8.90708079796528
2018-03-19,5.351560855214912,6.502291828581858,7.725684206930594,3.679269910816527,8.621128228557131
2018-03-20,5.371731157334018,6.534046674043417,7.769564344469033,3.6913797475131607,8.663230705932685
2018-03-21,5.3447450693056116,6.4910212699482885,7.7097397965898224,3.67530493763465,8.606185046407052
2018-03-22,5.192953078695868,6.25036225917501,7.376120656327664,3.5845903942292185,8.28710490575353
2018-03-23,5.035502413108876,6.0029738686880725,7.035388281597383,3.49013075987561,7.959102550142646
2018-03-26,5.250535308774027,6.336977924449098,7.491844632754457,3.6198212024481498,8.40194514618189
2018-03-27,5.055056112830567,6.029041245323473,7.066980278877412,3.502682488932228,7.993664240463595
2018-03-28,4.988101236676426,5.924689068298326,6.924153178161344,3.462388360309214,7.855307869697767
2018-03-29,5.093083189878498,6.087144830885134,7.145537363522099,3.5258016872107047,8.070701456705438
2018-04-02,4.923912664895207,5.822971686892742,6.783459026302946,3.4240763636283744,7.720444868883813
2018-04-03,4.987556000230738,5.906344212371808,6.9165092358328595,3.462608242542914,7.830985160190677
2018-04-04,5.077931372306902,6.026640838244599,7.106849507486249,3.5172145766872003,7.990481636887306
2018-04-05,5.111118986098973,6.070863309428655,7.1771433031957965,3.537251522557476,8.049114439707012
2018-04-06,4.96395725749771,5.874185899078704,6.862287291718925,3.4487379293816263,7.7883477409817585
2018-04-09,4.98632894447485,5.8998172072290656,6.889097047696108,3.47295724812613,7.850512483524293
2018-04-10,5.063408044980682,5.991017087651303,6.995589300743751,3.5495819507853374,8.051306280953892
2018-04-11,5.0430294098471125,5.966905115986438,6.967434239836605,3.5291034672038424,7.997287437375643
2018-04-12,5.085607523075808,6.0172834780791264,7.026260032801046,3.571599255353967,8.108862710676885
2018-04-13,5.067243891697046,5.99555565594744,7.000888895011072,3.553103967660938,8.060014506160684
2018-04-16,5.094492183757406,6.027795795768831,7.038535053232501,3.580186011228707,8.12945536847142
2018-04-17,5.171327608096573,6.118707358902518,7.1446906440223845,3.657250833004078,8.328287575939877
2018-04-18,5.178812770861158,6.127563792677579,7.15503212234787,3.664737823061556,8.34754933273673
2018-04-19,5.145563298326415,6.088223064784139,7.109094751262402,3.6310493823174004,8.26018333609349
2018-04-20,5.088630732230761,6.020860534785985,7.030436889461701,3.573581387296141,8.111428431659231
2018-04-23,5.079853003035522,6.0104747382765416,7.018309605249656,3.564552739061416,8.08769049655914
2018-04-24,5.004589720862904,5.921423331484261,6.914326081340784,3.4890306394095836,7.891550596244825
2018-04-25,5.0088648645484115,5.926481675319977,6.920232606977232,3.4932147855276323,7.902253250519391
2018-04-26,5.082751865554871,6.013904668223701,7.022314664973173,3.566755462534818,8.092433995521965
2018-04-27,5.085020312351672,6.016588691198214,7.025448744233629,3.5689560581156363,8.098020552041957
2018-04-30,5.041091820401575,5.9493488632958424,6.929783223150321,3.5436369735538698,8.011113989878384
2018-05-01,5.107286463663985,6.048069702797845,7.06786267841365,3.584149211166763,8.1440468396069
2018-05-02,5.072567133971638,5.9958502367018545,6.994350556391564,3.5630124994792247,8.073730557103035
2018-05-03,5.071765240381412,5.994478772452136,6.992275176931056,3.5625727350118255,8.071883807704067
2018-05-04,5.1823487662218275,6.159760663500304,7.223883087844848,3.630168434787544,8.29444464588561
2018-05-07,5.231711620031127,6.2356334317552315,7.327818976287663,3.6603334400610428,8.39661135508093
2018-05-08,5.2254738714499975,6.225729293858727,7.314107290458691,3.65659047700545,8.383274907768204
2018-05-09,5.290886135281737,6.327174722230865,7.453017602897217,3.696445195809828,8.519876561010475
2018-05-10,5.3538610526485595,6.425194107649828,7.587586176292419,3.734756128544376,8.65186486558842
2018-05-11,5.347964487681855,6.415749621515955,7.574435653606563,3.7312326930737187,8.63914736376884
2018-05-14,5.3583203954572625,6.431543932487645,7.595924903727076,3.737617789421349,8.660415241732162
2018-05-15,5.289985704745461,6.324344069694612,7.448076847437285,3.6962228310347798,8.516064937141257
2018-05-16,5.330125776252533,6.386726877456712,7.533652410201587,3.7206641599055668,8.600066698590156
2018-05-17,5.306458736424362,6.349524247222656,7.4823173527074545,3.7063515997355307,8.549971382551956
2018-05-18,5.274832856640368,6.299953065613496,7.414030067457505,3.687196310692639,8.483221155660075
2018-05-21,5.3087142661011395,6.352330579533029,7.485682790258285,3.7078921939664857,8.5537502579463
2018-05-22,5.300652780615742,6.339534945226401,7.467953310299201,3.70304946509363,8.536520257259063
2018-05-23,5.352032261863654,6.419474264777772,7.577679484974472,3.7343145908331556,8.644162793596154
2018-05-24,5.350130508701697,6.416284897953258,7.5731488369334405,3.7332141157183645,8.639868141900006
2018-05-25,5.356212609386407,6.425585357146401,7.5858176696704644,3.736957788071485,8.652391703800058
2018-05-29,5.328783541157987,6.38215905489008,7.525678182806109,3.720443213725575,8.593915883079474
2018-05-30,5.3725797895539325,6.450363196270332,7.619368805984038,3.7470858474747084,8.685756379196606
2018-05-31,5.368498453663966,6.443756138961943,7.610124110735884,3.7446643057138984,8.67685962587933
2018-06-01,5.465335291968289,6.595148183135776,7.81857918074442,3.8034537220299414,8.880717048078875
2018-06-04,5.521923077179634,6.683793161810145,7.940908144193562,3.8378025187727247,9.000082216454174
2018-06-05,5.541503285830892,6.714481069734987,7.983298042208328,3.8496914092893664,9.041405113151916
2018-06-06,5.578588796147223,6.772866409207568,8.064138780550824,3.8721498969204515,9.12002407139426
2018-06-07,5.526329837171178,6.689882612887706,7.948718141845686,3.84066347035217,9.008281985511102
2018-06-08,5.526604752805285,6.690092500910336,7.948863211406505,3.8408847711809257,9.008564610872808
2018-06-11,5.5435532098791676,6.716423136744406,7.985082400239168,3.8512330674666133,9.044020209450002
2018-06-12,5.57699333240451,6.769043487497527,8.057921959335673,3.8714898955705883,9.114876304420553
2018-06-13,5.576536620885485,6.768092766453542,8.056453166602823,3.8712700133368885,9.113596108077903
2018-06-14,5.641368998098039,6.870498802652935,8.198521685814006,3.910462248250056,9.251491270741212
2018-06-15,5.618627985665156,6.834143176350977,8.147757508439438,3.8968111080249397,9.202536490450003
2018-06-18,5.614717165782629,6.827496727336953,8.138224395813578,3.894560506968393,9.193586694110483
2018-06-19,5.596333004526092,6.798108031795056,8.097205267108114,3.883528093216888,9.154013255838528
2018-06-20,5.641948268458422,6.870154766888033,8.19717345644347,3.9111094822444143,9.251028008325015
2018-06-21,5.5854846162612874,6.780243097914019,8.0718641225692,3.8771295202162244,9.129957174235113
2018-06-22,5.571132681458641,6.757292244973678,8.039839585699074,3.86852219471317,9.099052632697076
2018-06-25,5.426611983012381,6.528220119020614,7.721582645100272,3.781364423762214,8.790594857723505
2018-06-26,5.452012935310617,6.567858088821794,7.776138270113006,3.7968100867333323,8.843969487737837
2018-06-27,5.366658271712538,6.433519830715629,7.590434555361736,3.7451764185291614,8.663075893561551
2018-06-28,5.41965869567772,6.516178065747903,7.704071319874425,3.7773927122538207,8.774379593892693
2018-06-29,5.436317099664452,6.542084179954275,7.7396635035838335,3.7875431145291785,8.809263551567865
2018-07-02,5.478026984420453,6.607129516013225,7.829166028927501,3.812917878946898,8.896850548674895
2018-07-03,5.405022819531221,6.492055568441724,7.669936493370713,3.7687875146433507,8.741897371034227
2018-07-05,5.482041045649843,6.612396288902169,7.835598851142463,3.81556568661916,8.903942537889453
2018-07-06,5.580022362272563,6.766326797227299,8.048260635406757,3.874921831660126,9.111218136790773
2018-07-09,5.6375775758489635,6.856916250881065,8.173683294207589,3.9097852237595196,9.233201643923534
2018-07-10,5.642241947375684,6.864083219624588,8.18349843040617,3.912655041558066,9.24285234770399
2018-07-11,5.609212916858385,6.8114402236699805,8.110124396314749,3.892795065421043,9.171965759767804
2018-07-12,5.7202730699688935,6.987118541476148,8.354009600429116,3.9598740419475673,9.408525938340965
2018-07-13,5.725676680230764,6.995490759613191,8.365532911156523,3.963184333511041,9.419799574395118
2018-07-16,5.70972638863651,6.969610347028497,8.329123386553107,3.9536960604781313,9.384950225317576
2018-07-17,5.749574053245373,7.032815203727053,8.417089732695464,3.977747630357248,9.470058919287416
2018-07-18,5.73700486728845,7.012521230049394,8.38859571534471,3.970244326456625,9.442732006683194
2018-07-19,5.703907978059817,6.959514448894936,8.314462792057556,3.950385414265894,9.371355562668503
2018-07-20,5.702347405314049,6.956794585120083,8.310517268363588,3.9495030481409823,9.367693121746319
2018-07-23,5.723046268026496,6.989276367006707,8.35548839012764,3.96208031190861,9.411431564938562
2018-07-24,5.750075706323568,7.032093732097133,8.41505020443566,3.9784101142484594,9.469087419447591
2018-07-25,5.842397615738334,7.179122170622586,8.6201605178697,4.034013011419676,9.667069015055134
2018-07-26,5.740502890917769,7.015563031453137,8.390878428753819,3.9728931980751794,9.44682795370864
2018-07-27,5.6513097082771555,6.873144463817982,8.191994341474203,3.9192738514411944,9.255053793911197
2018-07-30,5.559286582476402,6.726708505637714,7.98807361172321,3.863889772557386,9.057870004532722
2018-07-31,5.608112807037077,6.803537492622073,8.094364843411586,3.8934561307171984,9.16132431299592
2018-08-01,5.632506787983614,6.841904639944109,8.147466992260153,3.9082400190946327,9.21298771309665
2018-08-02,5.7205498386072735,6.981167245528501,8.34079027554991,3.9614196012612184,9.40051220249867
2018-08-03,5.7406070091747186,7.012855367907844,8.384803710801453,3.973555327317627,9.443181941043049
2018-08-06,5.779276424125866,7.074004001337254,8.469793845165054,3.9969440586567675,9.525521821252548
2018-08-07,5.803394015072468,7.112264706815168,8.52307857626437,4.011507355502974,9.57704189176106
2018-08-08,5.811372024158793,7.124771950574171,8.540403533906858,4.016362142433806,9.593883559270378
2018-08-09,5.807232540889552,7.117906293100745,8.530640576822165,4.013933862346479,9.58463858710638
2018-08-10,5.756104937641809,7.035921279108897,8.415846174915249,3.9832634825842352,9.47424141463554
2018-08-13,5.748580823150826,7.023450934544191,8.398133436822643,3.9788509426621506,9.457449433849666
2018-08-14,5.789910107538639,7.089069725754217,8.489512782719569,4.0037848786661785,9.545808618752185
2018-08-15,5.708345879454362,6.958564182782293,8.307016982949849,3.954798663485506,9.370075978915047
2018-08-16,5.729859075578724,6.992529724916742,8.354164916247527,3.967817819613118,9.415812384027513
2018-08-17,5.731227120342444,6.9944664376243315,8.356706778504684,3.9687001857380295,9.418420270474023
2018-08-20,5.725174826060149,6.984361052216582,8.34231280503923,3.9651703665896196,9.404812832706742
2018-08-21,5.749258253330737,7.0224402625207,8.395217244771006,3.9797336634358262,9.456088510331377
2018-08-22,5.774818850209568,7.062919101213487,8.45151446549973,3.995178617109416,9.51059541493508
2018-08-23,5.7651850112886995,7.047304810582343,8.429555433803229,3.989442527999964,9.489569943914393
2018-08-24,5.826691691683252,7.145126545698527,8.565904170084087,4.026512544709164,9.621292101869894
2018-08-27,5.894791124265638,7.253557884920909,8.71723838375784,4.067553208980466,9.767300654830168
2018-08-28,5.904617679672837,7.269074713363769,8.73882660081554,4.0735105989186735,9.78819488784179
2018-08-29,5.982862022435253,7.394460893101538,8.914519766472509,4.1205107810207675,9.957034033387911
2018-08-30,5.970599073338173,7.374433266960159,8.886180300732759,4.113228423300137,9.930065771876958
2018-08-31,5.979339146292721,7.388256112239923,8.905442846002739,4.118525811888481,9.94867896665594
2018-09-04,5.949610529487115,7.339705410232252,8.83674808766666,4.1008721057125,9.883302869706634
2018-09-05,5.861152558029865,7.197108955551782,8.636282947967867,4.04791559761849,9.691289175561804
2018-09-06,5.800794296533949,7.100182991023036,8.50042426147603,4.0117283016829655,9.560773220242867
2018-09-07,5.775009759213923,7.058767331726457,8.442413131155021,3.9962826387118473,9.505004836976962
2018-09-10,5.797180388474702,7.093622939511425,8.490727478446727,4.009742623253151,9.551939762725656
2018-09-11,5.848439277250983,7.175183401866581,8.604457623073898,4.040633239897858,9.661765253885772
2018-09-12,5.828505605414119,7.14303098627374,8.559307787669011,4.0287188146702055,9.618470319888322
2018-09-13,5.899991186343919,7.257050467729169,8.718540209043516,4.071746221317614,9.772003602940789
2018-09-14,5.880034136874861,7.224775712884937,8.673134543320923,4.059831441441197,9.72854393264852
2018-09-17,5.782435906633176,7.067853217899829,8.453023524480933,4.001356953227615,9.517239464918013
2018-09-18,5.837341496860555,7.15513819410747,8.574648900310809,4.0344559677259495,9.634773317793444
2018-09-19,5.832100246201552,7.146504612454665,8.562411521503453,4.031367331639995,9.623147741894163
2018-09-20,5.906151227836826,7.264607932110187,8.727331664638074,4.075938879005998,9.782180129821619
2018-09-21,5.868909493142239,7.204601002263267,8.643057840400704,4.053652041376704,9.701377614078744
2018-09-24,5.887476909382722,7.233822981216952,8.68362309432279,4.0649263255852786,9.740726559616645
2018-09-25,5.896577246996408,7.248147961790176,8.703514522481019,4.070452462626424,9.760015906217731
2018-09-26,5.901260598853579,7.255397384032387,8.713499770776616,4.073326181561375,9.769777638010165
2018-09-27,5.958610184579664,7.3471075291092145,8.841827486699998,4.107810454132018,9.893270215621715
2018-09-28,5.957030416695109,7.344304364190511,8.83771884130791,4.106926314763286,9.889495605288355
2018-10-01,5.970832454570185,7.365975679781043,8.86779803755377,4.115326170739382,9.918677181876923
2018-10-02,5.955238087654378,7.34061783576734,8.832007627166334,4.106043239340846,9.884531499114122
2018-10-03,5.962503740582576,7.352036011056842,8.847861743284163,4.110462517589448,9.89990667812992
2018-10-04,5.830755386838388,7.139878725661035,8.549811929845173,4.031547138563358,9.614225633675686
2018-10-05,5.748664715080648,7.008507556186708,8.366111783328401,3.982252733606742,9.437327381812299
2018-10-08,5.708095154834254,6.943492235775672,8.275239712522282,3.957936950398422,9.349780802368185
2018-10-09,5.729257566550605,6.976819497852072,8.321415803141369,3.97075785786694,9.394657729507516
2018-10-10,5.439390996598125,6.516150001936797,7.680223929470648,3.7961266785650407,8.774341804481626
2018-10-11,5.361709645782293,6.39453271395617,7.512837337399691,3.749043508652164,8.61057767171014
2018-10-12,5.5332138109073075,6.661093251309375,7.878062246254494,3.853380111084061,8.9695155822291
2018-10-15,5.484141595745637,6.599686869509835,7.80346752040347,3.8067374149361117,8.805582208925339
2018-10-16,5.595925587695823,6.734209170040394,7.962526643012743,3.9174850030754147,9.18931736971086
2018-10-17,5.597574160826209,6.736193084250501,7.964872422503185,3.91903091703783,9.194203986984393
2018-10-18,5.506841511206349,6.627004241133,7.835767571363311,3.828178769911954,8.873937326479425
2018-10-19,5.503381526345399,6.6228404506369225,7.830844306890262,3.824642212437028,8.861106583663858
2018-10-22,5.523500599879676,6.6470520037328304,7.859472039074845,3.84431564332417,8.921776482631557
2018-10-23,5.509375355767548,6.630053502423574,7.8393730168810585,3.830169058775701,8.876286483563362
2018-10-24,5.33297462510795,6.4177705834688155,7.588369765370289,3.654873976987534,8.317997758683731
2018-10-25,5.4622202265466155,6.573306410519373,7.772275274623376,3.781315127584013,8.712805859385549
2018-10-26,5.363973678276001,6.455075244661212,7.632478784135925,3.684054122643316,8.404649480481408
2018-10-29,5.286992227611813,6.362434772077793,7.522940720713647,3.6082326994346405,8.220659012580972
2018-10-30,5.34808026401573,6.435948904545093,7.609863806057213,3.6676955937535793,8.36249175502919
2018-10-31,5.436175262344942,6.541963564012277,7.735215503523467,3.753906097855806,8.568300625323632
2018-11-01,5.486469111118989,6.6024878315893005,7.806779377018057,3.803421448992414,8.686614081100892
2018-11-02,5.4267508998154765,6.530622164350484,7.721805436402617,3.7441798555022308,8.54486608862565
2018-11-05,5.417631413096187,6.519647656178656,7.708829181655304,3.7348955055086392,8.523785609600548
2018-11-06,5.446463254272645,6.554344266452847,7.749854441898121,3.763190447849398,8.586054323938875
2018-11-07,5.566154255287684,6.698381963876676,7.920164566572874,3.8812317424697804,8.84569744249319
2018-11-08,5.541404579905382,6.668597884674213,7.884947881406293,3.8564740669014768,8.791324009476341
2018-11-09,5.476139084686858,6.590056544282875,7.79208062711514,3.7914843262438644,8.64852613063591
2018-11-12,5.360454907139999,6.450840710002024,7.627471871788361,3.676758288269652,8.37585917612074
2018-11-13,5.363713506496906,6.454762150579972,7.632108581800255,3.679853308033359,8.38314593411069
2018-11-14,5.335170953970414,6.420413674005713,7.591494954726389,3.651779666521356,8.316648432110636
2018-11-15,5.400604604977643,6.4991573752463045,7.6846014804171965,3.715663966981481,8.467793056601367
2018-11-16,5.387435667274829,6.483309705428648,7.665863200989502,3.702621404035443,8.436866583788236
2018-11-19,5.265258888253795,6.3362805906279585,7.492016025420994,3.5823699383176133,8.147254847869519
2018-11-20,5.199404813779788,6.257030946354188,7.398311272859025,3.5182646916774964,7.993241716915796
2018-11-21,5.227174383941491,6.2904492059611785,7.437825011705687,3.545012656109548,8.057359589035734
2018-11-23,5.200906984252805,6.2588386777144125,7.400448733807407,3.5193704865237483,7.995730136150279
2018-11-26,5.285352676408335,6.36046171497112,7.520607778658631,3.6007162735297484,8.21883837319404
2018-11-27,5.297946529888006,6.375617321002662,7.5385277620999,3.6128746971070544,8.25238060208045
2018-11-28,5.417400304531277,6.519369537144958,7.708500333804009,3.729148422287502,8.575250320205713
2018-11-29,5.405138423866199,6.504613431488679,7.691052719471215,3.71699035335896,8.541013807975078
2018-11-30,5.432691253944325,6.537770863278097,7.730258055594675,3.7439585546734753,8.616173653169874
2018-12-03,5.49945720924522,6.618117876723449,7.825260337093645,3.809391606286128,8.801866159770402
2018-12-04,5.351903476575061,6.4405498079475,7.615303912682738,3.663275251558687,8.383749913954269
2018-12-06,5.378556520686744,6.472624425676698,7.653228929827945,3.6891373033781867,8.456634207182404
2018-12-07,5.254354229159958,6.323157782950287,7.476499622065208,3.5673370865078295,8.11082109800146
2018-12-10,5.29317078079036,6.369870122820131,7.531732276914399,3.6046957873109515,8.204915533322556
2018-12-11,5.305542701251334,6.384758651788866,7.549336468527015,3.6166329100595016,8.235271041227247
2018-12-12,5.3383328362932145,6.424218724054912,7.595994044616489,3.64846476452395,8.31645389712832
2018-12-13,5.339567528892261,6.425704569084903,7.597750907276968,3.649570204721438,8.319155827685305
2018-12-14,5.248660075084344,6.316305364348449,7.468397324630054,3.5607058639179607,8.091806509338365
2018-12-17,5.165707939664053,6.216479692568604,7.350363484110233,3.480022915451936,7.88274714764239
2018-12-18,5.188544665757699,6.243961703875486,7.382858204976369,3.5019068720852893,7.939023310660314
2018-12-19,5.099460050967429,6.136756127169959,7.256098367370643,3.4159176688118187,7.717052564785393
2018-12-20,5.04781268637687,6.074603021167459,7.182608555873158,3.3664016083776827,7.589625648221297
2018-12-21,4.9383943903307745,5.942927629660471,7.026915617529631,3.2620657152433132,7.321818204836129
2018-12-24,4.852950668853125,5.840103551019695,6.905336461752456,3.1811721054114535,7.1188319924094845
2018-12-26,5.065248061265641,6.0955849766311285,7.207417612910658,3.379801657277864,7.6146908100243635
2018-12-27,5.079066038787454,6.1122137093547035,7.227079420853907,3.3928811036953612,7.64746610175781
2018-12-28,5.077304329545632,6.110093645686003,7.224572658289713,3.3911082145239657,7.642898620328861
2018-12-31,5.1075603860350745,6.146504175073396,7.267624455911789,3.419704962962915,7.702963950411307
2019-01-02,5.122126769270614,6.164033548904738,7.2883511815959805,3.4334497304617355,7.732439658050725
2019-01-03,5.005084267612897,6.023183089834855,7.121809646471998,3.321276454291025,7.492353015569018
2019-01-04,5.155080138358146,6.203690059130843,7.335241025862932,3.4633774757120968,7.797059090635057
2019-01-07,5.198336719037366,6.255745587337847,7.396791464793222,3.5046100049647393,7.879423810226933
2019-01-08,5.231353919288662,6.295478912811334,7.443772135382675,3.536311703332788,7.942955450146842
2019-01-09,5.261298459656497,6.331514559672169,7.486380672032254,3.5651308165467857,8.000659373186142
2019-01-10,5.271932592664561,6.344311812762131,7.501512139753739,3.575326613863939,8.021092716659412
2019-01-11,5.258535315203698,6.328189355928736,7.482448952251656,3.562248586041498,7.9950196304056265
2019-01-14,5.22630928482776,6.289408134507778,7.43659404917161,3.530769252448497,7.929276675990651
2019-01-15,5.297845945843597,6.375496276863738,7.538384639551014,3.599712262878773,8.072975504991648
2019-01-16,5.297264046918493,6.374796012177216,7.537556646822721,3.5990487150412696,8.071631983233527
2019-01-17,5.326599039523651,6.410098121383078,7.579297848797376,3.627422744056407,8.130713938062316
2019-01-18,5.363616424776462,6.4546453211829675,7.631970442760789,3.6633366057948633,8.205444215497442
2019-01-22,5.288821020718607,6.364635565336537,7.525542937917786,3.589959067219132,8.04144312830381
2019-01-23,5.293722388050193,6.370533934125192,7.5325171671767945,3.594613832247051,8.051815911033422
2019-01-24,5.317816925388691,6.399529611739197,7.56680164657207,3.617890494576758,8.103674622517575
2019-01-25,5.362394871343635,6.453175287995403,7.630232276017445,3.6611182777758438,8.199977356716593
2019-01-28,5.316334223307633,6.397745308893454,7.56469188749128,3.615895949927842,8.044419060182491
2019-01-29,5.281300006131989,6.3555846791866974,7.514841173198093,3.5817560413070737,7.931054685555218
2019-01-30,5.375443211790567,6.468877829516819,7.648798955796792,3.672868500625749,8.230426568557146
2019-01-31,5.431869724799944,6.536782224488879,7.729089089424976,3.727846506674741,8.413038265218669
2019-02-01,5.415919296127474,6.517587272492304,7.70639298468204,3.7121071945270043,8.35974545138453
2019-02-04,5.463319328782138,6.574629084353617,7.773839203717245,3.758217208231378,8.51435146413483
2019-02-05,5.497261055870903,6.615474997371251,7.822135397442266,3.7914690763470107,8.62682692175705
2019-02-06,5.485893087568081,6.601794637404006,7.805959744448027,3.7801642923447294,8.587712731453868
2019-02-07,5.434426596269657,6.539859196658741,7.732727300277014,3.729398095017381,8.414190525200079
2019-02-08,5.441992873783522,6.548964552800176,7.743493470296331,3.736713435073067,8.43842960073324
2019-02-11,5.438691316782671,6.544991416438351,7.738795635207082,3.7331658834864556,8.425349367924548
2019-02-12,5.495090096135398,6.612862436369587,7.819046306198295,3.7883666089592594,8.611702263671493
2019-02-13,5.497897110869688,6.616240434176716,7.823040449661935,3.791026829338263,8.62024198646454
2019-02-14,5.502729180483554,6.622055409196312,7.829916074156638,3.79568230366371,8.63558918078894
2019-02-15,5.5190328921565355,6.641675506521283,7.853114870591951,3.81164362593773,8.689527581758059
2019-02-19,5.528837703049517,6.655011822559049,7.870181899554623,3.8191806214709367,8.713927554911292
2019-02-20,5.527628157523723,6.652862438361315,7.8670542717717025,3.818515655038377,8.71111319804971
2019-02-21,5.504273990810985,6.615948550183664,7.815965706973863,3.804548522764508,8.662778956740059
2019-02-22,5.551013897519544,6.688977075516489,7.91645806345823,3.832702669545946,8.75840091747574
2019-02-25,5.574066195362805,6.724693293064445,7.965439133367288,3.8466698018198144,8.805166954944426
2019-02-26,5.580611745649649,6.734739445637155,7.979157446664848,3.8506599550639375,8.81832116834904
2019-02-27,5.5764426337626345,6.727922938002936,7.969570669967501,3.8482206808649257,8.80939578169522
2019-02-28,5.561562260353517,6.70425284851585,7.936694975677137,3.8393533978178356,8.778402681982076
2019-03-01,5.605774603015224,6.773517830578657,8.032195929674526,3.8659556016078693,8.869096741118314
2019-03-04,5.606672133595079,6.774412838206125,8.033096750955051,3.866620922689193,8.870268644615225
2019-03-05,5.611373386509721,6.7815662868164,8.04282696682567,3.8695027985457164,8.87963521444556
2019-03-06,5.574668210491416,6.723449532610997,7.96224737609357,3.847555714432365,8.80353840209193
2019-03-07,5.4958885920185425,6.599264809416925,7.790506150630451,3.8003374233403915,8.640933629900294
2019-03-08,5.4862002912328265,6.583842059043088,7.769104124135995,3.794573316978581,8.620739416420532
2019-03-11,5.617208249622151,6.788404698120781,8.050398015378398,3.873491887843547,8.888589281288095
2019-03-12,5.6525982021519905,6.843934063170765,8.127059664884351,3.894775424119395,8.961298222626942
2019-03-13,5.701330119038759,6.920636239010924,8.233155063909573,3.924036075044612,9.061730381336197
2019-03-14,5.690113019857373,6.902615570217474,8.207973868989091,3.9173860560702494,9.038134510052412
2019-03-15,5.750737503676554,6.99828115799715,8.340521058461285,3.953742519466217,9.163396947390885
2019-03-18,5.766270431357935,7.022398198960636,8.373702620091828,3.963159153448792,9.19497527563401
2019-03-19,5.788458942325637,7.057378937798921,8.422193294841291,3.976484371459763,9.2407782932967
2019-03-20,5.814748289647742,7.098919456870179,8.479855144668452,3.9922531194549147,9.295170544344746
2019-03-21,5.919169754884722,7.264932681129153,8.711038109544141,4.054659598515319,9.51254464493555
2019-03-22,5.769547894499524,7.025128845569281,8.375397688805108,3.9656019741354447,9.198550724838341
2019-03-25,5.756696982579139,7.004177565773974,8.345902934028935,3.9580522112467333,9.171117575328356
2019-03-26,5.7874191993177755,7.05266900414915,8.413140755099052,3.9764843714597644,9.234611208743459
2019-03-27,5.744563894320101,6.984285237812167,8.317796659507048,3.9509436314204778,9.145070994288465
2019-03-28,5.7596840682742485,7.008001349687659,8.350577392706837,3.960049947734525,9.176124354714764
2019-03-29,5.809728665435948,7.087163822470879,8.460457009776643,3.9900330181920753,9.279777972663613
2019-04-01,5.898017477648758,7.2271096148941405,8.655014770542348,4.042888451388336,9.463019945676672
2019-04-02,5.923616811977042,7.267753321672483,8.711623228795572,4.058212115184627,9.516237930238171
2019-04-03,5.962650522480944,7.329946902910387,8.798418510811679,4.081530980717254,9.597672851127491
2019-04-04,5.959929411340772,7.325308768457215,8.791742541859339,4.079976909833266,9.591599778878713
2019-04-05,5.9952622590499125,7.381678355099808,8.87049166963068,4.101075319454289,9.6654088880735
2019-04-08,6.0125872731200865,7.408937599066192,8.908336957251628,4.1115151151210965,9.70110154850117
2019-04-09,5.988196961120401,7.369458225777551,8.8527735391645,4.0970780732348855,9.64940811685551
2019-04-10,6.025041548890754,7.42832563296877,8.935094143335617,4.119064523361044,9.72648781788187
2019-04-11,6.008493118805337,7.401435050806451,8.897174844790419,4.109292885965673,9.691277875192132
2019-04-12,6.038258598054196,7.448982278860561,8.9636738030342,4.127060789043672,9.753535180174806
2019-04-15,6.039152050954193,7.449851287692298,8.964519090768041,4.1277268194225245,9.754673041414762
2019-04-16,6.0629538388583955,7.48786920164932,9.017706731836316,4.141939723289868,9.80445287003766
2019-04-17,6.087143116789031,7.526554095728864,9.071874394264322,4.156376055878551,9.855106027908224
2019-04-18,6.096008163887727,7.540569455076619,9.091396653342604,4.161706426801951,9.873457434227053
2019-04-22,6.115545044840728,7.571364977927764,9.134234558179942,4.173476155333878,9.913780421217226
2019-04-23,6.204877804205452,7.715338801206379,9.336687555960689,4.226555726549007,10.102296610114248
2019-04-24,6.182265061557853,7.678374198471193,9.284307541282452,4.213229799240508,10.053895964267367
2019-04-25,6.211009397411092,7.724652296348914,9.349400383758248,4.230331671939655,10.114491497834802
2019-04-26,6.2172684722546,7.734516750826275,9.363137885710008,4.23410655338401,10.12740779971019
2019-04-29,6.230909828241401,7.7560615770418595,9.393174796876055,4.242323410597865,10.155618125977282
2019-04-30,6.175277760606135,7.66544565427519,9.264948754670238,4.209454917796152,10.036967610040774
2019-05-01,6.152307086269587,7.627966656237955,9.211909273559485,4.195906625712604,9.987893426187329
2019-05-02,6.121485446595868,7.5778355065452985,9.141088913198693,4.177695411679565,9.922252790480952
2019-05-03,6.233645512122642,7.758652013460955,9.395371813028735,4.244323629627005,10.159009987012764
2019-05-06,6.189522315296995,7.686427588578058,9.292941465182777,4.218338869335151,10.064440897895402
2019-05-07,6.05075214253667,7.461359735285941,8.97529070811273,4.136166750708956,9.769741952075533
2019-05-08,6.03307896088404,7.432653764327946,8.93482075046784,4.125728018988441,9.73215497883028
2019-05-09,5.995619310317449,7.3721797134529075,8.849825104836164,4.10351884943847,9.65297157355205
2019-05-10,6.004089427987358,7.3854876884314296,8.86828122464205,4.10862579164053,9.670396746182444
2019-05-13,5.764253454044426,7.00012153857474,8.328052331053684,3.966045994388015,9.165806701641396
2019-05-14,5.836902498465793,7.11493619289643,8.487242851898001,4.009575229036527,9.316142509702614
2019-05-15,5.931604721256066,7.265241730773648,8.696247920502756,4.066208380867256,9.512949307809912
2019-05-16,6.000046889585205,7.374315100290132,8.848387156914306,4.107071720756541,9.655767602574597
2019-05-17,5.9294192544530855,7.260817741945405,8.689324862154947,4.065097975587071,9.507156633178985
2019-05-20,5.814087016262856,7.076058745293406,8.431005965154895,3.9964730850981316,9.265237226441624
2019-05-21,5.8838339374933755,7.186516184262315,8.584377164812935,4.038225884087609,9.409867791606569
2019-05-22,5.853584999707362,7.138059005586883,8.516672954671703,4.020237389478382,9.346419017096244
2019-05-23,5.750466805007977,6.973778859413949,8.287823950842126,3.9587171776792935,9.131314171210226
2019-05-24,5.747023975227677,6.9680759516165525,8.279749656395799,3.9567187318939734,9.123846907931986
2019-05-28,5.721903675052981,6.927695343790014,8.223345641142975,3.9418387337014864,9.0709734194085
2019-05-29,5.6676721334104485,6.841796181908373,8.104220848574771,3.909413906503576,8.958498927458402
2019-05-30,5.694967791905618,6.884521479247131,8.16310015681436,3.9258479755800506,9.014442501369112
2019-05-31,5.590385604933267,6.719362609977458,7.934464804824049,3.863219486393363,8.798187074596093
2019-06-03,5.502019406655606,6.610799102665832,7.804285498368937,3.778160172179184,8.506537835199845
2019-06-04,5.610565037581556,6.741219100577061,7.9582509846269405,3.8845406154381976,8.865295902948414
2019-06-05,5.639858267947451,6.776415570582746,7.999801680116745,3.9134111527229796,8.963592105214135
2019-06-06,5.6713287911394605,6.814228106508463,8.044440735274636,3.94450427381195,9.069880766532807
2019-06-07,5.748097654962557,6.906467609600817,8.153332777701113,4.020679991135893,9.332075030869134
2019-06-10,5.822347278450785,7.016171957141792,8.309603442065098,4.067540796273722,9.486558520704031
2019-06-11,5.831382657181637,7.029550162464406,8.328710440239071,4.073092822674641,9.504647177662585
2019-06-12,5.7925204964763415,6.970893275856866,8.243734355884836,4.049551592366966,9.425337264672452
2019-06-13,5.831872066596479,7.029778897832685,8.328454079191756,4.073535778980917,9.504956450506835
2019-06-14,5.803252100987601,6.986531170226438,8.265750541149862,4.056214378696834,9.446481244749299
2019-06-17,5.843243667553229,7.0483796625198485,8.35142594750886,4.080644004158408,9.530106524338052
2019-06-18,5.940787138910013,7.20159807053622,8.563063438452868,4.139941277504544,9.737272968230135
2019-06-19,5.966337860566711,7.241742311199398,8.618586010232146,4.155487306075884,9.791551952645962
2019-06-20,6.030040510389592,7.342340272954314,8.758098493140116,4.194130899351094,9.927570348016125
2019-06-21,6.019655767394043,7.325590558771082,8.734621583672004,4.187912842571322,9.9049230775708
2019-06-24,6.019670472577962,7.325108843027121,8.733621707100383,4.18804548120907,9.904271750233992
2019-06-25,5.90073194392496,7.136070606828838,8.470501328003296,4.116153211657104,9.648673355368505
2019-06-26,5.932186967817165,7.185436736216791,8.538701541459082,4.135295378695727,9.715421245562782
2019-06-27,5.958152269121928,7.226206671217741,8.59506003404648,4.151097109025933,9.770546230616509
2019-06-28,5.966869029753957,7.239744802044704,8.613682748763068,4.156439892656074,9.78885112267666
2019-07-01,6.0592649151972955,7.3854698156153535,8.815633730142077,4.212529722580307,9.985885756036973
2019-07-02,6.0867721240453125,7.4289380069443025,8.87599458684233,4.2292233945520525,10.044659050555715
2019-07-03,6.13934517665094,7.512367028315422,8.992114141428306,4.261052411826388,10.157463340187837
2019-07-05,6.124797678229266,7.488745208285165,8.958862674533849,4.252370610082887,10.1255243028536
2019-07-08,6.0751794919979325,7.4090749817815,8.847314646653109,4.222545712974095,10.017802275699543
2019-07-09,6.110056313190781,7.464287448690086,8.924058415790618,4.243690226934442,10.092454992537187
2019-07-10,6.17997356416309,7.575431206119832,9.07891114131212,4.285981382747719,10.24273234684219
2019-07-11,6.17469805843492,7.5667289623446115,9.066568074682305,4.282864729409407,10.230966052438442
2019-07-12,6.215552720746806,7.631764539958455,9.157307528906681,4.307570626258162,10.318900586644592
2019-07-15,6.238239053745987,7.667566462465611,9.20707673294665,4.321370718964172,10.36730832737451
2019-07-16,6.201178196170123,7.607879383099335,9.123282195506212,4.2991118985872365,10.286605491868643
2019-07-17,6.165995898185616,7.551312592175666,9.04396691897471,4.277967029978126,10.210121594993856
2019-07-18,6.1740088738886225,7.563851208199209,9.061315505828503,4.282864729409407,10.227075044168501
2019-07-19,6.121873119446773,7.480278021585473,8.944338652548184,4.251479377738875,10.114075828867641
2019-07-22,6.177694625160159,7.568735235773358,9.06740360827594,4.285313579125047,10.233678732573221
2019-07-23,6.224082070809189,7.64260156102648,9.170472157512185,4.313358139438399,10.333553311118836
2019-07-24,6.274205428966106,7.722613979200598,9.28230673697607,4.343627766097287,10.441738015260697
2019-07-25,6.205698858014348,7.612359366938469,9.127519770436642,4.3024519806468895,10.292662873175908
2019-07-26,6.279061026195983,7.729472879083747,9.291172465015366,4.346744774084363,10.451011926380122
2019-07-29,6.254075637994086,7.688823915183354,9.233817152526,4.331832502854349,10.396050506220723
2019-07-30,6.222923576409482,7.63860140604877,9.163274476896209,4.313134356068294,10.328144705896538
2019-07-31,6.123845369904878,7.4797039940018655,8.940717729501737,4.253484207201946,10.113299686792208
2019-08-01,6.0887295549576095,7.423499784646947,8.86216793904112,4.232338274646543,10.037306036064678
2019-08-02,5.985521302671415,7.259113001472247,8.633048260127586,4.17001726593827,9.815038844190953
2019-08-05,5.742101550853674,6.873569090636203,8.09779920271281,4.022669216053346,9.293745339016203
2019-08-06,5.834444551512142,7.0175135380011975,8.295492023346457,4.078982120050154,9.488372470734152
2019-08-07,5.870592051275873,7.073982757713401,8.373214991918827,4.101017157056985,9.564724441679365
2019-08-08,6.017425519771561,7.304521756539496,8.691418638746079,4.190271611500897,9.876435972843035
2019-08-09,5.9522640880253155,7.2011000056041565,8.547688436219872,4.150875808197176,9.73659953517376
2019-08-12,5.873521608622368,7.07636998362055,8.37465070031132,4.103243287348813,9.567952207248489
2019-08-13,6.021448254681106,7.308590395983963,8.695123599481999,4.193165545415397,9.88193717583882
2019-08-14,5.814405816706602,6.980561521845391,8.23965942166299,4.067853596483596,9.438409689624825
2019-08-15,5.80662844427694,6.96815070631482,8.222418629613408,4.063180035071183,9.42162903935861
2019-08-16,5.913710617359639,7.135532043794372,8.4526981612427,4.1283946230451924,9.647945164871638
2019-08-19,6.021687677694203,7.295537309176736,8.68663091675784,4.194055004515589,9.864288111273558
2019-08-20,5.967932343195137,7.214904654935395,8.568125919363844,4.161558892916109,9.755264786615507
2019-08-21,6.02876679888803,7.305556849948055,8.700536109214394,4.198507265099246,9.877835521522098
2019-08-22,6.006246971245616,7.271658269219079,8.650572746218876,4.18493095576334,9.832001287153469
2019-08-23,5.787563780866254,6.944450112113625,8.170783319238147,4.052495531757194,9.389583491552983
2019-08-26,5.887903432897582,7.07984054260457,8.385426779065556,4.113704361941462,9.572644746300064
2019-08-27,5.873515168851199,7.060133685780727,8.353754966012977,4.1050229148467245,9.545999126486224
2019-08-28,5.897589166736874,7.092814407420574,8.405372127495925,4.119713530599219,9.590186694896612
2019-08-29,6.001189109407467,7.233872997349875,8.629571337100796,4.182703052227691,9.780911861894577
2019-08-30,5.984563127546041,7.211059680100777,8.592687746751073,4.172687416482666,9.750066000296977
2019-09-03,5.917509514717269,7.121116527418428,8.444986030548735,4.132178016059885,9.628453960758922
2019-09-04,6.01565037594127,7.251899556721771,8.65763057858818,4.191830292818817,9.805285553339576
2019-09-05,6.1422788122251255,7.420963925235322,8.934452628479018,4.268619197855771,10.03387730329478
2019-09-06,6.135179422291556,7.411370494720567,8.918221111910286,4.2643907206422185,10.020906036263634
2019-09-09,6.120251849017273,7.386786166970651,8.88420307254118,4.255487618069961,9.987665593281852
2019-09-10,6.099902890336473,7.35548743210986,8.838738362270904,4.243245852033107,9.945346607701879
2019-09-11,6.165667611044953,7.45562783796707,8.98323734600797,4.28308780348198,10.080746342237244
2019-09-12,6.195041840369249,7.500359876077931,9.047846121108565,4.3008932993289655,10.14122848262394
2019-09-13,6.1694988527682035,7.46100351164364,8.99055456719023,4.2855352346025635,10.088014784805715
2019-09-16,6.137606802276948,7.409870200249804,8.918811922664142,4.266393067563941,10.018877489731121
2019-09-17,6.171383245128049,7.462806995742374,8.992982207681044,4.2868715511454365,10.090453273706546
2019-09-18,6.168332130627369,7.457744386429143,8.985699744022964,4.285090150403703,10.08360812512541
2019-09-19,6.180020685514868,7.4759271867699315,9.011094192681842,4.2922125615317555,10.108193069815597
2019-09-20,6.104735099557784,7.356888345172661,8.84353292366096,4.246805816326458,9.947240780740094
2019-09-23,6.107640089267527,7.360985894020567,8.848970836901442,4.248679071098074,9.952781072109028
2019-09-24,6.0142597584388,7.213944168832491,8.642582087317072,4.192254452740597,9.753966114393792
2019-09-25,6.091797736179621,7.335015001738628,8.811646923121495,4.239312442591227,9.917665856721992
2019-09-26,6.065901794227578,7.294105184498955,8.75415315794414,4.223701158647306,9.862351737044463
2019-09-27,5.9792441378587435,7.1579516910110925,8.563356779276202,4.171290100352378,9.67825874564391
2019-09-30,6.016645449067813,7.200220759432983,8.61178419329813,4.2109884190518185,9.815437453939014
2019-10-01,5.982380018811423,7.159214742982207,8.562739174249474,4.176642459499147,9.694827779439185
2019-10-02,5.910460455387308,7.073147392336525,8.459798795806424,4.104827858026504,9.444268713398497
2019-10-03,5.955949411365927,7.127584790706563,8.524908344870346,4.14987995446777,9.599257907274218
2019-10-04,6.017422204990058,7.201150316303785,8.612895984649285,4.210988419051818,9.810787229599082
2019-10-07,5.9936467362713985,7.162075812189051,8.557086579167404,4.19827567945633,9.76540108033589
2019-10-08,5.89029472763256,7.000762136640785,8.332081913572113,4.135381912994146,9.545451894823078
2019-10-09,5.956328021238696,7.102910086421278,8.473773828805216,4.175750517857606,9.684729350870509
2019-10-10,6.009282358368561,7.18505331438385,8.587957419691032,4.208088810757092,9.79673061811803
2019-10-11,6.098192551588879,7.323488026664282,8.780851659134502,4.262285170930157,9.985484622447135
2019-10-14,6.097283175140935,7.321637805421627,8.777983966585344,4.261838668136241,9.982961868849479
2019-10-15,6.186355401546782,7.4609188847758565,8.97264956621586,4.316034319011777,10.172869884132052
2019-10-16,6.1686130326247,7.4327748824343525,8.933007942226912,4.305328536771946,10.134495887810628
2019-10-17,6.187260133707328,7.461848108088797,8.973619158760197,4.316703541229505,10.174136868534621
2019-10-18,6.118785057078039,7.353899182443763,8.822008790400004,4.275219566003163,10.026949854216644
2019-10-21,6.181012758343887,7.4510209320929786,8.957656409778261,4.313134001419524,10.159374149046704
2019-10-22,6.124314771321598,7.361638260506658,8.832136967937192,4.278788396515616,10.037501990672332
2019-10-23,6.137805391811076,7.382559094943109,8.861268486887536,4.287041782552167,10.066027287606435
2019-10-24,6.2063756105421835,7.489905061371991,9.011437715384155,4.3287463493097365,10.212392174550281
2019-10-25,6.263278257728862,7.57924002993823,9.136679331450312,4.363315737583747,10.334199290451485
2019-10-28,6.334159156509133,7.690680326929217,9.293119929984162,4.406362295264413,10.48614674607275
2019-10-29,6.277648795764717,7.600945861792133,9.166457678135679,4.372237281891733,10.363794921577721
2019-10-30,6.312536325079386,7.655806687957572,9.243487977911387,4.393424708352528,10.438596974104493
2019-10-31,6.315759147668351,7.66067230218159,9.250187963135156,4.395432375005712,10.44523117843934
2019-11-01,6.381632026837064,7.764658063952207,9.396523382702368,4.435353767777729,10.587014468223305
2019-11-04,6.42685101523887,7.835992366452001,9.496952867756027,4.462787622919417,10.684277900357177
2019-11-05,6.430815121359324,7.842057283986577,9.505369563613623,4.465239664473934,10.692547339804257
2019-11-06,6.414096184209533,7.815225021858458,9.467266700559405,4.455203459100594,10.655961884910322
2019-11-07,6.438739466732273,7.8541512963096585,9.522122283926972,4.470146230124315,10.709037374830753
2019-11-08,6.4681976616617165,7.900782234842137,9.58791952310393,4.48798860944276,10.772618078171977
2019-11-11,6.458041538969673,7.884162254927192,9.56409734246758,4.481967737375791,10.749956942759203
2019-11-12,6.47937599871678,7.917893143148378,9.611674586282701,4.494901777800034,10.795948588325878
2019-11-13,6.481128745353583,7.920443947966627,9.615125625047545,4.496018212109206,10.799426578894682
2019-11-14,6.475113491604724,7.910612968077492,9.601040842322229,4.492448672299224,10.786022160378653
2019-11-15,6.52973031446993,7.997403421038533,9.723772752966886,4.525458315309023,10.90435986097464
2019-11-18,6.53546906039507,8.006124987581106,9.735847284704292,4.529025017928892,10.916251608223687
2019-11-19,6.5464748664360854,8.023465732376252,9.760285873997244,4.535716530808646,10.939895497564839
2019-11-20,6.5012143679799355,7.950865743241179,9.6570877397478,4.508507522983353,10.840906317483077
2019-11-21,6.48447210330132,7.923914952708553,9.618735651217868,4.498470608312487,10.80415925058729
2019-11-22,6.489181115700141,7.931176944812423,9.62885812111174,4.501370571255975,10.814060886285677
2019-11-25,6.577369442511616,8.071319426119583,9.827057965462815,4.554673925841207,11.005143412391975
2019-11-26,6.591713599493214,8.094029186612179,9.859149578951582,4.56337168677909,11.036107887701094
2019-11-27,6.644593874931332,8.178473012701904,9.978984830861851,4.595265604777244,11.151245991813434
2019-11-29,6.609591328950774,8.121922609348346,9.898247145664378,4.57430160703779,11.074140221854616
2019-12-02,6.5315807328959306,7.996431545731195,9.719516339932852,4.527464918015914,10.903034721109453
2019-12-03,6.472648956190352,7.90207921192293,9.585555429596816,4.492003233451599,10.77438649025223
2019-12-04,6.510248545766197,7.961712809795602,9.669790370948148,4.5147521784204265,10.855696157499679
2019-12-05,6.524947505046205,7.984918347002444,9.70251101271824,4.523674786674706,10.887336618177827
2019-12-06,6.60512657364334,8.112658645893026,9.88343784151473,4.5720701570145,11.0615089231771
2019-12-09,6.570488029505585,8.056718396167883,9.803630244084525,4.5513288786988575,10.985235090083842
2019-12-10,6.564095688417076,8.046248668257572,9.788603240648845,4.54753803806012,10.97095974660421
2019-12-11,6.603979042977536,8.109770891013223,9.878596482538898,4.5716243635181115,11.057571505400125
2019-12-12,6.66056627581802,8.200161312690005,10.006887146157434,4.605747603646971,11.180817718459224
2019-12-13,6.685686457329854,8.240249719182758,10.063794047366308,4.620912739445739,11.235477760930015
2019-12-16,6.762690276724821,8.36358368054221,10.23921827813752,4.667303634971226,11.403642079639393
2019-12-17,6.76704744012797,8.370356015428323,10.248719420759715,4.669979814544611,11.412876073825924
2019-12-18,6.772892114583323,8.379530058536233,10.261652878019477,4.673548290408299,11.425384767230783
2019-12-19,6.82148334063155,8.45768764942594,10.373145165509854,4.702766028833069,11.53195166801838
2019-12-20,6.853000925211347,8.508399149622774,10.445533659849193,4.721722005270576,11.601096166316598
2019-12-23,6.873630022244549,8.54133230255963,10.492384601329938,4.73419429300405,11.646000109768453
2019-12-24,6.877630224605953,8.54755358728586,10.501124263923936,4.736652363587554,11.654482753931925
2019-12-26,6.947275523009495,8.660081249435253,10.662162016665444,4.778449139023771,11.807912818390498
2019-12-27,6.940445016500599,8.648710830107671,10.645651401418018,4.774426358093358,11.792409393392333
2019-12-30,6.887944706410804,8.56290185342799,10.522105433070244,4.743133924399001,11.675409923469916
2019-12-31,6.9027725317678685,8.586684966689077,10.556025555885936,4.752074619740246,11.707837901897385
2020-01-02,7.03517316770573,8.80114337311082,10.863363275250798,4.831421251663398,12.000249265400937
2020-01-03,6.960959874095255,8.67977911384635,10.688415407024152,4.787165341697384,11.834770610941792
2020-01-06,7.012350833239846,8.762885648020962,10.807489009151503,4.818010563300295,11.948085334199893
2020-01-07,7.011124473385017,8.760620367208068,10.804049643031432,4.81734063178504,11.944996652052764
2020-01-08,7.071622004480845,8.858954880428035,10.945353209745411,4.853549206646407,12.079074534892023
2020-01-09,7.140424371179351,8.971109911176683,11.106834836133713,4.894674986621076,12.231996521081275
2020-01-10,7.119319708105576,8.936251870837985,11.05630070039818,4.882158722440861,12.184468017654575
2020-01-13,7.2135807403259316,9.090083351140805,11.27801261007473,4.93848403914441,12.394215323230734
2020-01-14,7.180806422733197,9.035935165482941,11.199445133692045,4.919037938115012,12.320384947151553
2020-01-15,7.184076165189648,9.041026602648216,11.206620556655308,4.921049860553365,12.327327058251468
2020-01-16,7.263144420750202,9.170540795284506,11.393725901292834,4.96821105319433,12.503918045257885
2020-01-17,7.304368062291975,9.238150969199221,11.491535873706937,4.992796369463314,12.596103674494705
2020-01-21,7.300363965323634,9.230919730807345,11.480615292755358,4.990561372952386,12.586243971099215
2020-01-22,7.322439199918391,9.267046354869562,11.532843196008315,5.003748987242913,12.635502172617501
2020-01-23,7.349409988459881,9.311285315436402,11.59688175030666,5.019840820262097,12.69582144382336
2020-01-24,7.278175886156842,9.193286224210851,11.425231511224819,4.977597542031964,12.53493115403174
2020-01-27,7.105092158443233,8.907611266670328,11.010682246242995,4.874782382797763,12.145416910934324
2020-01-28,7.230487980244121,9.112392204995835,11.30581505218274,4.949658312401529,12.424633167337632
2020-01-29,7.2438962154658,9.13415464652979,11.337126806692044,4.957704583559885,12.454305985056868
2020-01-30,7.273457125952413,9.182494047340587,11.406934189627563,4.9753621908722705,12.520216155415183
2020-01-31,7.140705586819158,8.963612866964713,11.089521657169408,4.896463834986855,12.221774394763887
2020-02-03,7.264585099990288,9.165945101282018,11.381223068290568,4.970446404354025,12.49765187378
2020-02-04,7.455693613767093,9.480177558527995,11.836239283924375,5.084213472070294,12.926103911699515
2020-02-05,7.483849051232587,9.526584311316087,11.90363785438661,5.100975591253499,12.989378940573191
2020-02-06,7.55802814844686,9.649457343013268,12.082558833306724,5.1450080724981735,13.156914787434474
2020-02-07,7.52053365049773,9.5867236889942,11.99071286442179,5.122880826812693,13.071378232279805
2020-02-10,7.624850330574356,9.759637281283938,12.242666424579662,5.184793634793564,13.307143759653478
2020-02-11,7.626245788007476,9.761667339953837,12.245431508657704,5.185686995030161,13.309911719341148
2020-02-12,7.711558854959658,9.903804600874679,12.453245615676261,5.236199618491227,13.503714102581787
2020-02-13,7.700086612314023,9.884282186983752,12.424396605908749,5.2294949836072036,13.4770955346274
2020-02-14,7.725327994710852,9.926241482379076,12.485720418364016,5.244470382317215,13.53430651079248
2020-02-18,7.728471852677626,9.930827564925174,12.491980079115697,5.246480886160512,13.540559577169402
2020-02-19,7.813548979638238,10.073115139704433,12.7005837214675,5.296771499495294,13.73456691148203
2020-02-20,7.730014572356446,9.93233881640441,12.493291027740586,5.247599803011033,13.542620149720571
2020-02-21,7.559134129700765,9.645646001942053,12.072366151648577,5.146795502268893,13.151718071399854
2020-02-24,7.223695390083804,9.086814795916807,11.256003628162242,4.94831703077596,12.389758688931884
2020-02-25,6.9976988276633,8.71573269117731,10.719539549647239,4.813763644351015,11.88379286539939
2020-02-26,7.039070127610956,8.78268047331626,10.815424968605537,4.8385734532876326,11.975075331707991
2020-02-27,6.633623743820743,8.12258108589687,9.86689136434692,4.596287702515185,11.075038046419309
2020-02-28,6.639466159385509,8.131683246029912,9.879638761743314,4.599863271354154,11.0874487282841
2020-03-02,7.033327924249747,8.633709817766068,10.770706278476217,4.837232526310826,11.77195570008215
2020-03-03,6.773869553391509,8.30057642822075,10.165601451993933,4.682116249898549,11.317732476610367
2020-03-04,7.09880489457936,8.716973899765478,10.907240737052435,4.877464591400136,11.885485237835212
2020-03-05,6.850697367724637,8.39831066135766,10.326702744087568,4.729277442539513,11.450991885040068
2020-03-06,6.717700416354498,8.227765897810853,10.021246755916367,4.6494839531736805,11.2184562261252
2020-03-09,6.388081817064883,7.718779781454257,9.523519713670863,4.326508870257457,10.52446000200181
2020-03-10,6.631586424871736,8.091183771065973,9.886542761782632,4.562089631497117,11.032228199077641
2020-03-11,6.429419596759765,7.778943365641394,9.585147158515406,4.363388085931607,10.606492298981697
2020-03-12,6.016768488997207,7.146972671584693,8.96995607734505,3.96330314084698,9.74480813641268
2020-03-13,6.3735380060884745,7.683375188592823,9.50183741928075,4.299016852718467,10.47618628102423
2020-03-16,6.028435841542039,7.220280716367847,8.93090780453813,3.7840476963108696,9.833631669919624
2020-03-17,6.234194076188623,7.494096455361367,9.269595899426049,4.071036569140776,10.213223547222032
2020-03-18,6.148865030011293,7.380125653776619,9.128623164244816,3.9472109531790327,10.055121766822841
2020-03-19,6.165470214203303,7.402270992232198,9.156015170707768,3.970902554562657,10.085833718004986
2020-03-20,6.056774756983859,7.257271850036209,8.976662868275275,3.8153383567614054,9.884734000072667
2020-03-23,6.058732071825445,7.259880356032506,8.979889380855,3.8180936230091693,9.886619026922885
2020-03-24,6.269856400288349,7.540969850621847,9.327574527681879,4.113756495309769,10.198510575352792
2020-03-25,6.248957169368862,7.513042328223476,9.293030423713233,4.083294294372012,10.167732882966384
2020-03-26,6.397030108861327,7.710851648825851,9.537704678714613,4.298322450438495,10.385848726666978
2020-03-27,6.298019867786576,7.578247503327264,9.37368399247415,4.150492078234487,10.240319965379197
2020-03-30,6.401109805991688,7.716074944659077,9.544165476480638,4.3014596734051205,10.381239500961572
2020-03-31,6.376513198488892,7.68313042729469,9.50341575236266,4.264725154426695,10.347636032278213
2020-04-01,6.254598581983793,7.519910894774677,9.30152628932121,4.0835191416884085,10.180973235463284
2020-04-02,6.31172688808552,7.59622654790132,9.395922627758868,4.166394883462442,10.259314282533346
2020-04-03,6.271420497798469,7.542326157602928,9.329252170571198,4.107261457845288,10.204124819098222
2020-04-06,6.473205728380119,7.811963227641008,9.66277158730757,4.400909215868658,10.487335091667418
2020-04-07,6.4720327663664365,7.810387354077253,9.660822358176134,4.399118239610297,10.485700400245923
2020-04-08,6.533887411848434,7.893322510299789,9.763406490715377,4.492520665998325,10.572179016317685
2020-04-09,6.538159379752857,7.899051680661009,9.770493014675113,4.499016412760334,10.57815171028821
2020-04-13,6.5700240001308545,7.941807036862868,9.823377959096094,4.547621735168435,10.622667709813475
2020-04-14,6.698622332887189,8.11452407481917,10.037015074168902,4.745402967191281,10.824788399595365
2020-04-15,6.664058803321446,8.067999797151744,9.979468276358315,4.690972893482719,10.770350915666452
2020-04-16,6.718768843021778,8.141592650958696,10.070496730547472,4.776536872888116,10.856532630718203
2020-04-17,6.747702599903526,8.180546784026692,10.118679867007433,4.82223088359228,10.902101325837126
2020-04-20,6.711758087828768,8.132122481890217,10.0587828914093,4.765113281549883,10.814844543129304
2020-04-21,6.600320568806112,7.982097507586258,9.873214037992078,4.589282680128028,10.552505298852392
2020-04-22,6.688467655174452,8.100540445082128,10.01971844639774,4.725467805516284,10.758377675135463
2020-04-23,6.682057292405441,8.091911795163544,10.009045498914436,4.715388687642497,10.74330145740456
2020-04-24,6.729487486357258,8.15572882412878,10.087982042303398,4.789751795133473,10.85469379059177
2020-04-27,6.765710769390592,8.204764276121962,10.142787728018254,4.828278354316552,10.921665150978585
2020-04-28,6.676514536882818,8.08386395333971,10.009069559550523,4.737339318243489,10.76073026026932
2020-04-29,6.842248887731501,8.308147483584106,10.257529536217618,4.905330408736418,11.059282361679168
2020-04-30,6.840286039043302,8.305481207919895,10.254586939605788,4.903314939810426,11.055733183540136
2020-05-01,6.7053341556703705,8.122335989328699,10.05227437360894,4.765113281549884,10.811941810121027
2020-05-04,6.760066967652782,8.203272501132993,10.134326845642878,4.820663336055259,10.919679394122957
2020-05-05,6.813721207335383,8.283394671784237,10.214762380408999,4.875316129187634,11.02633297850065
2020-05-06,6.843090733554397,8.327329455819784,10.258791585952284,4.905330408736418,11.084816194296778
2020-05-07,6.904777816947433,8.419707254193689,10.351269525631116,4.968495126854322,11.207783697965425
2020-05-08,6.971021821790673,8.519113850654518,10.45057895553146,5.03658591630463,11.340107494701824
2020-05-11,7.039474976726887,8.600745718414691,10.602555839156054,5.081607867600953,11.448770692731808
2020-05-12,6.86991525077327,8.402733712023428,10.21358315525056,4.975213947688907,11.185189588278556
2020-05-13,6.770971679064473,8.287070519579686,9.989402847530998,4.9129454269977115,11.031226035438884
2020-05-14,6.859304606652703,8.390440073943246,10.187393008561207,4.968718555575663,11.16882507199503
2020-05-15,6.910447418995952,8.450264751305914,10.302650657729712,5.000973151366837,11.248459912428157
2020-05-18,7.0584468210792055,8.636641605652224,10.638057540212667,5.094151794384763,11.496553035711061
2020-05-19,7.038035162784197,8.610794991272043,10.590898114708164,5.0813833749333215,11.462147651467623
2020-05-20,7.199589622635731,8.815181673986148,10.960501642812956,5.182851223512965,11.734214323318168
2020-05-21,7.1093510783368785,8.700902421678807,10.751094234180444,5.126405326229645,11.582092984373997
2020-05-22,7.137506291134251,8.736518739840422,10.815537974739748,5.144100880959782,11.629503182617466
2020-05-26,7.115267747580508,8.700760751858724,10.76385162599849,5.130212126062765,11.581904402437345
2020-05-27,7.1598598315059485,8.76793902102536,10.866152718782459,5.158212000631849,11.671327880866283
2020-05-28,7.149065081212586,8.751492975845794,10.840866232597138,5.151491761202208,11.649435941931266
2020-05-29,7.2694654546278095,8.933289670014013,11.118344554962936,5.226975913436288,11.891432244620733
2020-06-01,7.294466171825826,8.972454421678139,11.176128413294778,5.242654935294139,11.943565893925157
2020-06-02,7.35066637166858,9.062449530766408,11.306792315784971,5.277821552086779,12.063361711770694
2020-06-03,7.388623834719833,9.123314686620773,11.395268365866231,5.30156386824366,12.14438157160239
2020-06-04,7.328962804466786,9.02705107911274,11.254873697257619,5.264382491822555,12.016241523692944
2020-06-05,7.496003431221155,9.295238546275785,11.644859053474352,5.368760588159844,12.373235779160852
2020-06-08,7.562816180139513,9.403100469203718,11.802368060795455,5.410421533119438,12.516814773646768
2020-06-09,7.62575570835045,9.504989941912115,11.951444795999118,5.449620151710357,12.652443618776351
2020-06-10,7.730933252755791,9.675801668899483,12.201890503431729,5.5150248314218855,12.879817425412776
2020-06-11,7.290338007315536,8.956351451937087,11.143269529943785,5.241759092516194,11.922130635393728
2020-06-12,7.356904297934423,9.062846489866423,11.297733727099612,5.283420746773314,12.063890118708796
2020-06-15,7.459764765710969,9.224508364743349,11.537683008350518,5.347705091039267,12.27908421882738
2020-06-16,7.6070142511768255,9.457287559346993,11.883868184278358,5.4395399698902756,12.588945213246726
2020-06-17,7.634678811535091,9.501119626779161,11.949240775394916,5.45678689393391,12.6472916991735
2020-06-18,7.658393222817504,9.538707583610595,12.005329493269851,5.471570427662581,12.697326418564172
2020-06-19,7.656880598261547,9.536129496878361,12.001326549641952,5.4706756488309285,12.693894631973839
2020-06-22,7.762398615078161,9.707061751420134,12.252561986487786,5.53628283298672,12.9214288772952
2020-06-23,7.838300492561393,9.830680762998698,12.434475326615031,5.583401822424765,13.085982715201943
2020-06-24,7.6523967559544355,9.526374161723133,11.985287637855087,5.4682966649218026,12.68090894458352
2020-06-25,7.736098151340817,9.662104060348765,12.184387186910806,5.520351655857643,12.861584032115234
2020-06-26,7.5259357551715445,9.319547664283288,11.680282653558717,5.3899895085260265,12.405594545123966
2020-06-29,7.620250675435083,9.456356552772913,11.902607840228603,5.4487750237056645,12.587705915966115
2020-06-30,7.7919520772224,9.70841753575319,12.310337070850636,5.555578917588932,12.92323361195963
2020-07-01,7.896470346226808,9.862426025915552,12.561213667508321,5.6204246708483465,13.12824000865237
2020-07-02,7.958024133404763,9.9532976363968,12.70980509732658,5.658567854717506,13.249202569916278
2020-07-06,8.182928740739575,10.286072672351228,13.255923580150961,5.797681669599137,13.692171726736099
2020-07-07,8.118025280692054,10.19207068392374,13.09549238399402,5.757742544388919,13.567042203622433
2020-07-08,8.240917241230317,10.36872277537218,13.39673552352831,5.833582409333324,13.802190335377393
2020-07-09,8.320670983453748,10.483579582482498,13.593593391347586,5.882722187428823,13.955080478878546
2020-07-10,8.385917073660611,10.577655576138639,13.755358435618222,5.922882258819032,14.080308513088882
2020-07-13,8.1874552625518,10.24898101126056,13.259480679232393,5.801047641018565,13.642797644959632
2020-07-14,8.254025112386932,10.35747864862277,13.423103973286498,5.842109584215709,13.787222862438576
2020-07-15,8.273269136378056,10.388779219916149,13.470289935428347,5.854001311922463,13.828888210423708
2020-07-16,8.208280375117509,10.28214001721473,13.308835455260802,5.814061832063481,13.686936824049116
2020-07-17,8.219133277402078,10.299678654318166,13.335182973130934,5.820793420253571,13.710283152499494
2020-07-20,8.487211040038586,10.737645711406813,13.99658380482984,5.985934198629976,14.293277298791116
2020-07-21,8.38542443127191,10.56947417254878,13.74069093855799,5.92355751006575,14.069417944211295
2020-07-22,8.419317333156021,10.624997792856263,13.82476247871696,5.9444246886926235,14.143327488539487
2020-07-23,8.166340778013218,10.208383287704718,13.192193421618017,5.789156977258103,13.58875651377695
2020-07-24,8.077085545330679,10.062660027947452,12.972354754628023,5.73418322699428,13.394778893675207
2020-07-27,8.24274447463247,10.32422452926897,13.376776506649865,5.836499750066251,13.742957074385423
2020-07-28,8.122046791877402,10.132031554957381,13.078274118805226,5.762230979146508,13.48712189872893
2020-07-29,8.229628076558996,10.302326176371668,13.341464149203537,5.828646053186765,13.71380736701378
2020-07-30,8.279104096872972,10.380825844168264,13.463092431979808,5.85916357933171,13.818301177839349
2020-07-31,8.448929710769892,10.65112081793389,13.882908705198608,5.963720418646071,14.178100813284331
2020-08-03,8.580084539250153,10.866150758400096,14.210381027904324,6.044272501718168,14.464335119130444
2020-08-04,8.616634567648399,10.926323346457053,14.302042190034745,6.0667104197209385,14.544433076354936
2020-08-05,8.641106600659853,10.966594428993183,14.363393593095978,6.081741852935667,14.598039403596664
2020-08-06,8.772647427943557,11.184138304203866,14.695660095266126,6.16229535460282,14.887620100949782
2020-08-07,8.656120543266098,10.990156816300606,14.398141882547694,6.0911677077861075,14.629404168709815
2020-08-10,8.613497353247217,10.919348783647607,14.2897566840054,6.065139325696277,14.535148977870724
2020-08-11,8.425794422079239,10.608771937966882,13.81542865276823,5.950257951563419,14.121728653042661
2020-08-12,8.669428690634577,11.008688448971213,14.422882960227842,6.099917602092303,14.65407231028194
2020-08-13,8.692087003572679,11.046011155766756,14.479782484063547,6.113829763807748,14.703753945540537
2020-08-14,8.680269737629528,11.026216346576474,14.449361137260032,6.106650963526214,14.677404342989133
2020-08-17,8.79608234858718,11.21788031651828,14.742230224982345,6.177551635133947,14.932535341365728
2020-08-18,8.893363674058314,11.379493800146843,14.989864328116072,6.2370113376140095,15.147665026104047
2020-08-19,8.824481892806936,11.264318067230672,14.812706443074552,6.195054970233977,14.994350348668423
2020-08-20,8.965171004523361,11.49835185486484,15.171604571993724,6.280989912246551,15.305881378267209
2020-08-21,9.036542391796146,11.617533977194448,15.354914333083643,6.324520920138885,15.464529108812636
2020-08-24,9.101341523834623,11.72596152260044,15.521938939948798,6.364011769311367,15.608861024296562
2020-08-25,9.18354408269002,11.863882132562367,15.734776350641178,6.414044907643461,15.792452248703423
2020-08-26,9.408825965745638,12.243268333856888,16.321647127260867,6.550916633038883,16.297467251449973
2020-08-27,9.375011246762204,12.185645190579354,16.231858210352883,6.530496666503453,16.22076295445321
2020-08-28,9.429752429907964,12.278224189137772,16.375564227357337,6.563707395362457,16.34399828312811
2020-08-31,9.516769532067537,12.425760241241454,16.60494666505764,6.61643373640861,16.540388978161623
2020-09-01,9.703738957690671,12.743944313935147,17.100841892968017,6.7295205877954665,16.96393556419196
2020-09-02,9.809317625960546,12.924561130520713,17.383426099913233,6.793243168419193,17.204361288197727
2020-09-03,9.237291331013653,11.941243476612593,15.840267343246932,6.448823893337015,15.895430794693482
2020-09-04,9.095648426136753,11.702186147026346,15.47013791986562,6.362888951324441,15.57721274262506
2020-09-08,8.5928027842879,10.950930329962626,14.168091787482224,6.057063264041744,14.577188342097992
2020-09-09,8.883004887660737,11.37909586110968,14.895777796225364,6.234993386146668,15.147135314735372
2020-09-10,8.679260079538778,11.076754207767305,14.375384454615391,6.110688285055954,14.744677158977188
2020-09-11,8.609910291120547,10.974156548364984,14.200127935579697,6.068280095150545,14.608105620349642
2020-09-14,8.782261743870066,11.177741718728855,14.632191757101308,6.173962589641943,14.879105369469803
2020-09-15,8.925329460508875,11.348787810045327,14.994450954562199,6.261470753571762,15.106791147131801
2020-09-16,8.76156863399108,11.153283056104677,14.575312059916884,6.161621521951161,14.846547539137072
2020-09-17,8.604082902509617,10.965055665238301,14.17617151472755,6.065364173012674,14.59599109825702
2020-09-18,8.477719234400595,10.813864020041176,13.858894630003054,5.987952859394844,14.394734308068157
2020-09-21,8.501019218363066,10.84041061859514,13.91638215844445,6.00231471574308,14.430071467131656
2020-09-22,8.682569118793644,11.050025587042809,14.368199205521774,6.113829763807748,14.709097703471068
2020-09-23,8.377607877668222,10.69878837782132,13.599777610799702,5.927149747396629,14.241552865059884
2020-09-24,8.422386064373004,10.750611792077478,13.70995644804224,5.95474567702348,14.310536928274646
2020-09-25,8.647489078147942,11.010750306339217,14.26711578595776,6.09318565925345,14.6568169248747
2020-09-28,8.769336904728219,11.233872442551554,14.45958694125908,6.219735687020487,14.95382305173859
2020-09-29,8.74166424548916,11.184299633264166,14.413958038354542,6.191690772058371,14.887834852028107
2020-09-30,8.783579692599174,11.259266166373736,14.483071593718371,6.234096834071195,14.987625576611784
2020-10-01,8.881178391552988,11.434168643833013,14.644000166563545,6.333048095021268,15.22044473248273
2020-10-02,8.70629701062863,11.119371427664307,14.355641701225101,6.154890997707364,14.801406516423233
2020-10-05,8.915812560777745,11.369217950798223,14.875613166053771,6.286149342465689,15.133986463021603
2020-10-06,8.732745252526534,11.154608184844774,14.410337154471094,6.1739625896419446,14.84831146700803
2020-10-07,8.906392309709318,11.35862747096363,14.84591949436131,6.280765774227684,15.119889083663827
2020-10-08,8.960829398799305,11.422524954666368,14.983526238385066,6.314197803915445,15.204945387233987
2020-10-09,9.11820830045308,11.607059000819092,15.38349835726692,6.410680000170327,15.450585480380926
2020-10-12,9.441826231772607,12.05969940765996,16.213806689289193,6.608582522070472,16.053111865167605
2020-10-13,9.441363688477077,12.058968574496106,16.21207662674868,6.608354128266435,16.052139026116024
2020-10-14,9.35059089554993,11.930779848881773,15.974361822503413,6.55315943182262,15.8815022728622
2020-10-15,9.27833809722096,11.82883455825822,15.786011491133786,6.50918014789255,15.745799126441534
2020-10-16,9.2197764274987,11.74626102960534,15.63388478296282,6.473507447313636,15.635882448773401
2020-10-19,9.046589481124983,11.49705294891507,15.186451258898895,6.367824243524709,15.304152356522215
2020-10-20,9.068867736895536,11.528888365420492,15.242873059438452,6.381511557923758,15.346529656748384
2020-10-21,9.060714867735172,11.517110748425958,15.221530775536088,6.3765741378309055,15.330852035215107
2020-10-22,9.060268621210783,11.51638087736197,15.219902263493314,6.376352127704622,15.329880476850233
2020-10-23,9.080718629113761,11.545601594960619,15.271691298329012,6.388918042711801,15.368777254666572
2020-10-26,8.924024852108024,11.283913454696783,14.870154768867959,6.293107551215995,15.020434493587906
2020-10-27,9.004076541606288,11.4153754165568,15.072662949732841,6.3422462653652,15.195428372656965
2020-10-28,8.600298308658669,10.749256083356732,14.043608774511469,6.0949830191895655,14.308732294260558
2020-10-29,8.773162919568303,11.030112650328183,14.47270701795303,6.201560647161381,14.682590857003499
2020-10-30,8.517194699431968,10.611279304023599,13.829674622159992,6.04427250171817,14.12506630072647
2020-11-02,8.526658687292226,10.619399149739102,13.836743834034106,6.057734968800822,14.162994518654507
2020-11-03,8.62990944642577,10.747991258789604,14.00429531664823,6.16252020191922,14.481633885065616
2020-11-04,8.899575554079387,11.083842867180849,14.441899422683942,6.437607771525743,15.322844283414302
2020-11-05,9.06199411782379,11.286124630880352,14.705466212776336,6.60544033402115,15.842561092534389
2020-11-06,9.066740482645779,11.292035919745484,14.713168436659485,6.6103763355189455,15.85767814370292
2020-11-09,8.849512159110821,11.022743220070158,14.170857583389038,6.4753012607621105,15.484070739189603
2020-11-10,8.667113015706542,10.796572224971023,13.725935236665071,6.359297777939855,15.166359656081779
2020-11-11,8.889995370347743,11.072974359219394,14.26262938049014,6.501553071573282,15.554632349522743
2020-11-12,8.841927826406263,11.013374932801108,14.144820475179156,6.471036964023392,15.470910746265618
2020-11-13,8.931048306638926,11.123887703621138,14.361321938651166,6.527804882384452,15.626152279774761
2020-11-16,9.011101489742057,11.220921649115558,14.556722397519644,6.578740247172244,15.762459589683111
2020-11-17,8.978146100166127,11.180904341911273,14.475244465707974,6.557871295301551,15.706245741354065
2020-11-18,8.901760623357024,11.088119727763635,14.287373823689327,6.509407123101534,15.575907630387775
2020-11-19,8.981783082217813,11.185376643040666,14.482367962980758,6.560342487889325,15.712528154513105
2020-11-20,8.911041297409215,11.099448912516062,14.308332100242284,6.51546381469367,15.591822171316617
2020-11-23,8.911309396881103,11.09973786725959,14.308503176735249,6.515689371307595,15.592228077142407
2020-11-24,9.055210935844373,11.275353050378099,14.659653404883045,6.607234147469625,15.838921469521496
2020-11-25,9.119136750967979,11.353349931823779,14.8166706235849,6.647847105331504,15.948486684425722
2020-11-27,9.21568038423977,11.471121059051319,15.05488754784364,6.709102039855097,16.11392430994393
2020-11-30,9.237211356780168,11.499724950948735,15.107899727545396,6.722789354254144,16.154105295449362
2020-12-01,9.3732701158454,11.696277043873584,15.446050244746845,6.808949852880641,16.430209569133492
2020-12-02,9.387037253147875,11.716107854585053,15.480080678706914,6.817700456484364,16.458066670559276
2020-12-03,9.402229767146833,11.738008554698222,15.517712308043652,6.827349740056145,16.488831425123514
2020-12-04,9.446203675743583,11.801633244257696,15.627658779689513,6.855170516999393,16.578207470108765
2020-12-07,9.507628190123,11.899552453509155,15.781768973619565,6.893990370710326,16.715758344015946
2020-12-08,9.544546041198892,11.959599938447496,15.874519567520787,6.917322712895986,16.800109352284267
2020-12-09,9.295949436405419,11.553074942996059,15.244825927353938,6.7607098186994925,16.22904807823068
2020-12-10,9.33879372523511,11.622313324948108,15.351261456098019,6.787858890883664,16.326309892518477
2020-12-11,9.31492267034871,11.583348471434093,15.29106149698569,6.77282532977635,16.271574466308547
2020-12-14,9.392552908625616,11.709038303386764,15.484473883867226,6.821964043925556,16.44813580047883
2020-12-15,9.5079247442822,11.89642004058528,15.773417246198402,6.894884794893214,16.711358123278764
2020-12-16,9.567975201014516,11.994201889968027,15.924513192653441,6.932806677933618,16.84871604250294
2020-12-17,9.63981965220989,12.111451187259155,16.105965620795192,6.97812937138184,17.01342063346814
2020-12-18,9.606226059224275,12.05617281078184,16.02003958379513,6.95703911868239,16.93576897501675
2020-12-21,9.585464057914633,12.021944997069117,15.966803152864053,6.944023509042419,16.88768785054579
2020-12-22,9.615349454976343,12.07061032837192,16.042046899657834,6.9629050092394795,16.956049910460848
2020-12-23,9.559578887536444,11.979066415714074,15.899942780437824,6.9278423045347,16.827454660527476
2020-12-24,9.607997050052372,12.057981677532018,16.021983347857002,6.958409481506611,16.93830995961181
2020-12-28,9.719263172573033,12.23986967035925,16.30376540312623,7.028542693188978,17.19381500870141
2020-12-29,9.729181846002474,12.255932994912223,16.32856096150353,7.0348362901554875,17.216379777626802
2020-12-30,9.729448175324839,12.256143063500787,16.328721472355532,7.035059718876828,17.21667486904102
2020-12-31,9.756889445532124,12.301004269320114,16.398285260637998,7.052369415751698,17.27969312778872
2021-01-04,9.598358187133195,12.04005729697132,15.992261487770437,6.952789007894233,16.91313089383691
2021-01-05,9.689268637306181,12.188576750455256,16.22224856934662,7.010108050434599,17.12176187416346
2021-01-06,9.534830051109513,11.934946953437318,15.828256382976505,6.913003090950077,16.765478357421333
2021-01-07,9.80001161222577,12.367680895640326,16.49764060601272,7.0802440993070785,17.373356345554047
2021-01-08,9.944827744222966,12.6058314766517,16.868094813945582,7.171279599843959,17.707895613079117
2021-01-11,9.779470764653167,12.332184825780443,16.440710015378517,7.067654068183946,17.3234936529647
2021-01-12,9.761497129561462,12.3023914710841,16.39420310723698,7.056415248851775,17.28164178338327
2021-01-13,9.837219308666679,12.4266391961929,16.587204048094833,7.104070112572272,17.45617733468461
2021-01-14,9.776634614534888,12.326583350800993,16.431220214312685,7.066081555564229,17.31562504593159
2021-01-15,9.687483235608083,12.179740200577593,16.202688818126784,7.0101080504346,17.109348833174987
2021-01-19,9.849928943538039,12.445888167106505,16.61557325122284,7.112386626088821,17.483217103400275
2021-01-20,10.113323901037159,12.879760469749263,17.29117276821952,7.2778267280220685,18.09269419016242
2021-01-21,10.20626713531602,13.03391312784352,17.532439653983204,7.3360451598280205,18.309238349353166
2021-01-22,10.172370533527577,12.977208989984366,17.443273891981317,7.314917314359583,18.229583869131105
2021-01-25,10.268969749256359,13.137693726612028,17.694752955030868,7.37538280073444,18.45502294222666
2021-01-26,10.286154608981345,13.166126903493305,17.739251611157783,7.386174053326402,18.49496411779246
2021-01-27,9.956308953168625,12.615191047455736,16.87305772705797,7.180274201797338,17.721043361649922
2021-01-28,10.023959595426932,12.72676331085659,17.046989030022967,7.222755449348138,17.877773205078075
2021-01-29,9.781350211059458,12.324757359498616,16.41860143821452,7.070801930613496,17.31306000582036
2021-02-01,10.062328842864932,12.786312809983738,17.1357745952662,7.247482270473971,17.961424673551836
2021-02-02,10.251018301216282,13.09882075749933,17.6242163548502,7.3657179126170425,18.400416589564156
2021-02-03,10.20415943943267,13.020480971177484,17.501067429945856,7.3364976916509255,18.29036968301082
2021-02-04,10.34284759612326,13.2510684437773,17.86248569142954,7.423261802473806,18.614284761682473
2021-02-05,10.383095226151696,13.318085708521995,17.967704005598044,7.448438318232431,18.70842648732518
2021-02-08,10.462999333860518,13.45152296434086,18.17754892918432,7.498340945819361,18.8958709253468
2021-02-09,10.460379528129309,13.446884211458714,18.170053916773046,7.496767014604588,18.889354691017946
2021-02-10,10.432872962244653,13.400516923775273,18.09677618574219,7.479683583641171,18.824220781233354
2021-02-11,10.498761694318382,13.510660131791186,18.27012892957332,7.520818584483705,18.978943175678175
2021-02-12,10.566149491134349,13.62352640996721,18.44801006333262,7.562854393186879,19.137490771358763
2021-02-16,10.533182198957752,13.567822179103285,18.359814119820914,7.54239754317999,19.05924089889519
2021-02-17,10.474967356992856,13.469765498925652,18.204826415881584,7.506208474000645,18.921496914298324
2021-02-18,10.422203058096907,13.381021176834148,18.064714257397675,7.473388568079603,18.796834356754182
2021-02-19,10.369839553229896,13.293087633888197,17.926036568894542,7.44079634666507,18.673310731814475
2021-02-22,10.060640838677372,12.77584696887457,17.112091055028845,7.247931255809234,17.946722904596136
2021-02-23,10.026106901827582,12.718413791773862,17.02217311605722,7.2263537157080036,17.866044314952088
2021-02-24,10.12105882717187,12.875289945028491,17.266958016469314,7.285920522114804,18.086414272392787
2021-02-25,9.715192587275034,12.201601688293229,16.212727205470543,7.031913275042338,17.140058504578416
2021-02-26,9.76189375023005,12.27788314238536,16.330816008143884,7.061361889812491,17.247213992796645
2021-03-01,10.099509470148835,12.83152077328585,17.189774771252594,7.273781604219519,18.02493003585312
2021-03-02,9.913136255647512,12.522431201914625,16.706518148079066,7.157118474696165,17.590740044096478
2021-03-03,9.582213999042,11.976950737653588,15.857320481392955,6.949417716743346,16.824482686301465
2021-03-04,9.401772657092142,11.682554794007022,15.402423356322322,6.835677602333142,16.410933397731092
2021-03-05,9.564528788377075,11.94613231380816,15.807690851925745,6.938630010639023,16.781190862717654
2021-03-08,9.253005831261989,11.458324008321735,15.023686840166159,6.742168072018376,16.09594780130232
2021-03-09,9.672616820929155,12.1083795255112,16.059982207772997,7.008088680372201,17.00910575224097
2021-03-10,9.640774899898142,12.05831769605688,15.97902756818665,6.988082234295633,16.938781977738763
2021-03-11,9.896032669434222,12.457652680131819,16.622338398741338,7.149026099198484,17.499743166673195
2021-03-12,9.803624749300257,12.311897786269459,16.385619778753078,7.091032514708929,17.29499566942237
2021-03-15,9.923974904045282,12.454889729153528,16.6912039396907,7.16678407211109,17.495861943320474
2021-03-16,9.986527767089905,12.531225789628577,16.85078679502586,7.206121003719983,17.60309413922199
2021-03-17,10.033725468454882,12.588818475233333,16.971455405962534,7.235791628616421,17.68399679658774
2021-03-18,9.680198164072527,12.157661064200203,16.06097624547697,7.01415601142726,17.07833342233739
2021-03-19,9.719356326549454,12.205488995197767,16.15934673658145,7.038882832553093,17.145519153882596
2021-03-22,9.928880279977367,12.444278698034115,16.688948045343505,7.170885230418356,17.480956220381234
2021-03-23,9.87897900111423,12.387394517067165,16.560793032027377,7.1396016629431,17.401048826690946
2021-03-24,9.687287845131872,12.168591352637163,16.071276168250723,7.019190605281456,17.093687618291945
2021-03-25,9.667911690097545,12.146493525406678,16.021860739498884,7.0070367921380825,17.062645951695174
2021-03-26,9.834598464284726,12.337250733252844,16.441723648335092,7.112143337036693,17.33060992775172
2021-03-29,9.831287836880382,12.332435188253942,16.432788668262674,7.110116873999015,17.323845346746605
2021-03-30,9.774294508925662,12.26323785538565,16.287313412202504,7.074329976518082,17.226641195683285
2021-03-31,9.946217845217168,12.47210774440082,16.722760708567005,7.182587221036353,17.520048750611068
2021-04-01,10.14111021160133,12.708750362166437,17.220880922377116,7.305025451033203,17.8524697242502
2021-04-05,10.373849872352276,12.991172389113213,17.82175890040057,7.45086695296852,18.24919879216378
2021-04-06,10.365472442758128,12.97686615243312,17.79930482069266,7.445692627501294,18.2291022720559
2021-04-07,10.394207491792173,13.017328157008013,17.873840822876762,7.4636988545487215,18.285940803860424
2021-04-08,10.518832357396015,13.193201475240162,18.199404043601856,7.54157263015485,18.532996808547544
2021-04-09,10.592022373644241,13.296602335164005,18.391542231675515,7.5872606118300245,18.67824796768174
2021-04-12,10.576029407707603,13.267468441916417,18.34870944866454,7.577358109040725,18.637322468924566
2021-04-13,10.717908766130659,13.499383211190782,18.722717921214215,7.66580963868287,18.963102052210935
2021-04-14,10.569805954212383,13.255828422339155,18.32843953445673,7.5737577147882735,18.620971286379397
2021-04-15,10.753927912873579,13.556777783715791,18.813724227885142,7.688539787267202,19.043726412524858
2021-04-16,10.768317184128806,13.580193474505208,18.851449872457156,7.6975450286835,19.076619332676543
2021-04-19,10.654885039517204,13.3933544752019,18.548671373571217,7.627096888898672,18.814159414642326
2021-04-20,10.565479061344003,13.246523234779389,18.311247020515186,7.571504276541613,18.60789993204044
2021-04-21,10.66940734721686,13.416240928818787,18.584775153635622,7.636326268333838,18.84630889501195
2021-04-22,10.521402461006932,13.173247561531353,18.191884749968274,7.544272216546658,18.504966779613515
2021-04-23,10.67363643413013,13.421622254729074,18.591869248640407,7.6392507020420455,18.85386825019259
2021-04-26,10.753460626908769,13.552302612277048,18.80287500683432,7.688989481899994,19.03743996733203
2021-04-27,10.699790015193255,13.463832148009816,18.659484623722896,7.655678742089532,18.91316210839139
2021-04-28,10.658100692190592,13.395164634109827,18.548273078711933,7.629800021778123,18.816702214381
2021-04-29,10.702112618245966,13.467072154214295,18.66425508050289,7.657256219791947,18.917713469542054
2021-04-30,10.621344517150565,13.334262185164414,18.44933004885762,7.607064198813566,18.731150205336316
2021-05-03,10.556199852468804,13.227345958964724,18.276562517694078,7.5665519612006715,18.580960876183763
2021-05-04,10.337649494519678,12.869908154603461,17.70018725081212,7.430389533333314,18.07885426469044
2021-05-05,10.29758489524707,12.804616797774672,17.595250036816772,7.405405946502322,17.98713698818219
2021-05-06,10.386750519038412,12.949003600012594,17.82655062375888,7.46122198758072,18.189962674585427
2021-05-07,10.48358525259538,13.106233870708783,18.078904975519794,7.521766915278721,18.410830074396472
2021-05-10,10.179019316020362,12.609355258300454,17.279091617620587,7.331807816395362,17.71284560449498
2021-05-11,10.162759485951526,12.582855270910365,17.236554382244574,7.321680466289667,17.67562005445326
2021-05-12,9.860170670893133,12.093960022182554,16.455055015598436,7.132173899229214,16.988850122121754
2021-05-13,9.947749392711176,12.23385399586138,16.676955583620778,7.187314689060895,17.185364559697074
2021-05-14,10.200218458159986,12.63861953287504,17.320521051200917,7.345988092576415,17.753954254909598
2021-05-17,10.152313173134138,12.574838790157624,17.228782981010443,7.301422928888165,17.591866943181937
2021-05-18,10.104339966870608,12.515418308862065,17.147370996813105,7.252133843663009,17.413210993116003
2021-05-19,10.112463966309697,12.525480841561333,17.161157669947293,7.260463124535063,17.442694731508528
2021-05-20,10.249389716979557,12.695079553848029,17.393524816485456,7.400904035091702,17.948276179756938
2021-05-21,10.209681405084245,12.64589612026028,17.32613860838492,7.359942812143544,17.79873977141361
2021-05-24,10.402471008626346,12.954442375444128,17.817141555832922,7.483730126038771,18.24724885775279
2021-05-25,10.418924245881811,12.980933919945278,17.859473556980575,7.494080904865807,18.284564072960745
2021-05-26,10.460577072464588,13.048389401672512,17.967571923226036,7.5201908561713635,18.379579892725374
2021-05-27,10.415482579072437,12.974784276786215,17.849148345319712,7.492058697613296,18.275901865367583
2021-05-28,10.453168396034949,13.035784025028347,17.94687406826903,7.5156889447607425,18.361824327653135
2021-06-01,10.413114591163188,12.970393470499793,17.84166403799293,7.490706067227278,18.269717103980526
2021-06-02,10.436408857695032,13.008004177745194,17.90184591057107,7.5053353287435955,18.32269444680493
2021-06-03,10.311426158728052,12.80457837483636,17.57505050557245,7.427235996523543,18.03615480718278
2021-06-04,10.512566532298917,13.130137623455601,18.09620072473272,7.553276039367902,18.494728048340498
2021-06-07,10.54849092181181,13.188420864351762,18.18973295720759,7.575780631338311,18.57682411778495
2021-06-08,10.554166264712213,13.197436758190545,18.204059561163664,7.579383862780876,18.589523642301973
2021-06-09,10.55695348118985,13.201743245538864,18.210808884372703,7.5811833506095745,18.595589634497557
2021-06-10,10.683370902881029,13.407705721483376,18.542089209291113,7.660184199987796,18.88570235760808
2021-06-11,10.715398270920607,13.459890315841903,18.626101453243155,7.680212634287735,18.959208051809625
2021-06-14,10.833387672639102,13.652960041119655,18.937617518408242,7.753810764394694,19.23116042319993
2021-06-15,10.751923592959105,13.518799452172582,18.720324084601895,7.7031697580810485,19.042185739267538
2021-06-16,10.706669706332445,13.444336567055045,18.599838383877188,7.675036890225453,18.937299495921277
2021-06-17,10.862911685293598,13.699995111350926,19.012298142085633,7.772489405498727,19.297412648241956
2021-06-18,10.76478613948833,13.538328413435082,18.750361583880963,7.711498329655575,19.069693663249332
2021-06-21,10.84162694813747,13.664125429036279,18.953433830455257,7.759426272924376,19.246887662242976
2021-06-22,10.957750235679233,13.85477284034282,19.26176421773888,7.831756888348686,19.515428032980278
2021-06-23,10.96381075675394,13.864514052205797,19.277371000921406,7.835584967107646,19.529149219264358
2021-06-24,11.041671124541779,13.992685781598245,19.4850906470441,7.884033534762047,19.709688170688917
2021-06-25,11.025961762957785,13.96646236210329,19.44229221428826,7.874341693338582,19.67275062852711
2021-06-28,11.180067897062473,14.220811831088971,19.855174397124863,7.970107499090121,20.03101985563152
2021-06-29,11.226491785447742,14.29757338690305,19.98001263498846,7.998948245878724,20.13914393932831
2021-06-30,11.206029809587225,14.263320887499539,19.923968757206897,7.986333389342109,20.09089686990596
2021-07-01,11.211014985728445,14.27133607431278,19.93683110162623,7.989485507556824,20.10218682775855
2021-07-02,11.358901045582963,14.516625163542521,20.33640713412395,8.081192003555254,20.4476938687834
2021-07-06,11.415254007521325,14.610282374615515,20.4892643102904,8.116121360324756,20.579616678599706
2021-07-07,11.442846920867611,14.656078666072355,20.563986648459537,8.133244511949744,20.644123996070906
2021-07-08,11.363268792275484,14.522865225197592,20.345715918246714,8.084124239536267,20.45648343722701
2021-07-09,11.444755249513726,14.658438935339328,20.5670978922791,8.13459785163329,20.64744860236715
2021-07-12,11.496052931002492,14.743857916000918,20.706708778240287,8.166369415807852,20.767767281638296
2021-07-13,11.495948921369752,14.743413269693114,20.705772066662746,8.166369415807852,20.767140965846615
2021-07-14,11.519556582900886,14.782633757370869,20.76982575975786,8.18101640976237,20.82238579833242
2021-07-15,11.426406462505087,14.626446460435318,20.513597842297845,8.12355550771639,20.602384937391847
2021-07-16,11.319877871873032,14.448314527333748,20.221923810396323,8.057761778310716,20.351473503413164
2021-07-19,11.213107613050102,14.270286355439037,19.93101643125369,7.991738945803479,20.10070822443741
2021-07-20,11.362801242559213,14.518511258526962,20.33528847710335,8.084574643466585,20.450350567045895
2021-07-21,11.463581314023475,14.686204311801259,20.609109006966055,8.146989988746089,20.686558100039576
2021-07-22,11.550623331697329,14.831384254895662,20.846587722610074,8.200844822159391,20.89105432411631
2021-07-23,11.705633157253095,15.090726473797032,21.271656536086347,8.2966099186134,21.256356192808507
2021-07-26,11.716125318429283,15.108083064194345,21.29997859605403,8.303143967441924,21.28080417869034
2021-07-27,11.56756708549681,14.857934928455718,20.88831750877887,8.21165948156978,20.928452826788234
2021-07-28,11.618566245740105,14.943104467933233,21.02780099225314,8.243205489130418,21.048420150498927
2021-07-29,11.642204870537485,14.98248632355904,21.09224417430238,8.257853901679992,21.1038922811594
2021-07-30,11.572316041943667,14.864897915951923,20.898902417897848,8.214812309082022,20.938260687439765
2021-08-02,11.57330657849756,14.866276096936415,20.900946296668025,8.215490397518852,20.940201952888806
2021-08-03,11.653874177867507,15.000992257112253,21.12170462119234,8.265287339774101,21.12995919821409
2021-08-04,11.673135410350666,15.033055924864568,21.174162976330283,8.277231200849167,21.175123143354472
2021-08-05,11.758180852612716,15.175638096086697,21.40824961272088,8.329734822471508,21.37596022190759
2021-08-06,11.698811930362394,15.075415151322714,21.243086182361836,8.29322798799959,21.234789111537623
2021-08-09,11.723565074160348,15.116732653424654,21.310788830706564,8.308554488985992,21.292987737243344
2021-08-10,11.654344723414583,15.000035099762329,21.118640900050323,8.265961881723287,21.128610974349726
2021-08-11,11.631226567814114,14.960949083865701,21.054227587374868,8.251768838186731,21.073555554884063
2021-08-12,11.679331745729266,15.041383119006419,21.18607476611925,8.281510392835976,21.18685258560983
2021-08-13,11.726371385757146,15.120125212986643,21.315256485688344,8.310579533428617,21.29776639747419
2021-08-16,11.73210938567727,15.129481801311822,21.330418271645524,8.314184892763766,21.31094581428589
2021-08-17,11.61316305424372,14.92912698518541,21.00065165233715,8.24095205088376,21.028731876877213
2021-08-18,11.484519796799317,14.713144637634139,20.645982704474797,8.161636273403078,20.724505455513043
2021-08-19,11.548229586316829,14.819336211937838,20.819622226445507,8.201071088070842,20.874083802983186
2021-08-20,11.68568226640596,15.049134408674144,21.19606271396707,8.286016560031767,21.197770825657248
2021-08-23,11.88657110760103,15.386296601868594,21.749867343449118,8.409949279920248,21.672687635377045
2021-08-24,11.928214333526068,15.4563234770762,21.865135653460243,8.435635780601551,21.771325444833522
2021-08-25,11.943864308195856,15.482490483715182,21.908102231040537,8.44532620342996,21.808183525495416
2021-08-26,11.856535062569721,15.334551212086534,21.66365489868611,8.391697635928109,21.599800591903488
2021-08-27,11.988963348897675,15.557672176472689,22.031183207477966,8.47326685165545,21.91408226027182
2021-08-30,12.143574969680277,15.819074507476046,22.462821229609553,8.568355278267688,22.282285942651576
2021-08-31,12.13208060313809,15.799254292033343,22.42976082694706,8.561370116211314,22.254367766545222
2021-09-01,12.15510747813095,15.838078696362409,22.49384010450015,8.57556741553304,22.309054687604007
2021-09-02,12.148385611136922,15.826364383082185,22.474204530181673,8.571510942970043,22.292554248339474
2021-09-03,12.191247401478936,15.898907201276936,22.594162487855893,8.597875532088176,22.39473594154392
2021-09-07,12.210969193934526,15.93215015647686,22.649041263643493,8.610040693992,22.44156099651116
2021-09-08,12.161982710888017,15.848491398419766,22.51006389129908,8.580072873431304,22.323721715347506
2021-09-09,12.11375586154052,15.766229329697357,22.37352597043177,8.5505547475034,22.207849769953956
2021-09-10,12.007917658352516,15.586266966880308,22.07535747939569,8.485659698065785,21.95436004618348
2021-09-13,11.998271321782452,15.569640225889128,22.04765475649581,8.479800900483978,21.930940104840847
2021-09-14,11.958933968870916,15.502773463094497,21.93696500054075,8.455691877505087,21.8367535373558
2021-09-15,12.061072057312417,15.675192451921076,22.2213875042547,8.518556208119856,22.079617885024245
2021-09-16,12.070505502802822,15.690898217231357,22.247141157028153,8.524416424296719,22.101740566943878
2021-09-17,11.906015607104845,15.411708242240785,21.78509894449842,8.423469200102675,21.70848172919571
2021-09-20,11.622988555268373,14.933555950573796,20.99634048257597,8.249413970393563,21.034970388059868
2021-09-21,11.639327156284471,14.9606662036764,21.04060115419403,8.259561890127573,21.07315709811831
2021-09-22,11.764249367860355,15.16983238116505,21.38359012286742,8.336711472957548,21.367782461576258
2021-09-23,11.888973413679192,15.379334546598576,21.727913539062836,8.413633371281016,21.662881087832073
2021-09-24,11.901697818630248,15.4005243973957,21.762623606841895,8.421529271363422,21.69272849226275
2021-09-27,11.792334497902528,15.215654837437775,21.457620818146697,8.354305598141172,21.43232663404229
2021-09-28,11.408479652153027,14.569349480085991,20.394058468810194,8.117898859930081,20.521959799877994
2021-09-29,11.38686851018629,14.533085423870697,20.334632359348713,8.10459031041102,20.470879310330535
2021-09-30,11.338654406041558,14.452556653418876,20.202974747441633,8.074813290885372,20.35744883821476
2021-10-01,11.419423232452235,14.586576183627278,20.42134068898533,8.124893242854318,20.54622483093116
2021-10-04,11.143676295814114,14.126880062890326,19.670289837819233,7.954355419586875,19.89871031267362
2021-10-05,11.316570564184333,14.412507185641799,20.134085256172703,8.061732425872817,20.301036328593035
2021-10-06,11.399859009127912,14.5506007678943,20.358950743893264,8.113389855544177,20.495550911929826
2021-10-07,11.520038404752636,14.750414820677623,20.68491900317524,8.187829921816949,20.777003145900526
2021-10-08,11.453869647414464,14.639635901105716,20.503471764872256,8.146999209613954,20.620963197978625
2021-10-11,11.352736733872234,14.470755519249357,20.22731325350759,8.084513643879172,20.383083228651138
2021-10-12,11.307099513769812,14.394614688831199,20.10294188821516,8.05631693924605,20.275833480602568
2021-10-13,11.411127505526036,14.567090265824593,20.38375768987783,8.120832514506153,20.518777536708654
2021-10-14,11.652704244012032,14.96907043741066,21.039793483729486,8.27039215408358,21.08499505609159
2021-10-15,11.737030063881368,15.11008999491889,21.270827876679114,8.322499987685262,21.28363108264419
2021-10-18,11.87265098994776,15.33753660490621,21.644151469099683,8.406190712319042,21.604005728963045
2021-10-19,11.97586344327783,15.511167967508026,21.929797688790707,8.469802642528391,21.848577790892296
2021-10-20,11.957781093575505,15.4803343585645,21.878718501074438,8.458748949851044,21.805146470634032
2021-10-21,12.041653664396502,15.621675579544574,22.111552389581554,8.51040708881993,22.0042355829505
2021-10-22,11.925190039114314,15.424316032305283,21.78542045738857,8.438899967825703,21.726240693741282
2021-10-25,12.065477066827869,15.660693924445093,22.174696586409993,8.525295243933986,22.059195683029138
2021-10-26,12.109054123639948,15.734182247784885,22.295871243592394,8.552137190288507,22.162709187142756
2021-10-27,12.141271270340901,15.78849549998569,22.38543761397751,8.571990428099014,22.239213246557973
2021-10-28,12.296216773709924,16.051019567819715,22.819463202266878,8.667183830745403,22.608996974647837
2021-10-29,12.365661856446009,16.16896495504709,23.01486128338518,8.709816867967206,22.775131399425668
2021-11-01,12.414165400904617,16.25138207256784,23.151486396055304,8.73959530608791,22.891221742024314
2021-11-02,12.473746763701211,16.352820205159627,23.319845525848134,8.776138314733757,23.034104530447276
2021-11-03,12.625916348695288,16.612725839575102,23.752020862331122,8.86930454504494,23.4002000097634
2021-11-04,12.811922405878121,16.931648439345118,24.283758824174484,8.98299429933065,23.84942506134849
2021-11-05,12.825864969102492,16.955372048482044,24.32321103013744,8.991565450659774,23.882841443712127
2021-11-08,12.805766789841918,16.92039692533922,24.264424313888757,8.979386102805389,23.833576507613646
2021-11-09,12.704280422083446,16.745180466211377,23.971036860582828,8.91757649761485,23.58677172505191
2021-11-10,12.489444206821673,16.37552088847281,23.353425577033388,8.786515337569329,23.06608004939681
2021-11-11,12.529155159655023,16.44313440535284,23.465687009921055,8.810877579765737,23.161318472858124
2021-11-12,12.680657672892696,16.702176753939597,23.89673818965091,8.903591278254016,23.526197952990685
2021-11-15,12.677211012083585,16.69593915826493,23.88607854555133,8.901559140836113,23.517411858054988
2021-11-16,12.780912975956259,16.873775861614202,24.182665143333402,8.964947642324121,23.76790744003447
2021-11-17,12.788564315636634,16.88664203888465,24.203934409909184,8.96968504051406,23.78603036124541
2021-11-18,12.940832240944914,17.14858679423404,24.641716366356672,9.062623586318734,24.15499808670334
2021-11-19,13.023691135195135,17.291490350997698,24.881038658249462,9.113153232920475,24.35628785953581
2021-11-22,12.849692680661768,16.98983574218764,24.374381023802812,9.007355122932001,23.93138599525495
2021-11-23,12.782224460047528,16.873167769566063,24.178862699874127,8.966300982007667,23.767050899350643
2021-11-24,12.829445382194118,16.95416247653212,24.314026570728622,8.995175065780089,23.881137676020543
2021-11-26,12.549613790741553,16.47149952103488,23.50622409845199,8.824638661107702,23.201272745664973
2021-11-29,12.862708376373545,17.007196271535655,24.397879102968183,9.016155377362688,23.9558395294276
2021-11-30,12.645348365671497,16.63201996243347,23.769717507543366,8.883740168336093,23.427377147233702
2021-12-01,12.397827805341402,16.207075912964218,23.060949123180556,8.732600923163668,22.828813380723386
2021-12-02,12.500473217177095,16.381800420262614,23.35076767984467,8.795539020721355,23.07492521431844
2021-12-03,12.250387039071523,15.95401752595361,22.639139910806502,8.642595322637536,22.472362733949343
2021-12-06,12.363159603991654,16.14527891139189,22.95554230969863,8.711849005385105,22.741767930701492
2021-12-07,12.79119453352198,16.874083480254548,24.164236637952673,8.974196172792544,23.768340742659227
2021-12-08,12.856893386251606,16.986818937776476,24.352339719086725,9.014348796558709,23.927136612745816
2021-12-09,12.639220223972911,16.61138243478068,23.724163027014374,8.881709449513245,23.39830772903913
2021-12-10,12.797107535725136,16.881738094437768,24.174395554563812,8.978256901140709,23.7791228084451
2021-12-13,12.58437612381373,16.51537482779923,23.562078784617093,8.848548371481204,23.26307422025078
2021-12-14,12.434474430155014,16.258471210517133,23.134237187316835,8.756964583955131,22.901207294516535
2021-12-15,12.760356704432212,16.813957251272747,24.056141559854204,8.956600629013865,23.683648694069866
2021-12-16,12.38289653628975,16.164908510699526,22.9725225275602,8.726286047271316,22.7694176104919
2021-12-17,12.311738229138374,16.043450786901094,22.770917325878255,8.682749364998758,22.59833581108946
2021-12-20,12.174278922277555,15.82230506398933,22.383298969848713,8.598522411433763,22.286836410123524
2021-12-21,12.487504651569193,16.3208438509354,23.258939992577403,8.790961923772759,22.989063572590275
2021-12-22,12.662280309394498,16.600487215939754,23.75357791428126,8.898021874063657,23.382961042258774
2021-12-23,12.771945693258498,16.776410291758936,24.06588549128426,8.965104397077821,23.630761144436764
2021-12-27,13.014571689820897,17.166635258880913,24.760784988085664,9.113273104202715,24.180420626428862
2021-12-28,12.94508730533168,17.060041642038676,24.558834600339413,9.07103585500157,24.03027597359107
2021-12-29,12.942746836087506,17.056365343686874,24.55130487571889,9.069681096722968,24.025097647194883
2021-12-30,12.898151239721477,16.988993362650934,24.42180912044094,9.042577419580592,23.930199444063202
2021-12-31,12.80541114804815,16.84911711222194,24.15383145477117,8.986110952668959,23.733173846442316
2022-01-03,12.947054291772911,17.08468220560881,24.559595393023173,9.07261758848915,24.064983951165768
2022-01-04,12.75381668406934,16.75808102994903,24.00100563054454,8.95494158209572,23.60494308203539
2022-01-05,12.303116809826973,15.999962476964045,22.70956157521382,8.679836280050996,22.537079448922263
2022-01-06,12.293059974807738,15.98295051433091,22.68058384013102,8.673736321309647,22.51311689563521
2022-01-07,12.139802266089115,15.727687517908379,22.249570612417635,8.579774968469504,22.153560900486642
2022-01-10,12.148872857763825,15.742250996359074,22.274096890311352,8.585423813983006,22.174074590526136
2022-01-11,12.358631121316954,16.096474564676853,22.858598436983804,8.71439183702321,22.67302355452229
2022-01-12,12.414875218927916,16.191719709877784,23.01616187999406,8.74894881259048,22.80718308193418
2022-01-13,12.057603520678265,15.583638960733518,22.00748854052852,8.530085130140993,21.950658313544544
2022-01-14,12.14377764067171,15.728614154455446,22.246119242393608,8.583166119951178,22.154866133640255
2022-01-18,11.795985925559986,15.140707118254484,21.275741259442555,8.36949378610959,21.32675746760321
2022-01-19,11.646876778356969,14.890776663957768,20.865779370695964,8.277566698579934,20.974712735417118
2022-01-20,11.47280216194147,14.60019494228218,20.390515540918024,8.170055635061187,20.565407816281457
2022-01-21,11.106848842965947,13.992466367977423,19.40009303748584,7.943510969680297,19.709379111076302
2022-01-24,11.137484387824012,14.026163824679273,19.441963426336134,7.979874526051546,19.844008881471456
2022-01-25,10.95677274897029,13.798581817528751,19.12650717508892,7.7948890214349715,19.153351411727023
2022-01-26,10.944786812395954,13.783487142274469,19.105584125287535,7.782691231844858,19.10778090021609
2022-01-27,10.867651540440745,13.686345640348975,18.970934227338123,7.704317401481445,18.81853716983472
2022-01-28,11.10630151767394,13.98689319317771,19.38752957037054,7.9459935110285205,19.703412434043432
2022-01-31,11.35496278053917,14.3000486139487,19.82160094679892,8.20009438537469,20.57536312557059
2022-02-01,11.40905890298619,14.368175405358736,19.91603293857539,8.255883473147023,20.769178729923038
2022-02-02,11.473968614046184,14.449920457422323,20.02934149053368,8.322965996161189,21.002939460062333
2022-02-03,11.148347230353165,14.039844114016615,19.460925965793315,7.985520534374935,19.820266536271347
2022-02-04,11.246813746754212,14.163849449709515,19.632812393996147,8.0862585157982,20.16687388069447
2022-02-07,11.183536333731867,14.084160057513948,19.52235323581869,8.02120742090441,19.97621871893344
2022-02-08,11.271517378238372,14.194960351435233,19.67593587530381,8.111328636927617,20.232650296273444
2022-02-09,11.438736964775897,14.40555093309608,19.96783995098394,8.283211997605797,20.722674646681337
2022-02-10,11.257553699567657,14.177374975976054,19.65156041307556,8.095745370236054,20.186221963822174
2022-02-11,11.007607825674095,13.86260176036855,19.21524657688156,7.838933560737624,19.45386230118358
2022-02-14,11.017252234135155,13.874747595851368,19.232082177277427,7.848645971789403,19.477911042994542
2022-02-15,11.209042442139788,14.116281571008559,19.566877547552597,8.043795709983133,19.993785499507702
2022-02-16,11.207092416124585,14.113825775480661,19.563473517239483,8.041761444672646,19.988307959590777
2022-02-17,10.973784772673403,13.820006173616736,19.156203929861075,7.802568585771322,19.354820653586774
2022-02-18,10.886201933339688,13.709707365560202,19.003316410578684,7.71357799000785,19.11955555788814
2022-02-22,10.809783269087228,13.613468334667376,18.869917446885406,7.636104967505078,18.917186967326856
2022-02-23,10.615988008640032,13.369409265596948,18.531621990334127,7.4405055346785565,18.40735408862008
2022-02-24,10.865734148637747,13.68393094322272,18.967587164391972,7.690540006296337,19.058029483091374
2022-02-25,10.983705605994643,13.832500129037513,19.173522066692872,7.809795618284766,19.368861076660806
2022-02-28,11.006687399790327,13.861442607746227,19.213639850825142,7.833060577205259,19.42322294677792
2022-03-01,10.888744825385066,13.712909796124856,19.007755367565903,7.71312403958989,19.134871376422932
2022-03-02,11.016669564563614,13.87401380188304,19.231065049880872,7.842546722345585,19.4461873936934
2022-03-03,10.906540126537806,13.735320584826,19.038819437523248,7.7305174335730715,19.176854861675277
2022-03-04,10.795926371824407,13.596017436031541,18.845728385836686,7.618486016907974,18.907397890669273
2022-03-07,10.517292056261619,13.245114986144955,18.359335051053094,7.337508440628408,18.098214980821403
2022-03-08,10.48310364356191,13.20205927798557,18.299654619982064,7.303403287586516,18.000858723657384
2022-03-09,10.747296737517171,13.534774951303733,18.760838877693274,7.566312927933711,18.74912389997972
2022-03-10,10.66378559177157,13.429603893762675,18.615059042252838,7.482290252056798,18.508439459897247
2022-03-11,10.509012465492868,13.234687955005793,18.344881921844937,7.3271193597348585,18.06489950357375
2022-03-14,10.367835673514607,13.056894770873965,18.098439015106546,7.186405369629916,17.70082862308069
2022-03-15,10.595517344729423,13.34362921728334,18.495887718104942,7.411819414751072,18.28008539800074
2022-03-16,10.870622445155483,13.690087095311815,18.976120337486147,7.6866998694794,18.98739906515951
2022-03-17,10.962775470922129,13.806141438584874,19.136985726311295,7.7797561586737345,19.227181722207284
2022-03-18,11.11988070663353,14.003994355551656,19.411233854562433,7.938992744426535,19.637745335520332
2022-03-21,11.098365098561661,13.976898340590363,19.3736754930274,7.916921533245773,19.58315468488365
2022-03-22,11.251089794653822,14.16923455699888,19.6402768055256,8.072508783216687,19.958783270659648
2022-03-23,11.137948181946198,14.026747911005423,19.442773040791877,7.956495370229039,19.67883706418153
2022-03-24,11.311283166158423,14.245040013642782,19.745352358186285,8.133340976413553,20.10573969133366
2022-03-25,11.304728737721225,14.23678559246148,19.73391072976112,8.126558673450207,20.089382947499452
2022-03-28,11.427308387141384,14.391158176473228,19.947889845497993,8.252296555547609,20.41265030457476
2022-03-29,11.565021630940791,14.564589487449535,20.188286667261195,8.39431494380666,20.779591963295097
2022-03-30,11.475651739742402,14.452040127891037,20.032279610766977,8.301594861640629,20.539732255331682
2022-03-31,11.37613146666044,14.326707727367047,19.858553709830694,8.198698487839465,20.273690204633233
2022-04-01,11.361021604145968,14.30767888749473,19.832177430937367,8.183093942222062,20.23331103209632
2022-04-04,11.624727414299779,14.615988036400163,20.524374406264045,8.351572674765535,20.67628394573438
2022-04-05,11.327758001330528,14.270396032769273,19.725663633646302,8.166133219731,20.18739750311743
2022-04-06,11.044795344340098,13.940463189070218,18.97504928582593,7.988835791021109,19.72066305161432
2022-04-07,11.074870140728875,13.975685581839558,19.052912284786103,8.007832197417715,19.770489870870968
2022-04-08,10.89670171922707,13.767615421536007,18.585705909226235,7.895889442943624,19.476146600723474
2022-04-11,10.71152814737817,13.53482982059219,18.25871748864957,7.7090923924403745,18.92345969585671
2022-04-12,10.679921100753171,13.494891915251804,18.204840569592257,7.676529252224492,18.827798562680986
2022-04-13,10.831946275185187,13.686987276069843,18.4639805048961,7.8325669061257255,19.2841348384415
2022-04-14,10.658628560717162,13.467987172821934,18.1685456107606,7.6534614780167995,18.75770025828438
2022-04-18,10.664623003547899,13.475561606877184,18.17876365216817,7.659340135929392,18.774378299961526
2022-04-19,10.831549148040981,13.68648547574406,18.46330356765303,7.830531931517708,19.319451634088317
2022-04-20,10.72104049390386,13.546849393303788,18.274932098318427,7.716329355119207,18.951252966043675
2022-04-21,10.565829638848884,13.350728682927658,18.010361897444312,7.5566700280396795,18.439029898861158
2022-04-22,10.372226664068698,13.106096611727658,17.680349039069963,7.358794459445601,17.808432599266137
2022-04-25,10.465695436666888,13.224201508923468,17.839674570348045,7.453321831713139,18.110148216260736
2022-04-26,10.189247217617842,12.874888175890732,17.368444894954592,7.171995990347295,17.20497063278689
2022-04-27,10.180768123753033,12.864174196436633,17.353991552975074,7.163402141497274,17.17723409804523
2022-04-28,10.433939371552183,13.184075307396903,17.785543636507157,7.4178172346483775,17.984205413555227
2022-04-29,10.105348351099375,12.76887558227719,17.225432088536905,7.0840246551316515,16.912673366705576
2022-05-02,10.223641254389888,12.918347655075015,17.427072477506268,7.202299308638766,17.196608134458526
2022-05-03,10.23135607205114,12.928095913465906,17.440223045213802,7.209988093842979,17.215366688553686
2022-05-04,10.473587093855425,13.234173217495735,17.853126576181406,7.453773654238517,17.811195126139484
2022-05-05,10.104410788200239,12.767690900305457,17.223833932245135,7.0783708445354545,16.892891435738274
2022-05-06,10.019738594021232,12.660701148424955,17.079502922571507,6.9935679413776715,16.685683999627816
2022-05-09,9.745506122805574,12.31418758116211,16.612050179204864,6.71993088521604,16.10308121072454
2022-05-10,9.828453112838504,12.418997406499765,16.75344043059638,6.80156961210113,16.277066980256677
2022-05-11,9.624476961681669,12.16125803865402,16.405745604316497,6.599846104417305,15.847880415563694
2022-05-12,9.608619084738784,12.141220406041313,16.37871449436784,6.584241558799901,15.814607613002742
2022-05-13,9.857961286129322,12.456283225881712,16.803739640224567,6.828254803701948,16.335766589769847
2022-05-16,9.778206685487802,12.355507227140908,16.667791090073948,6.749101455355193,16.181829492347042
2022-05-17,9.955577596776473,12.579628852588264,16.970135005467274,6.923912086931693,16.520230284045
2022-05-18,9.613554499763138,12.147456677983984,16.387127332142153,6.584016002185978,15.865712457763147
2022-05-19,9.577575327041252,12.10199425906707,16.325797749549864,6.548737671032667,15.797176715511466
2022-05-20,9.556815157594688,12.075762207333659,16.290410262001313,6.528384378464875,15.757627842897119
2022-05-23,9.668283085449131,12.216610405014325,16.48041689557746,6.636935981457292,15.959281393569336
2022-05-24,9.524466230879248,12.034886880120947,16.23526874476572,6.4958191103564085,15.697859718562016
2022-05-25,9.61785576693023,12.152891655917898,16.394459210560115,6.586729774528349,15.867283338307335
2022-05-26,9.804474883035757,12.38869909095469,16.712567483447987,6.76922919130906,16.206216915677484
2022-05-27,10.02856678585083,12.67185623968674,17.09455133194264,6.990173952705886,16.613997420280846
2022-05-31,10.010281675351662,12.648751613021727,17.06338279443245,6.971630078132185,16.57794856556868
2022-06-01,9.958549343187032,12.583383880011382,16.97520060184267,6.9200705315196975,16.47863483323616
2022-06-02,10.149542221010796,12.824717895356573,17.30076432632225,7.1095785171752075,16.844622296223495
2022-06-03,9.964776207901707,12.591251996779539,16.985814826265273,6.924590884666048,16.48935482175948
2022-06-06,9.98829501682644,12.620969799132249,17.025904651164,6.947657240278684,16.537237831753057
2022-06-07,10.04870505580547,12.697302474151794,17.128878738522992,7.0075864977223254,16.66476181432958
2022-06-08,9.998186591006213,12.633468554803612,17.042765686861387,6.957157571369572,16.55765987206851
2022-06-09,9.81082966808604,12.396728844788,16.723399759042817,6.770813052689227,16.161430179219334
2022-06-10,9.568709984959742,12.090792225638822,16.310686014391315,6.532003214453057,15.652136670254153
2022-06-13,9.25762178482179,11.697708644087284,15.780409523285641,6.228286978018822,14.98418039635181
2022-06-14,9.269519967868352,11.712742902551037,15.800690995722286,6.239596017806271,15.009202202646636
2022-06-15,9.431681938652458,11.91764687589045,16.077109968926813,6.395410242986164,15.353149529136468
2022-06-16,9.165422681598239,11.581208070632933,15.623248252241629,6.137379151036992,14.784854601604971
2022-06-17,9.243544600558502,11.679921051996295,15.756413756578727,6.212002925369531,14.949843549787834
2022-06-21,9.407243408400946,11.886766935748524,16.03545240022506,6.3687314350631,15.298612532873568
2022-06-22,9.397757460153263,11.874780719267289,16.01928278868287,6.359442474635576,15.278033290085519
2022-06-23,9.49584875754814,11.998726527825493,16.186487809533844,6.454152845665354,15.488427346850225
2022-06-24,9.723725287238619,12.286665840221612,16.574922878803648,6.675294791774983,15.979076056180608
2022-06-27,9.674210125369433,12.224099670370062,16.49052004294913,6.6263539716361075,15.875806420672014
2022-06-28,9.468028296289171,11.96357326085091,16.139065449666752,6.4244708720084684,15.45156737536269
2022-06-29,9.474236118268811,11.971417315676227,16.14964721411591,6.43036087868151,15.46408300971159
2022-06-30,9.392103693068528,11.867636754906245,16.00964545827338,6.350605336733429,15.295900708149587
2022-07-01,9.435622191221812,11.922625684445364,16.08382646703128,6.392523402046946,15.384556191881256
2022-07-05,9.54919773355983,12.066137013191002,16.277425710074635,6.501960917651915,15.635961405281105
2022-07-06,9.592201260961769,12.120475238051373,16.350728907064283,6.543651298458922,15.732128583443043
2022-07-07,9.736029541268799,12.30221320023192,16.595896534023947,6.683677979259172,16.0549687963393
2022-07-08,9.74472386174964,12.313199134871196,16.610716748211058,6.692061166743358,16.07431122860017
2022-07-11,9.599455709744129,12.129641785378748,16.363094736573437,6.549089482606587,15.751722530919979
2022-07-12,9.534525601316014,12.047597659114444,16.252415803559895,6.485646365208918,15.608514254539338
2022-07-13,9.52094959005897,12.03044333720273,16.22927432918252,6.472278943995027,15.57837062399649
2022-07-14,9.544924214003384,12.06073709647178,16.27014112983643,6.495390694649459,15.630657028234106
2022-07-15,9.66629507117235,12.214098397899479,16.477028154910045,6.613212816333669,15.896911645013247
2022-07-18,9.609564924855647,12.142415546906662,16.380326759886408,6.55724640417932,15.733349663968266
2022-07-19,9.816626964496436,12.404054169359311,16.733281747485456,6.75890607508562,16.304839561962286
2022-07-20,9.925773986789023,12.541969726488865,16.919332198676727,6.8660759664933675,16.610018532842012
2022-07-21,10.025704192537859,12.668239135497355,17.089671796374297,6.964639241695589,16.89144575279549
2022-07-22,9.90283358810057,12.512982789425106,16.8802283235838,6.842512393313559,16.541008983077166
2022-07-25,9.863927700460932,12.46382224379834,16.813909904653897,6.803538622039036,16.41763289914771
2022-07-26,9.728455946506047,12.292643387705308,16.582986692846855,6.669857316924846,16.004188306356316
2022-07-27,10.016429563094569,12.656519936384324,17.073862395839942,6.951723643007075,16.869244914952652
2022-07-28,10.085178177263117,12.743389034833234,17.19105029905681,7.019699880906599,17.07978742538303
2022-07-29,10.214110042674406,12.906304244762493,17.410825710505037,7.147715317366615,17.477854317801416
2022-08-01,10.210367443133746,12.90157518582968,17.404446128922853,7.143409881371267,17.4623398691466
2022-08-02,10.189261385144938,12.874906077637867,17.36846904471839,7.122111095198567,17.393657323046014
2022-08-03,10.383700037741505,13.120594091264936,17.699906387531456,7.316066376355037,18.011728609972423
2022-08-04,10.417892272065385,13.16379857772029,17.75818998051984,7.350280051918724,18.121074523570655
2022-08-05,10.35852312606869,13.088781150085012,17.656990184432725,7.290235178978009,17.92701966227171
2022-08-08,10.314956533824656,13.026881542971092,17.535148048003297,7.266671605798201,17.851683377338105
2022-08-09,10.180492608749603,12.839688186726043,17.186124636616707,7.1844221737414475,17.59515870449106
2022-08-10,10.50706700810092,13.293134950568142,18.02392101473039,7.384946259305317,18.21654978952441
2022-08-11,10.438283199194721,13.197123961839226,17.84317808714289,7.343028903289329,18.084978947655614
2022-08-12,10.67180906086216,13.52211870184062,18.449459128385943,7.486001296723628,18.530342880586716
2022-08-15,10.770567585359077,13.659358782256716,18.706739292449477,7.546498701487248,18.718412945873403
2022-08-16,10.741350778643792,13.618432962232427,18.628256307496315,7.528825134980482,18.662329317675702
2022-08-17,10.600250160872681,13.421517020782845,18.254630240423424,7.442951192555323,18.39248107908439
2022-08-18,10.629362762705988,13.461883239838164,18.329698487770905,7.460851024973542,18.447797845367926
2022-08-19,10.39082942698079,13.129474667769564,17.70251927994705,7.315386160025628,17.99227419905953
2022-08-22,10.075806005010515,12.664199940823108,16.883279264247246,7.122792020825512,17.354674395796778
2022-08-23,10.066024552450509,12.649602162923548,16.85717374472568,7.11690201415247,17.334669998872155
2022-08-24,10.099361539698,12.698128209836613,16.940964922999715,7.137520583995758,17.401168770829845
2022-08-25,10.304521998707608,12.998343066554972,17.463485043299404,7.263725183866627,17.812575027164524
2022-08-26,9.81859850963925,12.284015836811118,16.209094868204556,6.965998965056891,16.83368046278746
2022-08-29,9.747108965788822,12.192245783635673,16.081350449899414,6.897343220125481,16.615120911902412
2022-08-30,9.671355630770028,12.097489145260031,15.956368167208039,6.820534809406505,16.372975901696762
2022-08-31,9.632222018479196,12.048538567080799,15.891803244847141,6.780882949695153,16.2480801681669
2022-09-01,9.635373155821004,12.052480191320784,15.897002175533897,6.783827243734145,16.25661073824715
2022-09-02,9.540302920631573,11.93356086065505,15.740149741155488,6.687984833849577,15.956221244830363
2022-09-06,9.493214545582846,11.874660006651965,15.66246058594724,6.639946240166398,15.79197146173912
2022-09-07,9.627684645530731,12.042862959432023,15.88431722157991,6.774083623591133,16.23758804588971
2022-09-08,9.662854243844082,12.086855120415668,15.942342081837888,6.809203072098157,16.354504928238356
2022-09-09,9.810964195220249,12.272119585655432,16.1867025421095,6.958069018693137,16.854004951473286
2022-09-12,9.893306438033276,12.37511800972927,16.322555590244562,7.040771691870323,17.125258310797147
2022-09-13,9.513796835329881,11.900405521169823,15.696418451366124,6.654678349824283,15.841390081766649
2022-09-14,9.566868792070975,11.966790984087805,15.783979669611556,6.707469946243017,16.01224445523098
2022-09-15,9.455583021859582,11.827588327443582,15.600373897157613,6.595766934333413,15.647104519566193
2022-09-16,9.415342317965306,11.777252935266523,15.533982430319003,6.555432730400063,15.515569649124604
2022-09-19,9.467362461068193,11.842322729052189,15.619808304906806,6.6064837106849295,15.64780318900332
2022-09-20,9.414784256661129,11.776554880016832,15.533061708140098,6.553821915713831,15.506580635657613
2022-09-21,9.297020640188837,11.629249359842648,15.338768406055811,6.436469348993199,15.19258232329282
2022-09-22,9.217160376500548,11.52935553833608,15.207010272243995,6.357252873166446,14.981043524388125
2022-09-23,9.11234160989725,11.398242182606653,15.034074140577651,6.253745084896091,14.705181094609713
2022-09-26,9.086646992048573,11.366101873390123,14.991681657252482,6.22786707388221,14.630266197785149
2022-09-27,9.089437276606565,11.369592122166116,14.996285231911337,6.230365219776051,14.636876184486372
2022-09-28,9.216239445544396,11.52820358480744,15.20549086649014,6.3542993582595875,14.985603851308985
2022-09-29,9.030500774539192,11.295870947882003,14.89904834378756,6.171119015851936,14.467112720053247
2022-09-30,8.92354665629767,11.16208657122739,14.72258918409839,6.06647989802432,14.172522121217696
2022-10-03,9.070773325507247,11.346246176214827,14.965492353791127,6.208801156327856,14.567963317364834
2022-10-04,9.27065149582423,11.596265313975728,15.295263049433697,6.40401118481147,15.113609860013085
2022-10-05,9.267446170790846,11.592255908647376,15.28997471672411,6.400604428784179,15.103595065786777
2022-10-06,9.21662156960818,11.528681567614637,15.206121317119822,6.350215223092997,14.961408852289411
2022-10-07,8.971033456500923,11.221485798381675,14.800935684429225,6.1082461736668305,14.28132209104582
2022-10-10,8.908973779659492,11.143857977049272,14.698545999898416,6.047185586665928,14.127499551125279
2022-10-11,8.823538619517507,11.036990753683718,14.557590075858906,5.964107695096396,13.921156368518686
2022-10-12,8.821675648946508,11.0346604426993,14.55451643805151,5.9620656275131,13.915958007874227
2022-10-13,8.966751839866799,11.216130105474399,14.793871622887785,6.101888739922796,14.262568391793215
2022-10-14,8.778353100814654,10.98047010209155,14.483040364342243,5.918482486252455,13.806955149103478
2022-10-17,8.9820486570003,11.235264246156891,14.819109206457979,6.113919135296287,14.339777701317555
2022-10-18,9.032049246362682,11.29780786570321,14.90160310316727,6.162269819891815,14.47249924335208
2022-10-19,9.009274558171276,11.26931997282647,14.864028090568285,6.1397957277151125,14.410125611479708
2022-10-20,8.97738198385175,11.229426902364107,14.811409856158276,6.10847102098323,14.323410072203922
2022-10-21,9.125014243011943,11.414093842642723,15.054982191873242,6.251702308015272,14.717268477775852
2022-10-24,9.19614911628241,11.503073442824213,15.172344666252739,6.3204793428239805,14.888584122943357
2022-10-25,9.329603758895919,11.670006203032614,15.392525940984209,6.451223446874458,15.217930531051604
2022-10-26,9.185595208401619,11.489872006448351,15.154932211765704,6.30867592265947,14.8579827773333
2022-10-27,9.06882165364148,11.343804912537573,14.962272371399761,6.193818664642565,14.568387461633526
2022-10-28,9.263371666505773,11.587159283805645,15.283252361249492,6.383355022199198,15.04519872785187
2022-10-31,9.188861816074354,11.493958067634747,15.16032165215792,6.309129163779902,14.864070459099587
2022-11-01,9.123440365051728,11.412125145361124,15.05238551596324,6.2446653672393495,14.707414287623703
2022-11-02,8.90482733280581,11.13867136229547,14.691704949366407,6.030614977815303,14.187590925424088
2022-11-03,8.78334943564766,10.986719805723174,14.491283609769845,5.9128091699742376,13.901782911666814
2022-11-04,8.88252966192887,11.110780150174168,14.654916947832092,6.007916747619733,14.132248093687364
2022-11-07,8.951745049346865,11.197358746799251,14.769112542187413,6.073969370623148,14.29969681957555
2022-11-08,8.997702544111684,11.254845030551644,14.844935904961593,6.118230954969387,14.412618256680563
2022-11-09,8.852657578071732,11.073414425656885,14.605632236759146,5.977046700603338,14.05133796299486
2022-11-10,9.310202731365838,11.645738279391656,15.360516991059212,6.4180829384707305,15.176765244622999
2022-11-11,9.4305918088265,11.79632787751941,15.559141932237175,6.536341987432229,15.48014425759017
2022-11-14,9.373751996911801,11.72522936414565,15.465364286156177,6.479144234769161,15.358865845570783
2022-11-15,9.464865396323223,11.839199256521498,15.615688501444987,6.568804407399125,15.545257185484683
2022-11-16,9.374747122810701,11.726474124985776,15.467006103066007,6.479144234769161,15.359603238422729
2022-11-17,9.36057254527553,11.708743746286352,15.443620056021452,6.46484266871081,15.330114861788104
2022-11-18,9.361114341645186,11.709421456418319,15.444513943360095,6.46506964391979,15.330797407689433
2022-11-21,9.294633398520334,11.626263260346947,15.334829795128758,6.398563779795941,15.18779648125226
2022-11-22,9.388655352392647,11.743871340311212,15.489952713679466,6.4907206797246895,15.386304161883938
2022-11-23,9.454934647863034,11.826777303872047,15.599304171816723,6.555866111189712,15.526493382969155
2022-11-25,9.41203128216589,11.77311130081814,15.528519689804918,6.512738693590847,15.434202189066077
2022-11-28,9.316309003517555,11.653376356605817,15.370591475992011,6.417175746932335,15.218783239842402
2022-11-29,9.267261915078779,11.592025430980982,15.289670720873795,6.368598796425355,15.109490399390408
2022-11-30,9.563298721783495,11.962325334369254,15.77808955884894,6.658917111851992,15.76354256448837
2022-12-01,9.571837560566225,11.97300620615506,15.792177434482856,6.667089637970344,15.782001029325048
2022-12-02,9.545473530289605,11.940028557284204,15.74868051538221,6.640533538519634,15.722406253769487
2022-12-05,9.434288216965346,11.800951557905423,15.565240482576073,6.5290823272324925,15.458757714382632
2022-12-06,9.29776920891185,11.630185712753956,15.340003438516492,6.393795172514766,15.139597731885383
2022-12-07,9.271510771528426,11.597340145560997,15.296680732746843,6.367691604886961,15.078016209147885
2022-12-08,9.348629568261929,11.693804782163836,15.42391583403676,6.443052339351158,15.255827777897432
2022-12-09,9.307214399745245,11.642000301932992,15.355586666773313,6.401966989335588,15.158901486334651
2022-12-12,9.389925958390018,11.745460687539039,15.492049033767724,6.482321887694884,15.421415884319954
2022-12-13,9.460906941264016,11.834247792741344,15.609157610770556,6.5520075326370435,15.656927895263843
2022-12-14,9.412129223634407,11.77323381165297,15.528681279367966,6.5034320007251205,15.490073567622158
2022-12-15,9.191229591375793,11.496919817476359,15.164228146334052,6.285069082330446,14.746487760810812
2022-12-16,9.130194074075769,11.420573073937824,15.063528180114568,6.2251440806719724,14.544704230480903
2022-12-19,9.04129493892899,11.309372910949346,14.916857187515008,6.13765932356058,14.269460490417403
2022-12-20,9.03667685760001,11.303596348605643,14.909238006841218,6.1328822047090705,14.25387101928634
2022-12-21,9.128743819762489,11.418759012240313,15.061135465727647,6.221846556464004,14.52814408530472
2022-12-22,8.972715989488023,11.223590407634514,14.803711625757469,6.069626341858809,14.054447747392729
2022-12-23,8.98714524265022,11.241639349289448,14.82751785154668,6.083277482083926,14.095704108401437
2022-12-27,8.899415549958741,11.131901992338625,14.682776273506933,5.997270191723491,13.83755233141136
2022-12-28,8.81748009120221,11.029412397212432,14.547594361499815,5.9180913086657245,13.602702179996543
2022-12-29,8.968233038100047,11.21798287361082,14.796315390363679,6.062344693435707,14.027024004378678
2022-12-30,8.96477256914688,11.213654319559385,14.79060610629266,6.058705997116739,14.015547276741591
2023-01-03,8.92358030030813,11.162128655095144,14.722644691954578,6.017749739251277,13.86675813550998
2023-01-04,8.953654313366274,11.199746964297606,14.772262557633553,6.04641812674056,13.964621757777843
2023-01-05,8.855862658947201,11.07742352557844,14.61092016664272,5.951764499513026,13.635453838068008
2023-01-06,9.027287817108101,11.291851995510621,14.893747418701842,6.116042772095305,14.198770730407507
2023-01-09,9.069170195259888,11.344240888486173,14.962847415746925,6.155634341516772,14.323662084593474
2023-01-10,9.123238337517678,11.411872437675303,15.0520521991216,6.207737919333285,14.492376930509444
2023-01-11,9.234055680447202,11.550489158472049,15.234885132849056,6.315132658057429,14.842370685885198
2023-01-12,9.269322340611398,11.594602730014032,15.293070131425404,6.349263345810333,14.953622550624209
2023-01-13,9.314299927534273,11.650863288549212,15.36727678493018,6.392948271266256,15.096603866798155
2023-01-17,9.328873379042856,11.669092601808373,15.39132091758497,6.405917776566903,15.135987842345836
2023-01-18,9.244322246053033,11.563331170566041,15.251823513245103,6.322642700284569,14.860623671844117
2023-01-19,9.181083284666887,11.484228232143176,15.147488176099728,6.260525259966851,14.656044448023412
2023-01-20,9.357298295759632,11.704648126241997,15.438218007669434,6.431856077870669,15.214119428313024
2023-01-23,9.591554456400031,12.076893786093752,16.01730325518069,6.574744774196656,15.708536196516151
2023-01-24,9.568774173089702,12.039470376727884,15.957896172461412,6.561322027775576,15.659859194711458
2023-01-25,9.5440926335016,11.99900875292465,15.893753197961582,6.546760149524426,15.60723035708644
2023-01-26,9.757832160706567,12.343179669673107,16.433901492068482,6.674405332674793,16.054896901091045
2023-01-27,9.869269829723919,12.52341413894883,16.717950940566798,6.740844522831003,16.28932967284711
2023-01-30,9.639166548690097,12.140642949950793,16.121110155562526,6.604553002813538,15.79145536974752
2023-01-31,9.805023763671773,12.41244932646959,16.541697663454695,6.7035283798795655,16.1449966345474
2023-02-01,10.045872902119738,12.809461006064762,17.15846727210806,6.846872445218568,16.66139368579427
2023-02-02,10.460228457400806,13.497903130032865,18.23382777846069,7.092605736626169,17.556857222619605
2023-02-03,10.246161210320832,13.136858748416692,17.66427116800246,6.966555763616418,17.087243194573997
2023-02-06,10.145832764814406,12.976931565352897,17.397160031672147,6.9076230691997065,16.879224312528578
2023-02-07,10.387300046406592,13.354482185336842,18.025582936085534,7.050742287222314,17.370308169444172
2023-02-08,10.17461107356655,13.019196619234863,17.46221427089385,6.925370402649392,16.93419888964352
2023-02-09,10.070922551620205,12.85624466394952,17.18974790658194,6.864165118952764,16.722245656201952
2023-02-10,9.99463462172622,12.73649906734242,16.989953653626554,6.819114795755318,16.566491364411956
2023-02-13,10.1780725980458,13.000177730635546,17.460641547209065,6.928330301234002,16.90946083155743
2023-02-14,10.264277514548558,13.125008115174342,17.684010164109655,6.979523141024481,17.071828957723334
2023-02-15,10.35442537170489,13.25570772593239,17.918663592641497,7.032993535177574,17.24183124496937
2023-02-16,10.130704639878275,12.929820414981014,17.327793093527465,6.901025892891186,16.817946369376635
2023-02-17,10.048224039621665,12.809835782707237,17.11144400870811,6.852334745482188,16.661881161510966
2023-02-21,9.773801250627645,12.401622143669428,16.395288726244548,6.6901049241609565,16.130913609894275
2023-02-22,9.781936387410527,12.413248883950526,16.414474364811255,6.695108308923919,16.146036626937235
2023-02-23,9.87992115256379,12.55741499624561,16.663100740112817,6.753586343625142,16.333554927040694
2023-02-24,9.689402252727389,12.275556734193762,16.172524166827177,6.640503748023454,15.966939074475455
2023-02-27,9.768564233321065,12.388284257248044,16.369928514210297,6.688055763602382,16.113564888000518
2023-02-28,9.753772115464336,12.36668231272365,16.330625576319658,6.67941084533034,16.085467023310567
2023-03-01,9.663326970455392,12.236213244708575,16.098605546070424,6.625714185265796,15.915764605309635
2023-03-02,9.755026546580725,12.36770098751674,16.32951844313467,6.6805478492678265,16.086792023773693
2023-03-03,9.986677332951972,12.700743469353194,16.9180298117549,6.818658717444776,16.51998370149877
2023-03-06,9.999050210200767,12.717098625626967,16.946052412223413,6.826395025583367,16.54125701638228
2023-03-07,9.85772512481855,12.481922679466523,16.579907620088502,6.742664580288016,16.235361317683235
2023-03-08,9.914062633026846,12.574247602577158,16.722459252452833,6.776339899027902,16.355449265976194
2023-03-09,9.716243440471594,12.246265647969627,16.21305365863583,6.658932007100081,15.928839866488964
2023-03-10,9.559052786942225,11.987146784636868,15.8123191462047,6.565417511702617,15.591801376629121
2023-03-13,9.605450241607699,12.041134150530047,15.879581133247894,6.614109368409143,15.761875882240675
2023-03-14,9.76032132888183,12.235276381346928,16.1356116090408,6.766098352020188,16.303722877286642
2023-03-15,9.796521910053036,12.280656456538145,16.195457847511626,6.801594437514614,16.430543808412306
2023-03-16,9.977649622024705,12.507713286084993,16.49489536739745,6.980889957361061,17.078744782819115
2023-03-17,9.94498571509179,12.46676669062443,16.44089590384047,6.9478976921407,16.956183432640383
2023-03-20,9.980475509185128,12.520553262664492,16.520586561443565,6.97255571140631,17.04290407439201
2023-03-21,10.144130197436596,12.78764794591253,16.931247186289983,7.072141084346472,17.40647179938627
2023-03-22,9.985219413114393,12.525652289606896,16.52602992816818,6.975971688301466,17.04984484012568
2023-03-23,10.121120348142593,12.747327994508357,16.866753692317477,7.058695640404495,17.351588516703025
2023-03-24,10.163682182555956,12.816551047723955,16.97310705314698,7.084672953072305,17.44581453299321
2023-03-27,10.082950669414037,12.682096340444744,16.764161252461644,7.036133595334313,17.262795569658486
2023-03-28,10.021084138486465,12.579892995726919,16.606032972852994,6.99876070858063,17.123676972934653
2023-03-29,10.230942020816226,12.922813985485305,17.133642821272712,7.126376101234817,17.590459024090116
2023-03-30,10.342023566048029,13.10510111059181,17.415082495303388,7.19382887755863,17.838587195586406
2023-03-31,10.539538432552146,13.4308341099323,17.919557199812484,7.313468928807269,18.281973054434832
2023-04-03,10.509403759694978,13.379002108136387,17.837603015663166,7.295692514158933,18.21141963590295
2023-04-04,10.468342115581901,13.310063248751664,17.729819255568557,7.271082017827702,18.117580462597775
2023-04-05,10.349202884676982,13.111730225953005,17.42104873770473,7.1992996893925865,17.847610708751418
2023-04-06,10.429157483978091,13.243117750056872,17.624175489906282,7.24783833783305,18.02645464023736
2023-04-10,10.421464857190216,13.228051047257718,17.59908780706413,7.243735051633201,18.005945932264446
2023-04-11,10.344254393576946,13.09945646386834,17.398930103501705,7.197246982346369,17.830903735389096
2023-04-12,10.238876941781614,12.92464404556193,17.127494614411763,7.133669098418368,17.5929500911925
2023-04-13,10.46915967947561,13.30305942472548,17.712002242584063,7.273360990785371,18.108046898183485
2023-04-14,10.446229103526537,13.264283579512826,17.65120910773857,7.259688571634413,18.055265443842057
2023-04-17,10.455698410526013,13.278133451013181,17.67137528193774,7.265841018392839,18.074117808148277
2023-04-18,10.456147264921604,13.278094798009922,17.670745226359276,7.266295678108328,18.07406519390569
2023-04-19,10.450192232880617,13.267452595140345,17.653654572092922,7.262879701213173,18.059579089430795
2023-04-20,10.358260113190523,13.11444171468263,17.41556288060562,7.207502006007117,17.85130157139529
2023-04-21,10.370391061713072,13.133710773343871,17.444860635059474,7.215021978399649,17.877530501657233
2023-04-24,10.344833026052124,13.089691603968657,17.375338366570062,7.19998345220964,17.817611865047674
2023-04-25,10.120120218126578,12.71805388222436,16.79925042441676,7.064163615048337,17.311740765804753
2023-04-26,10.190411585313921,12.832529933460187,16.975124840675317,7.107006604338449,17.467564899059724
2023-04-27,10.508764154166823,13.354681533220377,17.78041070291642,7.3002511693717995,18.178314611178234
2023-04-28,10.591832466353114,13.491598849687366,17.992518942779522,7.350612003161859,18.36468566377607
2023-05-01,10.57714890283345,13.46535680760924,17.950341304884773,7.342182002040821,18.328965149157334
2023-05-02,10.470755797595071,13.287895262246758,17.673763511938922,7.278147330504747,18.087405528663172
2023-05-03,10.39164972701248,13.156162943612555,17.46877377425578,7.230518710792788,17.908092264873567
2023-05-04,10.349165071800943,13.08522848188562,17.3583236666454,7.204996767137996,17.811536689299622
2023-05-05,10.601821774638177,13.50113017690326,18.00143096523907,7.358134103446977,18.377659650790402
2023-05-08,10.631287696778408,13.548156994286982,18.073183343960192,7.3763651778108015,18.441672280326884
2023-05-09,10.553543649565917,13.418121440850985,17.87021502141518,7.329648005422405,18.26466864342861
2023-05-10,10.685301304886503,13.635832966619617,18.207908019386178,7.409406384560598,18.561016302491616
2023-05-11,10.725054030362465,13.701200464088787,18.309154505107937,7.433562930473868,18.649994158787486
2023-05-12,10.680504174253864,13.626160289222014,18.191573632001976,7.406900436393949,18.54784991043437
2023-05-15,10.746274040428844,13.733698444505414,18.35767506034391,7.44700695582079,18.69423022018452
2023-05-16,10.75995506681635,13.755692010143546,18.391378947802693,7.455439794131941,18.724167733452585
2023-05-17,10.909416426613632,14.00410195597588,18.77825955359674,7.545681590734918,19.062301902856248
2023-05-18,11.142116237382414,14.392888227956712,19.385861976418894,7.68583168930505,19.591515508661374
2023-05-19,11.112915946706552,14.342834603153992,19.306578236184873,7.668512062264787,19.523382806520157
2023-05-22,11.155050332554282,14.41172452265137,19.413259990788152,7.694262399723616,19.61715536313612
2023-05-23,10.992105607733519,14.136275682280067,18.979740657895135,7.596727605937088,19.242216008191704
2023-05-24,10.926938259787274,14.02611114040863,18.80655413746301,7.5577602183403165,19.09226067633645
2023-05-25,11.23238118137882,14.536671942932179,19.604604477162216,7.741661916334009,19.78723306286034
2023-05-26,11.562090691642446,15.092373609683197,20.478307322956514,7.939463717985169,20.54365093048434
2023-05-30,11.621337356965887,15.190450852486109,20.631486461344192,7.975471206997329,20.677153101347287
2023-05-31,11.54499861509589,15.05937714650087,20.423108224145484,7.930122269540568,20.49873633725406
2023-06-01,11.69802954872169,15.318836295448133,20.832950559725017,8.021731591777652,20.851910617492738
2023-06-02,11.798570405318065,15.489642591315368,21.103265772821384,8.081890661620385,21.08441115119104
2023-06-05,11.807301963877947,15.50237236996786,21.121841594456384,8.087588448663322,21.10173885164575
2023-06-06,11.80465610894312,15.496912313364918,21.11246934431735,8.086220213731686,21.094306654443873
2023-06-07,11.573999996930642,15.10102696330906,20.482546066495058,7.949036397423916,20.555429824968748
2023-06-08,11.738879766651984,15.38072653720433,20.924483842893558,8.047708195147932,20.936155253593373
2023-06-09,11.79014316598883,15.46742205350409,21.061403870248885,8.078473266130171,21.05416468472471
2023-06-12,12.018416111630186,15.855833790348472,21.6767956067477,8.214974738215941,21.582868475486595
2023-06-13,12.124268337656083,16.03704353629428,21.965114052412325,8.278100090321038,21.829530124753216
2023-06-14,12.225241849903462,16.21030112347926,22.241253076286373,8.3382598694613,22.065367341895954
2023-06-15,12.39241139613636,16.498467069810662,22.701805760379916,8.437617557894955,22.457617147300105
2023-06-16,12.302367713786628,16.34112747405468,22.44848844248468,8.384520254241624,22.24344740724805
2023-06-20,12.281005524084934,16.30112363306184,22.38212297193574,8.372518230769256,22.18899441221298
2023-06-21,12.088177558731205,15.966303149651306,21.845047848655888,8.25841992110738,21.73323872305161
2023-06-22,12.251840853539424,16.24730982567793,22.29288444163047,8.355858959727621,22.115743371473698
2023-06-23,12.111806988607922,16.004120733846094,21.90286267552603,8.273025775805271,21.784715798084623
2023-06-26,11.924227667790547,15.678523518598311,21.38126639938289,8.16212072361474,21.341514767751224
2023-06-27,12.15965458826713,16.081342376358748,22.021454744529702,8.302460913922392,21.889829447473794
2023-06-28,12.186581911815843,16.126827439657223,22.09339833019131,8.318661978760899,21.951743450341795
2023-06-29,12.158159867106878,16.07680025595841,22.012712895941004,8.302005544909376,21.883646739676998
2023-06-30,12.373405156171936,16.447081035151925,22.603487183849456,8.430024527857032,22.387670776634227
2023-07-03,12.406038773378363,16.50130013471602,22.68864403576859,8.449876347072482,22.461473498725287
2023-07-05,12.405029297074412,16.49785868971531,22.68185098077938,8.4496493718635,22.456789023862726
2023-07-06,12.296011028356812,16.307749443433615,22.376170727101943,8.385296225737326,22.198013426645673
2023-07-07,12.248697826538738,16.224917627259256,22.24283351694136,8.357456297760821,22.085263241589807
2023-07-10,12.252435745235026,16.229016606182526,22.247618186773877,8.360194895516676,22.090842747792664
2023-07-11,12.321684613966799,16.34767306073378,22.436650781143058,8.401499418468417,22.25235722165818
2023-07-12,12.50028351764738,16.65575501727642,22.92921209990596,8.507610328666765,22.67171658400075
2023-07-13,12.743984796238248,17.07828962399733,23.607084521599056,8.652058060959437,23.246868226215234
2023-07-14,12.740515419337127,17.071194206069215,23.594861487335315,8.650233747717255,23.237209984715864
2023-07-17,12.876425504781135,17.306240550706065,23.971992921113458,8.73101422459339,23.557153698116096
2023-07-18,12.997177964957077,17.516879475690047,24.311594799853886,8.802439067074362,23.84387417424233
2023-07-19,12.993305364359056,17.509010007716068,24.298045525777145,8.800387069325673,23.833162300335214
2023-07-20,12.648466763633634,16.901839341500654,23.314207998003855,8.59752017402661,23.00668513083577
2023-07-21,12.604461797079994,16.824115238594075,23.18835347218002,8.571733662393848,22.900887535289012
2023-07-24,12.626708951017688,16.86039134539176,23.244831202700855,8.585425941875592,22.950266360279834
2023-07-25,12.724747671471446,17.030119824479826,23.517056146334905,8.643615292482892,23.181299776064748
2023-07-26,12.675689730476225,16.943445573873397,23.37663570479499,8.614863207885296,23.06331929167114
2023-07-27,12.640557275558598,16.88116186722268,23.27560350575827,8.59432478866268,22.978539073450985
2023-07-28,12.904960295894046,17.340707662230038,24.014050779511223,8.750868171701423,23.604070129291394
2023-07-31,12.911769051206685,17.350110238270226,24.02732255436215,8.75543037340193,23.61686886095631
2023-08-01,12.876941960119096,17.288014800638877,23.926198377775023,8.735122475875935,23.53234491342723
2023-08-02,12.551595789283581,16.71723173165166,23.00379422450423,8.54343694680927,22.755398329042343
2023-08-03,12.528089176558804,16.675380226981627,22.935841196030598,8.529746085922582,22.69843030498647
2023-08-04,12.460261916397787,16.556610952396095,22.74449363524892,8.489811216497532,22.53676226114832
2023-08-07,12.580686109067594,16.762903584532243,23.073296856057613,8.561692137289048,22.81756658880005
2023-08-08,12.457298624285013,16.54744178152585,22.72652690545631,8.488897641281387,22.52428123923939
2023-08-09,12.29941822973381,16.272889345660406,22.28584852063957,8.395566144646164,22.150562064880024
2023-08-10,12.325191106635474,16.316377160525146,22.354589641979707,8.411082737370087,22.209757424829075
2023-08-11,12.234453149712225,16.1587060112941,22.10182166340653,8.357456297760821,21.995136376120563
2023-08-14,12.39146548745044,16.426827819098595,22.52790749648277,8.45124741919423,22.36010221707032
2023-08-15,12.2398772310905,16.16371374416784,22.106179674468738,8.36156667693595,22.00195287290045
2023-08-16,12.090459956991566,15.905358690354882,21.69321522698286,8.273025775805271,21.650281480518895
2023-08-17,11.938220508012707,15.643161565959153,21.275281642206483,8.182657724242299,21.29338028406914
2023-08-18,11.920634931445845,15.612153067366743,21.225370936284435,8.172389933226047,21.251171696643755
2023-08-21,12.140639223481223,15.985689474622937,21.816143541713455,8.304058251955592,21.759627275531294
2023-08-22,12.12032516588154,15.949825926043799,21.75831330715581,8.29219312290614,21.710810022381295
2023-08-23,12.33975037816201,16.325488694924704,22.35546666365796,8.422949994312122,22.22215999231028
2023-08-24,12.036044571580607,15.800401139127882,21.515846314836235,8.242904746978512,21.507413873958818
2023-08-25,12.142969087408684,15.982520658545761,21.80445572626452,8.306796849711445,21.75531390156932
2023-08-28,12.247196279700695,16.159094198985414,22.08373437359396,8.369322845405328,21.995664774941854
2023-08-29,12.554424969482703,16.68683709142217,22.924437158900602,8.552107399792321,22.714025322040214
2023-08-30,12.634562865349531,16.824750438464203,23.144712794169436,8.59980127487686,22.901752165647405
2023-08-31,12.677750284323645,16.898737049759898,23.262680913145317,8.625587786509621,23.00246230941253
2023-09-01,12.661943096825937,16.870226978602485,23.216118576052676,8.616460545918496,22.96365456683946
2023-09-05,12.679267401158022,16.897135880545104,23.25691108962503,8.627412099751801,23.000282807216248
2023-09-06,12.550459293350862,16.6722036136626,22.89494213346409,8.551424346272794,22.694106317464367
2023-09-07,12.446859722043127,16.49167968157073,22.604958571780966,8.49026587621302,22.44837819401569
2023-09-08,12.466495178979228,16.524608183355074,22.656860745830986,8.50213455175011,22.49320027858742
2023-09-11,12.634512148988762,16.81267006021663,23.115824499914943,8.602311478828677,22.885308425236207
2023-09-12,12.473021180570917,16.531345120169675,22.663790311112816,8.506925856552181,22.50237055768594
2023-09-13,12.527280590064153,16.62413575230162,22.81144630004116,8.539327986229193,22.628676624937984
2023-09-14,12.644710816836698,16.826383279786423,23.134459531515024,8.609157618569547,22.90397477973158
2023-09-15,12.395338778622639,16.39252067635359,22.437753087272363,8.461743604014513,22.31340353446393
2023-09-18,12.40930028983946,16.41419093417479,22.470549909397715,8.470565137371043,22.342900963017296
2023-09-19,12.37851057842091,16.36006599348254,22.38335302321535,8.452511387389235,22.2692264094334
2023-09-20,12.172998766033874,16.004785134368127,21.81550453071076,8.330705850787417,21.785620176200066
2023-09-21,11.916109040316403,15.563260283874268,21.112645040625143,8.178050127499992,21.18461912492338
2023-09-22,11.91766619853054,15.564962307924496,21.114632513557705,8.17919351511523,21.18693591013341
2023-09-25,11.953448750801604,15.606248056356405,21.16535999209327,8.218042450024813,21.332749984041712
2023-09-26,11.828310481373,15.4428693599852,20.943784062295908,8.094637447497211,20.85009350118411
2023-09-27,11.848217320523897,15.468859438353675,20.979032083659213,8.113605481992694,20.921280824729752
2023-09-28,11.918100671069586,15.560098119872446,21.10277095622969,8.181478162453123,21.181699372619253
2023-09-29,11.924665439501126,15.56866898562935,21.11439485574312,8.187419947845713,21.202649803019522
2023-10-02,11.9958526437913,15.661609959548402,21.240442395414984,8.255750125211742,21.462938265932028
2023-10-03,11.848998212229679,15.469878959156386,20.980414768640955,8.1108633377492,20.895769055566483
2023-10-04,11.962379514229923,15.617907930615338,21.18117323786905,8.221242091173908,21.320211993320815
2023-10-05,11.938218044494812,15.586363068713705,21.13839175985858,8.197019580590528,21.22384219359826
2023-10-06,12.078748346362088,15.76983737776851,21.38722157381658,8.334362279544584,21.755114950247123
2023-10-09,12.12342304193674,15.828164007640368,21.46632477106844,8.376869061806394,21.916246019700335
2023-10-10,12.170935868270897,15.890196059568455,21.55045330121643,8.423258538736823,22.09609334391059
2023-10-11,12.232247420875847,15.970243526924603,21.65901452983013,8.483362283372369,22.330365617151664
2023-10-12,12.203014932204631,15.932078016784526,21.607254058096014,8.45388245951098,22.21171833351429
2023-10-13,12.09616176240204,15.792572079350748,21.418054618476848,8.347617631749042,21.79068253064424
2023-10-16,12.193443482464358,15.919581671836745,21.59030638185442,8.441997470130742,22.15494404175977
2023-10-17,12.166008388613921,15.88376281411582,21.541728465148797,8.41434692459423,22.043862586314912
2023-10-18,12.054813465027562,15.738588346372364,21.344841304291496,8.30396888046705,21.60789143936881
2023-10-19,11.976369267839138,15.636172748545654,21.205944178667192,8.226269592052825,21.30244769405484
2023-10-20,11.851811441605404,15.473551870329748,20.98539600993114,8.103548352342278,20.823619582294942
2023-10-23,11.878355051781446,15.508206819989423,21.03239542211568,8.128002803217335,20.91285031378713
2023-10-24,11.95974732042561,15.614471376839198,21.17651254700078,8.207072454455778,21.215912777652186
2023-10-25,11.755350250321307,15.347613548229164,20.81459711487107,8.006198685210574,20.43486968619356
2023-10-26,11.59894874118086,15.143418022827293,20.537664966394487,7.853541543328093,19.848361463361815
2023-10-27,11.638425068185478,15.194957738639149,20.60756367844295,7.891249218515022,19.989318235660058
2023-10-30,11.731687871194426,15.316720291734223,20.772699351059916,7.98014618700479,20.32225156660365
2023-10-31,11.771461131719908,15.368647679612899,20.843123828098367,8.018309940502265,20.465989944240444
2023-11-01,11.914981021019784,15.556025150343634,21.097247151532834,8.157481917781196,20.99677267213674
2023-11-02,12.0668911614633,15.754356810390988,21.366226663301003,8.305566927797777,21.56641535592098
2023-11-03,12.166640192535466,15.884587688085514,21.542847168020472,8.403148535221156,21.944339411017562
2023-11-06,12.21736547533404,15.965262546541748,21.66625601448868,8.437428175454952,22.07334608988412
2023-11-07,12.349806591336424,16.190034572688482,22.02140873065234,8.517183008105507,22.38411271273155
2023-11-08,12.358581532552396,16.20405495767898,22.042924274590515,8.522667296592495,22.403497098632283
2023-11-09,12.248840666324217,16.015390983895244,21.742770591769872,8.457081391362545,22.142652958056384
2023-11-10,12.56516219320309,16.55388644726923,22.594964273474652,8.647214977437805,22.887169166057067
2023-11-13,12.519194850116417,16.472475079112147,22.463513393286366,8.620248904015876,22.77461096040629
2023-11-14,12.828738750034457,17.002724626652324,23.306385170934576,8.805812486117821,23.50772648185408
2023-11-15,12.839457685152915,17.02022290732716,23.333593857467758,8.812439452922522,23.531919357116077
2023-11-16,12.85171209636056,17.04038027091731,23.36505971733091,8.819982122835953,23.55978864279102
2023-11-17,12.85477440859542,17.04464521867035,23.371107979552242,8.82203837636981,23.565685299205764
2023-11-20,13.033830360830132,17.3518361386428,23.86065582235665,8.929444463854402,23.990403118437026
2023-11-21,12.946361975517425,17.19889699756522,23.614503595142697,8.877568570544398,23.778951626057637
2023-11-22,13.00691092204641,17.302770520807666,23.780108757519876,8.913903755014523,23.92256568949205
2023-11-24,12.985164433296212,17.263248650861215,23.715392773919792,8.901339258602402,23.86792331133483
2023-11-27,12.971189641688191,17.236491462311754,23.67061014862998,8.893566776289877,23.830929201058048
2023-11-28,13.009901419169935,17.302542077994175,23.775646957151814,8.916878548847222,23.922249847690562
2023-11-29,12.994937745935292,17.275536260231323,23.731564434336857,8.908191782021024,23.884911986181425
2023-11-30,12.956979966361567,17.20867109043492,23.623615275823266,8.885796421869937,23.792465148556786
2023-12-01,12.999130315650309,17.280651528153587,23.738115924149476,8.911162320068557,23.89198428323019
2023-12-04,12.85942113826005,17.035889334640636,23.343963353833615,8.828436240072945,23.553579537841216
2023-12-05,12.896169718522314,17.098357576713493,23.44305431674981,8.850603915717524,23.639947245411395
2023-12-06,12.810007583125575,16.94831557838988,23.20227188118765,8.799413913117158,23.432501301609346
2023-12-07,13.015456474764092,17.30183739492786,23.766136905446157,8.92236070944163,23.921275562854277
2023-12-08,13.081774564962176,17.41577987685712,23.947948488591663,8.962124638162416,24.078810826094262
2023-12-11,13.209345597750643,17.634768608356808,24.297351796599155,9.03868124825893,24.38158154759576
2023-12-12,13.329931858079156,17.843680188081287,24.632358763036354,9.110666435787072,24.670419741643606
2023-12-13,13.524484790584562,18.182295639998614,25.17689329216421,9.226530186996298,25.138584674087685
2023-12-14,13.510597682884317,18.1568459965592,25.134947645748735,9.218530729474795,25.10339835717841
2023-12-15,13.585304210843772,18.286702084391308,25.343838853714992,9.263094474567989,25.282935546763646
2023-12-18,13.682733323138903,18.455102880887072,25.61410837176881,9.321438452036407,25.515764105143248
2023-12-19,13.762723708829599,18.59471147678589,25.83931793143972,9.369066362450837,25.70878497438444
2023-12-20,13.527126759894347,18.178395450319766,25.163527628753428,9.22984473434494,25.13319232702502
2023-12-21,13.707730119148874,18.493868298993288,25.672173431563817,9.337239473069085,25.569360623689878
2023-12-22,13.730904864195661,18.533534986178008,25.73556575620002,9.351207669289245,25.624203224111575
2023-12-26,13.826301733356031,18.69801804193086,25.999394456112036,9.408452235589165,25.85161516957569
2023-12-27,13.858258013000698,18.753255069006276,26.088140199023965,9.427605396739473,25.927985101611416
2023-12-28,13.850099697133441,18.73772244687596,26.062068206089595,9.423023334708182,25.906509918039184
2023-12-29,13.780757774952132,18.61423252145428,25.86082312239536,9.382242273332151,25.735774494522005
2024-01-02,13.511305247862046,18.136010865268506,25.083039835454027,9.223475242542928,25.074591999471043
2024-01-03,13.346484885852515,17.84634467970571,24.614814528073225,9.125875902681345,24.674103630061218
2024-01-04,13.267098937636824,17.70680696030889,24.389463481006118,9.078911185455654,24.481180753668788
2024-01-05,13.284798147474982,17.736548652546848,24.436450717907007,9.089678321931663,24.52230119651484
2024-01-08,13.599602215968734,18.282182874938677,25.311542401255796,9.277543574512176,25.276687351720817
2024-01-09,13.630091059699488,18.334537841432113,25.395269808005036,9.29587040404229,25.34907258757679
2024-01-10,13.73592178541831,18.519114294280328,25.69269661008035,9.358874466270088,25.60426537954527
2024-01-11,13.768382758429473,18.57508018440995,25.782432543737904,9.378348939200608,25.681643027326402
2024-01-12,13.776094373738733,18.58753145954244,25.80174497789427,9.38315868573841,25.69885798414021
2024-01-16,13.773276070758472,18.57909189738578,25.78543224844526,9.382242273332151,25.68718956492142
2024-01-17,13.683524598694719,18.4200556380836,25.52707046866347,9.32932158476331,25.46730828315835
2024-01-18,13.906475417555052,18.810413014774973,26.15735874213485,9.461741758872602,26.00701086865165
2024-01-19,14.223209349313892,19.368096467184763,27.061249023427365,9.64937790835155,26.77805611878499
2024-01-22,14.243553619460474,19.401426379359854,27.113433218013153,9.661978578937607,26.824137583743145
2024-01-23,14.311101571035804,19.520266781302627,27.30629633739022,9.702072331008942,26.988444641888705
2024-01-24,14.402004287723017,19.680816216014968,27.567413043360382,9.755911559876626,27.210418018562574
2024-01-25,14.42180301990978,19.714921086218542,27.62223748809564,9.767825630455514,27.257570929525325
2024-01-26,14.322564928338531,19.536784505979753,27.33014459832544,9.709631314765518,27.011281814303043
2024-01-29,14.490214593267352,19.832238180878306,27.810174782003674,9.809063479439617,27.419771884576054
2024-01-30,14.378860076013755,19.632251066798577,27.482081271258828,9.743768386196173,27.14327253044829
2024-01-31,14.05456209742118,19.05352836616746,26.536034403961686,9.55292479329532,26.34313871342753
2024-02-01,14.244468916511433,19.38818910719175,27.078924960074524,9.665415125461076,26.80583591854968
2024-02-02,14.520896267862584,19.87777512061986,27.87578606507241,9.828766346174175,27.48273061311931
2024-02-05,14.498058564507891,19.834105787294252,27.80211844081123,9.815937281784084,27.422354010780285
2024-02-06,14.464159393857031,19.772416846730387,27.700314975414535,9.796233705751998,27.337063754449396
2024-02-07,14.634891376409557,20.07564304591165,28.195006374232044,9.897037651845373,27.75630000681519
2024-02-08,14.665624524107749,20.129420120300747,28.282188197875183,9.915366609268071,27.830651428925005
2024-02-09,14.831199925656323,20.424632532427747,28.765160916233793,10.012966658427182,28.238807932703907
2024-02-12,14.763401419980186,20.299876747538416,28.55788518757152,9.973788609464577,28.06632234979855
2024-02-13,14.498153279482612,19.822926827156024,27.774136274316664,9.818225475609617,27.4068981386744
2024-02-14,14.679411757088184,20.144985763056702,28.29966498769642,9.92521804263535,27.852172266347004
2024-02-15,14.72924468682168,20.232969743898973,28.44292881223825,9.954773761332241,27.97381767329447
2024-02-16,14.575213207994254,19.9557641047805,27.987351761183533,9.86450784861331,27.590557079083005
2024-02-20,14.447343535609521,19.723664974537858,27.60471380915846,9.790046503414697,27.26966010579041
2024-02-21,14.380426833400705,19.60331187086322,27.40728194467035,9.750869873047149,27.10326160763496
2024-02-22,14.86414512863017,20.46221497822157,28.807339310609144,10.036333756191716,28.29076889047037
2024-02-23,14.81336726511364,20.36979955175908,28.65459425808655,10.006780874684937,28.16299662951293
2024-02-26,14.803328392897905,20.34881968956744,28.61787158633851,10.001510084753894,28.133990168909843
2024-02-27,14.843832219670423,20.420208515575055,28.734053596320692,10.025565910418178,28.232691349602796
2024-02-28,14.752496671896813,20.25508354702118,28.46202124531563,9.972184178456095,28.00439190458299
2024-02-29,14.897442406892033,20.51343709424156,28.884617782729045,10.057641053934752,28.361587863291476
2024-03-01,15.154954049091428,20.97470424337607,29.641415537984365,10.209077494771435,28.99932929679804
2024-03-04,15.091682089135118,20.85743429043351,29.445709322307096,10.172650101622663,28.837193519218467
2024-03-05,14.779709042849047,20.293788407560527,28.51637913028309,9.990054929675662,28.05790469709455
2024-03-06,14.886072321617341,20.483055266475006,28.82571364574369,10.052830598099423,28.319582378121442
2024-03-07,15.145458295253807,20.94735386607657,29.5870652723291,10.205411135848871,28.961515052149018
2024-03-08,14.893592782333176,20.49171786013573,28.83526244699899,10.058098550840352,28.33155915754187
2024-03-11,14.828931148458166,20.37268781374252,28.637549696044964,10.02075474528532,28.16698989966259
2024-03-12,15.072947310802787,20.808724628786358,29.35168446844392,10.164402389966334,28.769848230262248
2024-03-13,14.939267015565552,20.56674680670223,28.952503182819623,10.086277523035271,28.435293117412172
2024-03-14,14.895509801336434,20.486927280889876,28.820451000563704,10.06084991595171,28.324935770462798
2024-03-15,14.691441815691041,20.119595096451462,28.21661688467797,9.941255969042397,27.81706748997413
2024-03-18,14.851524101379512,20.402614189704153,28.677436907727042,10.036070606808801,28.20836568361173
2024-03-19,14.893633805685957,20.476834112998517,28.798194676836108,10.061075472565635,28.310981099353583
2024-03-20,15.09626508845802,20.838976614879893,29.391435591693256,10.18036513083541,28.81167419817241
2024-03-21,15.177971812622516,20.984831736540418,29.630463116207473,10.228542037536561,29.01333142554399
2024-03-22,15.197484107210263,21.018751896614003,29.68536043052496,10.240241190964447,29.06022895889465
2024-03-25,15.132968689135758,20.899315332275386,29.486201829734874,10.203077546981543,28.89509765505624
2024-03-26,15.076174685849601,20.795746435616127,29.314750717634546,10.170044142504555,28.751904764025305
2024-03-27,15.134778100123855,20.899929544156887,29.48512035597268,10.20468339658508,28.895946855712566
2024-03-28,15.102245368474478,20.840071747140154,29.385626797125564,10.185872826140827,28.813188312539435
2024-04-01,15.137614163282569,20.899821227228834,29.48089832551514,10.207435470993968,28.895797098260516
2024-04-02,14.986928833649664,20.627197457250112,29.03127288750199,10.119344264496082,28.518871331488654
2024-04-03,15.025165092888773,20.694595967029116,29.140981922466374,10.142055971344686,28.612055557426526
2024-04-04,14.760511193276836,20.217893540094632,28.356876432973756,9.986976578403866,27.952973527241447
2024-04-05,14.960098314723016,20.57325576155125,28.937426609446295,10.10466180566516,28.44429230628533
2024-04-08,14.964104663585283,20.577451546422935,28.94200828153447,10.107644401770669,28.450093339078965
2024-04-09,15.027323154539108,20.689599354359206,29.1250748664776,10.145037858152664,28.605147311450715
2024-04-10,14.876031286662673,20.416652034465418,28.67583746020415,10.056485608261536,28.227774209144485
2024-04-11,15.148765153092535,20.903651843862676,29.472894381717268,10.217071277912714,28.901093254615603
2024-04-12,14.870590797437815,20.401712876058472,28.646263592017608,10.054193158650833,28.207119540118732
2024-04-15,14.588189635977932,19.893382906847926,27.811267493265742,9.888790649486573,27.50430971750952
2024-04-16,14.589312844870463,19.89417688389741,27.811640829302117,9.889709189785416,27.505407458943434
2024-04-17,14.38416656661524,19.528093429965942,27.213645186954935,9.769041366418612,26.999265655584253
2024-04-18,14.289342108351237,19.358995341153683,26.93781834008672,9.713294836497964,26.76547303071449
2024-04-19,13.948934927337952,18.756284464901942,25.95848147053099,9.512334532954338,25.932173501511084
2024-04-22,14.04261300412232,18.875682977974833,26.117238015789145,9.607997490564307,26.31714751268239
2024-04-23,14.189892984147155,19.073652558930682,26.39115756994478,9.751377020779712,26.903620635278347
2024-04-24,14.224139484548283,19.119685735554363,26.454851129107986,9.784411134554228,27.03764770349055
2024-04-25,14.176646434748259,19.05584692212133,26.366520895599532,9.737153477449446,26.839072015137344
2024-04-26,14.330379777395624,19.26249093047677,26.65244277493249,9.8874139029846,27.45765904029432
2024-04-29,14.38981517767815,19.359784105398163,26.804260454718953,9.927560143073013,27.61831142744908
2024-04-30,14.077349321612319,18.81028160829181,25.91576569495079,9.74036517665652,26.83440128606416
2024-05-01,13.959872180452015,18.604392032768857,25.583964461883014,9.66993618790495,26.540683009790992
2024-05-02,14.164358557974074,18.9587263385616,26.15159234845223,9.793358213573224,27.046169804144462
2024-05-03,14.491317796210513,19.52839886068585,27.06749683608173,9.990188277610937,27.858854131719216
2024-05-06,14.672814676958636,19.84457476470977,27.57661405936268,10.099614444455455,28.309904852928085
2024-05-07,14.67506060472196,19.84733430882375,27.58017285273569,10.101221003356521,28.31384156773455
2024-05-08,14.664657237901325,19.827779080476553,27.547554118861928,10.09525652044303,28.285944439151532
2024-05-09,14.701008156447177,19.890685898708977,27.64860591995405,10.117278790094355,28.37568614739551
2024-05-10,14.740438528924395,19.959067432249775,27.758582724935344,10.141138140343365,28.473237983662617
2024-05-13,14.778492355894532,20.02336613635296,27.86069612924374,10.164537156496664,28.564965330653433
2024-05-14,14.887369386934,20.2145680778153,28.170152760836455,10.229918074741002,28.83773049869926
2024-05-15,15.154522348078979,20.68649481865863,28.93648463614595,10.389814307194904,29.510972495024927
2024-05-16,15.11866834025662,20.621403831080357,28.82929949167212,10.368709159247365,29.418114891021183
2024-05-17,15.10975467086009,20.60429653824402,28.800440670356146,10.36366250733519,29.39370994215077
2024-05-20,15.229829174458812,20.814865230467362,29.14152714867608,10.435925739494333,29.69410336012661
2024-05-21,15.263637597849295,20.873873851959292,29.23694363973994,10.456341450244594,29.77828397269936
2024-05-22,15.25971787017605,20.86561678082207,29.22248042641438,10.454278103735454,29.766504587097494
2024-05-23,15.180319333591799,20.722743166553254,28.988065431767577,10.407249549732239,29.56268372049283
2024-05-24,15.344948377994152,21.01462115396769,29.46344663410216,10.505663872453566,29.979071481396694
2024-05-28,15.410187028322927,21.12719168904367,29.64453694947645,10.545351906338848,30.139662533360756
2024-05-29,15.284817607963495,20.901718938207765,29.27445260311649,10.47102461837304,29.818007259877962
2024-05-30,15.096044264338536,20.56374171155484,28.72122383549769,10.35884353992952,29.33585517335323
2024-05-31,15.063299454693412,20.50431516928064,28.62343648862405,10.33957405398461,29.251078362689956
2024-06-03,15.155229945172586,20.664546630706152,28.882108779318433,10.395091480803693,29.479661614343634
2024-06-04,15.202470996931693,20.747313723272796,29.016111516790687,10.423537858166693,29.59773562415724
2024-06-05,15.55446663779513,21.372639722985394,30.035455457916093,10.633673634533356,30.48981417780846
2024-06-06,15.547826927736098,21.359446377270046,30.012829034409467,10.630002310528097,30.47099279381199
2024-06-07,15.531541718630194,21.328971483230568,29.961875666182955,10.620596316008443,30.427517871275736
2024-06-10,15.60257532636334,21.453102722991325,30.162922286732158,10.663496758398328,30.60460121161278
2024-06-11,15.725245164389271,21.67180362245911,30.5206618363394,10.736676402963727,30.916595886660854
2024-06-12,15.961635215222234,22.09542320684662,31.215669053025096,10.877302440175189,31.52092378332983
2024-06-13,16.060653068939168,22.272870183378803,31.507106586466225,10.936260669302909,31.774066371751495
2024-06-14,16.15587026263026,22.443756233377453,31.78808528046684,10.992924320927342,32.01784926322255
2024-06-17,16.38229824849938,22.850770950203074,32.458098327844276,11.127583747332734,32.59848896166374
2024-06-18,16.387638587407718,22.859103770899548,32.47083135864558,11.131026677533955,32.61037641019165
2024-06-20,16.241541388025137,22.59093673682739,32.024588489064946,11.045227211349243,32.227814258606756
2024-06-21,16.191015039274834,22.497904728335097,31.869668723689134,11.015633899883364,32.09509650879751
2024-06-24,15.977879752470542,22.10834836346721,31.223334800571813,10.890225131838983,31.539362573703354
2024-06-25,16.1875292843459,22.485388980633054,31.84353928415709,11.014762173221376,32.07724177364651
2024-06-26,16.22548965899276,22.552805874566708,31.953871915204058,11.037508635648853,32.17341747281724
2024-06-27,16.27317154355018,22.637889794488324,32.093457059901645,11.065999698756121,32.29479662586307
2024-06-28,16.175544252909546,22.45937863711338,31.797144370548157,11.008557238445873,32.0401358966517
2024-07-01,16.28348879089766,22.651610300982775,32.11212869122892,11.073123883127995,32.314370047717524
2024-07-02,16.479619795765164,23.006110347664734,32.69738303258598,11.189387678143047,32.82009328497086
2024-07-03,16.637127950822073,23.291527461007348,33.16955638737464,11.282673779736474,33.22726408192318
2024-07-05,16.835779998944354,23.651878969165217,33.76639443404472,11.400317867741139,33.74133490634317
2024-07-08,16.880619410359863,23.730608442923405,33.894839032788916,11.42743005645385,33.85364892353133
2024-07-09,16.89690009717917,23.759026776769733,33.94107241168713,11.437309861722252,33.8941899951747
2024-07-10,17.098998938030217,24.128253156993974,34.55531894468113,11.55656121792551,34.42092154862314
2024-07-11,16.667262800943398,23.3321659419202,33.224041768791096,11.303125664660664,33.28523819029542
2024-07-12,16.779372536176233,23.53546500926717,33.56068351594853,11.369529389940471,33.575260895317896
2024-07-15,16.830039033487015,23.624756681406566,33.70657270936728,11.400087346044517,33.70264275017732
2024-07-16,16.836952829947705,23.63599329014179,33.72416531426851,11.404453781627277,33.71867268923802
2024-07-17,16.268067002933943,22.592903081404515,31.986708313450524,11.06967598784407,32.23061940956347
2024-07-18,16.17904852319243,22.430289319110678,31.717056566604207,11.01728940031386,31.998637611369336
2024-07-19,16.013652517876757,22.12985011669696,31.220376638735083,10.919636153840145,31.570036578831854
2024-07-22,16.28686408711073,22.619121514489713,32.02320216915883,11.082314251199112,32.26802214329978
2024-07-23,16.220366264695294,22.497304498452213,31.820941955480034,11.043253236328637,32.09424023190191
2024-07-24,15.550782438821654,21.284608307977674,29.81873826905377,10.64712829934319,30.36423018256112
2024-07-25,15.353112290769413,20.930435604226236,29.238883626217476,10.529716151630202,29.858973926703317
2024-07-26,15.53373607767242,21.250363187182174,29.759336527984587,10.637706700277919,30.315376723976478
2024-07-29,15.568521792180785,21.309383013891445,29.853424690495263,10.659075706905899,30.3995733217059
2024-07-30,15.322221182006713,20.868383754291667,29.13165942050655,10.512712871287455,29.770451900485867
2024-07-31,15.843227257330557,21.792694364147486,30.63606905613178,10.823822825154227,31.089056392132825
2024-08-01,15.401452248899,20.998781768705207,29.33297771645174,10.561652982128804,29.956475306118264
2024-08-02,14.980622514004043,20.249147434101044,28.110349114513692,10.310974468355543,28.887060771478207
2024-08-05,14.46591118960122,19.4295190191148,26.633791803373224,10.003539384981668,27.71779397094789
2024-08-06,14.624446469077576,19.678281342471365,27.07525838260319,10.09912502916108,28.072673719630718
2024-08-07,14.441880966876834,19.38988483556485,26.55816374563989,9.989752768928694,27.66125257469596
2024-08-08,14.949520287160668,20.18756275751222,27.976055966405347,10.295350062407353,28.79920520615119
2024-08-09,15.0388664286177,20.32821000009066,28.22764784002216,10.34911623362965,28.999849971908684
2024-08-12,15.075059606970893,20.374991061515605,28.324164024302497,10.371403071258943,29.066586972502638
2024-08-13,15.504782398456587,20.972897558436525,29.54994063903698,10.628746144605893,29.91954936849613
2024-08-14,15.510111977983339,20.98019961147721,29.562400345398814,10.632192621294752,29.929966342871438
2024-08-15,15.960270101604634,21.607055178401197,30.865054874634883,10.900796502197245,30.82422694893416
2024-08-16,15.983401826795378,21.63917486672093,30.929992213920382,10.914811512054259,30.87004830469606
2024-08-19,16.223737923287455,21.956671324890056,31.63022012041114,11.058188205079553,31.322982904125915
2024-08-20,16.18411237813299,21.904259071191113,31.50946283561457,11.03498140855636,31.248212548351738
2024-08-21,16.270451913050586,22.0187490329032,31.762092577797233,11.086450165085255,31.411541819001997
2024-08-22,15.973319704041206,21.62517600385854,30.876215205813775,10.910676307465645,30.850077784774
2024-08-23,16.172080505233797,21.888700373259756,31.457765111846527,11.029006995477477,31.22601679645004
2024-08-26,15.990410978825842,21.620875339135253,30.912460120851183,10.921934277831074,30.843942535691358
2024-08-27,16.04488380587071,21.699821848453553,31.06961317909653,10.954561254824482,30.956566171812113
2024-08-28,15.835044792250049,21.394097420505847,30.44816978424554,10.83025544443624,30.520425333873526
2024-08-29,15.80793255380439,21.35436505328669,30.36579021318152,10.814401935386485,30.463743870607487
2024-08-30,16.0241619659153,21.668393684292756,30.994818476050146,10.94330328445905,30.91173133167854
2024-09-03,15.463256747331807,20.669497052281216,29.334278584267295,10.611054136363393,29.486723794583522
2024-09-04,15.416603634204735,20.586953186826687,29.196671559846962,10.583480904257438,29.36896823645656
2024-09-05,15.432715858626588,20.613820702622107,29.240196669364423,10.593362837418423,29.407296939632175
2024-09-06,14.956862480809239,19.78357262280448,27.865301449875982,10.309594175365927,28.22288032085123
2024-09-09,15.177038123396065,20.16071430624034,28.482943656550137,10.44217110422892,28.76090370007371
2024-09-10,15.337913634588862,20.438299866874434,28.939582234692516,10.538676707302228,29.15690214817716
2024-09-11,15.720507642931212,21.10210337234622,30.035231815936907,10.76752871754191,30.103872002848235
2024-09-12,15.89752314599512,21.41082240828784,30.546931263884836,10.873223270091287,30.544284893394885
2024-09-13,15.978980543314101,21.552702750806535,30.782139717881535,10.921934277831072,30.746688776815354
2024-09-16,15.896742783252103,21.40513238988917,30.533990201709983,10.873682185591946,30.536167617948692
2024-09-17,15.905957690111352,21.420106023957075,30.55796398101358,10.879426786271734,30.557528728518758
2024-09-18,15.826326291926254,21.27904015715682,30.322247858036942,10.832323756028071,30.356286761156834
2024-09-19,16.286074682208998,22.084140073375522,31.659789108657094,11.106211194217108,31.504827472937873
2024-09-20,16.249987107178313,22.019095853706823,31.550046243936762,11.08507341858328,31.412036587172537
2024-09-23,16.298492103366737,22.102002137024215,31.686422513284477,11.114454650088266,31.530309163947482
2024-09-24,16.388464113747183,22.259936413693982,31.949632890685546,11.16806690374697,31.755615294139208
2024-09-25,16.405495540106752,22.288895206436642,31.997169793540266,11.178420519764119,31.79692737448967
2024-09-26,16.54680080996565,22.538091587545292,32.41357672596012,11.262405602872043,32.152426341966944
2024-09-27,16.440612184938352,22.34820459862663,32.09400413688341,11.199820026185805,31.881537061000536
2024-09-30,16.490846473541353,22.434409957370416,32.236185047122525,11.230192146337497,32.0045160380149
2024-10-01,16.226180642954077,21.963548566465658,31.4458735605084,11.073727495324368,31.332793850289498
2024-10-02,16.252110439242216,22.008132494102785,31.51940638894599,11.08937388949593,31.39639646028956
2024-10-03,16.23771544493743,21.98150907139883,31.47398311083643,11.081091422260728,31.358415975822407
2024-10-04,16.459454425478114,22.37183880050119,32.12507743007998,11.212934937479703,31.915253178089294
2024-10-07,16.255657651318273,22.007651866956685,31.512695418278838,11.092826749862544,31.395710806455337
2024-10-08,16.534404285132098,22.498678108927407,32.332030129407826,11.258493117707244,32.09619979930604
2024-10-09,16.683571709844998,22.762191380483454,32.772856457028674,11.347080123177248,32.472122979000574
2024-10-10,16.66133102221534,22.72136197305773,32.703287125132626,11.334193605687384,32.41387649838163
2024-10-11,16.69083259636494,22.772593004571526,32.78833302735976,11.351911148640891,32.48696174434277
2024-10-14,16.850843956815673,23.054425627708557,33.25944316590799,11.447169806659861,32.88901897358858
2024-10-15,16.59136105009891,22.59010470331545,32.47695083321219,11.294158016013348,32.22662729492341
2024-10-16,16.593245503598766,22.5922154700688,32.479518136267814,11.295538309002962,32.22963847589668
2024-10-17,16.60601408764683,22.613653124618885,32.51449961187326,11.303361860737505,32.260221039029354
2024-10-18,16.730737022141188,22.833950495961925,32.88306488657462,11.377450115436357,32.57449321145012
2024-10-21,16.766646556989233,22.894940176710858,32.98321965012176,11.399311374548812,32.66149996667086
2024-10-22,16.78721202123825,22.930317141958177,33.04169133652264,11.411736848645434,32.71196809370364
2024-10-23,16.49092559330813,22.40118047460272,32.15115828406022,11.236863798886466,31.957111469934233
2024-10-24,16.644262323503273,22.671642643592108,32.60307298096427,11.327981577936601,32.34294781871921
2024-10-25,16.76045235017158,22.87683474785908,32.94635233704499,11.397011122665301,32.63567109534493
2024-10-28,16.762508112882962,22.877573829062083,32.94529055057547,11.39885033115557,32.63672545497641
2024-10-29,16.947277728482764,23.205249907711913,33.494829086179664,11.50837509035649,33.10418211349115
2024-10-30,16.799532125063802,22.940115146123823,33.04734836556096,11.421400318167775,32.725945745982244
2024-10-31,16.311406440442532,22.069465371048594,31.583075463971337,11.133092151935672,31.483892812883607
2024-11-01,16.44976421267617,22.312448939774832,31.98782596411464,11.215465711059837,31.83052869664654
2024-11-04,16.39363151878473,22.21032344185268,31.81480422664041,11.182792629727105,31.68483834230468
2024-11-05,16.63369582843934,22.633351853198445,32.520815416620664,11.325450095058942,32.2883228824008
2024-11-06,17.152850741833955,23.55353163362262,34.06237579661823,11.633085909633257,33.60103440886407
2024-11-07,17.462960013512788,24.107686772101836,34.99633629062414,11.816239298734843,34.39158192273705
2024-11-08,17.485961970977293,24.14780186601402,35.0632394083975,11.830047193713662,34.44880937685413
2024-11-11,17.473141856198005,24.121664841040527,35.01654171906025,11.823144310170546,34.411522778430566
2024-11-12,17.43630530427971,24.054030736647906,34.90095922331439,11.801744094451331,34.31503721081976
2024-11-13,17.410042228070036,24.005478744929036,34.81774377240926,11.786558743673012,34.24577383368629
2024-11-14,17.270436937658722,23.75311201884132,34.38967830970992,11.704645518644561,33.88575211045474
2024-11-15,16.79677111495659,22.902099988728196,32.95122332332848,11.425771009535707,32.67171402262212
2024-11-18,16.9299341352163,23.136043691938855,33.34164766375787,11.505154170281555,33.00545380074088
2024-11-19,17.06342761928231,23.372746329689605,33.73863029767481,11.584306100033254,33.34312942405922
2024-11-20,17.051671277360857,23.35048060138856,33.700135764570625,11.577633738186758,33.31136554616527
2024-11-21,17.121755420336022,23.474401907517347,33.90779425282538,11.619280142547026,33.4881493990496
2024-11-22,17.152883959363248,23.52880117364549,33.99846511510261,11.63791835369196,33.56575439015757
2024-11-25,17.18302048504163,23.579760379180893,34.082029395684245,11.656326043140272,33.638451854184545
2024-11-26,17.28866191771668,23.76758021948243,34.397743515394275,11.718910910528983,33.90639217900744
2024-11-27,17.131662932998722,23.484779292925438,33.91923153497789,11.626641941590801,33.50295358593737
2024-11-29,17.30402529351778,23.790873547087536,34.4333479752191,11.728805611045473,33.93962201114178
2024-12-02,17.519620980647378,24.17452516607763,35.07880402799264,11.856506828700558,34.48693234452297
2024-12-03,17.58093615971529,24.283586419558304,35.26240622022124,11.892861873501468,34.642517119998715
2024-12-04,17.830428334025708,24.731779671743954,36.02067029096373,12.039892867391348,35.28190135853953
2024-12-05,17.773135561946287,24.626806564005626,35.841248568496916,12.006527511671225,35.13214865648249
2024-12-06,17.955596301802313,24.95526690572946,36.397912639730045,12.113983249982782,35.600724130253695
2024-12-09,17.793702323793156,24.65870831909249,35.8908297919227,12.019645260155237,35.177659112708376
2024-12-10,17.723507283086278,24.53051904537447,35.67211215449523,11.978686165099663,34.99478665587061
2024-12-11,18.087937033140133,25.187132271443076,36.78506494761915,12.19313517973448,35.93149899037894
2024-12-12,17.953224923593226,24.941135538126563,36.364858432647665,12.114444293376023,35.58056458150936
2024-12-13,18.110791331593777,25.22534402441744,36.847261984123456,12.207170759219807,35.98601117337071
2024-12-16,18.40963616381798,25.765200680331688,37.76482030394097,12.382963058575145,36.756160735372475
2024-12-17,18.31592055792805,25.592767389501056,37.46886827296875,12.32842800883243,36.5101705786283
2024-12-18,17.555551092834584,24.205603374205673,35.0984471474741,11.883658738074839,34.53126794382587
2024-12-19,17.465190294799104,24.04182574115387,34.820379335239686,11.830737340208469,34.29762578904513
2024-12-20,17.640130133922213,24.35467174942173,35.347999821121185,11.934048653063549,34.74392614229994
2024-12-23,17.83671696887862,24.705738566627815,35.94010746566534,12.050318122458828,35.24475159761778
2024-12-24,18.11440060598254,25.206126537736576,36.78832760229681,12.213718993998892,35.95859586082822
2024-12-26,18.099475855767842,25.17684926918035,36.73672626394072,12.205423050110657,35.91682944874796
2024-12-27,17.82231888637344,24.672668524563253,35.87739168980675,12.043172659161113,35.19757448470755
2024-12-30,17.548670488920024,24.175569273832796,35.03170019775894,11.882999800671268,34.48842184941565
2024-12-31,17.37678683155488,23.865444437198025,34.50641035415193,11.78205754155992,34.04600346949283
2025-01-02,17.336955379613883,23.792020412087506,34.38091601847533,11.75901104627807,33.94125810762726
2025-01-03,17.662791820721704,24.374023403582704,35.36113391548529,11.951450558617069,34.77153285569842
2025-01-06,17.89518761904642,24.78938369766267,36.061822038823706,12.088807443521684,35.364078200938025
2025-01-07,17.527499688115167,24.123728734130008,34.93105052369803,11.873090914204218,34.4144670902983
2025-01-08,17.530566180405813,24.12797138801891,34.937216756261364,11.87516348158122,34.42051958219308
2025-01-10,17.21368555074795,23.557005635163417,33.97100680163348,11.688949473646039,33.60599035547644
2025-01-13,17.149037928116375,23.438750663453618,33.76979449978067,11.651384367262251,33.43728999090912
2025-01-14,17.129868563387742,23.403348628520607,33.709318465809204,11.640320744419512,33.38678609992448
2025-01-15,17.58263511304338,24.208971943060725,35.06214086567846,11.908120991222706,34.53607348211066
2025-01-16,17.44052082142558,23.9524818402456,34.627747046997776,11.82469270667431,34.17016942558601
2025-01-17,17.77859675941656,24.55684869030542,35.64610142749751,12.024275554418438,35.032348042377734
2025-01-21,17.89715240022784,24.766633841425303,35.99834501827677,12.094799589038766,35.331623675047
2025-01-22,18.159840428655116,25.239486922652414,36.799153418278216,12.249439217512185,36.006187171502404
2025-01-23,18.20377577254741,25.317812738863346,36.931329739453204,12.27548462274269,36.1179253382684
2025-01-24,18.085000563967025,25.101019307761117,36.56132638178158,12.206112487307935,35.80865182245801
2025-01-27,17.478410092083784,23.999841014792192,34.68764741998996,11.850738111904812,34.23773115171135
2025-01-28,17.77503490201204,24.529848263111088,35.58036251004675,12.025888496997252,34.99382973024844
2025-01-29,17.73618991262085,24.458646135206912,35.45885436895456,12.003304463703701,34.89225408601354
2025-01-30,17.822672915812618,24.61293013638063,35.718793419686854,12.054467512998002,35.11235280041504
2025-01-31,17.79243081341746,24.55717067891828,35.623366680607944,12.036950701244937,35.03280738540231
2025-02-03,17.627619458449818,24.257503104732105,35.113854666463574,11.940618166768475,34.60530714348204
2025-02-04,17.8760066522408,24.702068087402193,35.863630233750094,12.08719308234781,35.239515359559064
2025-02-05,17.968834292139682,24.868088940322817,36.143811464997135,12.14204447878804,35.476357650488026
2025-02-06,18.076232269000187,25.060656651975744,36.469303470549235,12.205423050110657,35.75107120113237
2025-02-07,17.81355690076932,24.584336595724793,35.65956730462501,12.051468603049345,35.07156178196427
2025-02-10,18.06047165445391,25.025823432057166,36.40429878334068,12.197354081431403,35.70137877117062
2025-02-11,18.010557704329234,24.934295696824808,36.24791934792543,12.16831544063247,35.57080698988761
2025-02-12,18.02225412128162,24.95410739842503,36.280478137243755,12.175460903930187,35.599069998489554
2025-02-13,18.319940870180446,25.490432889788917,37.189153943395766,12.350613416915213,36.36418206618236
2025-02-14,18.407923689687124,25.648775124360935,37.45760174568509,12.402468740596904,36.59007018160348
2025-02-18,18.454504620213424,25.729439979020416,37.59184622075315,12.43058671320441,36.705145177538704
2025-02-19,18.459927612257328,25.73795279361253,37.60527735869356,12.434042410761135,36.71728940204292
2025-02-20,18.369345891953564,25.57187393847655,37.32110229202558,12.381266418888018,36.48036436622185
2025-02-21,17.93043645344332,24.77357617512597,35.96077075048884,12.124297854635886,35.34152748043732
2025-02-24,17.685967125011928,24.330015886303077,35.20722172033389,11.981180055208336,34.70875254209779
2025-02-25,17.429254171536204,23.86811447602101,34.42641238573755,11.830223808798152,34.04981249769972
2025-02-26,17.477222563777257,23.952549430905755,34.56751085249614,11.858800696906314,34.170265849176886
2025-02-27,16.918605573485042,22.952708675879958,32.88309594917138,11.529468180246056,32.74391144357901
2025-02-28,17.225415472991397,23.49442518818407,33.78759107330967,11.711535634832176,33.51671424245087
2025-03-03,16.95555501622831,23.118128793177473,33.23798819428168,11.455258635669905,32.40992417714927
2025-03-04,16.920309004506784,23.070072457796872,33.16889540903376,11.420688183449602,32.26042888989736
2025-03-05,17.075283851636673,23.28137361970061,33.47269272704451,11.569569025292672,32.88847908385064
2025-03-06,16.747048760350282,22.833839987947687,32.82925321246159,11.25129658498751,31.52853935216708
2025-03-07,16.83382036052175,22.952149121823524,32.99935165036809,11.33403401374357,31.873604130992785
2025-03-10,16.378829408615864,22.331789633984684,32.107432519824826,10.8947674732087,30.014331398432546
2025-03-11,16.351977326521176,22.295178040224652,32.05479436160465,10.868725614465836,29.904139745788804
2025-03-12,16.481654110997336,22.47198644326045,32.308999866960605,10.991333366571892,30.40758528380353
2025-03-13,16.274650140163555,22.189745935423684,31.90320981572622,10.793593273805675,29.5844043449907
2025-03-14,16.55055565185402,22.565930563287697,32.444067613157664,11.054479997602831,30.654473098807905
2025-03-17,16.62734553094547,22.67063007404683,32.5945988751682,11.126153094218626,30.909483242573433
2025-03-18,16.42949169800027,22.400865363432928,32.206745846627896,10.93648267942919,30.20719401174766
2025-03-19,16.583938865664607,22.61144705836348,32.50950875415609,11.082826364014377,30.742881846198863
2025-03-20,16.54514884741285,22.558558631120874,32.433468650044254,11.04526054833306,30.60260666959531
2025-03-21,16.58388927326895,22.611379441385516,32.50941153814282,11.081675174126328,30.73501425815431
2025-03-24,16.840309630326413,22.960996946325533,33.012072571207916,11.324854285135372,31.605028944804054
2025-03-25,16.908147911502017,23.053491360092842,33.14505600859331,11.38948122010738,31.837309678664287
2025-03-26,16.690932827266195,22.75732846313203,32.71924910350881,11.179906498085415,31.0759891474898
2025-03-27,16.624921896228173,22.667325558241338,32.589847822074184,11.116203068494949,30.84478192090197
2025-03-28,16.319094720527918,22.25034410115985,31.990334562514914,10.823538396845477,29.7901204933853
2025-03-31,16.320261207381627,22.251934552978963,31.99262122763648,10.823077353452236,29.784317605542164
2025-04-01,16.412902900588605,22.378247291967874,32.1742268136621,10.910321658701614,30.085007851286232
2025-04-02,16.49731134825389,22.49333437478472,32.339692761801885,10.989950945689698,30.359879931321462
2025-04-03,15.879654792097444,21.651187727181114,31.128900115851955,10.401619145954461,28.31409982491642
2025-04-04,15.189799360788923,20.710601194071508,29.776575956622263,9.75558670160876,26.10076049396347
2025-04-07,15.216982693687855,20.747664433250872,29.829863466061568,9.779129705160255,26.152172657776
2025-04-08,15.025669602988463,20.486817727473547,29.45483225982905,9.603021768404929,25.709779490728227
2025-04-09,16.28866174928848,22.208850127768894,31.930676784411805,10.75568061163314,28.609879759406933
2025-04-10,15.804258012757082,21.548387644629234,30.981099748408763,10.298218461610848,27.466593570244232
2025-04-11,16.00860764167059,21.827009077872734,31.381686491032774,10.487942783012418,27.942292442050558
2025-04-14,16.056409141472404,21.900304314576537,31.48706639587079,10.559032127762615,28.049963124291306
2025-04-15,16.065458697762892,21.91374472162452,31.506390282106732,10.570802210943306,28.06995412420576
2025-04-16,15.848463468549554,21.58459452761258,31.033156035486257,10.252055959889399,27.564406993089108
2025-04-17,15.848162817364397,21.583868903522813,31.032112772636353,10.250209658423849,27.562682628525142
2025-04-21,15.67561742206583,21.321682232190625,30.655155036809177,9.996550676437662,27.159255652211574
2025-04-22,15.86177506686757,21.602756763818356,31.059268710867123,10.258980831655887,27.584685617721597
2025-04-23,16.024632269379627,21.848931729943587,31.41320568781713,10.49163538594352,27.958213454849894
2025-04-24,16.228523428228026,22.157544120611718,31.85691179783169,10.786838633445932,28.4276179974708
2025-04-25,16.31093979199563,22.28229685861761,32.03627449929167,10.90709009916376,28.61750189698986
2025-04-28,16.311639119049275,22.282522378927816,32.03659874012774,10.90362801792928,28.615793362833507
2025-04-29,16.361126542947087,22.35735763160044,32.14419279616495,10.975640868061017,28.725503988473143
2025-04-30,16.361209775772362,22.357204635908232,32.14397282728006,10.974256319286237,28.72480544848059
2025-05-01,16.4583809361099,22.504461242212724,32.35569036660457,11.117588326567263,28.94124171981057
2025-05-02,16.56934046421456,22.672757900253835,32.59765814795711,11.282615617339179,29.188897389642275
2025-05-05,16.528194339116297,22.609345902893754,32.50648782710259,11.215681337508379,29.0850210356666
2025-05-06,16.460038783490038,22.50547122609012,32.35714246649092,11.111357147783222,28.919944521807498
2025-05-07,16.49014187075952,22.55092094990925,32.422487607408186,11.154978945759147,28.991012853783168
2025-05-08,16.567784567581004,22.66861468887614,32.59170126398565,11.270153259771096,29.176320859115087
2025-05-09,16.56392888794829,22.662468135829208,32.582864084323006,11.262766635313842,29.165834333243918
2025-05-12,17.327371862635246,23.99183127147735,34.855279495580824,11.721614043408442,30.8800298623049
2025-05-13,17.6306121118955,24.526740507482774,35.78036014164452,11.900259137421653,31.568514746787546
2025-05-14,17.751663888464147,24.740561633211936,36.15095364476958,11.97157900386847,31.843725199586867
2025-05-15,17.773638988584242,24.77847710094368,36.21578509019515,11.984736473014054,31.892526425410402
2025-05-16,17.862138963592677,24.93481430790838,36.48693351449817,12.036898213227868,32.09374898174768
2025-05-19,17.88076239712695,24.96489331592288,36.53720033906832,12.048439902604523,32.132463853289
2025-05-20,17.81175947906896,24.83791616139524,36.31933711431308,12.008280895160604,31.969030796459133
2025-05-21,17.5266417772982,24.31801830307964,35.4313651702895,11.8414037564355,31.299867146195375
2025-05-22,17.563905717116366,24.384179588646482,35.54280883761402,11.863562920509743,31.385023733490215
2025-05-23,17.376397065640095,24.043350232604258,34.96218774006646,11.753696989197826,30.946340226031307
2025-05-27,17.845167876002847,24.885652322424843,36.38816791193677,12.03020528175306,32.03047229550213
2025-05-28,17.753755351353902,24.71807087848251,36.1012418960034,11.97688880516356,31.814777214340918
2025-05-29,17.79342911352024,24.78882032530062,36.22075623496673,12.000431808715055,31.905839251488622
2025-05-30,17.760695262142807,24.728035628821388,36.116094202271675,11.981504913476199,31.827602904241495
2025-06-02,17.920948091928118,25.01605061046392,36.60445192996848,12.076136552480362,32.19830871378452
2025-06-03,18.081587164903297,25.307219708486127,37.10045635077857,12.170536960490377,32.57307420542898
2025-06-04,18.139088950781847,25.4108625285774,37.27665160693286,12.204466917042838,32.70647350051476
2025-06-05,17.981607158029004,25.121769108993924,36.780809974731035,12.112604375588237,32.33437962703263
2025-06-06,18.183283621089082,25.487960083445888,37.405248993556306,12.231008830542988,32.80570622559148
2025-06-09,18.21297336641,25.53913656805785,37.49037482203655,12.249013638995361,32.87157578574231
2025-06-10,18.3510245144791,25.79028942668299,37.919421852246145,12.330025346865645,33.19483613575852
2025-06-11,18.279438487405205,25.65770525244502,37.69089971848559,12.288478953456833,33.024186250244995
2025-06-12,18.32832043453934,25.745846333074173,37.84086891958634,12.317331758303414,33.137633163535014
2025-06-13,18.063219126351733,25.258767603985195,37.0045606601383,12.162689292639882,32.51071121125192
2025-06-16,18.351080788152085,25.780726570427777,37.8942131310948,12.331872357628722,33.182527726142425
2025-06-17,18.144818178712598,25.401413416670792,37.24266230259302,12.211620891910894,32.69431149193166
2025-06-18,18.140800159966886,25.392743653676142,37.226762267318406,12.209544068748723,32.68315258800538
2025-06-20,18.05484133420466,25.23360542276482,36.95281172238004,12.159688964096175,32.478324816954064
2025-06-23,18.26726839037849,25.61782747595219,37.60682864361527,12.2847196765581,32.97285932505089
2025-06-24,18.588045047638598,26.2032575244113,38.60839749574467,12.47257854546086,33.726369850118644
2025-06-25,18.642212187491825,26.3014879551581,38.77615109164459,12.504462887942386,33.85280282643148
2025-06-26,18.84219173621004,26.668126053856383,39.40566342597122,12.621384911063483,34.32470492128831
2025-06-27,18.91589286841796,26.802791671358136,39.63668609903817,12.664596735068187,34.49803384490506
2025-06-30,19.055664231556563,27.05788126446934,40.074172286186936,12.746625575593713,34.82636118947929
2025-07-01,18.87044786653129,26.71342282654272,39.47783207978736,12.639178348852493,34.38300666897036
2025-07-02,19.021115504485834,26.99022339326223,39.95393842159458,12.727214939440719,34.73927833783472
2025-07-03,19.235873620642465,27.386281826641984,40.636792189224295,12.85245560397095,35.24904752183713
2025-07-07,19.067748593797763,27.069780981475365,40.08539715945623,12.755637909985294,34.841677386577416
2025-07-08,19.079563856501423,27.090233424169238,40.119574598885315,12.762798977828625,34.868001848182594
2025-07-09,19.23439199654309,27.375546705342035,40.611378640218824,12.853146459763282,35.235230282854126
2025-07-10,19.202080386982022,27.314122368651788,40.503899102322826,12.834660747586883,35.15617065085671
2025-07-11,19.15188941340256,27.219562822307626,40.33914083982662,12.805778152244123,35.03446249186573
2025-07-14,19.230624637893282,27.362212635407698,40.58309489743942,12.8522243729768,35.218067921502914
2025-07-15,19.25039928882578,27.39747437261785,40.64294322629646,12.864005804917939,35.2634535148628
2025-07-16,19.27256868602345,27.437190870295492,40.71051226162269,12.877177460014085,35.31457285712701
2025-07-17,19.451434453023193,27.76788814036363,41.28179920272285,12.981390290027337,35.74021529598608
2025-07-18,19.429429209139975,27.72545528030755,41.20701388358665,12.968912327913637,35.6855997074198
2025-07-21,19.544109839913975,27.935540469237257,41.568552332159165,13.036150896383978,35.956001613567324
2025-07-22,19.42727866238345,27.716255240185085,41.18667312441674,12.96868109691949,35.67375828062326
2025-07-23,19.528682985937103,27.90349735608401,41.51010446202439,13.027836510760013,35.91475873052698
2025-07-24,19.575972360816937,27.99016209275074,41.659320314381304,13.055562951132028,36.02630543265217
2025-07-25,19.62965162369157,28.088799483599892,41.82939465834303,13.086987668815366,36.1532622097525
2025-07-28,19.69901991508227,28.214851253223443,42.04560566105517,13.127885764283528,36.315504198124565
2025-07-29,19.66342316261241,28.146866804020586,41.9262011434785,13.10755304134405,36.22800100598381
2025-07-30,19.693209517673374,28.201001508310213,42.019070545170365,13.125113829543853,36.29767810841651
2025-07-31,19.57269026494647,27.974407398616684,41.62396876096767,13.055562951132027,36.00602747138168
2025-08-01,19.12879565860699,27.145418836377353,40.18372341333165,12.798384434811588,34.939031323076264
2025-08-04,19.53356921667674,27.89139599668112,41.46941399418978,13.034536535210101,35.89918299829098
2025-08-05,19.380548741115657,27.60495743363613,40.97137346440402,12.946036064038521,35.5305062065756
2025-08-06,19.66050478544417,28.123649666777112,41.868364578261755,13.108939008713884,36.1981180894493
2025-08-07,19.736523936426835,28.26403133859552,42.110998304721974,13.153305569094275,36.37880418084518
2025-08-08,19.94774104379676,28.657103969209746,42.793057022891226,13.276001274093813,36.88473032020797
2025-08-11,19.87869138973772,28.524290267515003,42.558872947654564,13.23672037698964,36.713785008528795
2025-08-12,20.165509192628452,29.059632132420383,43.489532927390776,13.403087530792067,37.40282673226222
2025-08-13,20.17659411435989,29.07896921195737,43.52206710547688,13.40979039243227,37.42771560326149
2025-08-14,20.158091324819136,29.042686603734648,43.45748340520032,13.399393509265911,37.38101604070113
2025-08-15,20.05563623501075,28.84865138544336,43.11752463448697,13.340469326419536,37.13127214798306
2025-08-18,20.04526953878632,28.825766355871625,43.074808327061305,13.335153850744225,37.10181668922385
2025-08-19,19.7320011128182,28.236683613152156,42.046603393399316,13.154229074475817,36.34360475947542
2025-08-20,19.596770930616497,27.982814580828578,41.60437937315609,13.07612832366071,36.01684840600829
2025-08-21,19.49193278869363,27.786104665392443,41.26199201155289,13.015588361045406,35.76366189456009
2025-08-22,19.837257439086642,28.42676349942303,42.37076214112158,13.216386235455106,36.58825772063751
2025-08-25,19.770290705388167,28.298229902236223,42.14450343273121,13.17826007472662,36.42282135713003
2025-08-26,19.86108173459294,28.46628061099565,42.43530789856687,13.231175088915236,36.63912043185061
2025-08-27,19.895677670449988,28.52950051958528,42.54406935468031,13.251506393259659,36.72049115520431
2025-08-28,20.038405271240887,28.79499221251733,43.004769285808884,13.334461576356837,37.0622071048193
2025-08-29,19.77115351183185,28.292603409767906,42.128208079001766,13.180108504084755,36.41557946494284
2025-09-02,19.57915439638241,27.92999218724173,41.49482707602154,13.069656693014656,35.948860386548546
2025-09-03,19.75581104002783,28.257272899470024,42.06094270715269,13.172483555658067,36.370105353329436
2025-09-04,19.960959214356333,28.63857455631291,42.72193755794045,13.291713632935485,36.860881001783284
2025-09-05,19.99358849772188,28.6982056150421,42.82454984588093,13.310891619499275,36.93763249496619
2025-09-08,20.104619455999337,28.9027978933795,43.17805131810767,13.375822133813294,37.20096444295996
2025-09-09,20.16962615804275,29.02324382775561,43.386787622400604,13.41371848214269,37.35599112717765
2025-09-10,20.176717583324926,29.035098927651422,43.40627252479173,13.418107615246347,37.37124989732575
2025-09-11,20.31127478758237,29.2862089925222,43.84304710837874,13.496208366061454,37.694455167244165
2025-09-12,20.41394925561824,29.477841287291064,44.17654197132555,13.555823404700162,37.941106242690815
2025-09-15,20.613689640956302,29.850697566261342,44.82569630224076,13.671820503844664,38.42101179465418
2025-09-16,20.593149226725966,29.810413576192843,44.75389857520591,13.660266047112504,38.369162029531545
2025-09-17,20.545376870155085,29.718732321439674,44.59210274781973,13.63300065013373,38.2511585369029
2025-09-18,20.757921421545184,30.118268603585655,45.29029664998055,13.75593042331753,38.76540408090228
2025-09-19,20.91900692098939,30.42162835964221,45.82126998112461,13.849048421396805,39.15586024158664
2025-09-22,21.060266489396025,30.68615684252058,46.28328879817412,13.931036122665702,39.49633643776703
2025-09-23,20.898879932782915,30.377921512243468,45.73964657223421,13.838501167154496,39.09960489627396
2025-09-24,20.81399478032485,30.21547776440904,45.45305112876337,13.789918542267293,38.8905225745741
2025-09-25,20.710289761964233,30.017608175414146,45.10454912013397,13.730466642060039,38.63584344033608
2025-09-26,20.8076947668371,30.200267369650373,45.423533192512274,13.78691253934336,38.87094518429278
2025-09-29,20.917354001800373,30.404459584851114,45.7790347412407,13.850760665629553,39.133762208624944
2025-09-30,20.98273371001637,30.52691211225929,45.992896944768404,13.888699571810632,39.29137159076388
2025-10-01,21.09797754763414,30.74409427790075,46.373401453825785,13.955325307216723,39.570908058184
2025-10-02,21.197205391110028,30.931176122733834,46.701364830859106,14.01269470988158,39.81170222223803
2025-10-03,21.094068456558357,30.733341219840984,46.35161367057538,13.953705271662624,39.55706773268991
2025-10-06,21.275081486455562,31.07387186666611,46.94793311380789,14.058501144243943,39.99536676972471
2025-10-07,21.145730587163285,30.82590969710841,46.50959001915721,13.984473179834978,39.67621317473562
2025-10-08,21.423987844188435,31.353480409125144,47.43698543588848,14.144788607127964,40.35525260099743
2025-10-09,21.393650875409364,31.29401851076909,47.33074103499691,14.127671839180728,40.278718835144915
2025-10-10,20.53906061164942,29.661942988207446,44.449613525484004,13.637237993566387,38.178064645643474
2025-10-13,21.039169939038647,30.600661444826944,46.08803199385547,13.926639896586765,39.38629479884436
2025-10-14,20.877489461802213,30.292418628721194,45.545159482515096,13.833872291486355,38.98955362229638
2025-10-15,21.046408159569005,30.61060606642076,46.102057201155745,13.931495747463892,39.3990945809165
2025-10-16,20.956271492184253,30.43809346676811,45.79768634246503,13.87990853824781,39.17705257967789
2025-10-17,21.1140191371318,30.735446138595453,46.31841795740505,13.971054689199068,39.55977698623792
2025-10-20,21.41882513435815,31.310769749050852,47.32711328679207,14.147102335664512,40.30027945436227
2025-10-21,21.411864233504268,31.29596410210501,47.29973533153151,14.143401221163074,40.28122301741734
2025-10-22,21.174123198797098,30.841187725501356,46.49657600970859,14.007143747426957,39.69587761667308
2025-10-23,21.378311309044996,31.227603526912013,47.174988461823304,14.124894230060834,40.19323571125978
2025-10-24,21.640325384422283,31.72529013000296,48.0508822412672,14.275724930808549,40.83381112176579
2025-10-27,22.082363338840366,32.567090834896455,49.53548821405431,14.529962699577636,41.91729785569111
2025-10-28,22.27711945293455,32.940156588697455,50.1961920157708,14.641696920578475,42.397473023964906
2025-10-29,22.391948529397666,33.16002683070621,50.58575171512157,14.707628963002119,42.68046933059259
2025-10-30,21.997718582263378,32.39691755505218,49.22625438990855,14.482770297845436,41.69826680700226
2025-10-31,22.11922479421908,32.62875799337585,49.63593698591453,14.552633267169613,41.99667002506907
2025-11-03,22.23973048607083,32.85700316120818,50.038006096355105,14.622266424094695,42.29044574893258
2025-11-04,21.720055365832103,31.853955002341745,48.25452762011002,14.325462292071443,40.999416450308374
2025-11-05,21.88208567469428,32.16234495876794,48.798264823377984,14.418690940565096,41.39634701204491
2025-11-06,21.412812440977618,31.261116383641216,47.20167566362619,14.150108338588447,40.23637031006796
2025-11-07,21.334602835404873,31.11066211274687,46.93538028213883,14.105462314981997,40.04271971601547
2025-11-10,21.87624783085368,32.137439323427756,48.73976311886252,14.417533366999294,41.36429081948745
2025-11-11,21.808712147707634,32.006457147893514,48.50670065058123,14.379131998829918,41.19570287610959
2025-11-12,21.788416772166073,31.966041236197235,48.43394152721155,14.367797424331458,41.14368331386896
2025-11-13,21.27633088166268,30.984534251066844,46.697634559767565,14.074463175815493,39.88037978910134
2025-11-14,21.29431587393387,31.01717913777329,46.753781874889015,14.085104057331508,39.9223972184897
2025-11-17,21.08401089616966,30.61418852919273,46.04225997127999,13.964810033761996,39.40370559022744
2025-11-18,20.788283642100392,30.052607366237403,45.05567202963148,13.794778648929592,38.68089110866742
2025-11-19,20.930505533240492,30.319317239888278,45.520968231306966,13.877133766318025,39.024174985988694
2025-11-20,20.360218739768115,29.240312490866785,43.6297479110089,13.548636802145824,37.635381504810596
2025-11-21,20.535638082800574,29.56749362224244,44.19814182858632,13.650425253208152,38.05649830047906
2025-11-24,21.13846256013638,30.696368092217,46.164199895602835,13.999508868834878,39.50947939846848
2025-11-25,21.28779437163209,30.977730294069787,46.65663622508478,14.085799168909011,39.871622375260216
2025-11-26,21.503589310568163,31.385815563103016,47.37246180439902,14.210256768968259,40.396871371533976
2025-11-28,21.703241254039735,31.76344347296175,48.03539667903904,14.32546229207144,40.882918518220144
2025-12-01,21.618242898243913,31.59773215145768,47.74016706084963,14.277343547767591,40.66963048286074
2025-12-02,21.81229493373515,31.966167290552804,48.38834603906864,14.389079187363487,41.14384555918573
2025-12-03,21.873082346591964,32.0808381054234,48.589592199698664,14.42424332161478,41.29143905246561
2025-12-04,21.849169386016126,32.03356502981049,48.50479340295755,14.410824830978868,41.230593593438684
2025-12-05,21.951110499091204,32.226988972412705,48.845225017073744,14.469584456798732,41.479550709552704
2025-12-08,21.901522759382985,32.12858603565862,48.668362393961665,14.44182397014537,41.35289569972371
2025-12-09,21.932071711755224,32.18550553506973,48.76768217146287,14.45963584967011,41.42615712865232
2025-12-10,22.03486000190071,32.38073074626368,49.111523400635726,14.518857937478273,41.6774326683695
2025-12-11,21.952387324460556,32.22112079146833,48.827828304393385,14.471898185335279,41.47199773867903
2025-12-12,21.469233292871564,31.29461873545225,47.18855225388011,14.19521966137331,40.279491387933014
2025-12-15,21.344195033287082,31.053600821369088,46.761842443693624,14.123967887489185,39.96927578579652
2025-12-16,21.392346658167718,31.143517275687852,46.91860481999933,14.151959605136698,40.08500779320593
2025-12-17,20.935818139142015,30.275149961114735,45.391139781527905,13.889624495787235,38.96732701669319
2025-12-18,21.284203134830715,30.93085857931499,46.536920008674436,14.090887669375347,39.81129351019995
2025-12-19,21.602775876761875,31.533270095027756,47.59314178238858,14.274567357242754,40.58666098357503
2025-12-22,21.720748076977422,31.75457953989997,47.98010487432066,14.342993289775071,40.8715096968364
2025-12-23,21.837226801488903,31.97519737822885,48.367772575962185,14.410165184277773,41.1554682391696
2025-12-24,21.910188803943786,32.11304064644346,48.6097872568997,14.452322992155775,41.33288713606912
2025-12-26,21.907755023605162,32.10594569407084,48.59523319244399,14.451398068179179,41.32375518033556
2025-12-29,21.78466493391011,31.867285275551154,48.17100018485415,14.381442890176356,41.016573924872176
2025-12-30,21.726057982546717,31.753963377195706,47.96991195354715,14.34808888321668,40.87071663012579
2025-12-31,21.519035301980058,31.357804692128852,47.27046464125295,14.229491499334298,40.3608184115759
2026-01-02,21.470291892855418,31.26277780829463,47.10137667365318,14.201926778798681,40.23850873969974
2026-01-05,21.665305220356238,31.629893443010655,47.74397467085298,14.314732039066895,40.71102547402786
2026-01-06,21.88372258708959,32.044335777307346,48.472597151952876,14.440508932528342,41.2444566871133
2026-01-07,21.90744366387257,32.08814267882532,48.54866492147773,14.454409745483336,41.300840812682665
2026-01-08,21.763609549691118,31.811848769745247,48.059724875100905,14.372176627269727,40.94522126590347
2026-01-09,22.012396879082274,32.28468981610497,48.89189548559422,14.515328472978625,41.55381781138979
2026-01-12,22.032263519485138,32.31931043655178,48.95025597299568,14.527372345005148,41.59837821952003
2026-01-13,21.99418134536357,32.24492167430715,48.817546137589275,14.50583097907785,41.502631997668885
2026-01-14,21.723466558341297,31.725724215493393,47.899233606974185,14.350867910931631,40.83436983580289
2026-01-15,21.8128828302889,31.894557510915416,48.195382691761935,14.402523212710408,41.05167618250855
2026-01-16,21.79139694830234,31.852076464998444,48.11924766402964,14.390477922088827,40.996998573631835
2026-01-20,21.25749009528451,30.829859226878376,46.314035933631146,14.084721036666354,39.68129663818026
2026-01-21,21.587467697456198,31.452618254278747,47.40429454842088,14.275124865099809,40.48285351583328
2026-01-22,21.767428384223443,31.793128170477083,48.001803514824,14.378895093455547,40.921125870354054
2026-01-23,21.845959761822638,31.94123418472103,48.26144119830281,14.424295809631857,41.111754009193845
2026-01-26,21.955362328276053,32.14649472209653,48.62047029332078,14.487763752443007,41.37594607740181
2026-01-27,22.18373874680283,32.58112820073573,49.38614231142345,14.619100119929417,41.93536543341788
2026-01-28,22.267699170359673,32.74042816199023,49.666571786672186,14.667509676219774,42.14040136856348
2026-01-29,22.11391364932665,32.44394985872973,49.14057472797826,14.579722758361426,41.75880236702774
2026-01-30,21.80794694587326,31.856905080209252,48.101955133867925,14.404605710252802,41.003213513217574
2026-02-02,21.979013345725026,32.17947731279193,48.66740613011421,14.503514413351192,41.41839816761891
2026-02-03,21.59016244058714,31.435365256891064,47.35320466567301,14.280682920529717,40.4606470794626
2026-02-04,21.15592429994263,30.60919697677025,45.90004300284693,14.031213049744276,39.39728093317973
2026-02-05,20.8052028705703,29.94587476508043,44.7383879974489,13.829229229867652,38.5435149378485
2026-02-06,21.310462822327114,30.89303418530096,46.38809812151253,14.121550601513542,39.76260950590447
2026-02-09,21.416997557415012,31.03666131056543,46.59216748765508,14.2297241489235,40.2125485937358
2026-02-10,21.348066774173986,30.936769560212078,46.44221021240157,14.163708409391543,39.92958146046549
2026-02-11,21.388766305740273,30.995749703125906,46.530751072824316,14.20169554780453,40.087104274840115
2026-02-12,21.084870572068077,30.555356088921837,45.86963315075888,13.912848315451097,38.86098589052795
2026-02-13,21.116935024399396,30.60182261834306,45.93938860221353,13.942496952124165,38.982179268599545
2026-02-17,21.104159730486767,30.58330917035642,45.911596254939575,13.928135095775929,38.913254168675984
2026-02-18,21.21508615781382,30.744059338353182,46.152914052496115,14.032139392315926,39.34607779831667
2026-02-19,21.15882850097742,30.6625329788961,46.03052686153914,13.978400174399697,39.116984795680146
2026-02-20,21.290506391238853,30.85335534188969,46.31698897188091,14.10209457031875,39.63315389654648
2026-02-23,20.98220627701828,30.260754712822926,45.27101306485286,13.930682892496733,38.90362613344962
2026-02-24,21.24090344190081,30.745967647587566,46.116714124234534,14.080319136207192,39.52742229413158
2026-02-25,21.59443390049671,31.411986661971056,47.28099438034747,14.284388290816324,40.383665139997035
2026-02-26,21.2943251276413,30.84108767025875,46.27723796178117,14.112054526207825,39.64970985222203
2026-02-27,21.21544669892007,30.690618289640593,46.01262911309455,14.066885041025664,39.456264428152025
2026-03-02,21.227307415836375,30.69703448373178,46.01074537619579,14.085414729648802,39.527339896569636
2026-03-03,21.06884835433726,30.467885153587854,45.66728120580612,13.9346223309676,38.889515604940435
2026-03-04,21.294270553421573,30.793870587497732,46.15588973259801,14.147031405911706,39.77568960729349
2026-03-05,21.249979305641954,30.729820544136878,46.05988729177682,14.10440971745035,39.59284148416942
2026-03-06,21.02682208968444,30.40711052635898,45.57618817529717,13.892231873500393,38.696354655102716
2026-03-09,21.339208798167807,30.98663389355483,46.581617243374744,14.077771339486386,39.46481824173802
2026-03-10,21.339115483642466,30.984987353595017,46.57751952061208,14.07800398907559,39.46272119562243
2026-03-11,21.335386701613963,30.976454262511073,46.56134357418692,14.076151303932287,39.45185338436468
2026-03-12,20.913772504389225,30.176546966886633,45.15738217202065,13.834557472898465,38.43308522321166
2026-03-13,20.77072830650901,29.905897674188925,44.68369553620633,13.752557004274063,38.088384176293765
2026-03-16,20.92629258242902,30.119413575297695,44.99154795752409,13.906826379437835,38.722599634920975
2026-03-17,20.998389239414458,30.22318298502888,45.146555835176585,13.974694804113094,39.0030394384111
2026-03-18,20.79410213992422,29.929150603831513,44.70733838671484,13.779890493815532,38.18445107955076
2026-03-19,20.74870977635383,29.863816939679037,44.609744764029976,13.73634388137758,38.00046365898499
2026-03-20,20.480886580274525,29.478336445415856,44.03392465050173,13.48247352872803,36.94402374976904
2026-03-23,20.64724792576786,29.7177819252169,44.39160169360713,13.63723799356639,37.573661563645516
2026-03-24,20.549037937205913,29.576427346947924,44.18045012947375,13.544002252097457,37.18539297801836
2026-03-25,20.644225071303303,29.71343110180003,44.385102553777415,13.633063068316208,37.54926098010768
2026-03-26,20.299913949206804,29.21786080218055,43.644833330211235,13.307669990126815,36.201987455815754
2026-03-27,20.022889020060497,28.819136165278973,43.04922948227588,13.047681237000187,35.13825632591518
2026-03-30,19.917507427897892,28.66745942917934,42.82265896392209,12.94795542314947,34.72926099724761
2026-03-31,20.390084612039374,29.347644301838454,43.838700336763544,13.38629278392258,36.490128034443735
2026-04-01,20.566996820416207,29.602275739759534,44.21906174460036,13.551656991020323,37.16343712723572
2026-04-02,20.584102847482892,29.626896608545643,44.25583971824772,13.567194862670089,37.22445073719052
2026-04-06,20.673215170404493,29.75515682942131,44.447431293035315,13.648833589555181,37.55208005544866
2026-04-07,20.676032602815663,29.759211986906955,44.45348877526467,13.650921761477802,37.557761626876236
2026-04-08,21.10695233837268,30.379438894366793,45.37996659601521,14.056791737201317,39.229836642631774
2026-04-09,21.207509822514933,30.52417224553455,45.596165277767035,14.151880163813553,39.62484385960111
2026-04-10,21.229534442889506,30.555872492832904,45.643518231469926,14.172289490886062,39.707475360442345
2026-04-13,21.471371768719273,30.9956325327113,46.409741240703816,14.318868662250562,40.309413347861714
2026-04-14,21.919199344569144,31.82826756045135,47.87894860939145,14.578854578187077,41.39224427462732
2026-04-15,22.27157096876006,32.48694725776072,49.0463250219026,14.782950686102275,42.24884857701306
2026-04-16,22.39440827039359,32.716640526573634,49.45397478795284,14.854151390564379,42.54756165880063
2026-04-17,22.730846563175625,33.34927805272196,50.580545532375545,15.048504587634094,43.37029845934725
2026-04-20,22.646662079268538,33.18706352533693,50.28625561805826,15.00072772473877,43.159340595251706
2026-04-21,22.547081616721833,32.9980967540713,49.94568440000513,14.943676087366484,42.91359178906366
2026-04-22,22.980361081691697,33.811359627632164,51.402171481810285,15.193690698653477,43.9712294835433
2026-04-23,22.830967016636635,33.52744551427283,50.889483307484575,15.108109696107407,43.60200290497242
2026-04-24,23.332638047478245,34.47250212343143,52.58696818116467,15.397090276396115,44.831036623045435
2026-04-27,23.345562369282064,34.492972942844894,52.62171858305974,15.405207477307277,44.857658655050614
2026-04-28,23.07501974288656,33.969956966537666,51.6894676325603,15.25028129263252,44.1774832414902
2026-04-29,23.23671326680117,34.278830837411995,52.23644729994815,15.343515615506398,44.579169657158204
2026-04-30,23.48538990121588,34.75570517015092,53.08290241649559,15.486613554603165,45.19933846878263
2026-05-01,23.744111725723357,35.25346940485077,53.968478036773234,15.635279479295232,45.84667432376552
2026-05-04,23.691426677895755,35.14769491862095,53.77642386459127,15.605823771549797,45.70911599252012
2026-05-05,24.044351577518384,35.82896444902391,54.99110211865899,15.808294169530676,46.59509807639387
2026-05-06,24.618221610759175,36.94265713118199,56.98387989126174,16.13670176221434,48.04344079436298
2026-05-07,24.583872144067914,36.873670558485436,56.858252240920145,16.117451427302687,47.953724661893574
2026-05-08,25.246005309072192,38.16732435235985,59.184019708975164,16.495258755625883,49.636104443989666
2026-05-11,25.328771496939712,38.326470349466554,59.468478143560326,16.543035618521206,49.843071724727096
2026-05-12,25.081117565613866,37.835858768954346,58.5788094198924,16.402719544329507,49.20503780264974
2026-05-13,25.38518168637349,38.43235747547942,59.65472688457576,16.575969721344265,49.98077654253217
2026-05-14,25.5920839754686,38.83911512405144,60.38977686387057,16.69378687794578,50.509759526550646
2026-05-15,25.147440619293338,37.957100304749986,58.7882219164047,16.441915325730314,49.36271082887879
2026-05-18,25.021712210315027,37.70555953769959,58.330299859973444,16.371178501851563,49.03558536234179
2026-05-19,24.84380553955953,37.35409451432412,57.69445624476158,16.27029227724493,48.578509711776945
2026-05-20,25.316459523605268,38.27928523507941,59.36011440610878,16.539788454437726,49.78170810268486
2026-05-21,25.371391155733228,38.38581051980879,59.551297511031954,16.571330915510725,49.92024283752609
2026-05-22,25.49452842496108,38.62699457730281,59.9862850825002,16.641603858806118,50.23389953919787
2026-05-26,26.013384131199146,39.647142930062415,61.83013220930755,16.937077348666723,51.56058908438233
2026-05-27,25.97877580550229,39.57646542981838,61.69993619339918,16.91782701375507,51.468673922827755
2026-05-28,26.23005236685557,40.07389225868724,62.60307469393871,17.060462490863536,52.11557098595528
2026-05-29,26.340566327915994,40.292221881502066,62.999368493086095,17.123313344825274,52.39950579524939
2026-06-01,26.52093362984528,40.64778409791255,63.64427945369166,17.226056510360376,52.861909791588104
2026-06-02,26.66074512777719,40.9253501630713,64.14965215321554,17.30537441573364,53.22288081678063
2026-06-03,26.57999680850539,40.761723166408586,63.848748945958356,17.260151023939347,53.01008605492553
2026-06-04,26.43150801098632,40.462762167484065,63.30074569915186,17.176656774720843,52.62129119913996
2026-06-05,24.97183612109427,37.54621105480833,57.97593109210192,16.352159397934056,48.82835475149882
2026-06-08,25.418967238705694,38.41398166808694,59.544974369593206,16.60751218241726,49.956879046167096
2026-06-09,25.08199003621407,37.75164467897653,58.33886475798919,16.416404730835968,49.09551848378936
2026-06-10,24.505189298646595,36.623800319739445,56.29252948704209,16.088461018735657,47.62877169549386
2026-06-11,25.456452148768612,38.46616548252852,59.61325037617388,16.63186378515075,50.02474341203135
2026-06-12,25.628128126525016,38.80085944184993,60.22016319084381,16.729736913858165,50.4600085138834
2026-06-15,26.552612852799793,40.39541573305872,63.51483922881807,17.25527956851661,52.53370804496847
2026-06-16,25.971648548552704,39.38206227453832,61.39490089097271,16.9273358564163,51.21585517057156
2026-06-17,25.670261148752843,38.8576626586767,60.305692820975935,16.756871800091773,50.533880351928396
2026-06-18,26.409605163973374,40.13876192776007,62.94384399933778,17.17688942431005,52.19993313928889
2026-06-22,26.331565640291604,40.000238385548656,62.645855973405965,17.13377264617411,52.01978509051082
2026-06-23,25.333807286637118,38.45337565935351,59.0284012199546,16.569574694831243,50.00811041483528
2026-06-24,25.209509108130906,38.26147775319612,58.582801210256314,16.49922372880776,49.75854970618627
2026-06-25,25.44389861837838,38.623019040495166,59.406834525601006,16.63295894053408,50.22872940575121
2026-06-26,25.04056871437116,38.000523426313805,57.968924432283046,16.40403032616137,49.4191820286236
2026-06-29,25.754947731463627,39.028420720721286,60.47478584610258,16.811738801077627,50.755948970730444
2026-06-30,26.25827667401177,39.75347984826868,62.26823481849789,17.097785726790264,51.69887885103225
2026-07-01,25.79714845380539,39.09043865479842,60.59904716211816,16.83704511828389,50.83660248012592
2026-07-02,25.282300150250517,38.349446400987794,58.75365279968464,16.545194720196633,49.872951778211906
2026-07-06,25.69755599618053,38.94883103982823,60.20816747780395,16.78248453383016,50.652443635197876
2026-07-07,25.14949604438633,38.21814990314124,58.24913088723479,16.47159375289956,49.70220240578862
2026-07-08,25.230839770654235,38.327257304227125,58.53098942836959,16.518262693056048,49.84409514906593
2026-07-09,25.713126291679657,38.97020620814852,60.22870828712134,16.793165136007747,50.68024176108847
2026-07-10,25.80368407910365,39.09127621043068,60.54651375393282,16.844941018366296,50.837691710234296
2026-07-13,25.23907826961382,38.21664105816537,58.51913123559975,16.52522657618658,49.70024017269833
2026-07-14,25.562682741399946,38.713908728314145,59.6560592965684,16.7098113276998,50.34693025199905
2026-07-15,25.482423174807256,38.59043981475002,59.36610544315602,16.66453544788843,50.18636055021235
2026-07-16,25.000031854875036,37.84884181792985,57.65103152592206,16.390562184698496,49.22192208746369
2026-07-17,24.567335291836745,37.18382798164245,56.12784071025408,16.14421889741676,48.357080320461
2026-07-20,24.595676957655947,37.22527859849717,56.21588675758384,16.16116827114737,48.4109863037171
2026-07-21,25.119697683759103,38.143079110144875,58.03380084306919,16.46091315072198,49.60457382466357
2026-07-22,24.971593541182358,37.881597750487884,57.50827808349261,16.37686281224147,49.26452074789377
2026-07-23,24.425837899661552,36.921570456801376,55.590846374991955,16.06597486850098,48.01601785105505
2026-07-24,24.111450436961373,36.37012150225675,54.49733720889002,15.886498477784878,47.298865722427685
2026-07-27,24.024622426750252,36.19253230428824,54.18830392295078,15.837508716116567,47.067913301002726
2026-07-28,23.75550582774951,35.66946074091549,53.26007704360012,15.683572710790987,46.38766559719307
2026-07-29,23.19844701921825,34.59210185845414,51.35515230403919,15.364090918200477,44.986574508914956
2026-07-30,24.077590078347207,36.276533023471984,54.31250927568617,15.870709514810178,47.177155133945526
2026-07-31,24.256876208397777,36.6222981196303,54.92345076022193,15.973798817538974,47.62681810396557
2026-08-03,24.745373846490587,37.56014106986041,56.59636011942438,16.25427350187114,48.846470553268134
2026-08-04,25.71141406657133,39.43105553512226,59.953901859237014,16.806397790691303,51.27957026301414
2026-08-05,25.443243828749775,38.90410477012526,58.99734590638034,16.65432014488925,50.594277708399574
2026-08-06,25.33453878270522,38.690118552200246,58.608862460661925,16.592792840114882,50.31599144016543
2026-08-07,25.675569240490454,39.35352104545459,59.80456320653152,16.787360245038073,51.17873767669956
2026-08-10,25.585975453815813,39.18664743495361,59.47579134324739,16.73720865401879,50.96172073615366
2026-08-11,25.486586088202934,39.00904042978215,59.11926907025946,16.681020941035687,50.730745156694944
2026-08-12,25.7001570029701,39.38729815285696,59.868246143131344,16.80291655842357,51.222664361613646
2026-08-13,26.04136651696312,39.99299308088472,61.07283236638836,16.997251313757552,52.01036266687675
2026-08-14,25.99983898655663,39.91798506815614,60.91957612310318,16.97403316847391,51.912815730666075
2026-08-17,25.949362749578576,39.8094892853985,60.728222393987714,16.946170542976507,51.77171838899827
2026-08-18,25.443389804357388,38.81529743228621,58.92128932841601,16.659195856097163,50.47878493097361
2026-08-19,25.384468649164845,38.69865795394732,58.708773952523266,16.625993638808495,50.32709682007349
2026-08-20,25.173915830974135,38.28655211319891,57.96288194236794,16.506420261527495,49.79115858231485
2026-08-21,25.275528746534974,38.48244435226005,58.31410821348603,16.56469898362333,50.04591386848688
2026-08-24,24.984088754643434,37.8983407628615,57.28001141003831,16.399385845947606,49.28629481576428
2026-08-25,25.162475696473614,38.24945955917348,57.89762851642675,16.501544550319583,49.74292020257665
2026-08-26,25.188343823728477,38.298905745774256,57.983420637493865,16.516636983121725,49.80722431936028
2026-08-27,25.584354008432594,39.08245562111641,59.36587675648217,16.742780895399257,50.82622064958518
2026-08-28,25.392794299571953,38.69887447117467,58.684533946282265,16.634120769885048,50.32737839788627
2026-08-31,25.404872592078604,38.718640786441554,58.71598027960835,16.64178260178319,50.35308423149415
