date,desired_position,previous_exposure,risk_probability,risk_active,direction_probability,direction_active,forecast_volatility,trend_score,cash_return,risk_model,direction_model,volatility_exposure,risk_cap,trend_cap,direction_cap,raw_exposure
2018-01-02,1.0,1.0,0.009179757743541973,True,0.6371238989013509,False,0.0964385462693098,1.0,0.0001499939253504,logistic,logistic,1.0,1.0,1.0,1.0,1.0
2018-01-03,1.0,1.0,0.0068456570699460305,True,0.6241898234227616,False,0.09102983106454636,1.0,3.728015640347415e-05,logistic,logistic,1.0,1.0,1.0,1.0,1.0
2018-01-04,1.0,1.0,0.0073719549827935245,True,0.6233213220859338,False,0.09282422179386941,1.0,3.728015640347415e-05,logistic,logistic,1.0,1.0,1.0,1.0,1.0
2018-01-05,1.0,1.0,0.007721374227470423,True,0.6316385211885389,False,0.09246877705385635,1.0,3.728015640347415e-05,logistic,logistic,1.0,1.0,1.0,1.0,1.0
2018-01-08,1.0,1.0,0.010586017594609996,True,0.6352608926243508,False,0.09357302139472573,1.0,0.0001126554986532,logistic,logistic,1.0,1.0,1.0,1.0,1.0
2018-01-09,1.0,1.0,0.011814453525384752,True,0.6382982271601979,False,0.09904784023291364,1.0,3.849614601647566e-05,logistic,logistic,1.0,1.0,1.0,1.0,1.0
2018-01-10,1.0,1.0,0.009083772074347523,True,0.6415253621861778,False,0.09464472593620402,1.0,3.7955772631992346e-05,logistic,logistic,1.0,1.0,1.0,1.0,1.0
2018-01-11,1.0,1.0,0.011537693707196829,True,0.6401035892247486,False,0.09579470681239056,1.0,3.8171935384356814e-05,logistic,logistic,1.0,1.0,1.0,1.0,1.0
2018-01-12,1.0,1.0,0.013762606911371347,True,0.6473775675963506,False,0.09754157409103137,1.0,3.8361062634439946e-05,logistic,logistic,1.0,1.0,1.0,1.0,1.0
2018-01-16,1.0,1.0,0.017974719098012584,True,0.6443292180892312,False,0.11108201137828604,1.0,0.0001518317345907,logistic,logistic,1.0,1.0,1.0,1.0,1.0
2018-01-17,1.0,1.0,0.022996455775565094,True,0.6579254209420969,False,0.11450259138526715,1.0,3.849614601647566e-05,logistic,logistic,1.0,1.0,1.0,1.0,1.0
2018-01-18,1.0,1.0,0.02166719341806185,True,0.6627979771270809,False,0.11844378004385121,1.0,3.822597260993987e-05,logistic,logistic,1.0,1.0,1.0,1.0,1.0
2018-01-19,1.0,1.0,0.01674600106076253,True,0.6550107767508521,False,0.10838557625352202,1.0,3.8171935384356814e-05,logistic,logistic,1.0,1.0,1.0,1.0,1.0
2018-01-22,1.0,1.0,0.01563030842304312,True,0.6599728909176018,False,0.10605141107114532,1.0,0.0001134662792932,logistic,logistic,1.0,1.0,1.0,1.0,1.0
2018-01-23,1.0,1.0,0.01665132241079109,True,0.6583542036846675,False,0.10425743559647614,1.0,3.844211410486409e-05,logistic,logistic,1.0,1.0,1.0,1.0,1.0
2018-01-24,1.0,1.0,0.016040916450140344,True,0.6543227130519904,False,0.1094917060402893,1.0,3.8361062634439946e-05,logistic,logistic,1.0,1.0,1.0,1.0,1.0
2018-01-25,1.0,1.0,0.017023400997807157,True,0.6461592364094997,False,0.11201037573086256,1.0,3.790173009177167e-05,logistic,logistic,1.0,1.0,1.0,1.0,1.0
2018-01-26,1.0,1.0,0.013057725157187635,True,0.6491574505233654,False,0.1068144752778114,1.0,3.7766617479118025e-05,logistic,logistic,1.0,1.0,1.0,1.0,1.0
2018-01-29,1.0,1.0,0.024153722511264544,True,0.6470328882329188,False,0.13137763382458365,1.0,0.000112250078589,logistic,logistic,1.0,1.0,1.0,1.0,1.0
2018-01-30,1.0,1.0,0.020859767223102576,True,0.6312960722031403,False,0.1376819330468484,1.0,3.876629285715083e-05,logistic,logistic,1.0,1.0,1.0,1.0,1.0
2018-01-31,1.0,1.0,0.02412787277566218,True,0.6470236977518536,False,0.12868542894438048,1.0,3.890135631667846e-05,logistic,logistic,1.0,1.0,1.0,1.0,1.0
2018-02-01,1.0,1.0,0.023162516403652807,True,0.6468606310971456,False,0.12901030588685958,1.0,3.952256336758886e-05,logistic,logistic,1.0,1.0,1.0,1.0,1.0
2018-02-02,1.0,1.0,0.02966220548787049,True,0.6355438766678673,False,0.1573078383001466,1.0,3.944154698576341e-05,logistic,logistic,1.0,1.0,1.0,1.0,1.0
2018-02-05,1.0,1.0,0.07177290993733322,True,0.6227696494775228,False,0.3152754206893635,0.5,0.0001189774871981,logistic,logistic,1.0,1.0,1.0,1.0,1.0
2018-02-06,1.0,1.0,0.14030365304458298,True,0.6386788555506505,False,0.2720763709611569,0.75,4.046761126064169e-05,logistic,logistic,1.0,1.0,1.0,1.0,1.0
2018-02-07,1.0,1.0,0.0670156851226597,True,0.6257991403908157,False,0.2508087128323454,0.5,4.119642302935489e-05,logistic,logistic,1.0,1.0,1.0,1.0,1.0
2018-02-08,1.0,1.0,0.02236427331786968,True,0.5886533887591211,False,0.2854657058438783,0.5,4.119642302935489e-05,logistic,logistic,1.0,1.0,1.0,1.0,1.0
2018-02-09,1.0,1.0,0.05248325422245856,True,0.6048569808527641,False,0.25595990609596664,0.5,4.146630449630706e-05,logistic,logistic,1.0,1.0,1.0,1.0,1.0
2018-02-12,1.0,1.0,0.14965582041667708,True,0.6179173023493983,False,0.22861460705536735,0.5,0.0001252137041585,logistic,logistic,1.0,1.0,1.0,1.0,1.0
2018-02-13,1.0,1.0,0.11931955628940083,True,0.6220372470314254,False,0.2224548721470417,0.5,4.2680446345144674e-05,logistic,logistic,1.0,1.0,1.0,1.0,1.0
2018-02-14,1.0,1.0,0.07292665303633623,True,0.6377631777457848,False,0.17666933030565005,0.75,4.214089220044848e-05,logistic,logistic,1.0,1.0,1.0,1.0,1.0
2018-02-15,1.0,1.0,0.1360448809009265,True,0.6507594053000694,False,0.1603392582368466,0.75,4.241068091026534e-05,logistic,logistic,1.0,1.0,1.0,1.0,1.0
2018-02-16,1.0,1.0,0.12933480227595473,True,0.6522191975992347,False,0.17088783378628086,0.75,4.2680446345144674e-05,logistic,logistic,1.0,1.0,1.0,1.0,1.0
2018-02-20,1.0,1.0,0.12950873906233892,True,0.6589722552908677,False,0.1792912206756397,0.75,0.0001710564406149,logistic,logistic,1.0,1.0,1.0,1.0,1.0
2018-02-21,1.0,1.0,0.09030308808543164,True,0.661756546066115,False,0.1738554316823896,0.75,4.370530192043809e-05,logistic,logistic,1.0,1.0,1.0,1.0,1.0
2018-02-22,1.0,1.0,0.06301940723629723,True,0.6547295890840428,False,0.16571202329132936,0.75,4.362440557570402e-05,logistic,logistic,1.0,1.0,1.0,1.0,1.0
2018-02-23,1.0,1.0,0.06492245018403688,True,0.666760982476261,False,0.14598778109511784,0.75,4.362440557570402e-05,logistic,logistic,1.0,1.0,1.0,1.0,1.0
2018-02-26,1.0,1.0,0.08089167204538032,True,0.687044074120037,False,0.14162877333208682,0.75,0.0001311216363051,logistic,logistic,1.0,1.0,1.0,1.0,1.0
2018-02-27,1.0,1.0,0.07888235176354502,True,0.6756122740872093,False,0.16384461461902208,0.75,4.4433255426579166e-05,logistic,logistic,1.0,1.0,1.0,1.0,1.0
2018-02-28,1.0,1.0,0.0783243318063244,True,0.66627598171688,False,0.17387386711568667,0.75,4.397493705821098e-05,logistic,logistic,1.0,1.0,1.0,1.0,1.0
2018-03-01,1.0,1.0,0.07619952398252629,True,0.6582260759766706,False,0.19471698290525044,0.75,4.321989133315718e-05,logistic,logistic,1.0,1.0,1.0,1.0,1.0
2018-03-02,1.0,1.0,0.04594066284921343,True,0.6536952498431807,False,0.17046422812004017,0.75,4.362440557570402e-05,logistic,logistic,1.0,1.0,1.0,1.0,1.0
2018-03-05,1.0,1.0,0.049222591925129074,True,0.6506140230074724,False,0.16398525201799105,1.0,0.0001324968471771,logistic,logistic,1.0,1.0,1.0,1.0,1.0
2018-03-06,1.0,1.0,0.04696023495972089,True,0.6174846166764901,False,0.160349669078771,1.0,4.464890915079067e-05,logistic,logistic,1.0,1.0,1.0,1.0,1.0
2018-03-07,1.0,1.0,0.056159248641340066,True,0.6371057406554933,False,0.15606723368411535,1.0,4.483759106976848e-05,logistic,logistic,1.0,1.0,1.0,1.0,1.0
2018-03-08,1.0,1.0,0.05575935890112434,True,0.6233166010312411,False,0.13574913712833175,1.0,4.4433255426579166e-05,logistic,logistic,1.0,1.0,1.0,1.0,1.0
2018-03-09,1.0,1.0,0.027849931777576966,True,0.5929981133136851,False,0.12703298860421433,1.0,4.4433255426579166e-05,logistic,logistic,1.0,1.0,1.0,1.0,1.0
2018-03-12,1.0,1.0,0.033001489239000335,True,0.6055544053187482,False,0.13614568361700535,1.0,0.0001339527081165,logistic,logistic,1.0,1.0,1.0,1.0,1.0
2018-03-13,1.0,1.0,0.03358315492216301,True,0.6097503485275296,False,0.14491080021574998,1.0,4.5915531832640966e-05,logistic,logistic,1.0,1.0,1.0,1.0,1.0
2018-03-14,1.0,1.0,0.033635519883100616,True,0.607877443426593,False,0.15462987993718655,1.0,4.666983719525675e-05,logistic,logistic,1.0,1.0,1.0,1.0,1.0
2018-03-15,1.0,1.0,0.03217851355534655,True,0.6219236419903565,False,0.1492109385480735,1.0,4.707384383584312e-05,logistic,logistic,1.0,1.0,1.0,1.0,1.0
2018-03-16,1.0,1.0,0.023672555289042503,True,0.6321023056868827,False,0.13725679951528438,1.0,4.72084995148947e-05,logistic,logistic,1.0,1.0,1.0,1.0,1.0
2018-03-19,1.0,1.0,0.03634278651116782,True,0.6149081629869558,False,0.16359630009268228,1.0,0.0001408241546332,logistic,logistic,1.0,1.0,1.0,1.0,1.0
2018-03-20,1.0,1.0,0.03418712963252135,True,0.620243158016198,False,0.1596453876633571,1.0,4.774705624299713e-05,logistic,logistic,1.0,1.0,1.0,1.0,1.0
2018-03-21,1.0,1.0,0.03130430019545276,True,0.6121366888764229,False,0.15635689253772322,1.0,4.645434205019505e-05,logistic,logistic,1.0,1.0,1.0,1.0,1.0
2018-03-22,1.0,1.0,0.04670799862489021,True,0.5941520735839598,False,0.19978817133994936,0.5,4.572692071946882e-05,logistic,logistic,1.0,1.0,1.0,1.0,1.0
2018-03-23,1.0,1.0,0.028306465450074092,True,0.5896633847166097,False,0.21054881309394885,0.5,4.586164242903479e-05,logistic,logistic,1.0,1.0,1.0,1.0,1.0
2018-03-26,1.0,1.0,0.04501933867725115,True,0.6241184699612142,False,0.18845892348495846,0.5,0.0001389653848353,logistic,logistic,1.0,1.0,1.0,1.0,1.0
2018-03-27,1.0,1.0,0.026683708029015932,True,0.5960019080566713,False,0.19887933325542034,0.5,4.707384383584312e-05,logistic,logistic,1.0,1.0,1.0,1.0,1.0
2018-03-28,1.0,1.0,0.020684177914853108,True,0.589228349749146,False,0.2019481942025864,0.5,4.6050244294049136e-05,logistic,logistic,1.0,1.0,1.0,1.0,1.0
2018-03-29,1.0,1.0,0.02774567807878447,True,0.5879662074566239,False,0.17988649881642518,0.5,4.537661271175608e-05,logistic,logistic,1.0,1.0,1.0,1.0,1.0
2018-04-02,0.85,1.0,0.03885496938844447,True,0.5827770457019185,False,0.20832150075370284,0.25,0.000182920228968,logistic,logistic,1.0,1.0,0.7,1.0,0.7
2018-04-03,0.7749999999999999,0.85,0.02835464594306153,True,0.6004206899137097,False,0.18694980961388588,0.25,4.6535155111770976e-05,logistic,logistic,1.0,1.0,0.7,1.0,0.7
2018-04-04,0.7749999999999999,0.7749999999999999,0.03556241508343368,True,0.6169187299202888,False,0.17716000388046735,0.25,4.532271594870352e-05,logistic,logistic,1.0,1.0,0.7,1.0,0.7
2018-04-05,0.7749999999999999,0.7749999999999999,0.03577162953097114,True,0.6283734999719425,False,0.16955018068151806,0.25,4.551135159980291e-05,logistic,logistic,1.0,1.0,0.7,1.0,0.7
2018-04-06,0.7749999999999999,0.7749999999999999,0.029357363432681104,True,0.617907956603329,False,0.18818813330515302,0.25,4.564608388024638e-05,logistic,logistic,1.0,1.0,0.7,1.0,0.7
2018-04-09,0.7749999999999999,0.7749999999999999,0.049195193238495985,True,0.6407276152210347,False,0.18920502062143318,0.25,0.0001365402687429,logistic,logistic,1.0,1.0,0.7,1.0,0.7
2018-04-10,0.7749999999999999,0.7749999999999999,0.050686251858038885,True,0.6646196654508492,False,0.17979880965226677,0.25,4.6050244294049136e-05,logistic,logistic,1.0,1.0,0.7,1.0,0.7
2018-04-11,0.7749999999999999,0.7749999999999999,0.03763600079610384,True,0.6507762609625017,False,0.17847474235303623,0.25,4.599635753277376e-05,logistic,logistic,1.0,1.0,0.7,1.0,0.7
2018-04-12,0.7749999999999999,0.7749999999999999,0.030029885456688502,True,0.6604869167679885,False,0.16494088425895395,0.25,4.6319649402049023e-05,logistic,logistic,1.0,1.0,0.7,1.0,0.7
2018-04-13,0.7749999999999999,0.7749999999999999,0.028247962205651726,True,0.6561685747340388,False,0.1534082192160729,0.25,4.666983719525675e-05,logistic,logistic,1.0,1.0,0.7,1.0,0.7
2018-04-16,0.7749999999999999,0.7749999999999999,0.03078026372490934,True,0.663516687808865,False,0.14754745850830023,0.25,0.000139611961998,logistic,logistic,1.0,1.0,0.7,1.0,0.7
2018-04-17,0.8875,0.7749999999999999,0.035339209335709644,True,0.6655400357123621,False,0.13741142315320523,0.75,4.76662788215787e-05,logistic,logistic,1.0,1.0,1.0,1.0,1.0
2018-04-18,0.94375,0.8875,0.044728552469196305,True,0.6714131565155672,False,0.14166311683612254,0.5,4.80701389713456e-05,logistic,logistic,1.0,1.0,1.0,1.0,1.0
2018-04-19,0.94375,0.94375,0.033856391230999754,True,0.6662964382727621,False,0.14441369292059147,0.5,4.842010372829719e-05,logistic,logistic,1.0,1.0,1.0,1.0,1.0
2018-04-20,0.8218749999999999,0.94375,0.02272247403096752,True,0.6391379343748297,False,0.15282788924068072,0.25,4.793552551762836e-05,logistic,logistic,1.0,1.0,0.7,1.0,0.7
2018-04-23,0.9109375,0.8218749999999999,0.019104505996783108,True,0.6199603075995136,False,0.15018205447061797,0.5,0.0001452673448176,logistic,logistic,1.0,1.0,1.0,1.0,1.0
2018-04-24,0.80546875,0.9109375,0.029164835417710176,True,0.6293243449362451,False,0.15815003825308865,0.25,4.949663686892869e-05,logistic,logistic,1.0,1.0,0.7,1.0,0.7
2018-04-25,0.752734375,0.80546875,0.024159455970482344,True,0.6033573866339806,False,0.15874249726352446,0.25,4.928136655069082e-05,logistic,logistic,1.0,1.0,0.7,1.0,0.7
2018-04-26,0.8763671875,0.752734375,0.015224470266492011,True,0.6041140248983085,False,0.1493492070345106,0.5,4.847393976303849e-05,logistic,logistic,1.0,1.0,1.0,1.0,1.0
2018-04-27,0.93818359375,0.8763671875,0.012237460627418139,True,0.6152960808740983,False,0.14344162459714185,0.5,4.80701389713456e-05,logistic,logistic,1.0,1.0,1.0,1.0,1.0
2018-04-30,0.93818359375,0.93818359375,0.01745330097023121,True,0.5842879725505876,False,0.1462446999142307,0.5,0.0001436519148692,logistic,logistic,1.0,1.0,1.0,1.0,1.0
2018-05-01,0.93818359375,0.93818359375,0.015649049607014805,True,0.5961694166410034,False,0.14002636327183277,0.5,4.914680922363246e-05,logistic,logistic,1.0,1.0,1.0,1.0,1.0
2018-05-02,0.93818359375,0.93818359375,0.014791281405281239,True,0.6008357248249753,False,0.1449678266010891,0.75,4.847393976303849e-05,logistic,logistic,1.0,1.0,1.0,1.0,1.0
2018-05-03,0.93818359375,0.93818359375,0.015008046539359379,True,0.6025984024293067,False,0.1438715325909227,0.5,4.855469344189345e-05,logistic,logistic,1.0,1.0,1.0,1.0,1.0
2018-05-04,0.93818359375,0.93818359375,0.011733801848016251,True,0.594404728292501,False,0.13373374362864482,1.0,4.868927656231925e-05,logistic,logistic,1.0,1.0,1.0,1.0,1.0
2018-05-07,0.93818359375,0.93818359375,0.014021445469758415,True,0.6030866100713482,False,0.13284351722644447,1.0,0.0001460749417392,logistic,logistic,1.0,1.0,1.0,1.0,1.0
2018-05-08,0.93818359375,0.93818359375,0.015370267778014682,True,0.6191597995209311,False,0.1348724898995109,1.0,4.981951713789456e-05,logistic,logistic,1.0,1.0,1.0,1.0,1.0
2018-05-09,0.93818359375,0.93818359375,0.013655098716318571,True,0.6207659309275145,False,0.12127648427088754,1.0,5.008855290733472e-05,logistic,logistic,1.0,1.0,1.0,1.0,1.0
2018-05-10,0.93818359375,0.93818359375,0.02304153556016053,True,0.6398193369158318,False,0.12035063315519078,1.0,5.008855290733472e-05,logistic,logistic,1.0,1.0,1.0,1.0,1.0
2018-05-11,0.93818359375,0.93818359375,0.019331692604985115,True,0.6333761524726063,False,0.11632311033533767,1.0,5.0492057170892224e-05,logistic,logistic,1.0,1.0,1.0,1.0,1.0
2018-05-14,0.93818359375,0.93818359375,0.02792889314844144,True,0.6373732169798392,False,0.12001498917553265,1.0,0.0001510802947828,logistic,logistic,1.0,1.0,1.0,1.0,1.0
2018-05-15,0.93818359375,0.93818359375,0.027114954246472527,True,0.6447368995994469,False,0.13473904510965912,1.0,5.0895502181180774e-05,logistic,logistic,1.0,1.0,1.0,1.0,1.0
2018-05-16,0.93818359375,0.93818359375,0.020270406389517086,True,0.6474168988544813,False,0.124228177008759,1.0,5.0626545423870795e-05,logistic,logistic,1.0,1.0,1.0,1.0,1.0
2018-05-17,0.93818359375,0.93818359375,0.01954488310455841,True,0.6333516888525149,False,0.12351880866499111,1.0,5.057275155384566e-05,logistic,logistic,1.0,1.0,1.0,1.0,1.0
2018-05-18,0.93818359375,0.93818359375,0.01563983556495859,True,0.6164621540642604,False,0.12279545511295901,1.0,5.035756233429112e-05,logistic,logistic,1.0,1.0,1.0,1.0,1.0
2018-05-21,0.93818359375,0.93818359375,0.019223427182490035,True,0.6139024302746282,False,0.12211412838754779,1.0,0.0001517259276004,logistic,logistic,1.0,1.0,1.0,1.0,1.0
2018-05-22,0.93818359375,0.93818359375,0.019718595531925877,True,0.5919464817866859,False,0.12148444276361761,0.75,5.137955864520371e-05,logistic,logistic,1.0,1.0,1.0,1.0,1.0
2018-05-23,0.93818359375,0.93818359375,0.01959127358638584,True,0.5948571668301676,False,0.11591413883938337,1.0,5.084171357738754e-05,logistic,logistic,1.0,1.0,1.0,1.0,1.0
2018-05-24,0.93818359375,0.93818359375,0.020166868885446797,True,0.6099983974981005,False,0.11735751150222709,1.0,5.0492057170892224e-05,logistic,logistic,1.0,1.0,1.0,1.0,1.0
2018-05-25,0.93818359375,0.93818359375,0.024950784767409563,True,0.6068817207859721,False,0.12001871865651771,1.0,5.030376319736796e-05,logistic,logistic,1.0,1.0,1.0,1.0,1.0
2018-05-29,0.93818359375,0.93818359375,0.047606227114508154,True,0.6001659360156159,False,0.1493636937122178,1.0,0.0001998311261968,logistic,logistic,1.0,1.0,1.0,1.0,1.0
2018-05-30,0.93818359375,0.93818359375,0.03539970590662117,True,0.6132764319335503,False,0.13358850234064037,1.0,5.097618471561205e-05,logistic,logistic,1.0,1.0,1.0,1.0,1.0
2018-05-31,0.93818359375,0.93818359375,0.0346967929344773,True,0.6079057270993836,False,0.13699064693091575,1.0,5.076102709367092e-05,logistic,logistic,1.0,1.0,1.0,1.0,1.0
2018-06-01,0.93818359375,0.93818359375,0.027775781022091404,True,0.6103415075644593,False,0.12377745145903407,1.0,5.070723585687276e-05,logistic,logistic,1.0,1.0,1.0,1.0,1.0
2018-06-04,0.93818359375,0.93818359375,0.025874075063436832,True,0.6274508787952885,False,0.11840373739397143,1.0,0.0001518873255426,logistic,logistic,1.0,1.0,1.0,1.0,1.0
2018-06-05,0.93818359375,0.93818359375,0.031453692504882745,True,0.6314833141541475,False,0.11439891777060457,1.0,5.164844169991411e-05,logistic,logistic,1.0,1.0,1.0,1.0,1.0
2018-06-06,0.93818359375,0.93818359375,0.021324987250225465,True,0.6317414288043921,False,0.10817347730321145,1.0,5.156777890547026e-05,logistic,logistic,1.0,1.0,1.0,1.0,1.0
2018-06-07,0.93818359375,0.93818359375,0.023886686642911825,True,0.6367098505408096,False,0.11460107981138608,1.0,5.116443261177217e-05,logistic,logistic,1.0,1.0,1.0,1.0,1.0
2018-06-08,0.93818359375,0.93818359375,0.018489294472646446,True,0.6437630961796912,False,0.11560663390307899,1.0,5.1029970687066495e-05,logistic,logistic,1.0,1.0,1.0,1.0,1.0
2018-06-11,0.93818359375,0.93818359375,0.01961859683104234,True,0.6408435360771524,False,0.11359604167136736,1.0,0.0001521294213722,logistic,logistic,1.0,1.0,1.0,1.0,1.0
2018-06-12,0.93818359375,0.93818359375,0.02055738738024447,True,0.6440881507953853,False,0.11331988099777358,1.0,5.124510724896503e-05,logistic,logistic,1.0,1.0,1.0,1.0,1.0
2018-06-13,0.93818359375,0.93818359375,0.021657766920855564,True,0.6339742229429656,False,0.12053189904631373,1.0,5.143333672030792e-05,logistic,logistic,1.0,1.0,1.0,1.0,1.0
2018-06-14,0.93818359375,0.93818359375,0.020563324227465214,True,0.6433389828706251,False,0.10944033684590762,1.0,5.111064927265651e-05,logistic,logistic,1.0,1.0,1.0,1.0,1.0
2018-06-15,0.93818359375,0.93818359375,0.017764135822179224,True,0.6336076504168271,False,0.11001260603296885,1.0,5.124510724896503e-05,logistic,logistic,1.0,1.0,1.0,1.0,1.0
2018-06-18,0.93818359375,0.93818359375,0.019273406943795857,True,0.6247262887953661,False,0.11471641052902129,1.0,0.0001533397848469,logistic,logistic,1.0,1.0,1.0,1.0,1.0
2018-06-19,0.93818359375,0.93818359375,0.022972361866812258,True,0.6273789375373293,False,0.12182326322195992,1.0,5.151400346181667e-05,logistic,logistic,1.0,1.0,1.0,1.0,1.0
2018-06-20,0.93818359375,0.93818359375,0.023465871477131167,True,0.6237143006353323,False,0.11778949689054706,1.0,5.124510724896503e-05,logistic,logistic,1.0,1.0,1.0,1.0,1.0
2018-06-21,0.93818359375,0.93818359375,0.026269443919106312,True,0.6277036663374667,False,0.13173835001634326,1.0,5.129888795574189e-05,logistic,logistic,1.0,1.0,1.0,1.0,1.0
2018-06-22,0.93818359375,0.93818359375,0.01872888318163875,True,0.6231365733833233,False,0.12511945842272235,1.0,5.076102709367092e-05,logistic,logistic,1.0,1.0,1.0,1.0,1.0
2018-06-25,0.93818359375,0.93818359375,0.025069269731910458,True,0.6166826521516442,False,0.15719548581070297,1.0,0.000150918881125,logistic,logistic,1.0,1.0,1.0,1.0,1.0
2018-06-26,0.93818359375,0.93818359375,0.02035159544421203,True,0.6132553159852423,False,0.1472919542418702,1.0,5.137955864520371e-05,logistic,logistic,1.0,1.0,1.0,1.0,1.0
2018-06-27,0.93818359375,0.93818359375,0.03937126960671693,True,0.6092255295410598,False,0.16047140667152002,0.75,5.1029970687066495e-05,logistic,logistic,1.0,1.0,1.0,1.0,1.0
2018-06-28,0.93818359375,0.93818359375,0.028721229073498795,True,0.6176854748293178,False,0.1542575222427169,1.0,5.1029970687066495e-05,logistic,logistic,1.0,1.0,1.0,1.0,1.0
2018-06-29,0.93818359375,0.93818359375,0.025791484807577335,True,0.6262913126077352,False,0.14933189368419975,0.75,5.1029970687066495e-05,logistic,logistic,1.0,1.0,1.0,1.0,1.0
2018-07-02,0.93818359375,0.93818359375,0.036954022936867524,True,0.6375081750332363,False,0.14048118694295877,0.75,0.0001543079464614,logistic,logistic,1.0,1.0,1.0,1.0,1.0
2018-07-03,0.93818359375,0.93818359375,0.049318301188617866,True,0.6344631937243571,False,0.14533948054776583,0.75,5.245493300920501e-05,logistic,logistic,1.0,1.0,1.0,1.0,1.0
2018-07-05,0.93818359375,0.93818359375,0.040385058286214436,True,0.6436824118753697,False,0.13549511213731297,0.75,0.0001036759741195,logistic,logistic,1.0,1.0,1.0,1.0,1.0
2018-07-06,0.93818359375,0.93818359375,0.030633479347376723,True,0.6439117480003503,False,0.12307525929700339,1.0,5.1702214512117095e-05,logistic,logistic,1.0,1.0,1.0,1.0,1.0
2018-07-09,0.93818359375,0.93818359375,0.03827036871845498,True,0.6500419450609501,False,0.11962519305093078,1.0,0.0001559213010924,logistic,logistic,1.0,1.0,1.0,1.0,1.0
2018-07-10,0.93818359375,0.93818359375,0.04032926624704969,True,0.652909336983642,False,0.12166241482983425,1.0,5.250869003892156e-05,logistic,logistic,1.0,1.0,1.0,1.0,1.0
2018-07-11,0.93818359375,0.93818359375,0.04893332642624352,True,0.6546820307135666,False,0.12615278416589146,1.0,5.210548186718178e-05,logistic,logistic,1.0,1.0,1.0,1.0,1.0
2018-07-12,0.93818359375,0.93818359375,0.0381091085491049,True,0.6660091742507027,False,0.11756437348011398,1.0,5.232053423043226e-05,logistic,logistic,1.0,1.0,1.0,1.0,1.0
2018-07-13,0.93818359375,0.93818359375,0.029577504640476083,True,0.6740998272038023,False,0.11551079686120377,1.0,5.232053423043226e-05,logistic,logistic,1.0,1.0,1.0,1.0,1.0
2018-07-16,0.93818359375,0.93818359375,0.03159869084538296,True,0.6700418402679466,False,0.12050036865069409,1.0,0.0001577762726978,logistic,logistic,1.0,1.0,1.0,1.0,1.0
2018-07-17,0.93818359375,0.93818359375,0.027204636443690124,True,0.6704300736204996,False,0.11360437496278308,1.0,5.358362582330578e-05,logistic,logistic,1.0,1.0,1.0,1.0,1.0
2018-07-18,0.93818359375,0.93818359375,0.028311136584047807,True,0.6641236411243444,False,0.11424093256864894,1.0,5.318057539005494e-05,logistic,logistic,1.0,1.0,1.0,1.0,1.0
2018-07-19,0.93818359375,0.93818359375,0.029217335486535233,True,0.6692726052628191,False,0.11445403178715535,1.0,5.285808990240781e-05,logistic,logistic,1.0,1.0,1.0,1.0,1.0
2018-07-20,0.93818359375,0.93818359375,0.024039722565018285,True,0.6601373689263602,False,0.11588761945006666,1.0,5.245493300920501e-05,logistic,logistic,1.0,1.0,1.0,1.0,1.0
2018-07-23,0.93818359375,0.93818359375,0.0251926638921283,True,0.655299764782066,False,0.11288633929409202,1.0,0.0001563245906868,logistic,logistic,1.0,1.0,1.0,1.0,1.0
2018-07-24,0.93818359375,0.93818359375,0.022849249278446313,True,0.6403006979389778,False,0.11044939282110422,1.0,5.318057539005494e-05,logistic,logistic,1.0,1.0,1.0,1.0,1.0
2018-07-25,0.93818359375,0.93818359375,0.02185689755596914,True,0.6519590344129105,False,0.1134756195911943,1.0,5.299246238776867e-05,logistic,logistic,1.0,1.0,1.0,1.0,1.0
2018-07-26,0.93818359375,0.93818359375,0.016511239485831587,True,0.6200521385806226,False,0.11542002772834156,1.0,5.2777465819442426e-05,logistic,logistic,1.0,1.0,1.0,1.0,1.0
2018-07-27,0.93818359375,0.93818359375,0.015689968246472057,True,0.6183367798753578,False,0.12376925044945711,1.0,5.2777465819442426e-05,logistic,logistic,1.0,1.0,1.0,1.0,1.0
2018-07-30,0.93818359375,0.93818359375,0.015541682352458834,True,0.6112817663482925,False,0.13457430244390067,1.0,0.000158340753988,logistic,logistic,1.0,1.0,1.0,1.0,1.0
2018-07-31,0.93818359375,0.93818359375,0.012640140010844207,True,0.6188063012447489,False,0.12329644026825268,1.0,5.3852293266709594e-05,logistic,logistic,1.0,1.0,1.0,1.0,1.0
2018-08-01,0.93818359375,0.93818359375,0.011547352027837033,True,0.6054136396972324,False,0.12401286348416604,1.0,5.366422945574101e-05,logistic,logistic,1.0,1.0,1.0,1.0,1.0
2018-08-02,0.93818359375,0.93818359375,0.011216102647960434,True,0.6212053591844794,False,0.11580595980573836,1.0,5.331493210447569e-05,logistic,logistic,1.0,1.0,1.0,1.0,1.0
2018-08-03,0.93818359375,0.93818359375,0.01153894921446301,True,0.6333376337900751,False,0.11062249719613214,1.0,5.318057539005494e-05,logistic,logistic,1.0,1.0,1.0,1.0,1.0
2018-08-06,0.93818359375,0.93818359375,0.013426709981069006,True,0.6392997060680211,False,0.10129146930179099,1.0,0.0001601951842642,logistic,logistic,1.0,1.0,1.0,1.0,1.0
2018-08-07,0.93818359375,0.93818359375,0.0119272492295087,True,0.6391500991339488,False,0.09946663341986461,1.0,5.447012613779556e-05,logistic,logistic,1.0,1.0,1.0,1.0,1.0
2018-08-08,0.93818359375,0.93818359375,0.010931354664418502,True,0.6313808342467807,False,0.09984431814714713,1.0,5.447012613779556e-05,logistic,logistic,1.0,1.0,1.0,1.0,1.0
2018-08-09,0.93818359375,0.93818359375,0.012334507565802724,True,0.644591113390531,False,0.09960093835964294,1.0,5.438955254999378e-05,logistic,logistic,1.0,1.0,1.0,1.0,1.0
2018-08-10,0.93818359375,0.93818359375,0.016825983102461875,True,0.643426727760974,False,0.11796950111412423,1.0,5.425524517677083e-05,logistic,logistic,1.0,1.0,1.0,1.0,1.0
2018-08-13,0.93818359375,0.93818359375,0.021394677722580763,True,0.6402857304284687,False,0.1301089213703395,1.0,0.0001623715907053,logistic,logistic,1.0,1.0,1.0,1.0,1.0
2018-08-14,0.93818359375,0.93818359375,0.01719393228764749,True,0.648541211896589,False,0.11886099656259244,1.0,5.514153204333461e-05,logistic,logistic,1.0,1.0,1.0,1.0,1.0
2018-08-15,0.93818359375,0.93818359375,0.029457094397016693,True,0.6404935519891961,False,0.13129385899537574,0.75,5.47924224738594e-05,logistic,logistic,1.0,1.0,1.0,1.0,1.0
2018-08-16,0.93818359375,0.93818359375,0.025057413549000724,True,0.6411039298567354,False,0.12331470433768515,1.0,5.465814119753887e-05,logistic,logistic,1.0,1.0,1.0,1.0,1.0
2018-08-17,0.93818359375,0.93818359375,0.024814435917280116,True,0.6400110629164626,False,0.11744682691659698,1.0,5.41209344400162e-05,logistic,logistic,1.0,1.0,1.0,1.0,1.0
2018-08-20,0.93818359375,0.93818359375,0.030434693001381477,True,0.6443181655990102,False,0.11562745203766407,1.0,0.000162210396789,logistic,logistic,1.0,1.0,1.0,1.0,1.0
2018-08-21,0.93818359375,0.93818359375,0.018326785507642163,True,0.6428558335454679,False,0.11715016706269693,1.0,5.519523973318563e-05,logistic,logistic,1.0,1.0,1.0,1.0,1.0
2018-08-22,0.93818359375,0.93818359375,0.016422054978914843,True,0.6480405247949301,False,0.10400853157079229,0.75,5.519523973318563e-05,logistic,logistic,1.0,1.0,1.0,1.0,1.0
2018-08-23,0.93818359375,0.93818359375,0.01572407431692299,True,0.6383209374243981,False,0.10723351020547091,1.0,5.514153204333461e-05,logistic,logistic,1.0,1.0,1.0,1.0,1.0
2018-08-24,0.93818359375,0.93818359375,0.014774564449511744,True,0.6314867947262945,False,0.10668904322582035,1.0,5.5544298124043934e-05,logistic,logistic,1.0,1.0,1.0,1.0,1.0
2018-08-27,0.93818359375,0.93818359375,0.016484178463076662,True,0.6239670731258661,False,0.10918793941848391,1.0,0.0001676087496025,logistic,logistic,1.0,1.0,1.0,1.0,1.0
2018-08-28,0.93818359375,0.93818359375,0.016268467803705756,True,0.626970012971026,False,0.11307174137441067,1.0,5.6349646794462416e-05,logistic,logistic,1.0,1.0,1.0,1.0,1.0
2018-08-29,0.93818359375,0.93818359375,0.015238758930267127,True,0.6377120160118793,False,0.11081840770557472,1.0,5.640332447343077e-05,logistic,logistic,1.0,1.0,1.0,1.0,1.0
2018-08-30,0.93818359375,0.93818359375,0.022811982701616124,True,0.6488103708560318,False,0.12310603253155196,1.0,5.581277391186745e-05,logistic,logistic,1.0,1.0,1.0,1.0,1.0
2018-08-31,0.93818359375,0.93818359375,0.017767088679281444,True,0.6449182383697243,False,0.11797428045859132,1.0,5.573223329013999e-05,logistic,logistic,1.0,1.0,1.0,1.0,1.0
2018-09-04,0.93818359375,0.93818359375,0.01686942545821094,True,0.6458080191175074,False,0.11917499226555224,1.0,0.0002243437651958,logistic,logistic,1.0,1.0,1.0,1.0,1.0
2018-09-05,0.93818359375,0.93818359375,0.016927765930444028,True,0.6410510651309899,False,0.1271357165769074,1.0,5.667171633483292e-05,logistic,logistic,1.0,1.0,1.0,1.0,1.0
2018-09-06,0.93818359375,0.93818359375,0.017442964976887264,True,0.6391353554455368,False,0.12948851230471786,0.75,5.640332447343077e-05,logistic,logistic,1.0,1.0,1.0,1.0,1.0
2018-09-07,0.93818359375,0.93818359375,0.017370620302982073,True,0.6342395430358478,False,0.13100479984290925,0.75,5.661804389922587e-05,logistic,logistic,1.0,1.0,1.0,1.0,1.0
2018-09-10,0.93818359375,0.93818359375,0.014265939270450667,True,0.630017959734411,False,0.12656880313362312,1.0,0.0001694611077285,logistic,logistic,1.0,1.0,1.0,1.0,1.0
2018-09-11,0.93818359375,0.93818359375,0.013910526299718978,True,0.6321575654162301,False,0.12142746859383786,1.0,5.715475946166393e-05,logistic,logistic,1.0,1.0,1.0,1.0,1.0
2018-09-12,0.93818359375,0.93818359375,0.02597344968317424,True,0.6347258282904608,False,0.12006860789689794,1.0,5.707425817136347e-05,logistic,logistic,1.0,1.0,1.0,1.0,1.0
2018-09-13,0.93818359375,0.93818359375,0.01677195558368184,True,0.6275404839518491,False,0.11335806286010829,1.0,5.6752229420586886e-05,logistic,logistic,1.0,1.0,1.0,1.0,1.0
2018-09-14,0.93818359375,0.93818359375,0.016713926155110817,True,0.6217853696247997,False,0.11232148992002611,1.0,5.702058720147285e-05,logistic,logistic,1.0,1.0,1.0,1.0,1.0
2018-09-17,0.93818359375,0.93818359375,0.018841185508501095,True,0.6152267365220218,False,0.1280618793207884,1.0,0.0001714740785712,logistic,logistic,1.0,1.0,1.0,1.0,1.0
2018-09-18,0.93818359375,0.93818359375,0.012603454044771926,True,0.614605652708371,False,0.12001834677301439,1.0,5.761088462707953e-05,logistic,logistic,1.0,1.0,1.0,1.0,1.0
2018-09-19,0.93818359375,0.93818359375,0.008554634120450978,True,0.6172915758821866,False,0.11206250577045004,1.0,5.74767346408489e-05,logistic,logistic,1.0,1.0,1.0,1.0,1.0
2018-09-20,0.93818359375,0.93818359375,0.011343899122431628,True,0.6309276351192014,False,0.1114185022259826,1.0,5.742307792955259e-05,logistic,logistic,1.0,1.0,1.0,1.0,1.0
2018-09-21,0.93818359375,0.93818359375,0.008724385461062256,True,0.6243391834040918,False,0.110521298550946,1.0,5.7557224139248575e-05,logistic,logistic,1.0,1.0,1.0,1.0,1.0
2018-09-24,0.93818359375,0.93818359375,0.013281377657875671,True,0.6311268164346838,False,0.11252402507736585,1.0,0.0001726816111105,logistic,logistic,1.0,1.0,1.0,1.0,1.0
2018-09-25,0.93818359375,0.93818359375,0.01351751954420482,True,0.6386972062839685,False,0.11401660009957276,1.0,5.876427734108347e-05,logistic,logistic,1.0,1.0,1.0,1.0,1.0
2018-09-26,0.93818359375,0.93818359375,0.015125088760830319,True,0.6419326972069581,False,0.11824816810520496,0.75,5.854973198604618e-05,logistic,logistic,1.0,1.0,1.0,1.0,1.0
2018-09-27,0.93818359375,0.93818359375,0.01581137136360359,True,0.655810684862534,False,0.11150709877239377,0.75,5.80132888934326e-05,logistic,logistic,1.0,1.0,1.0,1.0,1.0
2018-09-28,0.93818359375,0.93818359375,0.013454539531259085,True,0.6511005607502001,False,0.10872344148922788,0.75,5.828152353259952e-05,logistic,logistic,1.0,1.0,1.0,1.0,1.0
2018-10-01,0.93818359375,0.93818359375,0.013612089756676637,True,0.6559713240358366,False,0.10629168175890347,0.75,0.0001752571208608,logistic,logistic,1.0,1.0,1.0,1.0,1.0
2018-10-02,0.93818359375,0.93818359375,0.013086738985576328,True,0.6541117389468007,False,0.10751307950349376,1.0,5.895199238281634e-05,logistic,logistic,1.0,1.0,1.0,1.0,1.0
2018-10-03,0.93818359375,0.93818359375,0.010808670192670247,True,0.6402575245298913,False,0.10428155386371839,1.0,5.8817914259101656e-05,logistic,logistic,1.0,1.0,1.0,1.0,1.0
2018-10-04,0.93818359375,0.93818359375,0.027720563050782077,True,0.624523921602972,False,0.13009535896733085,1.0,5.8817914259101656e-05,logistic,logistic,1.0,1.0,1.0,1.0,1.0
2018-10-05,0.93818359375,0.93818359375,0.024572705606070028,True,0.6150114986822841,False,0.13528790403250093,0.5,5.868382319773602e-05,logistic,logistic,1.0,1.0,1.0,1.0,1.0
2018-10-08,0.819091796875,0.93818359375,0.029849336220066407,True,0.6190754915277845,False,0.1427168827370887,0.25,0.0001760618011685,logistic,logistic,1.0,1.0,0.7,1.0,0.7
2018-10-09,0.9095458984375,0.819091796875,0.05809862716398145,True,0.6252501999436537,False,0.14681008540086626,0.5,5.922013539483295e-05,logistic,logistic,1.0,1.0,1.0,1.0,1.0
2018-10-10,0.80477294921875,0.9095458984375,0.09487176940876757,True,0.598838343061791,False,0.20569437778258517,0.25,6.0158433095036656e-05,logistic,logistic,1.0,1.0,0.7,1.0,0.7
2018-10-11,0.6904382414145112,0.80477294921875,0.36194823319486374,True,0.5981815260228642,False,0.22481749184625127,0.0,6.002440744512505e-05,logistic,logistic,1.0,0.5761035336102724,0.7,1.0,0.5761035336102724
2018-10-12,0.6904382414145112,0.6904382414145112,0.16906687658217381,True,0.6135232474141873,False,0.19722522895103026,0.25,6.010482234164449e-05,logistic,logistic,1.0,0.9618662468356524,0.7,1.0,0.7
2018-10-15,0.6904382414145112,0.6904382414145112,0.11985464820033932,True,0.5907384947878549,False,0.1953725686365656,0.25,0.0001812903294682,logistic,logistic,1.0,1.0,0.7,1.0,0.7
2018-10-16,0.6904382414145112,0.6904382414145112,0.14644547003521002,True,0.6153969461252732,False,0.16739585034979404,0.25,6.123037743588355e-05,logistic,logistic,1.0,1.0,0.7,1.0,0.7
2018-10-17,0.6904382414145112,0.6904382414145112,0.18320861887871137,True,0.6118626278596772,False,0.16389897125261635,0.25,6.123037743588355e-05,logistic,logistic,1.0,0.9335827622425772,0.7,1.0,0.7
2018-10-18,0.6904382414145112,0.6904382414145112,0.19413392401602858,True,0.6092137876747953,False,0.18159898960757723,0.25,6.109641045748404e-05,logistic,logistic,1.0,0.9117321519679429,0.7,1.0,0.7
2018-10-19,0.6904382414145112,0.6904382414145112,0.15500285568262548,True,0.6101079995944242,False,0.18096594358516807,0.25,6.123037743588355e-05,logistic,logistic,1.0,0.989994288634749,0.7,1.0,0.7
2018-10-22,0.6904382414145112,0.6904382414145112,0.1538927481399011,True,0.6169153494690768,False,0.1760764558627478,0.25,0.0001835415908135,logistic,logistic,1.0,0.9922145037201978,0.7,1.0,0.7
2018-10-23,0.6904382414145112,0.6904382414145112,0.2308747306920843,True,0.6212513893862118,False,0.1794034380711475,0.25,6.203406131466416e-05,logistic,logistic,1.0,0.8382505386158314,0.7,1.0,0.7
2018-10-24,0.6904382414145112,0.6904382414145112,0.30937341266415924,True,0.5998668973909016,False,0.2199885260810798,0.0,6.190013351980994e-05,logistic,logistic,1.0,0.6812531746716814,0.7,1.0,0.6812531746716814
2018-10-25,0.5750143408436459,0.6904382414145112,0.42020477986360966,True,0.6302889635925654,False,0.2144191343143798,0.0,6.176619280928719e-05,logistic,logistic,1.0,0.4595904402727806,0.7,1.0,0.4595904402727806
2018-10-26,0.5750143408436459,0.5750143408436459,0.3323171810370778,True,0.6151768470685507,False,0.21464105284787227,0.0,6.157866995382122e-05,logistic,logistic,1.0,0.6353656379258443,0.7,1.0,0.6353656379258443
2018-10-29,0.6375071704218229,0.5750143408436459,0.2605881209129574,True,0.6066214166538524,False,0.2172310341733538,0.0,0.0001837023800146,logistic,logistic,1.0,0.7788237581740851,0.7,1.0,0.7
2018-10-30,0.6375071704218229,0.6375071704218229,0.28668198601180866,True,0.6167195361764902,False,0.20849957776940217,0.0,6.184655674190687e-05,logistic,logistic,1.0,0.7266360279763826,0.7,1.0,0.7
2018-10-31,0.6375071704218229,0.6375071704218229,0.36400769488752255,True,0.636893992842419,False,0.188345373389341,0.0,6.171261980636444e-05,logistic,logistic,1.0,0.5719846102249548,0.7,1.0,0.5719846102249548
2018-11-01,0.6375071704218229,0.6375071704218229,0.2308505871362621,True,0.6283283067889741,False,0.17214556944372925,0.25,6.149829818480335e-05,logistic,logistic,1.0,0.8382988257274757,0.7,1.0,0.7
2018-11-02,0.6375071704218229,0.6375071704218229,0.2606707852957039,True,0.6049709819461007,False,0.1712529877126333,0.0,6.157866995382122e-05,logistic,logistic,1.0,0.7786584294085921,0.7,1.0,0.7
2018-11-05,0.6375071704218229,0.6375071704218229,0.3118366649369842,True,0.6037905664150572,False,0.1756388106682497,0.0,0.0001843454673007,logistic,logistic,1.0,0.6763266701260315,0.7,1.0,0.6763266701260315
2018-11-06,0.6375071704218229,0.6375071704218229,0.2837459205421476,True,0.6182046146302972,False,0.17658139299173622,0.0,6.256971998808147e-05,logistic,logistic,1.0,0.7325081589157048,0.7,1.0,0.7
2018-11-07,0.8187535852109115,0.6375071704218229,0.08435228334342003,True,0.6107586116094572,False,0.1486902339808878,0.5,6.256971998808147e-05,logistic,logistic,1.0,1.0,1.0,1.0,1.0
2018-11-08,0.9093767926054557,0.8187535852109115,0.11905186552396102,True,0.6020527589662804,False,0.15387071962870574,0.5,6.238225197030545e-05,logistic,logistic,1.0,1.0,1.0,1.0,1.0
2018-11-09,0.8046883963027278,0.9093767926054557,0.151502754284879,True,0.6116769061856209,False,0.1564228567443285,0.0,6.230190370604127e-05,logistic,logistic,1.0,0.996994491430242,0.7,1.0,0.7
2018-11-12,0.7523441981513639,0.8046883963027278,0.24868426941553184,True,0.5850310780160751,False,0.18293524140790612,0.0,0.0001869173559416,logistic,logistic,1.0,0.8026314611689362,0.7,1.0,0.7
2018-11-13,0.7523441981513639,0.7523441981513639,0.2102471197887827,True,0.609789336401153,False,0.1815682998042034,0.0,6.216798896718778e-05,logistic,logistic,1.0,0.8795057604224346,0.7,1.0,0.7
2018-11-14,0.7523441981513639,0.7523441981513639,0.15965891955117337,True,0.6082657454055769,False,0.17988577200051256,0.0,6.29713986601832e-05,logistic,logistic,1.0,0.9806821608976533,0.7,1.0,0.7
2018-11-15,0.7523441981513639,0.7523441981513639,0.17835971623038652,True,0.6001064847904449,False,0.17504659742453405,0.0,6.256971998808147e-05,logistic,logistic,1.0,0.943280567539227,0.7,1.0,0.7
2018-11-16,0.7523441981513639,0.7523441981513639,0.14007799351819922,True,0.5966892646736053,False,0.161352187439217,0.0,6.230190370604127e-05,logistic,logistic,1.0,1.0,0.7,1.0,0.7
2018-11-19,0.7523441981513639,0.7523441981513639,0.138330989096887,True,0.584310033949212,False,0.1739868791847101,0.0,0.0001869173559416,logistic,logistic,1.0,1.0,0.7,1.0,0.7
2018-11-20,0.7523441981513639,0.7523441981513639,0.11932313735072063,True,0.5702213489459705,False,0.1914381092808519,0.0,6.32391496917517e-05,logistic,logistic,1.0,1.0,0.7,1.0,0.7
2018-11-21,0.7523441981513639,0.7523441981513639,0.0960666299863641,True,0.5346392287845845,False,0.18075203146055713,0.0,6.364072412856636e-05,logistic,logistic,1.0,1.0,0.7,1.0,0.7
2018-11-23,0.7523441981513639,0.7523441981513639,0.09860110997256664,True,0.5596529821133994,False,0.18323411026180703,0.0,0.0001271784186613,logistic,logistic,1.0,1.0,0.7,1.0,0.7
2018-11-26,0.7523441981513639,0.7523441981513639,0.07792779910274625,True,0.5608981423310251,False,0.16674451877164276,0.0,0.0001903720667648,logistic,logistic,1.0,1.0,0.7,1.0,0.7
2018-11-27,0.7523441981513639,0.7523441981513639,0.10686922193532071,True,0.5473194084527303,False,0.16707333042137115,0.25,6.372103324947531e-05,logistic,logistic,1.0,1.0,0.7,1.0,0.7
2018-11-28,0.7523441981513639,0.7523441981513639,0.13552465951210363,True,0.587333199941065,False,0.16261647284406425,0.25,6.32391496917517e-05,logistic,logistic,1.0,1.0,0.7,1.0,0.7
2018-11-29,0.7523441981513639,0.7523441981513639,0.17980134523858066,True,0.6041501818489461,False,0.16742082157967716,0.0,6.256971998808147e-05,logistic,logistic,1.0,0.9403973095228386,0.7,1.0,0.7
2018-11-30,0.7523441981513639,0.7523441981513639,0.14378832282012105,True,0.6227451553310439,False,0.16076913712913335,0.0,6.251616265129378e-05,logistic,logistic,1.0,1.0,0.7,1.0,0.7
2018-12-03,0.8761720990756819,0.7523441981513639,0.07861048485723313,True,0.6274949253498303,False,0.14667102637038507,0.5,0.0001859530055867,logistic,logistic,1.0,1.0,1.0,1.0,1.0
2018-12-04,0.788086049537841,0.8761720990756819,0.18512169037463377,True,0.5927718373005911,False,0.18471241788358614,0.0,6.404224625988775e-05,logistic,logistic,1.0,0.9297566192507325,0.7,1.0,0.7
2018-12-06,0.788086049537841,0.788086049537841,0.22407313294897177,True,0.6092078060185371,False,0.1872456354524649,0.0,0.0001274461268689,logistic,logistic,1.0,0.8518537341020564,0.7,1.0,0.7
2018-12-07,0.788086049537841,0.788086049537841,0.1756198750834061,True,0.6116968964023708,False,0.20229081347030908,0.0,6.337301223147129e-05,logistic,logistic,1.0,0.9487602498331877,0.7,1.0,0.7
2018-12-10,0.788086049537841,0.788086049537841,0.1967304636381669,True,0.618010343197759,False,0.19979952588936092,0.0,0.0001893277698159,logistic,logistic,1.0,0.9065390727236662,0.7,1.0,0.7
2018-12-11,0.788086049537841,0.788086049537841,0.13837633300194305,True,0.6065784004324677,False,0.19179975182155864,0.0,6.41760696771243e-05,logistic,logistic,1.0,1.0,0.7,1.0,0.7
2018-12-12,0.788086049537841,0.788086049537841,0.18259817388375757,True,0.5828700015777851,False,0.18530412027662113,0.0,6.430989295735934e-05,logistic,logistic,1.0,0.9348036522324848,0.7,1.0,0.7
2018-12-13,0.788086049537841,0.788086049537841,0.15512470784704616,True,0.5866094489814553,False,0.18119516076039568,0.0,6.39887112388049e-05,logistic,logistic,1.0,0.9897505843059077,0.7,1.0,0.7
2018-12-14,0.788086049537841,0.788086049537841,0.1460596264890389,True,0.5633526659954131,False,0.18101863898718953,0.0,6.41225436450732e-05,logistic,logistic,1.0,1.0,0.7,1.0,0.7
2018-12-17,0.788086049537841,0.788086049537841,0.17274751597771443,True,0.5702512304268562,False,0.20441579087213615,0.0,0.0001901310853649,logistic,logistic,1.0,0.9545049680445712,0.7,1.0,0.7
2018-12-18,0.788086049537841,0.788086049537841,0.20531285827585305,True,0.572179095529527,False,0.21474002856552257,0.0,6.305172734788478e-05,logistic,logistic,1.0,0.8893742834482938,0.7,1.0,0.7
2018-12-19,0.788086049537841,0.788086049537841,0.14690689218299327,True,0.532600822626574,False,0.2116684530030168,0.0,6.331947055149278e-05,logistic,logistic,1.0,1.0,0.7,1.0,0.7
2018-12-20,0.788086049537841,0.788086049537841,0.1751231202113071,True,0.5164557214703419,False,0.23254718691650086,0.0,6.32391496917517e-05,logistic,logistic,1.0,0.9497537595773857,0.7,1.0,0.7
2018-12-21,0.788086049537841,0.788086049537841,0.15785381906663784,True,0.5067218958837759,False,0.2449957927572673,0.0,6.31052742459115e-05,logistic,logistic,1.0,0.9842923618667243,0.7,1.0,0.7
2018-12-24,0.788086049537841,0.788086049537841,0.2425252243399756,True,0.49146637068504395,False,0.2919129641688102,0.0,0.0001895687745709,logistic,logistic,1.0,0.8149495513200489,0.7,1.0,0.7
2018-12-26,0.7139328587765411,0.788086049537841,0.3301101659923794,True,0.5522223384142688,False,0.26651331833571945,0.0,0.0001288915724306,logistic,logistic,1.0,0.6397796680152412,0.7,1.0,0.6397796680152412
2018-12-27,0.7139328587765411,0.7139328587765411,0.2926884118457859,True,0.5582091201770455,False,0.263530639525231,0.0,6.358718766552585e-05,logistic,logistic,1.0,0.7146231763084281,0.7,1.0,0.7
2018-12-28,0.7139328587765411,0.7139328587765411,0.2829033860617614,True,0.5843138581583752,False,0.25161638160039634,0.0,6.305172734788478e-05,logistic,logistic,1.0,0.7341932278764771,0.7,1.0,0.7
2018-12-31,0.7139328587765411,0.7139328587765411,0.2736627770703931,True,0.5902870327704274,False,0.22289525477195588,0.0,0.0001869173559416,logistic,logistic,1.0,0.7526744458592138,0.7,1.0,0.7
2019-01-02,0.48196642938827056,0.7139328587765411,0.5574031741913194,True,0.6076760154201655,False,0.2211235898498474,0.0,0.0001280885939289,logistic,histogram_gradient_boosting,1.0,0.25,0.7,1.0,0.25
2019-01-03,0.37165891691791564,0.48196642938827056,0.5193242977762197,True,0.6135815190444809,False,0.2265594422704894,0.0,6.377457348660798e-05,logistic,histogram_gradient_boosting,1.0,0.26135140444756066,0.7,1.0,0.26135140444756066
2019-01-04,0.37165891691791564,0.37165891691791564,0.48330478164262575,True,0.6107906222209131,False,0.2027727563916193,0.0,6.385487869509099e-05,logistic,histogram_gradient_boosting,1.0,0.33339043671474844,0.7,1.0,0.33339043671474844
2019-01-07,0.37165891691791564,0.37165891691791564,0.502805554184375,True,0.6115628486248434,False,0.20676897656563775,0.0,0.0001911752811174,logistic,histogram_gradient_boosting,1.0,0.29438889163125004,0.7,1.0,0.29438889163125004
2019-01-08,0.37165891691791564,0.37165891691791564,0.43691603278667335,True,0.6129273098828203,False,0.19874886056038593,0.0,6.497889884160557e-05,logistic,histogram_gradient_boosting,1.0,0.42616793442665335,0.7,1.0,0.42616793442665335
2019-01-09,0.37165891691791564,0.37165891691791564,0.44948722948465053,True,0.6116411232122035,False,0.19616950488135,0.0,6.471131731222712e-05,logistic,histogram_gradient_boosting,1.0,0.4010255410306989,0.7,1.0,0.4010255410306989
2019-01-10,0.43136158619589027,0.37165891691791564,0.4044678722630675,True,0.6116513337925646,False,0.18508362573680734,0.0,6.430989295735934e-05,logistic,histogram_gradient_boosting,1.0,0.4910642554738649,0.7,1.0,0.4910642554738649
2019-01-11,0.5384154829659198,0.43136158619589027,0.3272653101320253,True,0.6117365432667422,False,0.16210636646490897,0.0,6.41760696771243e-05,logistic,histogram_gradient_boosting,1.0,0.6454693797359494,0.7,1.0,0.6454693797359494
2019-01-14,0.5384154829659198,0.5384154829659198,0.35495222292284845,True,0.611377371078728,False,0.17287215358424887,0.0,0.0001917374829418,logistic,histogram_gradient_boosting,1.0,0.5900955541543031,0.7,1.0,0.5900955541543031
2019-01-15,0.4765604540103563,0.5384154829659198,0.44264728747260357,True,0.6092013951509773,False,0.17617104632567868,0.5,6.452398899181588e-05,logistic,histogram_gradient_boosting,1.0,0.4147054250547928,1.0,1.0,0.4147054250547928
2019-01-16,0.4765604540103563,0.4765604540103563,0.3966771485035219,True,0.6098282615751797,False,0.18445154305273306,0.5,6.39887112388049e-05,logistic,histogram_gradient_boosting,1.0,0.5066457029929561,1.0,1.0,0.5066457029929561
2019-01-17,0.5797402848095664,0.4765604540103563,0.3085399421956117,True,0.6069732380526578,False,0.17100048401537193,0.5,6.377457348660798e-05,logistic,histogram_gradient_boosting,1.0,0.6829201156087765,1.0,1.0,0.6829201156087765
2019-01-18,0.5797402848095664,0.5797402848095664,0.3222380122412053,True,0.6053436970601404,False,0.16924704845725327,0.5,6.358718766552585e-05,logistic,histogram_gradient_boosting,1.0,0.6555239755175895,1.0,1.0,0.6555239755175895
2019-01-22,0.5797402848095664,0.5797402848095664,0.38283146520517153,True,0.6111482712677576,False,0.19589415529867074,0.5,0.000254051698292,logistic,histogram_gradient_boosting,1.0,0.534337069589657,1.0,1.0,0.534337069589657
2019-01-23,0.6377488116384917,0.5797402848095664,0.3021213307662915,True,0.6090392956915298,False,0.18427088114746337,0.5,6.372103324947531e-05,logistic,histogram_gradient_boosting,1.0,0.6957573384674169,1.0,1.0,0.6957573384674169
2019-01-24,0.6879930817945615,0.6377488116384917,0.28088132402468435,True,0.6121855312945297,False,0.17760995914915229,0.5,6.243581830300826e-05,logistic,histogram_gradient_boosting,1.0,0.7382373519506313,1.0,1.0,0.7382373519506313
2019-01-25,0.7642191610866538,0.6879930817945615,0.22977737981062704,True,0.6107175440074685,False,0.16358479710615867,0.5,6.305172734788478e-05,logistic,histogram_gradient_boosting,1.0,0.8404452403787459,1.0,1.0,0.8404452403787459
2019-01-28,0.7642191610866538,0.7642191610866538,0.2603341307707347,True,0.6114170613422163,False,0.1761396773292379,0.75,0.0001895687745709,logistic,histogram_gradient_boosting,1.0,0.7793317384585305,1.0,1.0,0.7793317384585305
2019-01-29,0.7642191610866538,0.7642191610866538,0.28457765365896087,True,0.6118580754764896,False,0.17616891591677306,0.5,6.404224625988775e-05,logistic,histogram_gradient_boosting,1.0,0.7308446926820782,1.0,1.0,0.7308446926820782
2019-01-30,0.8207027270246582,0.7642191610866538,0.21140685351866867,True,0.6104101334838145,False,0.16993493860854672,0.5,6.404224625988775e-05,logistic,histogram_gradient_boosting,1.0,0.8771862929626626,1.0,1.0,0.8771862929626626
2019-01-31,0.8207027270246582,0.8207027270246582,0.22496995775775883,True,0.6094371033512208,False,0.16357075986317018,0.5,6.337301223147129e-05,logistic,histogram_gradient_boosting,1.0,0.8500600844844823,1.0,1.0,0.8500600844844823
2019-02-01,0.8207027270246582,0.8207027270246582,0.20723781879622868,True,0.610484133688008,False,0.16055640563367718,0.5,6.337301223147129e-05,logistic,histogram_gradient_boosting,1.0,0.8855243624075426,1.0,1.0,0.8855243624075426
2019-02-04,0.8207027270246582,0.8207027270246582,0.19078830782924847,True,0.6112911770481048,False,0.15375618487690415,0.75,0.0001897294468982,logistic,histogram_gradient_boosting,1.0,0.9184233843415031,1.0,1.0,0.9184233843415031
2019-02-05,0.910351363512329,0.8207027270246582,0.10925520676411464,True,0.6091111016603917,False,0.14952300384545428,1.0,6.404224625988775e-05,logistic,histogram_gradient_boosting,1.0,1.0,1.0,1.0,1.0
2019-02-06,0.910351363512329,0.910351363512329,0.14860873962439447,True,0.6118973823070945,False,0.147319393939868,0.5,6.404224625988775e-05,logistic,histogram_gradient_boosting,1.0,1.0,1.0,1.0,1.0
2019-02-07,0.910351363512329,0.910351363512329,0.20732214942834012,True,0.6101879532000306,False,0.15570612382599064,0.5,6.377457348660798e-05,logistic,histogram_gradient_boosting,1.0,0.8853557011433197,1.0,1.0,0.8853557011433197
2019-02-08,0.910351363512329,0.910351363512329,0.18328454279511464,True,0.6097213213766398,False,0.15130508614236315,0.5,6.404224625988775e-05,logistic,histogram_gradient_boosting,1.0,0.9334309144097708,1.0,1.0,0.9334309144097708
2019-02-11,0.910351363512329,0.910351363512329,0.18458326627786353,True,0.6102807510928339,False,0.15264323361667967,0.75,0.000192942086425,logistic,histogram_gradient_boosting,1.0,0.9308334674442729,1.0,1.0,0.9308334674442729
2019-02-12,0.910351363512329,0.910351363512329,0.1380945947314597,True,0.6112592803684755,False,0.1487682389438528,0.75,6.439018252057949e-05,logistic,histogram_gradient_boosting,1.0,1.0,1.0,1.0,1.0
2019-02-13,0.910351363512329,0.910351363512329,0.14306149192761544,True,0.6111512395082908,False,0.15298091831794455,0.75,6.425636315121608e-05,logistic,histogram_gradient_boosting,1.0,1.0,1.0,1.0,1.0
2019-02-14,0.910351363512329,0.910351363512329,0.11588142966710926,True,0.6106125265573821,False,0.1514253004087847,1.0,6.425636315121608e-05,logistic,histogram_gradient_boosting,1.0,1.0,1.0,1.0,1.0
2019-02-15,0.910351363512329,0.910351363512329,0.08943452779826827,True,0.6127447041527833,False,0.14035057011719942,1.0,6.41760696771243e-05,logistic,histogram_gradient_boosting,1.0,1.0,1.0,1.0,1.0
2019-02-19,0.910351363512329,0.910351363512329,0.08895307611952506,True,0.6121002379874941,False,0.1400082319082758,1.0,0.0002570502269474,logistic,histogram_gradient_boosting,1.0,1.0,1.0,1.0,1.0
2019-02-20,0.910351363512329,0.910351363512329,0.046637494371121475,True,0.6119395140568202,False,0.12279736900330225,1.0,6.452398899181588e-05,logistic,histogram_gradient_boosting,1.0,1.0,1.0,1.0,1.0
2019-02-21,0.910351363512329,0.910351363512329,0.06649284315573896,True,0.6116283421680492,False,0.1285228299986724,1.0,6.484510814463995e-05,logistic,histogram_gradient_boosting,1.0,1.0,1.0,1.0,1.0
2019-02-22,0.910351363512329,0.910351363512329,0.042670167280720615,True,0.6117141523243536,False,0.12522560783287404,1.0,6.479158876571134e-05,logistic,histogram_gradient_boosting,1.0,1.0,1.0,1.0,1.0
2019-02-25,0.910351363512329,0.910351363512329,0.07143920426748485,True,0.6104671083840817,False,0.1374965845933498,1.0,0.0001943873604191,logistic,histogram_gradient_boosting,1.0,1.0,1.0,1.0,1.0
2019-02-26,0.910351363512329,0.910351363512329,0.1068993487621477,True,0.6105066903426286,False,0.1398778873585139,1.0,6.497889884160557e-05,logistic,histogram_gradient_boosting,1.0,1.0,1.0,1.0,1.0
2019-02-27,0.910351363512329,0.910351363512329,0.05839278914526551,True,0.6097861175549085,False,0.13672586303005912,1.0,6.479158876571134e-05,logistic,histogram_gradient_boosting,1.0,1.0,1.0,1.0,1.0
2019-02-28,0.910351363512329,0.910351363512329,0.07876813091704155,True,0.6087717510275338,False,0.13325799901702767,1.0,6.452398899181588e-05,logistic,histogram_gradient_boosting,1.0,1.0,1.0,1.0,1.0
2019-03-01,0.910351363512329,0.910351363512329,0.03570918806944337,True,0.6108332795566014,False,0.12227476584978884,1.0,6.439018252057949e-05,logistic,histogram_gradient_boosting,1.0,1.0,1.0,1.0,1.0
2019-03-04,0.910351363512329,0.910351363512329,0.08093879044891066,True,0.609539712330132,False,0.13272538251563212,1.0,0.000192942086425,logistic,histogram_gradient_boosting,1.0,1.0,1.0,1.0,1.0
2019-03-05,0.910351363512329,0.910351363512329,0.07741464192089098,True,0.6096233448290155,False,0.13133698260700966,1.0,6.497889884160557e-05,logistic,histogram_gradient_boosting,1.0,1.0,1.0,1.0,1.0
2019-03-06,0.910351363512329,0.910351363512329,0.08812918233075834,True,0.609302963322456,False,0.13970543094373808,1.0,6.511267664488507e-05,logistic,histogram_gradient_boosting,1.0,1.0,1.0,1.0,1.0
2019-03-07,0.910351363512329,0.910351363512329,0.12362859629651021,True,0.6104986537586974,False,0.15072806974818556,0.75,6.484510814463995e-05,logistic,histogram_gradient_boosting,1.0,1.0,1.0,1.0,1.0
2019-03-08,0.910351363512329,0.910351363512329,0.09829194338862454,True,0.6105140330890034,False,0.14336901688293768,0.75,6.479158876571134e-05,logistic,histogram_gradient_boosting,1.0,1.0,1.0,1.0,1.0
2019-03-11,0.910351363512329,0.910351363512329,0.0666285158455086,True,0.6094826090296213,False,0.1391320223687534,1.0,0.0001933435884011,logistic,histogram_gradient_boosting,1.0,1.0,1.0,1.0,1.0
2019-03-12,0.910351363512329,0.910351363512329,0.06551325004014784,True,0.6103579338721508,False,0.1361761909582128,1.0,6.484510814463995e-05,logistic,histogram_gradient_boosting,1.0,1.0,1.0,1.0,1.0
2019-03-13,0.910351363512329,0.910351363512329,0.07376526378663661,True,0.6117017856360291,False,0.13272691269388168,1.0,6.46577953267169e-05,logistic,histogram_gradient_boosting,1.0,1.0,1.0,1.0,1.0
2019-03-14,0.910351363512329,0.910351363512329,0.07951312925220111,True,0.6117017856360291,False,0.13249517278907902,1.0,6.46577953267169e-05,logistic,histogram_gradient_boosting,1.0,1.0,1.0,1.0,1.0
2019-03-15,0.910351363512329,0.910351363512329,0.07227077685051085,True,0.6115050212904983,False,0.12473498772658728,1.0,6.46577953267169e-05,logistic,histogram_gradient_boosting,1.0,1.0,1.0,1.0,1.0
2019-03-18,0.910351363512329,0.910351363512329,0.07036624421906797,True,0.6115050212904983,False,0.1208199794274181,1.0,0.0001937450517868,logistic,histogram_gradient_boosting,1.0,1.0,1.0,1.0,1.0
2019-03-19,0.910351363512329,0.910351363512329,0.07529329812638466,True,0.6120451006899021,False,0.12375753042064992,1.0,6.511267664488507e-05,logistic,histogram_gradient_boosting,1.0,1.0,1.0,1.0,1.0
2019-03-20,0.910351363512329,0.910351363512329,0.08899467445989778,True,0.6114948439150136,False,0.12515336584761386,1.0,6.519294275175724e-05,logistic,histogram_gradient_boosting,1.0,1.0,1.0,1.0,1.0
2019-03-21,0.910351363512329,0.910351363512329,0.11560077471206666,True,0.6080254505373811,False,0.12637450879069256,1.0,6.519294275175724e-05,logistic,histogram_gradient_boosting,1.0,1.0,1.0,1.0,1.0
2019-03-22,0.910351363512329,0.910351363512329,0.12897864533798703,True,0.6085484456494736,False,0.15881171601149738,1.0,6.492538206881449e-05,logistic,histogram_gradient_boosting,1.0,1.0,1.0,1.0,1.0
2019-03-25,0.910351363512329,0.910351363512329,0.09665557349003755,True,0.6095268768241583,False,0.15894749989587284,1.0,0.0001941465148713,logistic,histogram_gradient_boosting,1.0,1.0,1.0,1.0,1.0
2019-03-26,0.910351363512329,0.910351363512329,0.07559066982566105,True,0.6099835597538942,False,0.14489922297500182,1.0,6.511267664488507e-05,logistic,histogram_gradient_boosting,1.0,1.0,1.0,1.0,1.0
2019-03-27,0.910351363512329,0.910351363512329,0.07923678555816284,True,0.6109174663395261,False,0.14823965470523198,1.0,6.439018252057949e-05,logistic,histogram_gradient_boosting,1.0,1.0,1.0,1.0,1.0
2019-03-28,0.910351363512329,0.910351363512329,0.07180548546270582,True,0.6105841399154727,False,0.14064319460260422,1.0,6.41760696771243e-05,logistic,histogram_gradient_boosting,1.0,1.0,1.0,1.0,1.0
2019-03-29,0.910351363512329,0.910351363512329,0.07971902067323347,True,0.6099495487793025,False,0.127640905123011,1.0,6.305172734788478e-05,logistic,histogram_gradient_boosting,1.0,1.0,1.0,1.0,1.0
2019-04-01,0.910351363512329,0.910351363512329,0.08662050350668082,True,0.6103357032783814,False,0.12864224417129094,1.0,0.0001887654045205,logistic,histogram_gradient_boosting,1.0,1.0,1.0,1.0,1.0
2019-04-02,0.910351363512329,0.910351363512329,0.06924484779487573,True,0.6103357032783814,False,0.1287412855724287,1.0,6.41760696771243e-05,logistic,histogram_gradient_boosting,1.0,1.0,1.0,1.0,1.0
2019-04-03,0.910351363512329,0.910351363512329,0.09315086744392259,True,0.6119654310651189,False,0.1268304701690321,1.0,6.425636315121608e-05,logistic,histogram_gradient_boosting,1.0,1.0,1.0,1.0,1.0
2019-04-04,0.910351363512329,0.910351363512329,0.05787541905805023,True,0.6138433806549902,False,0.1294188487343371,1.0,6.41760696771243e-05,logistic,histogram_gradient_boosting,1.0,1.0,1.0,1.0,1.0
2019-04-05,0.910351363512329,0.910351363512329,0.0453107193954264,True,0.6139282686891419,False,0.12086806309515793,1.0,6.41760696771243e-05,logistic,histogram_gradient_boosting,1.0,1.0,1.0,1.0,1.0
2019-04-08,0.910351363512329,0.910351363512329,0.051340609301930955,True,0.6132775655227408,False,0.1169439530497169,1.0,0.0001921390432702,logistic,histogram_gradient_boosting,1.0,1.0,1.0,1.0,1.0
2019-04-09,0.910351363512329,0.910351363512329,0.09147209185971854,True,0.6114456090486179,False,0.12901918403716606,1.0,6.404224625988775e-05,logistic,histogram_gradient_boosting,1.0,1.0,1.0,1.0,1.0
2019-04-10,0.910351363512329,0.910351363512329,0.05284519084999037,True,0.6110879660310407,False,0.12118113047826182,1.0,6.39887112388049e-05,logistic,histogram_gradient_boosting,1.0,1.0,1.0,1.0,1.0
2019-04-11,0.910351363512329,0.910351363512329,0.04140451856965271,True,0.6105462308741848,False,0.12038634359627884,1.0,6.404224625988775e-05,logistic,histogram_gradient_boosting,1.0,1.0,1.0,1.0,1.0
2019-04-12,0.910351363512329,0.910351363512329,0.03265537330655335,True,0.610387988470442,False,0.11269949285980611,1.0,6.430989295735934e-05,logistic,histogram_gradient_boosting,1.0,1.0,1.0,1.0,1.0
2019-04-15,0.910351363512329,0.910351363512329,0.03919970542851959,True,0.6107811395869457,False,0.11824071272966535,1.0,0.0001917374829418,logistic,histogram_gradient_boosting,1.0,1.0,1.0,1.0,1.0
2019-04-16,0.910351363512329,0.910351363512329,0.036583908783170666,True,0.6112987636235684,False,0.11280200367367747,1.0,6.439018252057949e-05,logistic,histogram_gradient_boosting,1.0,1.0,1.0,1.0,1.0
2019-04-17,0.910351363512329,0.910351363512329,0.035169991596042,True,0.6127771402249886,False,0.1143090509984731,1.0,6.4443709719475e-05,logistic,histogram_gradient_boosting,1.0,1.0,1.0,1.0,1.0
2019-04-18,0.910351363512329,0.910351363512329,0.027327416352948452,True,0.6102780606384234,False,0.10630124698625294,1.0,6.404224625988775e-05,logistic,histogram_gradient_boosting,1.0,1.0,1.0,1.0,1.0
2019-04-22,0.910351363512329,0.910351363512329,0.044086651496785235,True,0.611624918637469,False,0.10436360088845083,1.0,0.0002572643874674,logistic,histogram_gradient_boosting,1.0,1.0,1.0,1.0,1.0
2019-04-23,0.910351363512329,0.910351363512329,0.030572592041721653,True,0.6118782151333735,False,0.11278346367735272,1.0,6.471131731222712e-05,logistic,histogram_gradient_boosting,1.0,1.0,1.0,1.0,1.0
2019-04-24,0.910351363512329,0.910351363512329,0.03877660113925972,True,0.6120887208920335,False,0.12304184209426688,1.0,6.430989295735934e-05,logistic,histogram_gradient_boosting,1.0,1.0,1.0,1.0,1.0
2019-04-25,0.910351363512329,0.910351363512329,0.03910795706906197,True,0.6120887208920335,False,0.1223626414816229,1.0,6.404224625988775e-05,logistic,histogram_gradient_boosting,1.0,1.0,1.0,1.0,1.0
2019-04-26,0.910351363512329,0.910351363512329,0.03243528583851858,True,0.6120634176405099,False,0.11973159751404687,1.0,6.390840994208169e-05,logistic,histogram_gradient_boosting,1.0,1.0,1.0,1.0,1.0
2019-04-29,0.910351363512329,0.910351363512329,0.03272511929166905,True,0.6106141148966671,False,0.12128277096690905,1.0,0.0001917374829418,logistic,histogram_gradient_boosting,1.0,1.0,1.0,1.0,1.0
2019-04-30,0.910351363512329,0.910351363512329,0.030214028423207903,True,0.6104492921979346,False,0.11811119755121642,1.0,6.41225436450732e-05,logistic,histogram_gradient_boosting,1.0,1.0,1.0,1.0,1.0
2019-05-01,0.910351363512329,0.910351363512329,0.050443705889977396,True,0.6102564706161967,False,0.13176216771616284,1.0,6.39887112388049e-05,logistic,histogram_gradient_boosting,1.0,1.0,1.0,1.0,1.0
2019-05-02,0.910351363512329,0.910351363512329,0.041753472534126757,True,0.6108783344476483,False,0.12672769352953442,1.0,6.425636315121608e-05,logistic,histogram_gradient_boosting,1.0,1.0,1.0,1.0,1.0
2019-05-03,0.910351363512329,0.910351363512329,0.03669994043598476,True,0.6096800558884914,False,0.12366582121855584,1.0,6.41225436450732e-05,logistic,histogram_gradient_boosting,1.0,1.0,1.0,1.0,1.0
2019-05-06,0.910351363512329,0.910351363512329,0.07898731506854195,True,0.6100495831838847,False,0.14691466775797285,1.0,0.0001919784176438,logistic,histogram_gradient_boosting,1.0,1.0,1.0,1.0,1.0
2019-05-07,0.910351363512329,0.910351363512329,0.11832270865870174,True,0.6105543877531213,False,0.1804736461860939,1.0,6.41225436450732e-05,logistic,histogram_gradient_boosting,1.0,1.0,1.0,1.0,1.0
2019-05-08,0.910351363512329,0.910351363512329,0.13000403044954315,True,0.6108835955221955,False,0.1842237584992729,1.0,6.41760696771243e-05,logistic,histogram_gradient_boosting,1.0,1.0,1.0,1.0,1.0
2019-05-09,0.910351363512329,0.910351363512329,0.1298874329355374,True,0.6111312078915181,False,0.18220350640275837,0.75,6.41760696771243e-05,logistic,histogram_gradient_boosting,1.0,1.0,1.0,1.0,1.0
2019-05-10,0.910351363512329,0.910351363512329,0.06541374926363804,True,0.6114185363065169,False,0.15154650766245478,0.75,6.41760696771243e-05,logistic,histogram_gradient_boosting,1.0,1.0,1.0,1.0,1.0
2019-05-13,0.910351363512329,0.910351363512329,0.14027389759269696,True,0.6125914404939945,False,0.19232967232924647,0.5,0.0001909343230688,logistic,histogram_gradient_boosting,1.0,1.0,1.0,1.0,1.0
2019-05-14,0.910351363512329,0.910351363512329,0.14168639061399466,True,0.610629015852764,False,0.17688670061012696,0.5,6.372103324947531e-05,logistic,histogram_gradient_boosting,1.0,1.0,1.0,1.0,1.0
2019-05-15,0.910351363512329,0.910351363512329,0.12420067896433096,True,0.6104526522308084,False,0.16416223177677494,0.75,6.364072412856636e-05,logistic,histogram_gradient_boosting,1.0,1.0,1.0,1.0,1.0
2019-05-16,0.910351363512329,0.910351363512329,0.07460452129874147,True,0.6092317013855986,False,0.15601649194450518,0.75,6.331947055149278e-05,logistic,histogram_gradient_boosting,1.0,1.0,1.0,1.0,1.0
2019-05-17,0.910351363512329,0.910351363512329,0.10914645111175687,True,0.6102532524196165,False,0.16268520518388083,0.5,6.31052742459115e-05,logistic,histogram_gradient_boosting,1.0,1.0,1.0,1.0,1.0
2019-05-20,0.910351363512329,0.910351363512329,0.11264945759411417,True,0.61002237741362,False,0.16042091945261516,0.5,0.0001885243764052,logistic,histogram_gradient_boosting,1.0,1.0,1.0,1.0,1.0
2019-05-21,0.910351363512329,0.910351363512329,0.09034661812416027,True,0.6096962289264447,False,0.15004800924253373,0.5,6.31052742459115e-05,logistic,histogram_gradient_boosting,1.0,1.0,1.0,1.0,1.0
2019-05-22,0.910351363512329,0.910351363512329,0.06644299452320651,True,0.6120391617144132,False,0.14678036174460332,0.5,6.283751016633587e-05,logistic,histogram_gradient_boosting,1.0,1.0,1.0,1.0,1.0
2019-05-23,0.910351363512329,0.910351363512329,0.1348873950417384,True,0.6090826800078271,False,0.1621298034613348,0.5,6.238225197030545e-05,logistic,histogram_gradient_boosting,1.0,1.0,1.0,1.0,1.0
2019-05-24,0.910351363512329,0.910351363512329,0.10780806666933498,True,0.6090826800078271,False,0.1570912358760115,0.5,6.198049353467461e-05,logistic,histogram_gradient_boosting,1.0,1.0,1.0,1.0,1.0
2019-05-28,0.910351363512329,0.910351363512329,0.15838162861826122,True,0.6091132632808274,False,0.16695071353093757,0.5,0.0002490166146931,logistic,histogram_gradient_boosting,1.0,0.9832367427634776,1.0,1.0,0.9832367427634776
2019-05-29,0.910351363512329,0.910351363512329,0.14179401356174612,True,0.6094659014117284,False,0.16213803943747315,0.5,6.224834114809674e-05,logistic,histogram_gradient_boosting,1.0,1.0,1.0,1.0,1.0
2019-05-30,0.910351363512329,0.910351363512329,0.12266958261978177,True,0.6090826800078271,False,0.16128002061707425,0.5,6.256971998808147e-05,logistic,histogram_gradient_boosting,1.0,1.0,1.0,1.0,1.0
2019-05-31,0.910351363512329,0.910351363512329,0.2127459583031672,True,0.6112963610340986,False,0.17084167021188257,0.5,6.211441741243995e-05,logistic,histogram_gradient_boosting,1.0,0.8745080833936656,1.0,1.0,0.8745080833936656
2019-06-03,0.7884222328695967,0.910351363512329,0.31675344888656787,True,0.6111066836151613,False,0.1764642457827133,0.0,0.0001853100238511,logistic,histogram_gradient_boosting,1.0,0.6664931022268643,0.7,1.0,0.6664931022268643
2019-06-04,0.8942111164347983,0.7884222328695967,0.08582669294513771,True,0.6089189168636318,False,0.17183843989535383,0.5,6.216798896718778e-05,logistic,histogram_gradient_boosting,1.0,1.0,1.0,1.0,1.0
2019-06-05,0.9471055582173992,0.8942111164347983,0.06823110716531301,True,0.6076824110496215,False,0.16537310023517227,0.5,6.190013351980994e-05,logistic,histogram_gradient_boosting,1.0,1.0,1.0,1.0,1.0
2019-06-06,0.9471055582173992,0.9471055582173992,0.07987523550845803,True,0.6074355527507449,False,0.16512264359070353,0.5,6.109641045748404e-05,logistic,histogram_gradient_boosting,1.0,1.0,1.0,1.0,1.0
2019-06-07,0.9471055582173992,0.9471055582173992,0.1228616585967746,True,0.6085966588201017,False,0.16674726999485226,0.5,6.002440744512505e-05,logistic,histogram_gradient_boosting,1.0,1.0,1.0,1.0,1.0
2019-06-10,0.9471055582173992,0.9471055582173992,0.1457192024812004,True,0.6087329266135809,False,0.1553644209094106,0.5,0.0001804861566141,logistic,histogram_gradient_boosting,1.0,1.0,1.0,1.0,1.0
2019-06-11,0.9471055582173992,0.9471055582173992,0.13260265640068836,True,0.611828904338997,False,0.15270095942200249,0.75,5.997080046737935e-05,logistic,histogram_gradient_boosting,1.0,1.0,1.0,1.0,1.0
2019-06-12,0.9471055582173992,0.9471055582173992,0.1108603214967934,True,0.6103168270737339,False,0.15419871107272615,0.75,5.868382319773602e-05,logistic,histogram_gradient_boosting,1.0,1.0,1.0,1.0,1.0
2019-06-13,0.9471055582173992,0.9471055582173992,0.08179765356362334,True,0.6098710923679317,False,0.1542617148589787,0.75,5.80132888934326e-05,logistic,histogram_gradient_boosting,1.0,1.0,1.0,1.0,1.0
2019-06-14,0.9471055582173992,0.9471055582173992,0.10478717163757183,True,0.6079825516227294,False,0.14642154369884938,0.5,5.761088462707953e-05,logistic,histogram_gradient_boosting,1.0,1.0,1.0,1.0,1.0
2019-06-17,0.9471055582173992,0.9471055582173992,0.07964991763055605,True,0.6096079183275961,False,0.14380587450042667,1.0,0.0001738889869462,logistic,histogram_gradient_boosting,1.0,1.0,1.0,1.0,1.0
2019-06-18,0.9471055582173992,0.9471055582173992,0.09522572551980768,True,0.6087838071005159,False,0.14576732968810222,1.0,5.876427734108347e-05,logistic,histogram_gradient_boosting,1.0,1.0,1.0,1.0,1.0
2019-06-19,0.9471055582173992,0.9471055582173992,0.08131991568505513,True,0.6077191126057155,False,0.13740220333105482,1.0,5.761088462707953e-05,logistic,histogram_gradient_boosting,1.0,1.0,1.0,1.0,1.0
2019-06-20,0.9471055582173992,0.9471055582173992,0.11829380415895165,True,0.6068399651467987,False,0.14175833958409662,1.0,5.6349646794462416e-05,logistic,histogram_gradient_boosting,1.0,1.0,1.0,1.0,1.0
2019-06-21,0.9471055582173992,0.9471055582173992,0.10702694662725941,True,0.6066549643495752,False,0.14556407501690546,1.0,5.573223329013999e-05,logistic,histogram_gradient_boosting,1.0,1.0,1.0,1.0,1.0
2019-06-24,0.9471055582173992,0.9471055582173992,0.10440677021350314,True,0.6092857028813845,False,0.15026618823563445,1.0,0.0001674476671067,logistic,histogram_gradient_boosting,1.0,1.0,1.0,1.0,1.0
2019-06-25,0.9471055582173992,0.9471055582173992,0.1416084296232013,True,0.6101973488661337,False,0.1569081433719691,1.0,5.6483845424670776e-05,logistic,histogram_gradient_boosting,1.0,1.0,1.0,1.0,1.0
2019-06-26,0.9471055582173992,0.9471055582173992,0.13877717838122633,True,0.611129185626678,False,0.15791973318937136,1.0,5.6752229420586886e-05,logistic,histogram_gradient_boosting,1.0,1.0,1.0,1.0,1.0
2019-06-27,0.9471055582173992,0.9471055582173992,0.09373624525826958,True,0.6110133571931547,False,0.15393983943188497,1.0,5.6537526880839906e-05,logistic,histogram_gradient_boosting,1.0,1.0,1.0,1.0,1.0
2019-06-28,0.9471055582173992,0.9471055582173992,0.09236089207424285,True,0.6122253086877777,False,0.15063033770296036,1.0,5.519523973318563e-05,logistic,histogram_gradient_boosting,1.0,1.0,1.0,1.0,1.0
2019-07-01,0.9471055582173992,0.9471055582173992,0.09570709670267691,True,0.6115518424390207,False,0.14150483396635735,1.0,0.0001680114805515,logistic,histogram_gradient_boosting,1.0,1.0,1.0,1.0,1.0
2019-07-02,0.9471055582173992,0.9471055582173992,0.08794716920037611,True,0.609661788698312,False,0.12346033670516046,1.0,5.82278761416255e-05,logistic,histogram_gradient_boosting,1.0,1.0,1.0,1.0,1.0
2019-07-03,0.9471055582173992,0.9471055582173992,0.08275625565078373,True,0.6093803084636698,False,0.12004508274965363,1.0,5.828152353259952e-05,logistic,histogram_gradient_boosting,1.0,1.0,1.0,1.0,1.0
2019-07-05,0.9471055582173992,0.9471055582173992,0.09139502172404772,True,0.6087316437626615,False,0.128915787625151,1.0,0.0001172638176112,logistic,histogram_gradient_boosting,1.0,1.0,1.0,1.0,1.0
2019-07-08,0.9471055582173992,0.9471055582173992,0.08576804461608517,True,0.6108443981907885,False,0.13518772134344834,1.0,0.0001771077707128,logistic,histogram_gradient_boosting,1.0,1.0,1.0,1.0,1.0
2019-07-09,0.9471055582173992,0.9471055582173992,0.09158579752160684,True,0.6087249142746954,False,0.13301453923110623,1.0,5.948825223933696e-05,logistic,histogram_gradient_boosting,1.0,1.0,1.0,1.0,1.0
2019-07-10,0.9471055582173992,0.9471055582173992,0.05738154682177116,True,0.6070337154650859,False,0.12438071865072763,1.0,5.77450280634384e-05,logistic,histogram_gradient_boosting,1.0,1.0,1.0,1.0,1.0
2019-07-11,0.9471055582173992,0.9471055582173992,0.05546412165302763,True,0.6095080796152254,False,0.12585517564408452,1.0,5.688641478651668e-05,logistic,histogram_gradient_boosting,1.0,1.0,1.0,1.0,1.0
2019-07-12,0.9471055582173992,0.9471055582173992,0.04349463043068417,True,0.6095703878192924,False,0.11898630152808022,1.0,5.667171633483292e-05,logistic,histogram_gradient_boosting,1.0,1.0,1.0,1.0,1.0
2019-07-15,0.9471055582173992,0.9471055582173992,0.0475393684003001,True,0.612264184725945,False,0.11637676301130861,1.0,0.0001696221702991,logistic,histogram_gradient_boosting,1.0,1.0,1.0,1.0,1.0
2019-07-16,0.9471055582173992,0.9471055582173992,0.04138101756467668,True,0.6111842635665635,False,0.1208299478914549,1.0,5.702058720147285e-05,logistic,histogram_gradient_boosting,1.0,1.0,1.0,1.0,1.0
2019-07-17,0.9471055582173992,0.9471055582173992,0.05426170026810833,True,0.609898215266181,False,0.12767045457332818,1.0,5.621543520906158e-05,logistic,histogram_gradient_boosting,1.0,1.0,1.0,1.0,1.0
2019-07-18,0.9471055582173992,0.9471055582173992,0.049924090684095854,True,0.6099591666795598,False,0.12570788311013828,1.0,5.460442300719848e-05,logistic,histogram_gradient_boosting,1.0,1.0,1.0,1.0,1.0
2019-07-19,0.9471055582173992,0.9471055582173992,0.06341287127662837,True,0.6106945588572561,False,0.1313805874540912,1.0,5.460442300719848e-05,logistic,histogram_gradient_boosting,1.0,1.0,1.0,1.0,1.0
2019-07-22,0.9471055582173992,0.9471055582173992,0.05172827384655259,True,0.6113594774352549,False,0.12704694332064634,1.0,0.0001647891617642,logistic,histogram_gradient_boosting,1.0,1.0,1.0,1.0,1.0
2019-07-23,0.9471055582173992,0.9471055582173992,0.04237336039801956,True,0.6111842635665635,False,0.12079067466101115,1.0,5.514153204333461e-05,logistic,histogram_gradient_boosting,1.0,1.0,1.0,1.0,1.0
2019-07-24,0.9471055582173992,0.9471055582173992,0.04352791350673005,True,0.6124268760391713,False,0.11490590646011527,1.0,5.532949476161342e-05,logistic,histogram_gradient_boosting,1.0,1.0,1.0,1.0,1.0
2019-07-25,0.9471055582173992,0.9471055582173992,0.04134213006582441,True,0.6110148982414743,False,0.12274839227050412,1.0,5.586646208111112e-05,logistic,histogram_gradient_boosting,1.0,1.0,1.0,1.0,1.0
2019-07-26,0.9471055582173992,0.9471055582173992,0.04091583759485788,True,0.6113533913715457,False,0.1176319473499195,1.0,5.5946998767986145e-05,logistic,histogram_gradient_boosting,1.0,1.0,1.0,1.0,1.0
2019-07-29,0.9471055582173992,0.9471055582173992,0.04815564477042891,True,0.6105269791628268,False,0.1249967905746473,1.0,0.0001668032482011,logistic,histogram_gradient_boosting,1.0,1.0,1.0,1.0,1.0
2019-07-30,0.9471055582173992,0.9471055582173992,0.05285219520716513,True,0.6095101149944104,False,0.132992706142251,1.0,5.532949476161342e-05,logistic,histogram_gradient_boosting,1.0,1.0,1.0,1.0,1.0
2019-07-31,0.9471055582173992,0.9471055582173992,0.07635763294384666,True,0.6097871588525425,False,0.15143338396928413,1.0,5.506097174134972e-05,logistic,histogram_gradient_boosting,1.0,1.0,1.0,1.0,1.0
2019-08-01,0.9471055582173992,0.9471055582173992,0.11285610735514696,True,0.6103780020160436,False,0.16483057371589036,0.75,5.506097174134972e-05,logistic,histogram_gradient_boosting,1.0,1.0,1.0,1.0,1.0
2019-08-02,0.9471055582173992,0.9471055582173992,0.09347548728020053,True,0.6108351681065415,False,0.15656000236230436,0.75,5.425524517677083e-05,logistic,histogram_gradient_boosting,1.0,1.0,1.0,1.0,1.0
2019-08-05,0.8235527791086996,0.9471055582173992,0.2207145053442685,True,0.6132959023468573,False,0.22226156633350258,0.25,0.0001589858119153,logistic,histogram_gradient_boosting,1.0,0.858570989311463,0.7,1.0,0.7
2019-08-06,0.7617763895543498,0.8235527791086996,0.16060144797640322,True,0.6125728965333413,False,0.192825168171987,0.25,5.41209344400162e-05,logistic,histogram_gradient_boosting,1.0,0.9787971040471936,0.7,1.0,0.7
2019-08-07,0.8798420203752944,0.7617763895543498,0.15104617440188062,True,0.609694593250266,False,0.187690082037636,0.5,5.339554361993848e-05,logistic,histogram_gradient_boosting,1.0,0.9979076511962388,1.0,1.0,0.9979076511962388
2019-08-08,0.9399210101876472,0.8798420203752944,0.11170750694619505,True,0.6108926024300582,False,0.16967948673944883,0.75,5.3449282248596575e-05,logistic,histogram_gradient_boosting,1.0,1.0,1.0,1.0,1.0
2019-08-09,0.9399210101876472,0.9399210101876472,0.11293633251027281,True,0.610476673396822,False,0.17845497106060731,0.5,5.291184224809342e-05,logistic,histogram_gradient_boosting,1.0,1.0,1.0,1.0,1.0
2019-08-12,0.8199605050938236,0.9399210101876472,0.2795098608527613,True,0.6103373463701548,False,0.19564243586845126,0.25,0.0001569698151493,logistic,histogram_gradient_boosting,1.0,0.7409802782944774,0.7,1.0,0.7
2019-08-13,0.8199605050938236,0.8199605050938236,0.1940091251765331,True,0.6108176311817222,False,0.16837884068447143,0.75,5.3046212104890245e-05,logistic,histogram_gradient_boosting,1.0,0.9119817496469338,1.0,1.0,0.9119817496469338
2019-08-14,0.8199605050938236,0.8199605050938236,0.24373780561568553,True,0.6111990285754847,False,0.20922775935727456,0.5,5.1782873359718096e-05,logistic,histogram_gradient_boosting,1.0,0.8125243887686289,1.0,1.0,0.8125243887686289
2019-08-15,0.8896269119410793,0.8199605050938236,0.17035334060583243,True,0.6111990285754847,False,0.20086340067218564,0.5,5.0034748502403303e-05,logistic,histogram_gradient_boosting,1.0,0.9592933187883351,1.0,1.0,0.9592933187883351
2019-08-16,0.9448134559705397,0.8896269119410793,0.13426718408260097,True,0.6115768954635348,False,0.17638271537011085,0.5,4.949663686892869e-05,logistic,histogram_gradient_boosting,1.0,1.0,1.0,1.0,1.0
2019-08-19,0.9448134559705397,0.9448134559705397,0.16911359547773774,True,0.6092677211114119,False,0.16679338096551874,0.5,0.000150918881125,logistic,histogram_gradient_boosting,1.0,0.9617728090445246,1.0,1.0,0.9617728090445246
2019-08-20,0.9448134559705397,0.9448134559705397,0.143555756104655,True,0.6119923963756222,False,0.17026282203140747,0.5,5.156777890547026e-05,logistic,histogram_gradient_boosting,1.0,1.0,1.0,1.0,1.0
2019-08-21,0.9448134559705397,0.9448134559705397,0.13792597965813527,True,0.609499096587784,False,0.15027356860063595,0.5,5.232053423043226e-05,logistic,histogram_gradient_boosting,1.0,1.0,1.0,1.0,1.0
2019-08-22,0.9448134559705397,0.9448134559705397,0.14854381808330555,True,0.6092677211114119,False,0.15873575694525424,0.5,5.258932521368109e-05,logistic,histogram_gradient_boosting,1.0,1.0,1.0,1.0,1.0
2019-08-23,0.9448134559705397,0.9448134559705397,0.13572376180442586,True,0.6106410500441648,False,0.1866762469885811,0.5,5.183664354091455e-05,logistic,histogram_gradient_boosting,1.0,1.0,1.0,1.0,1.0
2019-08-26,0.9448134559705397,0.9448134559705397,0.15371623291607658,True,0.6097921128721348,False,0.18509500586336103,0.5,0.0001573730537318,logistic,histogram_gradient_boosting,1.0,0.9925675341678468,1.0,1.0,0.9925675341678468
2019-08-27,0.9448134559705397,0.9448134559705397,0.15306112010311862,True,0.608968294991155,False,0.19336223150813192,0.5,5.272371084452665e-05,logistic,histogram_gradient_boosting,1.0,0.9938777597937627,1.0,1.0,0.9938777597937627
2019-08-28,0.9448134559705397,0.9448134559705397,0.12029302136850814,True,0.6110227586716881,False,0.18465647072085856,0.5,5.264308281804908e-05,logistic,histogram_gradient_boosting,1.0,1.0,1.0,1.0,1.0
2019-08-29,0.9448134559705397,0.9448134559705397,0.12042717224324762,True,0.6087794905435995,False,0.17407178496690415,0.5,5.264308281804908e-05,logistic,histogram_gradient_boosting,1.0,1.0,1.0,1.0,1.0
2019-08-30,0.9448134559705397,0.9448134559705397,0.17806106502144775,True,0.610294593183627,False,0.17522848419391265,0.75,5.245493300920501e-05,logistic,histogram_gradient_boosting,1.0,0.9438778699571044,1.0,1.0,0.9438778699571044
2019-09-03,0.9448134559705397,0.9448134559705397,0.14056601531162857,True,0.609850284931819,False,0.17702685425148726,0.75,0.0002073626969465,logistic,histogram_gradient_boosting,1.0,1.0,1.0,1.0,1.0
2019-09-04,0.9448134559705397,0.9448134559705397,0.10794663349337591,True,0.6101522326999474,False,0.16043143895512899,0.75,5.1702214512117095e-05,logistic,histogram_gradient_boosting,1.0,1.0,1.0,1.0,1.0
2019-09-05,0.9448134559705397,0.9448134559705397,0.07308177772871773,True,0.6115438505568574,False,0.15459676625759775,1.0,5.210548186718178e-05,logistic,histogram_gradient_boosting,1.0,1.0,1.0,1.0,1.0
2019-09-06,0.9448134559705397,0.9448134559705397,0.06912594401745159,True,0.611488948937974,False,0.14567012104357532,1.0,5.183664354091455e-05,logistic,histogram_gradient_boosting,1.0,1.0,1.0,1.0,1.0
2019-09-09,0.9448134559705397,0.9448134559705397,0.04741202170376025,True,0.6114714433660929,False,0.1474348585655834,1.0,0.0001553566646159,logistic,histogram_gradient_boosting,1.0,1.0,1.0,1.0,1.0
2019-09-10,0.9448134559705397,0.9448134559705397,0.041311260866028626,True,0.61219507126152,False,0.14531250994625947,1.0,5.1917298441894744e-05,logistic,histogram_gradient_boosting,1.0,1.0,1.0,1.0,1.0
2019-09-11,0.9448134559705397,0.9448134559705397,0.03796393272109058,True,0.6107367042752183,False,0.137933248871214,1.0,5.1917298441894744e-05,logistic,histogram_gradient_boosting,1.0,1.0,1.0,1.0,1.0
2019-09-12,0.9448134559705397,0.9448134559705397,0.0338267078612767,True,0.6115689119880183,False,0.12896356115111082,1.0,5.143333672030792e-05,logistic,histogram_gradient_boosting,1.0,1.0,1.0,1.0,1.0
2019-09-13,0.9448134559705397,0.9448134559705397,0.01963785480562769,True,0.613095937998506,False,0.12545780379880775,1.0,5.156777890547026e-05,logistic,histogram_gradient_boosting,1.0,1.0,1.0,1.0,1.0
2019-09-16,0.9448134559705397,0.9448134559705397,0.0240527594717675,True,0.6120370777844389,False,0.13295057930825266,1.0,0.000158340753988,logistic,histogram_gradient_boosting,1.0,1.0,1.0,1.0,1.0
2019-09-17,0.9448134559705397,0.9448134559705397,0.022765103723228142,True,0.6083474014506766,False,0.12977854139278766,1.0,5.258932521368109e-05,logistic,histogram_gradient_boosting,1.0,1.0,1.0,1.0,1.0
2019-09-18,0.9448134559705397,0.9448134559705397,0.020269225139618836,True,0.6110115730846756,False,0.1253244983899976,1.0,5.1029970687066495e-05,logistic,histogram_gradient_boosting,1.0,1.0,1.0,1.0,1.0
2019-09-19,0.9448134559705397,0.9448134559705397,0.023356535600720048,True,0.6092303582699058,False,0.12440683594089776,1.0,5.111064927265651e-05,logistic,histogram_gradient_boosting,1.0,1.0,1.0,1.0,1.0
2019-09-20,0.9448134559705397,0.9448134559705397,0.02667705938710019,True,0.610572227297068,False,0.13588301384375553,1.0,5.0223060913179296e-05,logistic,histogram_gradient_boosting,1.0,1.0,1.0,1.0,1.0
2019-09-23,0.9448134559705397,0.9448134559705397,0.019939740449018816,True,0.6132693050396768,False,0.13110269087492818,1.0,0.000150273185437,logistic,histogram_gradient_boosting,1.0,1.0,1.0,1.0,1.0
2019-09-24,0.9448134559705397,0.9448134559705397,0.042023301750799616,True,0.6100148951919293,False,0.1490511709296101,0.75,5.1029970687066495e-05,logistic,histogram_gradient_boosting,1.0,1.0,1.0,1.0,1.0
2019-09-25,0.9448134559705397,0.9448134559705397,0.03187255964832987,True,0.6124007269577659,False,0.1448448828787517,1.0,5.008855290733472e-05,logistic,histogram_gradient_boosting,1.0,1.0,1.0,1.0,1.0
2019-09-26,0.9448134559705397,0.9448134559705397,0.03231998599810666,True,0.6116762624525014,False,0.1462151580501407,0.75,4.80701389713456e-05,logistic,histogram_gradient_boosting,1.0,1.0,1.0,1.0,1.0
2019-09-27,0.8224067279852698,0.9448134559705397,0.039755775388687555,True,0.6110553165340059,False,0.15426242757503347,0.25,4.699304661825998e-05,logistic,histogram_gradient_boosting,1.0,1.0,0.7,1.0,0.7
2019-09-30,0.9112033639926349,0.8224067279852698,0.04272278918809398,True,0.6110685341219643,False,0.15044573949378728,0.75,0.0001442173492398,logistic,histogram_gradient_boosting,1.0,1.0,1.0,1.0,1.0
2019-10-01,0.9112033639926349,0.9112033639926349,0.10145107631222929,True,0.6106660636351503,False,0.16673003025459046,0.5,4.7612426957943654e-05,logistic,histogram_gradient_boosting,1.0,1.0,1.0,1.0,1.0
2019-10-02,0.8056016819963174,0.9112033639926349,0.09420557938574377,True,0.61111352052082,False,0.17862760698749286,0.25,4.712770625725504e-05,logistic,histogram_gradient_boosting,1.0,1.0,0.7,1.0,0.7
2019-10-03,0.7528008409981587,0.8056016819963174,0.11269314769293566,True,0.6111585346062214,False,0.17193550942881947,0.25,4.524186721521773e-05,logistic,histogram_gradient_boosting,1.0,1.0,0.7,1.0,0.7
2019-10-04,0.8764004204990794,0.7528008409981587,0.10260836907820182,True,0.6094329167450895,False,0.15729057553071824,0.5,4.49723563951121e-05,logistic,histogram_gradient_boosting,1.0,1.0,1.0,1.0,1.0
2019-10-07,0.9382002102495397,0.8764004204990794,0.12762549260395198,True,0.6104483444367451,False,0.1659186225690978,0.5,0.0001363785716752,logistic,histogram_gradient_boosting,1.0,1.0,1.0,1.0,1.0
2019-10-08,0.8191001051247698,0.9382002102495397,0.17559498932863404,True,0.6098279719738696,False,0.18373925058963106,0.25,4.49723563951121e-05,logistic,histogram_gradient_boosting,1.0,0.948810021342732,0.7,1.0,0.7
2019-10-09,0.7595500525623848,0.8191001051247698,0.1621711148829535,True,0.6086693449916754,False,0.1690385894163071,0.25,4.424454573581649e-05,logistic,histogram_gradient_boosting,1.0,0.975657770234093,0.7,1.0,0.7
2019-10-10,0.8797750262811924,0.7595500525623848,0.14376670426250673,True,0.6084327307835813,False,0.161517261356871,0.5,4.437934015366629e-05,logistic,histogram_gradient_boosting,1.0,1.0,1.0,1.0,1.0
2019-10-11,0.9398875131405962,0.8797750262811924,0.12105632070001411,True,0.6079427160566475,False,0.1460043899846445,0.5,4.4109744704368126e-05,logistic,histogram_gradient_boosting,1.0,1.0,1.0,1.0,1.0
2019-10-14,0.9398875131405962,0.9398875131405962,0.08406727005383922,True,0.6088169542919927,False,0.1412325975028515,0.75,0.000131930612645,logistic,histogram_gradient_boosting,1.0,1.0,1.0,1.0,1.0
2019-10-15,0.9398875131405962,0.9398875131405962,0.05317034944881629,True,0.608784861690546,False,0.12189711864775198,1.0,4.397493705821098e-05,logistic,histogram_gradient_boosting,1.0,1.0,1.0,1.0,1.0
2019-10-16,0.9398875131405962,0.9398875131405962,0.051914009137590846,True,0.608784861690546,False,0.12763987184239436,0.75,4.389404865268176e-05,logistic,histogram_gradient_boosting,1.0,1.0,1.0,1.0,1.0
2019-10-17,0.9398875131405962,0.9398875131405962,0.053300903702956266,True,0.6113133613030192,False,0.12915526577932154,0.75,4.416366526771576e-05,logistic,histogram_gradient_boosting,1.0,1.0,1.0,1.0,1.0
2019-10-18,0.9398875131405962,0.9398875131405962,0.04931777627542012,True,0.6098997761916659,False,0.1331462224962663,0.75,4.416366526771576e-05,logistic,histogram_gradient_boosting,1.0,1.0,1.0,1.0,1.0
2019-10-21,0.9398875131405962,0.9398875131405962,0.055386605178605046,True,0.6099458150637433,False,0.1336215106894962,0.75,0.0001324968471771,logistic,histogram_gradient_boosting,1.0,1.0,1.0,1.0,1.0
2019-10-22,0.9398875131405962,0.9398875131405962,0.050984248329226864,True,0.6108865644096123,False,0.13555948269807322,0.75,4.389404865268176e-05,logistic,histogram_gradient_boosting,1.0,1.0,1.0,1.0,1.0
2019-10-23,0.9398875131405962,0.9398875131405962,0.045782383266593285,True,0.6109578381200125,False,0.1332599104744561,0.75,4.389404865268176e-05,logistic,histogram_gradient_boosting,1.0,1.0,1.0,1.0,1.0
2019-10-24,0.9398875131405962,0.9398875131405962,0.04236246677506591,True,0.6095806333404028,False,0.13033281191760956,1.0,4.4109744704368126e-05,logistic,histogram_gradient_boosting,1.0,1.0,1.0,1.0,1.0
2019-10-25,0.9398875131405962,0.9398875131405962,0.03174358150100239,True,0.6110567466924212,False,0.11940294580411812,1.0,4.416366526771576e-05,logistic,histogram_gradient_boosting,1.0,1.0,1.0,1.0,1.0
2019-10-28,0.9398875131405962,0.9398875131405962,0.0331301530443852,True,0.6118375699786527,False,0.12301339028504889,1.0,0.0001308789260763,logistic,histogram_gradient_boosting,1.0,1.0,1.0,1.0,1.0
2019-10-29,0.9398875131405962,0.9398875131405962,0.026183050782327008,True,0.6112196229327241,False,0.12352943000806145,1.0,4.3354736031897545e-05,logistic,histogram_gradient_boosting,1.0,1.0,1.0,1.0,1.0
2019-10-30,0.9398875131405962,0.9398875131405962,0.019620090050742264,True,0.6113920763875396,False,0.1156090129749939,1.0,4.3354736031897545e-05,logistic,histogram_gradient_boosting,1.0,1.0,1.0,1.0,1.0
2019-10-31,0.9398875131405962,0.9398875131405962,0.029615252829196716,True,0.6112196229327241,False,0.12477895496858704,1.0,4.07375643267649e-05,logistic,histogram_gradient_boosting,1.0,1.0,1.0,1.0,1.0
2019-11-01,0.9398875131405962,0.9398875131405962,0.02167790868625089,True,0.6122281907771909,False,0.11566877301633104,1.0,4.0386619524213074e-05,logistic,histogram_gradient_boosting,1.0,1.0,1.0,1.0,1.0
2019-11-04,0.9398875131405962,0.9398875131405962,0.027155886523752372,True,0.6127858589003767,False,0.11975448290176141,1.0,0.000122622604501,logistic,histogram_gradient_boosting,1.0,1.0,1.0,1.0,1.0
2019-11-05,0.9398875131405962,0.9398875131405962,0.025944314864312503,True,0.613648432823595,False,0.11690693762183864,1.0,4.127739089665461e-05,logistic,histogram_gradient_boosting,1.0,1.0,1.0,1.0,1.0
2019-11-06,0.9398875131405962,0.9398875131405962,0.01888425733295583,True,0.6140631343520339,False,0.11318673625256453,1.0,4.119642302935489e-05,logistic,histogram_gradient_boosting,1.0,1.0,1.0,1.0,1.0
2019-11-07,0.9398875131405962,0.9398875131405962,0.020870364381356993,True,0.6142677172810469,False,0.11375096276074347,1.0,4.127739089665461e-05,logistic,histogram_gradient_boosting,1.0,1.0,1.0,1.0,1.0
2019-11-08,0.9398875131405962,0.9398875131405962,0.015184524768399973,True,0.6097869088679964,False,0.10521521291081583,1.0,4.106147235338753e-05,logistic,histogram_gradient_boosting,1.0,1.0,1.0,1.0,1.0
2019-11-11,0.9398875131405962,0.9398875131405962,0.022042280687002282,True,0.6106629725007465,False,0.1105552028417631,1.0,0.0001234324107657,logistic,histogram_gradient_boosting,1.0,1.0,1.0,1.0,1.0
2019-11-12,0.9398875131405962,0.9398875131405962,0.025412671838752215,True,0.6093719562667115,False,0.11041475664174288,1.0,4.168219122702155e-05,logistic,histogram_gradient_boosting,1.0,1.0,1.0,1.0,1.0
2019-11-13,0.9398875131405962,0.9398875131405962,0.028464379979792436,True,0.6102981443917719,False,0.11269663493939996,1.0,4.173615945490816e-05,logistic,histogram_gradient_boosting,1.0,1.0,1.0,1.0,1.0
2019-11-14,0.9398875131405962,0.9398875131405962,0.030859583755471622,True,0.6107518722771763,False,0.11270694305442829,1.0,4.154726441041312e-05,logistic,histogram_gradient_boosting,1.0,1.0,1.0,1.0,1.0
2019-11-15,0.9398875131405962,0.9398875131405962,0.02137220824946508,True,0.6101385924181529,False,0.10692646446787829,1.0,4.154726441041312e-05,logistic,histogram_gradient_boosting,1.0,1.0,1.0,1.0,1.0
2019-11-18,0.9398875131405962,0.9398875131405962,0.025588490607717656,True,0.609636466533626,False,0.1108709773923553,1.0,0.0001242421379163,logistic,histogram_gradient_boosting,1.0,1.0,1.0,1.0,1.0
2019-11-19,0.9398875131405962,0.9398875131405962,0.02787431859680005,True,0.6098483276877613,False,0.11206861335322077,1.0,4.146630449630706e-05,logistic,histogram_gradient_boosting,1.0,1.0,1.0,1.0,1.0
2019-11-20,0.9398875131405962,0.9398875131405962,0.022936763561106646,True,0.6103114292290864,False,0.11346516561649216,1.0,4.1331367076846703e-05,logistic,histogram_gradient_boosting,1.0,1.0,1.0,1.0,1.0
2019-11-21,0.9398875131405962,0.9398875131405962,0.02378543358206725,True,0.6098978445689175,False,0.11698269189781796,1.0,4.160123528884618e-05,logistic,histogram_gradient_boosting,1.0,1.0,1.0,1.0,1.0
2019-11-22,0.9398875131405962,0.9398875131405962,0.01718669486188729,True,0.6092719833963937,False,0.10759380211404011,1.0,4.195202498236128e-05,logistic,histogram_gradient_boosting,1.0,1.0,1.0,1.0,1.0
2019-11-25,0.9398875131405962,0.9398875131405962,0.01959681812477217,True,0.608242744389227,False,0.10928399261388776,1.0,0.0001260232573132,logistic,histogram_gradient_boosting,1.0,1.0,1.0,1.0,1.0
2019-11-26,0.9398875131405962,0.9398875131405962,0.01753918060361657,True,0.6081611949789308,False,0.10712964577647943,1.0,4.254556854665914e-05,logistic,histogram_gradient_boosting,1.0,1.0,1.0,1.0,1.0
2019-11-27,0.9398875131405962,0.9398875131405962,0.017604011199429805,True,0.6083165434091166,False,0.10654165254535702,1.0,4.254556854665914e-05,logistic,histogram_gradient_boosting,1.0,1.0,1.0,1.0,1.0
2019-11-29,0.9398875131405962,0.9398875131405962,0.018804068613797742,True,0.6104391562292976,False,0.1145454166453333,1.0,8.374390717702518e-05,logistic,histogram_gradient_boosting,1.0,1.0,1.0,1.0,1.0
2019-12-02,0.9398875131405962,0.9398875131405962,0.028835147255388837,True,0.6101318437489789,False,0.1351768568955469,1.0,0.0001254565803376,logistic,histogram_gradient_boosting,1.0,1.0,1.0,1.0,1.0
2019-12-03,0.9398875131405962,0.9398875131405962,0.03396510600527952,True,0.6108825573917909,False,0.1401437371731769,1.0,4.1817111417374875e-05,logistic,histogram_gradient_boosting,1.0,1.0,1.0,1.0,1.0
2019-12-04,0.9398875131405962,0.9398875131405962,0.02709052503328142,True,0.610808643995308,False,0.13279218362117964,1.0,4.07375643267649e-05,logistic,histogram_gradient_boosting,1.0,1.0,1.0,1.0,1.0
2019-12-05,0.9398875131405962,0.9398875131405962,0.024719628609036363,True,0.6111236819006518,False,0.12989566184869353,1.0,4.0602591109273334e-05,logistic,histogram_gradient_boosting,1.0,1.0,1.0,1.0,1.0
2019-12-06,0.9398875131405962,0.9398875131405962,0.026893814526156773,True,0.6080931588892882,False,0.12540523604012266,1.0,4.025162906406976e-05,logistic,histogram_gradient_boosting,1.0,1.0,1.0,1.0,1.0
2019-12-09,0.9398875131405962,0.9398875131405962,0.060451931799850644,True,0.6091502189620259,False,0.1429165682072997,1.0,0.0001222176716952,logistic,histogram_gradient_boosting,1.0,1.0,1.0,1.0,1.0
2019-12-10,0.9398875131405962,0.9398875131405962,0.061830297615848,True,0.609159590799106,False,0.14088952875293065,1.0,4.119642302935489e-05,logistic,histogram_gradient_boosting,1.0,1.0,1.0,1.0,1.0
2019-12-11,0.9398875131405962,0.9398875131405962,0.04657031032649208,True,0.6086611125829752,False,0.13302529815191838,1.0,4.1331367076846703e-05,logistic,histogram_gradient_boosting,1.0,1.0,1.0,1.0,1.0
2019-12-12,0.9398875131405962,0.9398875131405962,0.040779098334778344,True,0.6110484416253419,False,0.12690540927535787,1.0,4.160123528884618e-05,logistic,histogram_gradient_boosting,1.0,1.0,1.0,1.0,1.0
2019-12-13,0.9398875131405962,0.9398875131405962,0.027612829261726625,True,0.6096578710759288,False,0.11545885338325239,1.0,4.141233096732755e-05,logistic,histogram_gradient_boosting,1.0,1.0,1.0,1.0,1.0
2019-12-16,0.9398875131405962,0.9398875131405962,0.02558325176961871,True,0.6106316937412977,False,0.1097915665669224,1.0,0.0001244040719234,logistic,histogram_gradient_boosting,1.0,1.0,1.0,1.0,1.0
2019-12-17,0.9398875131405962,0.9398875131405962,0.02357565332159548,True,0.6106316937412977,False,0.11155446147326128,1.0,4.160123528884618e-05,logistic,histogram_gradient_boosting,1.0,1.0,1.0,1.0,1.0
2019-12-18,0.9398875131405962,0.9398875131405962,0.02454441538767918,True,0.6106316937412977,False,0.11538672185971145,1.0,4.127739089665461e-05,logistic,histogram_gradient_boosting,1.0,1.0,1.0,1.0,1.0
2019-12-19,0.9398875131405962,0.9398875131405962,0.022707676633579227,True,0.610468728165508,False,0.11268131456867835,1.0,4.168219122702155e-05,logistic,histogram_gradient_boosting,1.0,1.0,1.0,1.0,1.0
2019-12-20,0.9398875131405962,0.9398875131405962,0.018784683955468992,True,0.6110421557779419,False,0.11202974282665877,1.0,4.154726441041312e-05,logistic,histogram_gradient_boosting,1.0,1.0,1.0,1.0,1.0
2019-12-23,0.9398875131405962,0.9398875131405962,0.016440345584447905,True,0.610549007089277,False,0.10805872828373646,1.0,0.0001239992261468,logistic,histogram_gradient_boosting,1.0,1.0,1.0,1.0,1.0
2019-12-24,0.9398875131405962,0.9398875131405962,0.0164745545025608,True,0.6098324716221004,False,0.10939842490140289,1.0,4.1817111417374875e-05,logistic,histogram_gradient_boosting,1.0,1.0,1.0,1.0,1.0
2019-12-26,0.9398875131405962,0.9398875131405962,0.01632470521402076,True,0.6111028363015649,False,0.10984626275673703,1.0,8.347406081687936e-05,logistic,histogram_gradient_boosting,1.0,1.0,1.0,1.0,1.0
2019-12-27,0.9398875131405962,0.9398875131405962,0.02024367607351201,True,0.6117379162648536,False,0.11876546616197745,1.0,4.127739089665461e-05,logistic,histogram_gradient_boosting,1.0,1.0,1.0,1.0,1.0
2019-12-30,0.9398875131405962,0.9398875131405962,0.02890502778758489,True,0.6093934976547147,False,0.13186495456159764,1.0,0.0001215697361245,logistic,histogram_gradient_boosting,1.0,1.0,1.0,1.0,1.0
2019-12-31,0.9398875131405962,0.9398875131405962,0.02638978245413933,True,0.610323076397015,False,0.1253609712867299,1.0,4.0926515048500534e-05,logistic,histogram_gradient_boosting,1.0,1.0,1.0,1.0,1.0
2020-01-02,0.9398875131405962,0.9398875131405962,0.01974486217971969,True,0.632676051867004,False,0.11843506835426135,1.0,8.131481405437846e-05,logistic,histogram_gradient_boosting,1.0,1.0,1.0,1.0,1.0
2020-01-03,0.9398875131405962,0.9398875131405962,0.027973149981506677,True,0.6239675187576258,False,0.13403348484836264,1.0,4.006263191969062e-05,logistic,histogram_gradient_boosting,1.0,1.0,1.0,1.0,1.0
2020-01-06,0.9398875131405962,0.9398875131405962,0.03129316977370087,True,0.6244930925618987,False,0.133095206687295,1.0,0.0001214077467308,logistic,histogram_gradient_boosting,1.0,1.0,1.0,1.0,1.0
2020-01-07,0.9398875131405962,0.9398875131405962,0.032376695724123286,True,0.6277672175980161,False,0.13448159589821107,1.0,4.079155111358368e-05,logistic,histogram_gradient_boosting,1.0,1.0,1.0,1.0,1.0
2020-01-08,0.9398875131405962,0.9398875131405962,0.036171575108971225,True,0.622371500668891,False,0.13056042636659473,1.0,4.0602591109273334e-05,logistic,histogram_gradient_boosting,1.0,1.0,1.0,1.0,1.0
2020-01-09,0.9398875131405962,0.9398875131405962,0.027582799851827385,True,0.6050937700188614,False,0.11974866086741492,1.0,4.079155111358368e-05,logistic,histogram_gradient_boosting,1.0,1.0,1.0,1.0,1.0
2020-01-10,0.9398875131405962,0.9398875131405962,0.02879152962792711,True,0.6067780070138583,False,0.11732834614479068,1.0,4.07375643267649e-05,logistic,histogram_gradient_boosting,1.0,1.0,1.0,1.0,1.0
2020-01-13,0.9398875131405962,0.9398875131405962,0.03204166790113037,True,0.610345751748377,False,0.11723812691791348,1.0,0.0001231894752629,logistic,histogram_gradient_boosting,1.0,1.0,1.0,1.0,1.0
2020-01-14,0.9398875131405962,0.9398875131405962,0.03046010629622468,True,0.6032844856202458,False,0.12024040385166751,1.0,4.160123528884618e-05,logistic,histogram_gradient_boosting,1.0,1.0,1.0,1.0,1.0
2020-01-15,0.9398875131405962,0.9398875131405962,0.03292731939879216,True,0.608029336026364,False,0.12193143928768596,1.0,4.1007490870548224e-05,logistic,histogram_gradient_boosting,1.0,1.0,1.0,1.0,1.0
2020-01-16,0.9398875131405962,0.9398875131405962,0.03685181170323493,True,0.6101718207269572,False,0.12020304407464964,1.0,4.127739089665461e-05,logistic,histogram_gradient_boosting,1.0,1.0,1.0,1.0,1.0
2020-01-17,0.9398875131405962,0.9398875131405962,0.03320129454005156,True,0.6192134780873773,False,0.11720593798698688,1.0,4.141233096732755e-05,logistic,histogram_gradient_boosting,1.0,1.0,1.0,1.0,1.0
2020-01-21,0.9398875131405962,0.9398875131405962,0.04099840161993359,True,0.6072066527052992,False,0.1232845034225253,1.0,0.000163500147311,logistic,histogram_gradient_boosting,1.0,1.0,1.0,1.0,1.0
2020-01-22,0.9398875131405962,0.9398875131405962,0.04004228253819002,True,0.6085643930913562,False,0.11971874827593808,1.0,4.114244419795021e-05,logistic,histogram_gradient_boosting,1.0,1.0,1.0,1.0,1.0
2020-01-23,0.9398875131405962,0.9398875131405962,0.04180653900371807,True,0.6038168257347335,False,0.11957249383430832,1.0,4.119642302935489e-05,logistic,histogram_gradient_boosting,1.0,1.0,1.0,1.0,1.0
2020-01-24,0.9398875131405962,0.9398875131405962,0.050502452007539105,True,0.5980659960704546,False,0.13439149550883617,1.0,4.052160335232813e-05,logistic,histogram_gradient_boosting,1.0,1.0,1.0,1.0,1.0
2020-01-27,0.9398875131405962,0.9398875131405962,0.07808232485109091,True,0.6236234375132177,False,0.17244682404213754,1.0,0.000122784570153,logistic,histogram_gradient_boosting,1.0,1.0,1.0,1.0,1.0
2020-01-28,0.9398875131405962,0.9398875131405962,0.0699933318141835,True,0.6098269377277196,False,0.16018244707067014,1.0,4.160123528884618e-05,logistic,histogram_gradient_boosting,1.0,1.0,1.0,1.0,1.0
2020-01-29,0.9398875131405962,0.9398875131405962,0.0761212678534358,True,0.6050138272289926,False,0.16352140274018082,1.0,4.1331367076846703e-05,logistic,histogram_gradient_boosting,1.0,1.0,1.0,1.0,1.0
2020-01-30,0.9398875131405962,0.9398875131405962,0.06696023491581438,True,0.6046125856610158,False,0.15422203204631305,1.0,4.154726441041312e-05,logistic,histogram_gradient_boosting,1.0,1.0,1.0,1.0,1.0
2020-01-31,0.9398875131405962,0.9398875131405962,0.10432032579984857,True,0.6229627092079311,False,0.18220429547331896,1.0,4.106147235338753e-05,logistic,histogram_gradient_boosting,1.0,1.0,1.0,1.0,1.0
2020-02-03,0.9398875131405962,0.9398875131405962,0.13455126687055122,True,0.609810202988522,False,0.17382673341512697,1.0,0.0001238372842293,logistic,histogram_gradient_boosting,1.0,1.0,1.0,1.0,1.0
2020-02-04,0.9398875131405962,0.9398875131405962,0.12253828323913596,True,0.5993760410557044,False,0.16114446807718863,1.0,4.1817111417374875e-05,logistic,histogram_gradient_boosting,1.0,1.0,1.0,1.0,1.0
2020-02-05,0.9398875131405962,0.9398875131405962,0.10727191575287602,True,0.6082960791997192,False,0.15526455139946746,1.0,4.1331367076846703e-05,logistic,histogram_gradient_boosting,1.0,1.0,1.0,1.0,1.0
2020-02-06,0.9398875131405962,0.9398875131405962,0.10824151892217011,True,0.6153504630924073,False,0.1536801439176684,1.0,4.160123528884618e-05,logistic,histogram_gradient_boosting,1.0,1.0,1.0,1.0,1.0
2020-02-07,0.9398875131405962,0.9398875131405962,0.12017036536067881,True,0.6062996182877401,False,0.15412811737114998,1.0,4.127739089665461e-05,logistic,histogram_gradient_boosting,1.0,1.0,1.0,1.0,1.0
2020-02-10,0.9398875131405962,0.9398875131405962,0.11267473730010694,True,0.6154638112608015,False,0.14842001993193887,1.0,0.0001239992261468,logistic,histogram_gradient_boosting,1.0,1.0,1.0,1.0,1.0
2020-02-11,0.9398875131405962,0.9398875131405962,0.12200857391892671,True,0.6168437685078956,False,0.148777263916012,1.0,4.1817111417374875e-05,logistic,histogram_gradient_boosting,1.0,1.0,1.0,1.0,1.0
2020-02-12,0.9398875131405962,0.9398875131405962,0.08085559671466977,True,0.5909257163166463,False,0.13345304940774785,1.0,4.173615945490816e-05,logistic,histogram_gradient_boosting,1.0,1.0,1.0,1.0,1.0
2020-02-13,0.9398875131405962,0.9398875131405962,0.07923962767850057,True,0.6093357981447639,False,0.13820048441376342,1.0,4.2005987910043174e-05,logistic,histogram_gradient_boosting,1.0,1.0,1.0,1.0,1.0
2020-02-14,0.9398875131405962,0.9398875131405962,0.06642078400318022,True,0.6106967629805088,False,0.13086560877387474,1.0,4.173615945490816e-05,logistic,histogram_gradient_boosting,1.0,1.0,1.0,1.0,1.0
2020-02-18,0.9398875131405962,0.9398875131405962,0.09049169599284046,True,0.6047605988668001,False,0.1395345360179811,1.0,0.0001669550895524,logistic,histogram_gradient_boosting,1.0,1.0,1.0,1.0,1.0
2020-02-19,0.9398875131405962,0.9398875131405962,0.07823978500844114,True,0.5832013541260801,False,0.13518889830460204,1.0,4.195202498236128e-05,logistic,histogram_gradient_boosting,1.0,1.0,1.0,1.0,1.0
2020-02-20,0.9398875131405962,0.9398875131405962,0.08142881893107251,True,0.6120463646463371,False,0.14747273393207766,1.0,4.1817111417374875e-05,logistic,histogram_gradient_boosting,1.0,1.0,1.0,1.0,1.0
2020-02-21,0.9398875131405962,0.9398875131405962,0.07265672971622553,True,0.6115773180006593,False,0.16482582882876923,1.0,4.127739089665461e-05,logistic,histogram_gradient_boosting,1.0,1.0,1.0,1.0,1.0
2020-02-24,0.9398875131405962,0.9398875131405962,0.13335522672558237,True,0.622180910791605,False,0.24263525806088207,0.75,0.000122622604501,logistic,histogram_gradient_boosting,1.0,1.0,1.0,1.0,1.0
2020-02-25,0.9398875131405962,0.9398875131405962,0.1050932162161907,True,0.6390460252132388,False,0.26201931995148486,0.5,4.052160335232813e-05,logistic,histogram_gradient_boosting,1.0,1.0,1.0,1.0,1.0
2020-02-26,0.9398875131405962,0.9398875131405962,0.16685267009048166,True,0.6268889097710746,False,0.26007761208808267,0.5,4.019763166640544e-05,logistic,histogram_gradient_boosting,1.0,0.9662946598190367,1.0,1.0,0.9662946598190367
2020-02-27,0.8642598549269637,0.9398875131405962,0.25568390164333443,True,0.6152710078001169,False,0.35730149948670203,0.5,3.7955772631992346e-05,logistic,histogram_gradient_boosting,0.8956021748011436,0.7886321967133312,1.0,1.0,0.7886321967133312
2020-02-28,0.7057436615329824,0.8642598549269637,0.37638626593049945,True,0.6152710078001169,False,0.38647392190309515,0.5,3.3493628874392556e-05,logistic,histogram_gradient_boosting,0.8279989460200554,0.547227468139001,1.0,1.0,0.547227468139001
2020-03-02,0.7057436615329824,0.7057436615329824,0.27163101398002676,True,0.6195535261210643,False,0.31560219807759665,0.5,9.276653752987583e-05,logistic,histogram_gradient_boosting,1.0,0.7567379720399465,1.0,1.0,0.7567379720399465
2020-03-03,0.7057436615329824,0.7057436615329824,0.304248390152784,True,0.6145997353757938,False,0.33663332136069835,0.5,2.5036257897514957e-05,logistic,histogram_gradient_boosting,0.9505892010527504,0.691503219694432,1.0,1.0,0.691503219694432
2020-03-04,0.7057436615329824,0.7057436615329824,0.2973888029154838,True,0.6137388218488052,False,0.300920491638968,0.5,1.8431185928591276e-05,logistic,histogram_gradient_boosting,1.0,0.7052223941690323,1.0,1.0,0.7052223941690323
2020-03-05,0.6087370274048559,0.7057436615329824,0.39413480336163526,True,0.6138237343362616,False,0.34837948685635206,0.5,1.6253197663962382e-05,logistic,histogram_gradient_boosting,0.9185385824164388,0.5117303932767294,1.0,1.0,0.5117303932767294
2020-03-06,0.6821471121516665,0.6087370274048559,0.2722214015507615,True,0.6233106784722413,False,0.34851916314124154,0.5,1.1346399760192584e-05,logistic,histogram_gradient_boosting,0.9181704590238449,0.7555571968984769,1.0,1.0,0.7555571968984769
2020-03-09,0.5770599771304233,0.6821471121516665,0.4140135789454099,True,0.63433212289452,False,0.425282383323559,0.0,2.707900016485354e-05,logistic,histogram_gradient_boosting,0.7524412309280653,0.4719728421091802,0.7,1.0,0.4719728421091802
2020-03-10,0.6353911554730316,0.5770599771304233,0.30313883309218015,True,0.6334203320566676,False,0.3818522364637485,0.25,1.0664206376853612e-05,logistic,histogram_gradient_boosting,0.838020494428555,0.6937223338156397,0.7,1.0,0.6937223338156397
2020-03-11,0.6353911554730316,0.6353911554730316,0.2989356586173414,True,0.6293626474873552,False,0.4100892049014312,0.0,1.0063736593624029e-05,logistic,histogram_gradient_boosting,0.7803180287979418,0.7021286827653173,0.7,1.0,0.7
2020-03-12,0.6353911554730316,0.6353911554730316,0.12383738807289625,True,0.6347058029608924,False,0.5392224081878956,0.0,7.469289093009479e-06,logistic,histogram_gradient_boosting,0.593447147486671,1.0,0.7,1.0,0.593447147486671
2020-03-13,0.6353911554730316,0.6353911554730316,0.253636205614594,True,0.63433212289452,False,0.43509966620944307,0.0,6.6494805499583975e-06,logistic,histogram_gradient_boosting,0.735463676145323,0.7927275887708121,0.7,1.0,0.7
2020-03-16,0.6353911554730316,0.6353911554730316,0.04015683765858797,True,0.645643727112489,False,0.534330962830908,0.0,1.5191547292792151e-05,logistic,histogram_gradient_boosting,0.5988797622818384,1.0,0.7,1.0,0.5988797622818384
2020-03-17,0.6353911554730316,0.6353911554730316,0.0522881036701887,True,0.6347058029608924,False,0.4892802340508381,0.0,4.516832970757889e-06,logistic,histogram_gradient_boosting,0.6540219238996496,1.0,0.7,1.0,0.6540219238996496
2020-03-18,0.6353911554730316,0.6353911554730316,0.01185879674578189,True,0.6189918998044107,False,0.4412702679296353,0.0,8.21905521419808e-08,logistic,histogram_gradient_boosting,0.7251791549459821,1.0,0.7,1.0,0.7
2020-03-19,0.6353911554730316,0.6353911554730316,0.017068235849518144,True,0.6141682197998118,False,0.4245866593687682,0.0,-7.672304342953851e-07,logistic,histogram_gradient_boosting,0.7536741744918295,1.0,0.7,1.0,0.7
2020-03-20,0.6353911554730316,0.6353911554730316,0.016573028380969787,True,0.6145167372318077,False,0.3873454337351589,0.0,-9.042583861695874e-07,logistic,histogram_gradient_boosting,0.8261359812977549,1.0,0.7,1.0,0.7
2020-03-23,0.6353911554730316,0.6353911554730316,0.1150596420007998,True,0.6217873385494,False,0.4001512738671897,0.0,-3.288323462635745e-06,logistic,histogram_gradient_boosting,0.79969756664128,1.0,0.7,1.0,0.7
2020-03-24,0.5382196735023966,0.6353911554730316,0.42947590423411913,True,0.6217873385494,False,0.42924102469539865,0.0,-9.042583861695874e-07,logistic,histogram_gradient_boosting,0.7455019012385429,0.44104819153176167,0.7,1.0,0.44104819153176167
2020-03-25,0.484636680578271,0.5382196735023966,0.43447315617292737,True,0.6210178669872386,False,0.44177475983305753,0.0,-1.9184779334047164e-06,logistic,histogram_gradient_boosting,0.724351024764124,0.4310536876541453,0.7,1.0,0.4310536876541453
2020-03-26,0.36731834028913546,0.484636680578271,0.6419990982066285,True,0.5885492600462323,False,0.44647239873052663,0.0,-2.8782194287924057e-06,logistic,histogram_gradient_boosting,0.7167296363893249,0.25,0.7,1.0,0.25
2020-03-27,0.5336591701445677,0.36731834028913546,0.2812003700471003,True,0.6172000999965707,False,0.44060114358750174,0.0,-1.5895007871025155e-06,logistic,histogram_gradient_boosting,0.7262804571828108,0.7375992599057994,0.7,1.0,0.7
2020-03-30,0.5336591701445677,0.5336591701445677,0.34301522860081424,True,0.6022261113224738,False,0.38810986830622074,0.0,1.0684242972569535e-06,logistic,histogram_gradient_boosting,0.8245087953999621,0.6139695427983716,0.7,1.0,0.6139695427983716
2020-03-31,0.5336591701445677,0.5336591701445677,0.34314085434939773,True,0.6027008668165885,False,0.3707998967465331,0.0,8.217948646027651e-07,logistic,histogram_gradient_boosting,0.8629991615632562,0.6137182913012045,0.7,1.0,0.6137182913012045
2020-04-01,0.6168295850722838,0.5336591701445677,0.20885551571127067,True,0.617972554602716,False,0.3861568931881988,0.0,1.7254854431936195e-06,logistic,histogram_gradient_boosting,0.8286787200870804,0.8822889685774586,0.7,1.0,0.7
2020-04-02,0.6168295850722838,0.6168295850722838,0.2092194718112155,True,0.620942522084166,False,0.34817128025661903,0.0,1.7802449208126347e-06,logistic,histogram_gradient_boosting,0.9190878689481354,0.881561056377569,0.7,1.0,0.7
2020-04-03,0.6168295850722838,0.6168295850722838,0.1318091514095784,True,0.620942522084166,False,0.32245400603598645,0.0,1.5885816682104092e-06,logistic,histogram_gradient_boosting,0.9923895935852861,1.0,0.7,1.0,0.7
2020-04-06,0.6168295850722838,0.6168295850722838,0.23246741813980618,True,0.5657812337100572,False,0.324464296020871,0.25,4.930040031103644e-06,logistic,histogram_gradient_boosting,0.9862410253589694,0.8350651637203876,0.7,1.0,0.7
2020-04-07,0.6168295850722838,0.6168295850722838,0.28721562238980186,True,0.5648648801684326,False,0.34679111778085064,0.0,3.5046131523497337e-06,logistic,histogram_gradient_boosting,0.9227456632906588,0.7255687552203962,0.7,1.0,0.7
2020-04-08,0.788984285036284,0.6168295850722838,0.16943050749985783,True,0.6036082175530932,False,0.3108120170581606,0.5,5.063823455220273e-06,logistic,histogram_gradient_boosting,1.0,0.9611389850002843,1.0,1.0,0.9611389850002843
2020-04-09,0.8654735988631007,0.788984285036284,0.17901854365504133,True,0.6131059976398922,False,0.3046714760949047,0.5,5.747408342804405e-06,logistic,histogram_gradient_boosting,1.0,0.9419629126899174,1.0,1.0,0.9419629126899174
2020-04-13,0.8654735988631007,0.8654735988631007,0.20609239633362644,True,0.6036527657050015,False,0.29733820162557417,0.5,2.189615963454905e-05,logistic,histogram_gradient_boosting,1.0,0.8878152073327471,1.0,1.0,0.8878152073327471
2020-04-14,0.8654735988631007,0.8654735988631007,0.22415669104701075,True,0.6044208025472,False,0.27264122937987645,0.75,4.516832970757889e-06,logistic,histogram_gradient_boosting,1.0,0.8516866179059785,1.0,1.0,0.8516866179059785
2020-04-15,0.8654735988631007,0.8654735988631007,0.2309432223057304,True,0.5944075868133226,False,0.2886997555560672,0.75,3.14887969010691e-06,logistic,histogram_gradient_boosting,1.0,0.8381135553885393,1.0,1.0,0.8381135553885393
2020-04-16,0.8654735988631007,0.8654735988631007,0.23502862454592086,True,0.6046832949805293,False,0.2804276030243141,0.75,3.0120468303973524e-06,logistic,histogram_gradient_boosting,1.0,0.8299427509081583,1.0,1.0,0.8299427509081583
2020-04-17,0.8654735988631007,0.8654735988631007,0.23206108679906287,True,0.6200381149127012,False,0.27411139516406635,0.75,2.820469498399092e-06,logistic,histogram_gradient_boosting,1.0,0.8358778264018742,1.0,1.0,0.8358778264018742
2020-04-20,0.8654735988631007,0.8654735988631007,0.17395641876892703,True,0.6212606131391912,False,0.30887500588319305,0.75,5.751428461930885e-06,logistic,histogram_gradient_boosting,1.0,0.9520871624621459,1.0,1.0,0.9520871624621459
2020-04-21,0.9327367994315503,0.8654735988631007,0.11307658726005913,True,0.6206398739009937,False,0.30489959731593935,0.75,2.6836202799973563e-06,logistic,histogram_gradient_boosting,1.0,1.0,1.0,1.0,1.0
2020-04-22,0.9327367994315503,0.9327367994315503,0.12347097946658724,True,0.6252204222161687,False,0.2910907735914772,0.75,2.546764448441152e-06,logistic,histogram_gradient_boosting,1.0,1.0,1.0,1.0,1.0
2020-04-23,0.9327367994315503,0.9327367994315503,0.09362942570410901,True,0.6114252657969004,False,0.2881913438819726,0.75,2.546764448441152e-06,logistic,histogram_gradient_boosting,1.0,1.0,1.0,1.0,1.0
2020-04-24,0.9327367994315503,0.9327367994315503,0.08047508200147506,True,0.6126053105504697,False,0.25122459140847786,0.75,2.738360866949563e-06,logistic,histogram_gradient_boosting,1.0,1.0,1.0,1.0,1.0
2020-04-27,0.9327367994315503,0.9327367994315503,0.08268664050055423,True,0.6230460113544771,False,0.24051430253277367,0.75,7.640312803314231e-06,logistic,histogram_gradient_boosting,1.0,1.0,1.0,1.0,1.0
2020-04-28,0.9327367994315503,0.9327367994315503,0.07005575268163049,True,0.6206276374967686,False,0.2362784334074125,0.75,2.327780691535608e-06,logistic,histogram_gradient_boosting,1.0,1.0,1.0,1.0,1.0
2020-04-29,0.9327367994315503,0.9327367994315503,0.10975320845217093,True,0.6143585856422048,False,0.22670380522024947,0.75,2.464647635980199e-06,logistic,histogram_gradient_boosting,1.0,1.0,1.0,1.0,1.0
2020-04-30,0.9327367994315503,0.9327367994315503,0.11041407532644003,True,0.6210152870910807,False,0.25034448206616156,0.75,2.464647635980199e-06,logistic,histogram_gradient_boosting,1.0,1.0,1.0,1.0,1.0
2020-05-01,0.9327367994315503,0.9327367994315503,0.09886932224702276,True,0.6375470188650849,False,0.26047190116966046,0.75,2.546764448441152e-06,logistic,histogram_gradient_boosting,1.0,1.0,1.0,1.0,1.0
2020-05-04,0.9327367994315503,0.9327367994315503,0.06607672307305146,True,0.6430944312879985,False,0.25596602280462694,0.75,7.393961131363369e-06,logistic,histogram_gradient_boosting,1.0,1.0,1.0,1.0,1.0
2020-05-05,0.9327367994315503,0.9327367994315503,0.07473483485171559,True,0.6279555425154189,False,0.2387708603577047,0.75,3.0120468303973524e-06,logistic,histogram_gradient_boosting,1.0,1.0,1.0,1.0,1.0
2020-05-06,0.9327367994315503,0.9327367994315503,0.08480449581384589,True,0.604811756471837,False,0.23764852253955127,0.75,2.9573119004755455e-06,logistic,histogram_gradient_boosting,1.0,1.0,1.0,1.0,1.0
2020-05-07,0.9327367994315503,0.9327367994315503,0.09476414810677612,True,0.5842678144392064,False,0.22162866271943152,0.75,2.6015075584862046e-06,logistic,histogram_gradient_boosting,1.0,1.0,1.0,1.0,1.0
2020-05-08,0.9327367994315503,0.9327367994315503,0.11520271574125471,True,0.585575048932902,False,0.17668946607736702,0.75,2.6015075584862046e-06,logistic,histogram_gradient_boosting,1.0,1.0,1.0,1.0,1.0
2020-05-11,0.9327367994315503,0.9327367994315503,0.1498498123985389,True,0.5822929702387172,False,0.18035470802892675,0.75,8.625646264803777e-06,logistic,histogram_gradient_boosting,1.0,1.0,1.0,1.0,1.0
2020-05-12,0.9327367994315503,0.9327367994315503,0.13831219434724637,True,0.608531513433238,False,0.23133015428360815,0.75,3.3677980098012483e-06,logistic,histogram_gradient_boosting,1.0,1.0,1.0,1.0,1.0
2020-05-13,0.9327367994315503,0.9327367994315503,0.10071188022133032,True,0.6190590062669583,False,0.24175909328973236,0.75,3.14887969010691e-06,logistic,histogram_gradient_boosting,1.0,1.0,1.0,1.0,1.0
2020-05-14,0.9327367994315503,0.9327367994315503,0.11117404512905148,True,0.6232818085803217,False,0.22558656979530037,0.75,2.8752071548066027e-06,logistic,histogram_gradient_boosting,1.0,1.0,1.0,1.0,1.0
2020-05-15,0.9327367994315503,0.9327367994315503,0.11766275300951674,True,0.6028054893335645,False,0.2202755394144981,0.75,2.820469498399092e-06,logistic,histogram_gradient_boosting,1.0,1.0,1.0,1.0,1.0
2020-05-18,0.9327367994315503,0.9327367994315503,0.1530088349703001,True,0.5984117575667904,False,0.21224763388670834,0.75,8.625646264803777e-06,logistic,histogram_gradient_boosting,1.0,0.9939823300593997,1.0,1.0,0.9939823300593997
2020-05-19,0.9327367994315503,0.9327367994315503,0.13602879770740267,True,0.6131646263662206,False,0.21453519026940152,1.0,3.2309760533699716e-06,logistic,histogram_gradient_boosting,1.0,1.0,1.0,1.0,1.0
2020-05-20,0.9327367994315503,0.9327367994315503,0.17937862179987368,True,0.5832852381960162,False,0.19340355021377337,1.0,3.2309760533699716e-06,logistic,histogram_gradient_boosting,1.0,0.9412427564002526,1.0,1.0,0.9412427564002526
2020-05-21,0.9327367994315503,0.9327367994315503,0.13687459486102568,True,0.6293021286764859,False,0.2071131522495694,1.0,3.0120468303973524e-06,logistic,histogram_gradient_boosting,1.0,1.0,1.0,1.0,1.0
2020-05-22,0.9327367994315503,0.9327367994315503,0.11565438113327521,True,0.6345618647702416,False,0.20003762288184293,1.0,3.0120468303973524e-06,logistic,histogram_gradient_boosting,1.0,1.0,1.0,1.0,1.0
2020-05-26,0.9327367994315503,0.9327367994315503,0.09062984997971975,True,0.6248727150774449,False,0.20048471048636118,1.0,1.2923966848932268e-05,logistic,histogram_gradient_boosting,1.0,1.0,1.0,1.0,1.0
2020-05-27,0.9327367994315503,0.9327367994315503,0.11451621240722817,True,0.6257166264761586,False,0.19920548390338913,1.0,3.696142783837786e-06,logistic,histogram_gradient_boosting,1.0,1.0,1.0,1.0,1.0
2020-05-28,0.9327367994315503,0.9327367994315503,0.11828990752728834,True,0.6271810499095828,False,0.19488520952132257,1.0,3.77822259123306e-06,logistic,histogram_gradient_boosting,1.0,1.0,1.0,1.0,1.0
2020-05-29,0.9327367994315503,0.9327367994315503,0.16058103103144733,True,0.5980145195853932,False,0.18869840065412127,1.0,3.5046131523497337e-06,logistic,histogram_gradient_boosting,1.0,0.9788379379371053,1.0,1.0,0.9788379379371053
2020-06-01,0.9327367994315503,0.9327367994315503,0.13837467796252892,True,0.6115160336135015,False,0.19242066179005202,1.0,1.051387630401912e-05,logistic,histogram_gradient_boosting,1.0,1.0,1.0,1.0,1.0
2020-06-02,0.9327367994315503,0.9327367994315503,0.1319396006884385,True,0.5993638626291568,False,0.18190490090719855,1.0,3.969733149089549e-06,logistic,histogram_gradient_boosting,1.0,1.0,1.0,1.0,1.0
2020-06-03,0.9327367994315503,0.9327367994315503,0.12520267292013373,True,0.6042414156986841,False,0.17688582975647224,1.0,4.0518051904747665e-06,logistic,histogram_gradient_boosting,1.0,1.0,1.0,1.0,1.0
2020-06-04,0.9327367994315503,0.9327367994315503,0.11711375686568994,True,0.6141234021652489,False,0.18202743224307025,1.0,3.832941372072796e-06,logistic,histogram_gradient_boosting,1.0,1.0,1.0,1.0,1.0
2020-06-05,0.9327367994315503,0.9327367994315503,0.09030636543482384,True,0.5939698812053037,False,0.17957059228069827,1.0,3.969733149089549e-06,logistic,histogram_gradient_boosting,1.0,1.0,1.0,1.0,1.0
2020-06-08,0.9327367994315503,0.9327367994315503,0.10677662690920947,True,0.5786344823810476,False,0.18924497801334336,1.0,1.2565810844078484e-05,logistic,histogram_gradient_boosting,1.0,1.0,1.0,1.0,1.0
2020-06-09,0.9327367994315503,0.9327367994315503,0.10295269762269521,True,0.5754507479563897,False,0.19723199157180513,1.0,4.516832970757889e-06,logistic,histogram_gradient_boosting,1.0,1.0,1.0,1.0,1.0
2020-06-10,0.9327367994315503,0.9327367994315503,0.12174154313404482,True,0.5882018649853916,False,0.1967557935066864,1.0,4.516832970757889e-06,logistic,histogram_gradient_boosting,1.0,1.0,1.0,1.0,1.0
2020-06-11,0.9327367994315503,0.9327367994315503,0.04692254255995774,True,0.6263799994527995,False,0.2772653056453356,1.0,4.188586070430489e-06,logistic,histogram_gradient_boosting,1.0,1.0,1.0,1.0,1.0
2020-06-12,0.9327367994315503,0.9327367994315503,0.03742813592867093,True,0.6116597635052327,False,0.24811562136018173,1.0,4.106518522783986e-06,logistic,histogram_gradient_boosting,1.0,1.0,1.0,1.0,1.0
2020-06-15,0.9327367994315503,0.9327367994315503,0.053832093822775935,True,0.6032136761344146,False,0.2413938277435733,1.0,1.2729944052880526e-05,logistic,histogram_gradient_boosting,1.0,1.0,1.0,1.0,1.0
2020-06-16,0.9327367994315503,0.9327367994315503,0.07331842055289178,True,0.6010656947726452,False,0.23838320638259722,1.0,4.38006802538915e-06,logistic,histogram_gradient_boosting,1.0,1.0,1.0,1.0,1.0
2020-06-17,0.9327367994315503,0.9327367994315503,0.07576580421655872,True,0.6021160931704714,False,0.2386471753213772,1.0,4.516832970757889e-06,logistic,histogram_gradient_boosting,1.0,1.0,1.0,1.0,1.0
2020-06-18,0.9327367994315503,0.9327367994315503,0.1067199311543699,True,0.6105474946387567,False,0.21210276767083722,1.0,3.832941372072796e-06,logistic,histogram_gradient_boosting,1.0,1.0,1.0,1.0,1.0
2020-06-19,0.9327367994315503,0.9327367994315503,0.11360278538200158,True,0.610787211462089,False,0.22920747182768403,1.0,3.9150175001889664e-06,logistic,histogram_gradient_boosting,1.0,1.0,1.0,1.0,1.0
2020-06-22,0.9327367994315503,0.9327367994315503,0.13031684750077593,True,0.6116263007722962,False,0.210170830777415,1.0,1.1498868190518152e-05,logistic,histogram_gradient_boosting,1.0,1.0,1.0,1.0,1.0
2020-06-23,0.9327367994315503,0.9327367994315503,0.15052063857386352,True,0.570172779679011,False,0.20467654743538963,1.0,3.832941372072796e-06,logistic,histogram_gradient_boosting,1.0,0.9989587228522729,1.0,1.0,0.9989587228522729
2020-06-24,0.9327367994315503,0.9327367994315503,0.09927079860670077,True,0.5968247102899649,False,0.2287251557347719,1.0,3.696142783837786e-06,logistic,histogram_gradient_boosting,1.0,1.0,1.0,1.0,1.0
2020-06-25,0.9327367994315503,0.9327367994315503,0.11331403012092676,True,0.5975732213723659,False,0.22286571303575056,1.0,3.5593369756004023e-06,logistic,histogram_gradient_boosting,1.0,1.0,1.0,1.0,1.0
2020-06-26,0.9327367994315503,0.9327367994315503,0.08971363959164617,True,0.5981480734332677,False,0.24071556190785234,1.0,3.641421278066659e-06,logistic,histogram_gradient_boosting,1.0,1.0,1.0,1.0,1.0
2020-06-29,0.9327367994315503,0.9327367994315503,0.10044343097731365,True,0.601055453594109,False,0.22437627869975285,1.0,1.0267609427128122e-05,logistic,histogram_gradient_boosting,1.0,1.0,1.0,1.0,1.0
2020-06-30,0.9327367994315503,0.9327367994315503,0.14316701194465375,True,0.5980107021747871,False,0.2210469015964137,1.0,3.696142783837786e-06,logistic,histogram_gradient_boosting,1.0,1.0,1.0,1.0,1.0
2020-07-01,0.9327367994315503,0.9327367994315503,0.11464382119664389,True,0.6090192281649445,False,0.2062136472417248,1.0,3.5593369756004023e-06,logistic,histogram_gradient_boosting,1.0,1.0,1.0,1.0,1.0
2020-07-02,0.9327367994315503,0.9327367994315503,0.1019817983172322,True,0.6080753575374106,False,0.20210271210068417,1.0,3.641421278066659e-06,logistic,histogram_gradient_boosting,1.0,1.0,1.0,1.0,1.0
2020-07-06,0.9327367994315503,0.9327367994315503,0.11334581405457822,True,0.5808034669943632,False,0.19041467236609166,1.0,1.401852630356082e-05,logistic,histogram_gradient_boosting,1.0,1.0,1.0,1.0,1.0
2020-07-07,0.9327367994315503,0.9327367994315503,0.10247172253673935,True,0.5811287896103421,False,0.20757279905928563,1.0,3.832941372072796e-06,logistic,histogram_gradient_boosting,1.0,1.0,1.0,1.0,1.0
2020-07-08,0.9327367994315503,0.9327367994315503,0.09860567793665666,True,0.5791129283843812,False,0.19796166904455575,1.0,3.696142783837786e-06,logistic,histogram_gradient_boosting,1.0,1.0,1.0,1.0,1.0
2020-07-09,0.9327367994315503,0.9327367994315503,0.10140401522952013,True,0.5776726860447712,False,0.20471380396769462,1.0,3.3677980098012483e-06,logistic,histogram_gradient_boosting,1.0,1.0,1.0,1.0,1.0
2020-07-10,0.9327367994315503,0.9327367994315503,0.07043419502496354,True,0.5655842835392998,False,0.19007165008948518,1.0,3.285705531430594e-06,logistic,histogram_gradient_boosting,1.0,1.0,1.0,1.0,1.0
2020-07-13,0.9327367994315503,0.9327367994315503,0.0713092364128161,True,0.6016178946552484,False,0.21866233698086548,1.0,1.0267609427128122e-05,logistic,histogram_gradient_boosting,1.0,1.0,1.0,1.0,1.0
2020-07-14,0.9327367994315503,0.9327367994315503,0.0761068934247543,True,0.5919788010877303,False,0.20553014647063655,1.0,3.641421278066659e-06,logistic,histogram_gradient_boosting,1.0,1.0,1.0,1.0,1.0
2020-07-15,0.9327367994315503,0.9327367994315503,0.04453008460065766,True,0.6006177041723618,False,0.19426813801319792,1.0,3.4225247620423005e-06,logistic,histogram_gradient_boosting,1.0,1.0,1.0,1.0,1.0
2020-07-16,0.9327367994315503,0.9327367994315503,0.04183014677526136,True,0.6051411024267589,False,0.1947333493423008,1.0,2.820469498399092e-06,logistic,histogram_gradient_boosting,1.0,1.0,1.0,1.0,1.0
2020-07-17,0.9327367994315503,0.9327367994315503,0.028996572263517872,True,0.5993227901157316,False,0.18023744167662037,1.0,2.8752071548066027e-06,logistic,histogram_gradient_boosting,1.0,1.0,1.0,1.0,1.0
2020-07-20,0.9327367994315503,0.9327367994315503,0.040903256099382626,True,0.577735361077437,False,0.17529519069898794,1.0,8.625646264803777e-06,logistic,histogram_gradient_boosting,1.0,1.0,1.0,1.0,1.0
2020-07-21,0.9327367994315503,0.9327367994315503,0.03189251772642274,True,0.6006747630940599,False,0.17985849862257597,1.0,3.0120468303973524e-06,logistic,histogram_gradient_boosting,1.0,1.0,1.0,1.0,1.0
2020-07-22,0.9327367994315503,0.9327367994315503,0.032797162510094444,True,0.6026362248200616,False,0.17811942490610827,1.0,2.738360866949563e-06,logistic,histogram_gradient_boosting,1.0,1.0,1.0,1.0,1.0
2020-07-23,0.9327367994315503,0.9327367994315503,0.024153789703107536,True,0.5952159750784259,False,0.1906156166715587,1.0,2.820469498399092e-06,logistic,histogram_gradient_boosting,1.0,1.0,1.0,1.0,1.0
2020-07-24,0.9327367994315503,0.9327367994315503,0.016023791034987578,True,0.6045712729515297,False,0.18809192500831334,1.0,2.6836202799973563e-06,logistic,histogram_gradient_boosting,1.0,1.0,1.0,1.0,1.0
2020-07-27,0.9327367994315503,0.9327367994315503,0.016961139208372226,True,0.6012216508937552,False,0.17686944094902468,1.0,7.640312803314231e-06,logistic,histogram_gradient_boosting,1.0,1.0,1.0,1.0,1.0
2020-07-28,0.9327367994315503,0.9327367994315503,0.015276122690707994,True,0.6017384377085215,False,0.1834596522359483,1.0,2.820469498399092e-06,logistic,histogram_gradient_boosting,1.0,1.0,1.0,1.0,1.0
2020-07-29,0.9327367994315503,0.9327367994315503,0.01605940484883375,True,0.603431767764332,False,0.17600480004265953,1.0,2.464647635980199e-06,logistic,histogram_gradient_boosting,1.0,1.0,1.0,1.0,1.0
2020-07-30,0.9327367994315503,0.9327367994315503,0.01953097578467275,True,0.6013337445641735,False,0.1764090177361938,1.0,2.327780691535608e-06,logistic,histogram_gradient_boosting,1.0,1.0,1.0,1.0,1.0
2020-07-31,0.9327367994315503,0.9327367994315503,0.023043482354111286,True,0.6074553687507636,False,0.17236173721056533,1.0,2.273031922905844e-06,logistic,histogram_gradient_boosting,1.0,1.0,1.0,1.0,1.0
2020-08-03,0.9327367994315503,0.9327367994315503,0.02319175483076569,True,0.6136890928294092,False,0.17027172796426482,1.0,6.408480595965216e-06,logistic,histogram_gradient_boosting,1.0,1.0,1.0,1.0,1.0
2020-08-04,0.9327367994315503,0.9327367994315503,0.02372158596505868,True,0.616266781518506,False,0.1606337394694084,1.0,2.464647635980199e-06,logistic,histogram_gradient_boosting,1.0,1.0,1.0,1.0,1.0
2020-08-05,0.9327367994315503,0.9327367994315503,0.020296285857498975,True,0.6178515563134338,False,0.158095154172401,1.0,2.6015075584862046e-06,logistic,histogram_gradient_boosting,1.0,1.0,1.0,1.0,1.0
2020-08-06,0.9327367994315503,0.9327367994315503,0.020051189990358584,True,0.5976304416955756,False,0.1554402416943545,1.0,2.409901594946362e-06,logistic,histogram_gradient_boosting,1.0,1.0,1.0,1.0,1.0
2020-08-07,0.9327367994315503,0.9327367994315503,0.013209344466316669,True,0.6183353882536797,False,0.15642120050942765,1.0,2.409901594946362e-06,logistic,histogram_gradient_boosting,1.0,1.0,1.0,1.0,1.0
2020-08-10,0.9327367994315503,0.9327367994315503,0.01237658458183911,True,0.6012299033385957,False,0.15609116110823604,1.0,7.229722207791056e-06,logistic,histogram_gradient_boosting,1.0,1.0,1.0,1.0,1.0
2020-08-11,0.9327367994315503,0.9327367994315503,0.011910857193826209,True,0.6101148748259148,False,0.17044354813466286,1.0,2.738360866949563e-06,logistic,histogram_gradient_boosting,1.0,1.0,1.0,1.0,1.0
2020-08-12,0.9327367994315503,0.9327367994315503,0.013489008537631558,True,0.6012465765483261,False,0.16414370842234693,1.0,2.738360866949563e-06,logistic,histogram_gradient_boosting,1.0,1.0,1.0,1.0,1.0
2020-08-13,0.9327367994315503,0.9327367994315503,0.012010253513608356,True,0.6035466350013596,False,0.16377803611097475,1.0,2.464647635980199e-06,logistic,histogram_gradient_boosting,1.0,1.0,1.0,1.0,1.0
2020-08-14,0.9327367994315503,0.9327367994315503,0.010215998437589862,True,0.6014498457974489,False,0.16209451498945174,1.0,2.409901594946362e-06,logistic,histogram_gradient_boosting,1.0,1.0,1.0,1.0,1.0
2020-08-17,0.9327367994315503,0.9327367994315503,0.012850265167281907,True,0.6162789429095398,False,0.15762544478219934,1.0,6.983358330270306e-06,logistic,histogram_gradient_boosting,1.0,1.0,1.0,1.0,1.0
2020-08-18,0.9327367994315503,0.9327367994315503,0.015643060515474483,True,0.606910730848548,False,0.15414184462183342,1.0,2.738360866949563e-06,logistic,histogram_gradient_boosting,1.0,1.0,1.0,1.0,1.0
2020-08-19,0.9327367994315503,0.9327367994315503,0.014735707533142559,True,0.611826187629531,False,0.1568484405068081,1.0,2.6015075584862046e-06,logistic,histogram_gradient_boosting,1.0,1.0,1.0,1.0,1.0
2020-08-20,0.9327367994315503,0.9327367994315503,0.016823298071191983,True,0.6003213018085752,False,0.15905366914873473,1.0,2.409901594946362e-06,logistic,histogram_gradient_boosting,1.0,1.0,1.0,1.0,1.0
2020-08-21,0.9327367994315503,0.9327367994315503,0.015931298763979022,True,0.5877699938342935,False,0.1566419910946197,1.0,2.409901594946362e-06,logistic,histogram_gradient_boosting,1.0,1.0,1.0,1.0,1.0
2020-08-24,0.9327367994315503,0.9327367994315503,0.015613012206864743,True,0.6017228475064089,False,0.1548112872387666,1.0,6.983358330270306e-06,logistic,histogram_gradient_boosting,1.0,1.0,1.0,1.0,1.0
2020-08-25,0.9327367994315503,0.9327367994315503,0.01454178021660237,True,0.590516960803579,False,0.15194793965039458,1.0,2.6015075584862046e-06,logistic,histogram_gradient_boosting,1.0,1.0,1.0,1.0,1.0
2020-08-26,0.9327367994315503,0.9327367994315503,0.017429732440570472,True,0.5870171373882961,False,0.15663336592927,1.0,2.546764448441152e-06,logistic,histogram_gradient_boosting,1.0,1.0,1.0,1.0,1.0
2020-08-27,0.9327367994315503,0.9327367994315503,0.015416762906336636,True,0.5892002890810037,False,0.16708502586411736,1.0,2.6015075584862046e-06,logistic,histogram_gradient_boosting,1.0,1.0,1.0,1.0,1.0
2020-08-28,0.9327367994315503,0.9327367994315503,0.011126071506874271,True,0.5964991773589619,False,0.15516442951627993,1.0,2.6015075584862046e-06,logistic,histogram_gradient_boosting,1.0,1.0,1.0,1.0,1.0
2020-08-31,0.9327367994315503,0.9327367994315503,0.015603144174252103,True,0.598131575475361,False,0.17412267434691728,1.0,7.804542978995244e-06,logistic,histogram_gradient_boosting,1.0,1.0,1.0,1.0,1.0
2020-09-01,0.9327367994315503,0.9327367994315503,0.012351854412877237,True,0.5887204097755817,False,0.17137760889955742,1.0,2.738360866949563e-06,logistic,histogram_gradient_boosting,1.0,1.0,1.0,1.0,1.0
2020-09-02,0.9327367994315503,0.9327367994315503,0.013405973242318934,True,0.5900630242013989,False,0.169653228545233,1.0,2.738360866949563e-06,logistic,histogram_gradient_boosting,1.0,1.0,1.0,1.0,1.0
2020-09-03,0.9327367994315503,0.9327367994315503,0.00881540662852021,True,0.6172725088760286,False,0.2264949825089606,1.0,2.738360866949563e-06,logistic,histogram_gradient_boosting,1.0,1.0,1.0,1.0,1.0
2020-09-04,0.9327367994315503,0.9327367994315503,0.008266109239425204,True,0.6183066133060748,False,0.2171186199865376,1.0,2.820469498399092e-06,logistic,histogram_gradient_boosting,1.0,1.0,1.0,1.0,1.0
2020-09-08,0.9327367994315503,0.9327367994315503,0.006959585660878835,True,0.633489912551773,False,0.22830782212063705,0.75,1.1829300076149352e-05,logistic,histogram_gradient_boosting,1.0,1.0,1.0,1.0,1.0
2020-09-09,0.9327367994315503,0.9327367994315503,0.010423902911869018,True,0.6186639832495043,False,0.21726722836136944,1.0,2.8752071548066027e-06,logistic,histogram_gradient_boosting,1.0,1.0,1.0,1.0,1.0
2020-09-10,0.9327367994315503,0.9327367994315503,0.00911706593417823,True,0.627954690878497,False,0.22076009924993903,1.0,2.820469498399092e-06,logistic,histogram_gradient_boosting,1.0,1.0,1.0,1.0,1.0
2020-09-11,0.9327367994315503,0.9327367994315503,0.008308920672977164,True,0.6312714613339454,False,0.2015519667004417,0.5,2.820469498399092e-06,logistic,histogram_gradient_boosting,1.0,1.0,1.0,1.0,1.0
2020-09-14,0.9327367994315503,0.9327367994315503,0.009912724494574485,True,0.6180622139590033,False,0.19555439406034156,1.0,8.215105096631703e-06,logistic,histogram_gradient_boosting,1.0,1.0,1.0,1.0,1.0
2020-09-15,0.9327367994315503,0.9327367994315503,0.014218037378495476,True,0.619684128593829,False,0.18818311938728502,1.0,2.738360866949563e-06,logistic,histogram_gradient_boosting,1.0,1.0,1.0,1.0,1.0
2020-09-16,0.9327367994315503,0.9327367994315503,0.011460419680318065,True,0.6136411102312711,False,0.1887883084882687,0.75,2.738360866949563e-06,logistic,histogram_gradient_boosting,1.0,1.0,1.0,1.0,1.0
2020-09-17,0.9327367994315503,0.9327367994315503,0.01035667293569416,True,0.6295159813989332,False,0.19101882312109816,0.5,2.327780691535608e-06,logistic,histogram_gradient_boosting,1.0,1.0,1.0,1.0,1.0
2020-09-18,0.9327367994315503,0.9327367994315503,0.008197592490330832,True,0.6295159813989332,False,0.18735122499786572,0.5,2.273031922905844e-06,logistic,histogram_gradient_boosting,1.0,1.0,1.0,1.0,1.0
2020-09-21,0.9327367994315503,0.9327367994315503,0.011314323633675353,True,0.6262903035005631,False,0.19800350398792457,0.5,6.572735183896228e-06,logistic,histogram_gradient_boosting,1.0,1.0,1.0,1.0,1.0
2020-09-22,0.9327367994315503,0.9327367994315503,0.011442966884510844,True,0.6062980115663725,False,0.18898412790894215,0.5,2.409901594946362e-06,logistic,histogram_gradient_boosting,1.0,1.0,1.0,1.0,1.0
2020-09-23,0.9327367994315503,0.9327367994315503,0.011795169873749787,True,0.6363377188465019,False,0.1995454887655037,0.5,2.409901594946362e-06,logistic,histogram_gradient_boosting,1.0,1.0,1.0,1.0,1.0
2020-09-24,0.9327367994315503,0.9327367994315503,0.0074883021598850154,True,0.6258312802373425,False,0.20191520769415358,0.5,2.546764448441152e-06,logistic,histogram_gradient_boosting,1.0,1.0,1.0,1.0,1.0
2020-09-25,0.9327367994315503,0.9327367994315503,0.0071487939337517865,True,0.5992206279848342,False,0.18768191146510305,0.5,2.464647635980199e-06,logistic,histogram_gradient_boosting,1.0,1.0,1.0,1.0,1.0
2020-09-28,0.9327367994315503,0.9327367994315503,0.009050225318426565,True,0.601572823696194,False,0.18839228563103882,0.75,7.229722207791056e-06,logistic,histogram_gradient_boosting,1.0,1.0,1.0,1.0,1.0
2020-09-29,0.9327367994315503,0.9327367994315503,0.0088871853855447,True,0.5990447788240066,False,0.1935438525373769,0.75,2.327780691535608e-06,logistic,histogram_gradient_boosting,1.0,1.0,1.0,1.0,1.0
2020-09-30,0.9327367994315503,0.9327367994315503,0.008770839101482802,True,0.6158777360421487,False,0.1824634218765106,0.75,2.327780691535608e-06,logistic,histogram_gradient_boosting,1.0,1.0,1.0,1.0,1.0
2020-10-01,0.9327367994315503,0.9327367994315503,0.011362726870245697,True,0.6173208142653025,False,0.1839120229340373,0.75,2.273031922905844e-06,logistic,histogram_gradient_boosting,1.0,1.0,1.0,1.0,1.0
2020-10-02,0.9327367994315503,0.9327367994315503,0.006792929843574006,True,0.6042459835674062,False,0.19556983101980316,0.5,2.327780691535608e-06,logistic,histogram_gradient_boosting,1.0,1.0,1.0,1.0,1.0
2020-10-05,0.9327367994315503,0.9327367994315503,0.014491713507383803,True,0.597160414707607,False,0.20509385776079037,0.75,6.983358330270306e-06,logistic,histogram_gradient_boosting,1.0,1.0,1.0,1.0,1.0
2020-10-06,0.9327367994315503,0.9327367994315503,0.012849774288766946,True,0.6086405637166755,False,0.2175771722411573,0.75,2.409901594946362e-06,logistic,histogram_gradient_boosting,1.0,1.0,1.0,1.0,1.0
2020-10-07,0.9327367994315503,0.9327367994315503,0.016693075333496243,True,0.6017823480295175,False,0.21108050262050504,1.0,2.409901594946362e-06,logistic,histogram_gradient_boosting,1.0,1.0,1.0,1.0,1.0
2020-10-08,0.9327367994315503,0.9327367994315503,0.014789624947561933,True,0.6068750551787587,False,0.20128075411402682,1.0,2.409901594946362e-06,logistic,histogram_gradient_boosting,1.0,1.0,1.0,1.0,1.0
2020-10-09,0.9327367994315503,0.9327367994315503,0.019598370961940472,True,0.5928871885447363,False,0.18876623862451228,1.0,2.546764448441152e-06,logistic,histogram_gradient_boosting,1.0,1.0,1.0,1.0,1.0
2020-10-12,0.9327367994315503,0.9327367994315503,0.03794058172206033,True,0.5798358720159408,False,0.19273108109066214,1.0,7.393961131363369e-06,logistic,histogram_gradient_boosting,1.0,1.0,1.0,1.0,1.0
2020-10-13,0.9327367994315503,0.9327367994315503,0.04755575263035365,True,0.5759145700585505,False,0.20205394818446418,1.0,2.546764448441152e-06,logistic,histogram_gradient_boosting,1.0,1.0,1.0,1.0,1.0
2020-10-14,0.9327367994315503,0.9327367994315503,0.04541029618054564,True,0.5752819211003904,False,0.20357999206300956,1.0,2.738360866949563e-06,logistic,histogram_gradient_boosting,1.0,1.0,1.0,1.0,1.0
2020-10-15,0.9327367994315503,0.9327367994315503,0.037601127517655805,True,0.5786054349762315,False,0.20810039695772578,1.0,2.6015075584862046e-06,logistic,histogram_gradient_boosting,1.0,1.0,1.0,1.0,1.0
2020-10-16,0.9327367994315503,0.9327367994315503,0.03137237672957812,True,0.5958383008075605,False,0.20947095024593798,1.0,2.464647635980199e-06,logistic,histogram_gradient_boosting,1.0,1.0,1.0,1.0,1.0
2020-10-19,0.9327367994315503,0.9327367994315503,0.03095031633341598,True,0.5984203029492022,False,0.20313348560280292,1.0,7.393961131363369e-06,logistic,histogram_gradient_boosting,1.0,1.0,1.0,1.0,1.0
2020-10-20,0.9327367994315503,0.9327367994315503,0.036889849452834626,True,0.5996595760558797,False,0.2106041598259066,1.0,2.6015075584862046e-06,logistic,histogram_gradient_boosting,1.0,1.0,1.0,1.0,1.0
2020-10-21,0.9327367994315503,0.9327367994315503,0.03327725996992948,True,0.598646266230381,False,0.20829908509535683,1.0,2.464647635980199e-06,logistic,histogram_gradient_boosting,1.0,1.0,1.0,1.0,1.0
2020-10-22,0.9327367994315503,0.9327367994315503,0.030196336469596272,True,0.5992205979514816,False,0.20901107412243813,1.0,2.327780691535608e-06,logistic,histogram_gradient_boosting,1.0,1.0,1.0,1.0,1.0
2020-10-23,0.9327367994315503,0.9327367994315503,0.028839964835207108,True,0.5997472702721158,False,0.20124076589606107,1.0,2.273031922905844e-06,logistic,histogram_gradient_boosting,1.0,1.0,1.0,1.0,1.0
2020-10-26,0.9327367994315503,0.9327367994315503,0.036141243632957065,True,0.6028119032934471,False,0.2269123328810916,0.75,6.572735183896228e-06,logistic,histogram_gradient_boosting,1.0,1.0,1.0,1.0,1.0
2020-10-27,0.9327367994315503,0.9327367994315503,0.041287347067860726,True,0.6062787813790995,False,0.23499340017464457,1.0,2.464647635980199e-06,logistic,histogram_gradient_boosting,1.0,1.0,1.0,1.0,1.0
2020-10-28,0.9327367994315503,0.9327367994315503,0.02475344895714923,True,0.6139431511983152,False,0.2844871309158616,0.5,2.464647635980199e-06,logistic,histogram_gradient_boosting,1.0,1.0,1.0,1.0,1.0
2020-10-29,0.9327367994315503,0.9327367994315503,0.031486305250616284,True,0.6062826861659779,False,0.2751138093179839,0.5,2.273031922905844e-06,logistic,histogram_gradient_boosting,1.0,1.0,1.0,1.0,1.0
2020-10-30,0.8163683997157751,0.9327367994315503,0.018473966935041004,True,0.6308556060309504,False,0.2767656083977353,0.25,2.273031922905844e-06,logistic,histogram_gradient_boosting,1.0,1.0,0.7,1.0,0.7
2020-11-02,0.7581841998578875,0.8163683997157751,0.028327206543866463,True,0.629321899439142,False,0.28029501652017064,0.25,6.819111268763223e-06,logistic,histogram_gradient_boosting,1.0,1.0,0.7,1.0,0.7
2020-11-03,0.8790920999289438,0.7581841998578875,0.039485597804672666,True,0.6200475870738363,False,0.27342388178843996,0.5,2.464647635980199e-06,logistic,histogram_gradient_boosting,1.0,1.0,1.0,1.0,1.0
2020-11-04,0.9395460499644719,0.8790920999289438,0.06511204963125325,True,0.6181598269952032,False,0.23296611098076236,1.0,2.273031922905844e-06,logistic,histogram_gradient_boosting,1.0,1.0,1.0,1.0,1.0
2020-11-05,0.9395460499644719,0.9395460499644719,0.07528033608023854,True,0.6140655659212116,False,0.21892097226904,1.0,2.327780691535608e-06,logistic,histogram_gradient_boosting,1.0,1.0,1.0,1.0,1.0
2020-11-06,0.9395460499644719,0.9395460499644719,0.062041197118622354,True,0.6192722216025196,False,0.19861934437717496,1.0,2.273031922905844e-06,logistic,histogram_gradient_boosting,1.0,1.0,1.0,1.0,1.0
2020-11-09,0.9395460499644719,0.9395460499644719,0.06753200069892386,True,0.616802492955488,False,0.21266871904191123,0.75,7.229722207791056e-06,logistic,histogram_gradient_boosting,1.0,1.0,1.0,1.0,1.0
2020-11-10,0.9395460499644719,0.9395460499644719,0.04229311595469038,True,0.6219614238987989,False,0.20685311290916977,0.75,2.464647635980199e-06,logistic,histogram_gradient_boosting,1.0,1.0,1.0,1.0,1.0
2020-11-11,0.9395460499644719,0.9395460499644719,0.05314666231151145,True,0.6059331089914399,False,0.1935874112421599,0.75,2.464647635980199e-06,logistic,histogram_gradient_boosting,1.0,1.0,1.0,1.0,1.0
2020-11-12,0.9395460499644719,0.9395460499644719,0.05700722144599865,True,0.6051210773509632,False,0.2021615856009312,0.75,2.327780691535608e-06,logistic,histogram_gradient_boosting,1.0,1.0,1.0,1.0,1.0
2020-11-13,0.9395460499644719,0.9395460499644719,0.048412318020086595,True,0.6059203484147749,False,0.1876355920046275,1.0,2.273031922905844e-06,logistic,histogram_gradient_boosting,1.0,1.0,1.0,1.0,1.0
2020-11-16,0.9395460499644719,0.9395460499644719,0.05035177084610918,True,0.6153828864823834,False,0.1804038411557767,1.0,6.162092303529931e-06,logistic,histogram_gradient_boosting,1.0,1.0,1.0,1.0,1.0
2020-11-17,0.9395460499644719,0.9395460499644719,0.050540437729612045,True,0.6095730251776291,False,0.17942758781112655,1.0,2.190906927879155e-06,logistic,histogram_gradient_boosting,1.0,1.0,1.0,1.0,1.0
2020-11-18,0.9395460499644719,0.9395460499644719,0.04487428099509521,True,0.601060224348001,False,0.17919957778773582,1.0,2.054026548847787e-06,logistic,histogram_gradient_boosting,1.0,1.0,1.0,1.0,1.0
2020-11-19,0.9395460499644719,0.9395460499644719,0.04940293926037466,True,0.6066996545802374,False,0.17527616427758758,1.0,1.643343976454048e-06,logistic,histogram_gradient_boosting,1.0,1.0,1.0,1.0,1.0
2020-11-20,0.9395460499644719,0.9395460499644719,0.04512892911920403,True,0.6012773488532598,False,0.18011576629104725,0.75,1.5885816682104092e-06,logistic,histogram_gradient_boosting,1.0,1.0,1.0,1.0,1.0
2020-11-23,0.9395460499644719,0.9395460499644719,0.036247130097154856,True,0.6123273356255058,False,0.1755232901730287,0.75,5.751428461930885e-06,logistic,histogram_gradient_boosting,1.0,1.0,1.0,1.0,1.0
2020-11-24,0.9395460499644719,0.9395460499644719,0.03298494385501662,True,0.6106715784255818,False,0.16805730459321924,0.75,2.190906927879155e-06,logistic,histogram_gradient_boosting,1.0,1.0,1.0,1.0,1.0
2020-11-25,0.9395460499644719,0.9395460499644719,0.03430861110767706,True,0.6120874571340789,False,0.1645610980011139,0.75,2.190906927879155e-06,logistic,histogram_gradient_boosting,1.0,1.0,1.0,1.0,1.0
2020-11-27,0.9395460499644719,0.9395460499644719,0.03493787171346637,True,0.6132096363748226,False,0.16022328516212994,0.75,3.9985486453009145e-06,logistic,histogram_gradient_boosting,1.0,1.0,1.0,1.0,1.0
2020-11-30,0.9395460499644719,0.9395460499644719,0.033341782813614614,True,0.6122695095205409,False,0.15462774261082027,1.0,6.162092303529931e-06,logistic,histogram_gradient_boosting,1.0,1.0,1.0,1.0,1.0
2020-12-01,0.9395460499644719,0.9395460499644719,0.03701061774792769,True,0.6066341018955977,False,0.15267805888572497,1.0,2.190906927879155e-06,logistic,histogram_gradient_boosting,1.0,1.0,1.0,1.0,1.0
2020-12-02,0.9395460499644719,0.9395460499644719,0.03867908496803916,True,0.6146374821744955,False,0.15801901419968564,1.0,2.054026548847787e-06,logistic,histogram_gradient_boosting,1.0,1.0,1.0,1.0,1.0
2020-12-03,0.9395460499644719,0.9395460499644719,0.03928611680805392,True,0.6151893606571676,False,0.15888422447402464,1.0,2.054026548847787e-06,logistic,histogram_gradient_boosting,1.0,1.0,1.0,1.0,1.0
2020-12-04,0.9395460499644719,0.9395460499644719,0.03367310473864553,True,0.6208906666736892,False,0.15309703442721498,1.0,2.054026548847787e-06,logistic,histogram_gradient_boosting,1.0,1.0,1.0,1.0,1.0
2020-12-07,0.9395460499644719,0.9395460499644719,0.03656373286004961,True,0.600527287489566,False,0.15613006502933738,1.0,5.751428461930885e-06,logistic,histogram_gradient_boosting,1.0,1.0,1.0,1.0,1.0
2020-12-08,0.9395460499644719,0.9395460499644719,0.04244927489618715,True,0.6088267015514095,False,0.14306451687436905,1.0,1.8623823963004329e-06,logistic,histogram_gradient_boosting,1.0,1.0,1.0,1.0,1.0
2020-12-09,0.9395460499644719,0.9395460499644719,0.035759794661443994,True,0.6081318276091816,False,0.17432532395418002,1.0,1.917139145213298e-06,logistic,histogram_gradient_boosting,1.0,1.0,1.0,1.0,1.0
2020-12-10,0.9395460499644719,0.9395460499644719,0.03837714904580755,True,0.5977288081199114,False,0.1762570619412879,1.0,1.917139145213298e-06,logistic,histogram_gradient_boosting,1.0,1.0,1.0,1.0,1.0
2020-12-11,0.9395460499644719,0.9395460499644719,0.03138223250261465,True,0.5985081935518707,False,0.17858091932104012,1.0,1.7802449208126347e-06,logistic,histogram_gradient_boosting,1.0,1.0,1.0,1.0,1.0
2020-12-14,0.9395460499644719,0.9395460499644719,0.03872649994451023,True,0.594585510050611,False,0.18575303726710563,1.0,4.930040031103644e-06,logistic,histogram_gradient_boosting,1.0,1.0,1.0,1.0,1.0
2020-12-15,0.9395460499644719,0.9395460499644719,0.038298001957347935,True,0.5951842522584755,False,0.17544858797257057,1.0,1.917139145213298e-06,logistic,histogram_gradient_boosting,1.0,1.0,1.0,1.0,1.0
2020-12-16,0.9395460499644719,0.9395460499644719,0.045558832011098296,True,0.599704935775099,False,0.16162703147515517,1.0,2.054026548847787e-06,logistic,histogram_gradient_boosting,1.0,1.0,1.0,1.0,1.0
2020-12-17,0.9395460499644719,0.9395460499644719,0.03934473493785371,True,0.6063203193352923,False,0.15758525970707582,1.0,2.190906927879155e-06,logistic,histogram_gradient_boosting,1.0,1.0,1.0,1.0,1.0
2020-12-18,0.9395460499644719,0.9395460499644719,0.031771600593559775,True,0.6049271197674054,False,0.15557742655520318,1.0,2.190906927879155e-06,logistic,histogram_gradient_boosting,1.0,1.0,1.0,1.0,1.0
2020-12-21,0.9395460499644719,0.9395460499644719,0.04374120181055531,True,0.601917947314777,False,0.17862809234995145,1.0,6.408480595965216e-06,logistic,histogram_gradient_boosting,1.0,1.0,1.0,1.0,1.0
2020-12-22,0.9395460499644719,0.9395460499644719,0.0376774720269116,True,0.5872957790961908,False,0.1673550980408545,1.0,2.136155635490411e-06,logistic,histogram_gradient_boosting,1.0,1.0,1.0,1.0,1.0
2020-12-23,0.9395460499644719,0.9395460499644719,0.03636944327716395,True,0.5987490078801234,False,0.16447746706110541,1.0,2.054026548847787e-06,logistic,histogram_gradient_boosting,1.0,1.0,1.0,1.0,1.0
2020-12-24,0.9395460499644719,0.9395460499644719,0.02916201402516099,True,0.5979270286369373,False,0.15078381949441386,1.0,2.054026548847787e-06,logistic,histogram_gradient_boosting,1.0,1.0,1.0,1.0,1.0
2020-12-28,0.9395460499644719,0.9395460499644719,0.034289046960253096,True,0.598267313118535,False,0.15716871860348233,1.0,8.763656512034146e-06,logistic,histogram_gradient_boosting,1.0,1.0,1.0,1.0,1.0
2020-12-29,0.9395460499644719,0.9395460499644719,0.037644821879362855,True,0.5986867749627374,False,0.1659137800939942,1.0,2.464647635980199e-06,logistic,histogram_gradient_boosting,1.0,1.0,1.0,1.0,1.0
2020-12-30,0.9395460499644719,0.9395460499644719,0.043599840746437475,True,0.6058438614691352,False,0.17040073475459136,1.0,1.917139145213298e-06,logistic,histogram_gradient_boosting,1.0,1.0,1.0,1.0,1.0
2020-12-31,0.9395460499644719,0.9395460499644719,0.045643561508609154,True,0.6106833349954542,False,0.16296520271610307,1.0,1.7802449208126347e-06,logistic,histogram_gradient_boosting,1.0,1.0,1.0,1.0,1.0
2021-01-04,0.9395460499644719,0.9395460499644719,0.06975875384315487,True,0.6247542954127218,False,0.2059145622611653,1.0,7.449550396110283e-06,logistic,logistic,1.0,1.0,1.0,1.0,1.0
2021-01-05,0.9395460499644719,0.9395460499644719,0.06546112845782218,True,0.6255556196911234,False,0.19416039972164242,1.0,2.136155635490411e-06,logistic,logistic,1.0,1.0,1.0,1.0,1.0
2021-01-06,0.9395460499644719,0.9395460499644719,0.06132044925120291,True,0.6241409720195392,False,0.19722915870196264,1.0,2.136155635490411e-06,logistic,logistic,1.0,1.0,1.0,1.0,1.0
2021-01-07,0.9395460499644719,0.9395460499644719,0.06478495824860486,True,0.6262218849080122,False,0.18537278663668247,1.0,2.190906927879155e-06,logistic,logistic,1.0,1.0,1.0,1.0,1.0
2021-01-08,0.9395460499644719,0.9395460499644719,0.055758155612861196,True,0.6258262277873152,False,0.17701296569205716,1.0,2.190906927879155e-06,logistic,logistic,1.0,1.0,1.0,1.0,1.0
2021-01-11,0.9395460499644719,0.9395460499644719,0.06164101679588848,True,0.6243188469996382,False,0.19495076005440298,1.0,6.572735183896228e-06,logistic,logistic,1.0,1.0,1.0,1.0,1.0
2021-01-12,0.9395460499644719,0.9395460499644719,0.05471524128607379,True,0.622546553270414,False,0.19105721987392996,1.0,2.190906927879155e-06,logistic,logistic,1.0,1.0,1.0,1.0,1.0
2021-01-13,0.9395460499644719,0.9395460499644719,0.05001034977823641,True,0.6244743411791138,False,0.17932950692827024,1.0,2.190906927879155e-06,logistic,logistic,1.0,1.0,1.0,1.0,1.0
2021-01-14,0.9395460499644719,0.9395460499644719,0.04932480329134076,True,0.6226556866652173,False,0.18191407961881365,1.0,2.054026548847787e-06,logistic,logistic,1.0,1.0,1.0,1.0,1.0
2021-01-15,0.9395460499644719,0.9395460499644719,0.04717431743663243,True,0.6221897209762492,False,0.18369019520349175,1.0,2.054026548847787e-06,logistic,logistic,1.0,1.0,1.0,1.0,1.0
2021-01-19,0.9395460499644719,0.9395460499644719,0.050088703207871385,True,0.6227348841167012,False,0.17746737577136817,1.0,7.997113279145651e-06,logistic,logistic,1.0,1.0,1.0,1.0,1.0
2021-01-20,0.9395460499644719,0.9395460499644719,0.04748080307256037,True,0.6250709555293131,False,0.1701819594546885,1.0,2.054026548847787e-06,logistic,logistic,1.0,1.0,1.0,1.0,1.0
2021-01-21,0.9395460499644719,0.9395460499644719,0.043883341611495694,True,0.6255481528072815,False,0.16823490159657814,1.0,1.9992723241379906e-06,logistic,logistic,1.0,1.0,1.0,1.0,1.0
2021-01-22,0.9395460499644719,0.9395460499644719,0.0469265078598614,True,0.6253372927540202,False,0.1731306050562042,1.0,1.917139145213298e-06,logistic,logistic,1.0,1.0,1.0,1.0,1.0
2021-01-25,0.9395460499644719,0.9395460499644719,0.05427454798792291,True,0.6258659993303255,False,0.17735095125851014,1.0,5.751428461930885e-06,logistic,logistic,1.0,1.0,1.0,1.0,1.0
2021-01-26,0.9395460499644719,0.9395460499644719,0.051817109739289186,True,0.6257408999696351,False,0.17707897238499376,1.0,1.8623823963004329e-06,logistic,logistic,1.0,1.0,1.0,1.0,1.0
2021-01-27,0.9395460499644719,0.9395460499644719,0.11861420051494373,True,0.6237479650082068,False,0.2804631997325581,1.0,1.643343976454048e-06,logistic,logistic,1.0,1.0,1.0,1.0,1.0
2021-01-28,0.9395460499644719,0.9395460499644719,0.0728361734414036,True,0.6229463207556393,False,0.2308413726271342,1.0,1.5064362099970197e-06,logistic,logistic,1.0,1.0,1.0,1.0,1.0
2021-01-29,0.9395460499644719,0.9395460499644719,0.06932505025695801,True,0.6214668346803557,False,0.2502797204942272,1.0,1.3147538533431202e-06,logistic,logistic,1.0,1.0,1.0,1.0,1.0
2021-02-01,0.9395460499644719,0.9395460499644719,0.07251793401708122,True,0.6216475313937683,False,0.23265036642463868,1.0,3.944266745659064e-06,logistic,logistic,1.0,1.0,1.0,1.0,1.0
2021-02-02,0.9395460499644719,0.9395460499644719,0.06359447027196441,True,0.6229776318310831,False,0.20243151122300893,1.0,1.3695216203313263e-06,logistic,logistic,1.0,1.0,1.0,1.0,1.0
2021-02-03,0.9395460499644719,0.9395460499644719,0.050432786988884176,True,0.6233565114531245,False,0.18125209114830482,1.0,1.0956718670129817e-06,logistic,logistic,1.0,1.0,1.0,1.0,1.0
2021-02-04,0.9395460499644719,0.9395460499644719,0.04691512622958713,True,0.6236765086725465,False,0.17265504072147791,1.0,8.217948646027651e-07,logistic,logistic,1.0,1.0,1.0,1.0,1.0
2021-02-05,0.9395460499644719,0.9395460499644719,0.03668795770463073,True,0.6246195334582988,False,0.15915221511726582,1.0,6.300647312773577e-07,logistic,logistic,1.0,1.0,1.0,1.0,1.0
2021-02-08,0.9395460499644719,0.9395460499644719,0.03724619177669024,True,0.6238495352038932,False,0.15734027420122626,1.0,1.6436725687185572e-06,logistic,logistic,1.0,1.0,1.0,1.0,1.0
2021-02-09,0.9395460499644719,0.9395460499644719,0.03429535905430825,True,0.6236368123197888,False,0.1578912293282672,1.0,9.039608475092108e-07,logistic,logistic,1.0,1.0,1.0,1.0,1.0
2021-02-10,0.9395460499644719,0.9395460499644719,0.033560556580722385,True,0.6240236124691897,False,0.1571559222211253,1.0,9.587368041685806e-07,logistic,logistic,1.0,1.0,1.0,1.0,1.0
2021-02-11,0.9395460499644719,0.9395460499644719,0.029325993759822932,True,0.6233050803958597,False,0.14652651951628975,1.0,9.587368041685806e-07,logistic,logistic,1.0,1.0,1.0,1.0,1.0
2021-02-12,0.9395460499644719,0.9395460499644719,0.023000777391104406,True,0.6247702424471165,False,0.138638871985554,1.0,9.587368041685806e-07,logistic,logistic,1.0,1.0,1.0,1.0,1.0
2021-02-16,0.9395460499644719,0.9395460499644719,0.02678286211631847,True,0.6238514743595298,False,0.1481518657998652,1.0,3.83495273181822e-06,logistic,logistic,1.0,1.0,1.0,1.0,1.0
2021-02-17,0.9395460499644719,0.9395460499644719,0.024938884319982885,True,0.6250594332375932,False,0.1503232312586699,1.0,9.587368041685806e-07,logistic,logistic,1.0,1.0,1.0,1.0,1.0
2021-02-18,0.9395460499644719,0.9395460499644719,0.028070950300692774,True,0.625200910275904,False,0.15841087709317667,1.0,6.300647312773577e-07,logistic,logistic,1.0,1.0,1.0,1.0,1.0
2021-02-19,0.9395460499644719,0.9395460499644719,0.0269404550888056,True,0.6235943843346793,False,0.15566346553355628,1.0,6.300647312773577e-07,logistic,logistic,1.0,1.0,1.0,1.0,1.0
2021-02-22,0.9395460499644719,0.9395460499644719,0.024165695330503587,True,0.6227993958634255,False,0.17538500730826093,0.75,2.054539855134152e-06,logistic,logistic,1.0,1.0,1.0,1.0,1.0
2021-02-23,0.9395460499644719,0.9395460499644719,0.02699008732107901,True,0.6236679763540215,False,0.17692312327411308,0.75,6.300647312773577e-07,logistic,logistic,1.0,1.0,1.0,1.0,1.0
2021-02-24,0.9395460499644719,0.9395460499644719,0.025970871414004244,True,0.6233753135992078,False,0.16748181888664543,0.75,7.670162283091031e-07,logistic,logistic,1.0,1.0,1.0,1.0,1.0
2021-02-25,0.9395460499644719,0.9395460499644719,0.04738955252932376,True,0.6218766608625695,False,0.22895170960640887,0.5,9.039608475092108e-07,logistic,logistic,1.0,1.0,1.0,1.0,1.0
2021-02-26,0.9395460499644719,0.9395460499644719,0.04919438597064235,True,0.6205173420034279,False,0.22550855123672672,0.5,9.587368041685806e-07,logistic,logistic,1.0,1.0,1.0,1.0,1.0
2021-03-01,0.9395460499644719,0.9395460499644719,0.04743478641389075,True,0.6219552389978249,False,0.19301331206073682,1.0,2.301050449959874e-06,logistic,logistic,1.0,1.0,1.0,1.0,1.0
2021-03-02,0.9395460499644719,0.9395460499644719,0.04496273866059905,True,0.6236394155625111,False,0.2002253324836927,0.5,9.587368041685806e-07,logistic,logistic,1.0,1.0,1.0,1.0,1.0
2021-03-03,0.9395460499644719,0.9395460499644719,0.041843146940820614,True,0.6239307909119276,False,0.22054690123259982,0.5,9.587368041685806e-07,logistic,logistic,1.0,1.0,1.0,1.0,1.0
2021-03-04,0.8197730249822359,0.9395460499644719,0.04672570758272364,True,0.6241103615620895,False,0.23225494306513136,0.25,7.670162283091031e-07,logistic,logistic,1.0,1.0,0.7,1.0,0.7
2021-03-05,0.909886512491118,0.8197730249822359,0.03705527466615021,True,0.6256976733336089,False,0.20264103561943209,0.5,7.670162283091031e-07,logistic,logistic,1.0,1.0,1.0,1.0,1.0
2021-03-08,0.804943256245559,0.909886512491118,0.03070580183980385,True,0.6252501126270148,False,0.20531096683450514,0.25,2.8762131700776905e-06,logistic,logistic,1.0,1.0,0.7,1.0,0.7
2021-03-09,0.9024716281227795,0.804943256245559,0.04612974622458769,True,0.6280399739907495,False,0.20293298057781348,0.5,9.587368041685806e-07,logistic,logistic,1.0,1.0,1.0,1.0,1.0
2021-03-10,0.9024716281227795,0.9024716281227795,0.035049360898468745,True,0.6282140224967389,False,0.18974199664890523,0.5,8.217948646027651e-07,logistic,logistic,1.0,1.0,1.0,1.0,1.0
2021-03-11,0.9024716281227795,0.9024716281227795,0.04484221695552466,True,0.6276897386516342,False,0.18422861269623453,0.5,7.670162283091031e-07,logistic,logistic,1.0,1.0,1.0,1.0,1.0
2021-03-12,0.9024716281227795,0.9024716281227795,0.030233046874710977,True,0.6280200115329433,False,0.17356188914106135,0.5,6.848461493458302e-07,logistic,logistic,1.0,1.0,1.0,1.0,1.0
2021-03-15,0.9024716281227795,0.9024716281227795,0.03114773473479802,True,0.6289056466581308,False,0.16657505639489,0.5,1.2327849883142503e-06,logistic,logistic,1.0,1.0,1.0,1.0,1.0
2021-03-16,0.9024716281227795,0.9024716281227795,0.029576720966443253,True,0.629417124063135,False,0.15959507074378163,0.5,2.191693500019909e-07,logistic,logistic,1.0,1.0,1.0,1.0,1.0
2021-03-17,0.9024716281227795,0.9024716281227795,0.030448398190462144,True,0.6287802154605422,False,0.15722407124258317,0.75,2.191693500019909e-07,logistic,logistic,1.0,1.0,1.0,1.0,1.0
2021-03-18,0.9024716281227795,0.9024716281227795,0.03164442215557012,True,0.6273066059967884,False,0.17930727394198104,0.5,8.21905521419808e-08,logistic,logistic,1.0,1.0,1.0,1.0,1.0
2021-03-19,0.9024716281227795,0.9024716281227795,0.027959533129892244,True,0.6278061010582646,False,0.17535923630322664,0.5,1.3698288303665154e-07,logistic,logistic,1.0,1.0,1.0,1.0,1.0
2021-03-22,0.9024716281227795,0.9024716281227795,0.03275628982905366,True,0.6277782006898529,False,0.1637243993974864,0.5,4.109487055092842e-07,logistic,logistic,1.0,1.0,1.0,1.0,1.0
2021-03-23,0.9024716281227795,0.9024716281227795,0.03706014822292513,True,0.6284047817529914,False,0.17602749108051768,0.5,2.739589364253448e-07,logistic,logistic,1.0,1.0,1.0,1.0,1.0
2021-03-24,0.9024716281227795,0.9024716281227795,0.03285199497933668,True,0.6295606973033703,False,0.18259955723020202,0.5,4.109281606101689e-07,logistic,logistic,1.0,1.0,1.0,1.0,1.0
2021-03-25,0.8012358140613898,0.9024716281227795,0.02720873763850852,True,0.6263907971322231,False,0.1687206225095246,0.25,4.109281606101689e-07,logistic,logistic,1.0,1.0,0.7,1.0,0.7
2021-03-26,0.9006179070306949,0.8012358140613898,0.030402164897017126,True,0.6267269835383625,False,0.16428683089821036,0.75,4.109281606101689e-07,logistic,logistic,1.0,1.0,1.0,1.0,1.0
2021-03-29,0.9006179070306949,0.9006179070306949,0.03730471312108546,True,0.6316392632608119,False,0.1801118900738254,0.5,6.575081941129213e-07,logistic,logistic,1.0,1.0,1.0,1.0,1.0
2021-03-30,0.9006179070306949,0.9006179070306949,0.03267055074216605,True,0.6287772231359336,False,0.17041974789306236,0.5,3.561413055575003e-07,logistic,logistic,1.0,1.0,1.0,1.0,1.0
2021-03-31,0.9006179070306949,0.9006179070306949,0.037920193163367005,True,0.6251600118488944,False,0.1658973808088415,0.75,3.561413055575003e-07,logistic,logistic,1.0,1.0,1.0,1.0,1.0
2021-04-01,0.9006179070306949,0.9006179070306949,0.03181428911571731,True,0.6233847522376303,False,0.1493649249929606,1.0,2.191693500019909e-07,logistic,logistic,1.0,1.0,1.0,1.0,1.0
2021-04-05,0.9006179070306949,0.9006179070306949,0.04942046594252118,True,0.625806895909119,False,0.1573202698084242,1.0,1.643713655630208e-06,logistic,logistic,1.0,1.0,1.0,1.0,1.0
2021-04-06,0.9006179070306949,0.9006179070306949,0.05178409109123668,True,0.6233572594404454,False,0.16013597798048007,1.0,4.109281606101689e-07,logistic,logistic,1.0,1.0,1.0,1.0,1.0
2021-04-07,0.9006179070306949,0.9006179070306949,0.03961762818357696,True,0.6275722343965628,False,0.14794364225319637,1.0,2.739589364253448e-07,logistic,logistic,1.0,1.0,1.0,1.0,1.0
2021-04-08,0.9006179070306949,0.9006179070306949,0.03985225228138014,True,0.6267924981471377,False,0.1447124788309769,1.0,1.3698288303665154e-07,logistic,logistic,1.0,1.0,1.0,1.0,1.0
2021-04-09,0.9006179070306949,0.9006179070306949,0.033879584978422014,True,0.6296354960268592,False,0.13979974698158612,1.0,8.21905521419808e-08,logistic,logistic,1.0,1.0,1.0,1.0,1.0
2021-04-12,0.9006179070306949,0.9006179070306949,0.03355202318954322,True,0.6289580191455113,False,0.13732074615993817,1.0,8.218770344292636e-07,logistic,logistic,1.0,1.0,1.0,1.0,1.0
2021-04-13,0.9006179070306949,0.9006179070306949,0.03132108162767469,True,0.630196980599327,False,0.13466096285340556,1.0,4.109281606101689e-07,logistic,logistic,1.0,1.0,1.0,1.0,1.0
2021-04-14,0.9006179070306949,0.9006179070306949,0.028265543133149416,True,0.6285107031968652,False,0.14323632147679838,1.0,4.109281606101689e-07,logistic,logistic,1.0,1.0,1.0,1.0,1.0
2021-04-15,0.9006179070306949,0.9006179070306949,0.03091897960607982,True,0.6302742512434691,False,0.14126617916571851,1.0,2.739589364253448e-07,logistic,logistic,1.0,1.0,1.0,1.0,1.0
2021-04-16,0.9006179070306949,0.9006179070306949,0.03002714433335964,True,0.6281270984999525,False,0.1391679370777997,1.0,2.191693500019909e-07,logistic,logistic,1.0,1.0,1.0,1.0,1.0
2021-04-19,0.9006179070306949,0.9006179070306949,0.030778814270000107,True,0.6287121394791819,False,0.14657448810561619,1.0,1.2327849883142503e-06,logistic,logistic,1.0,1.0,1.0,1.0,1.0
2021-04-20,0.9006179070306949,0.9006179070306949,0.0334253983343367,True,0.6288195696753696,False,0.15557141971586155,1.0,4.109281606101689e-07,logistic,logistic,1.0,1.0,1.0,1.0,1.0
2021-04-21,0.9006179070306949,0.9006179070306949,0.031655849033677755,True,0.6266825217302884,False,0.1463816675788134,1.0,3.561413055575003e-07,logistic,logistic,1.0,1.0,1.0,1.0,1.0
2021-04-22,0.9006179070306949,0.9006179070306949,0.030415961928341676,True,0.6232922320969849,False,0.1513651105040702,1.0,4.109281606101689e-07,logistic,logistic,1.0,1.0,1.0,1.0,1.0
2021-04-23,0.9006179070306949,0.9006179070306949,0.029380866834821058,True,0.6234248521566964,False,0.14459193122478842,1.0,4.109281606101689e-07,logistic,logistic,1.0,1.0,1.0,1.0,1.0
2021-04-26,0.9006179070306949,0.9006179070306949,0.03595901469557541,True,0.6239401396957107,False,0.14791178617588055,1.0,6.575081941129213e-07,logistic,logistic,1.0,1.0,1.0,1.0,1.0
2021-04-27,0.9006179070306949,0.9006179070306949,0.036293455593380895,True,0.6216823732708974,False,0.14795673539792387,1.0,2.739589364253448e-07,logistic,logistic,1.0,1.0,1.0,1.0,1.0
2021-04-28,0.9006179070306949,0.9006179070306949,0.03270720853902002,True,0.6221614548593154,False,0.1454611670309906,1.0,2.191693500019909e-07,logistic,logistic,1.0,1.0,1.0,1.0,1.0
2021-04-29,0.9006179070306949,0.9006179070306949,0.03638255548426781,True,0.6247471534251955,False,0.144421094478325,1.0,2.191693500019909e-07,logistic,logistic,1.0,1.0,1.0,1.0,1.0
2021-04-30,0.9006179070306949,0.9006179070306949,0.03641885359716716,True,0.6261494952780151,False,0.14800736782366905,1.0,8.21905521419808e-08,logistic,logistic,1.0,1.0,1.0,1.0,1.0
2021-05-03,0.9006179070306949,0.9006179070306949,0.03358093458094204,True,0.6260475503745544,False,0.14250771414913302,1.0,4.109487055092842e-07,logistic,logistic,1.0,1.0,1.0,1.0,1.0
2021-05-04,0.9006179070306949,0.9006179070306949,0.03171932897851856,True,0.6261671241692144,False,0.15741595962796237,0.5,2.739589364253448e-07,logistic,logistic,1.0,1.0,1.0,1.0,1.0
2021-05-05,0.9006179070306949,0.9006179070306949,0.03073014511511943,True,0.6248855100984487,False,0.15717448615888782,0.5,2.191693500019909e-07,logistic,logistic,1.0,1.0,1.0,1.0,1.0
2021-05-06,0.9006179070306949,0.9006179070306949,0.029983965539418313,True,0.6267012580745668,False,0.15209149501709687,0.5,2.191693500019909e-07,logistic,logistic,1.0,1.0,1.0,1.0,1.0
2021-05-07,0.9006179070306949,0.9006179070306949,0.025844472405105238,True,0.6264490852902831,False,0.14102333277588605,0.75,2.191693500019909e-07,logistic,logistic,1.0,1.0,1.0,1.0,1.0
2021-05-10,0.9006179070306949,0.9006179070306949,0.03379033405220491,True,0.6263805558402218,False,0.16990932546707496,0.5,4.109487055092842e-07,logistic,logistic,1.0,1.0,1.0,1.0,1.0
2021-05-11,0.8003089535153474,0.9006179070306949,0.03849019426729465,True,0.6260189053245796,False,0.18407026540814828,0.25,2.739589364253448e-07,logistic,logistic,1.0,1.0,0.7,1.0,0.7
2021-05-12,0.7501544767576737,0.8003089535153474,0.04860640779845938,True,0.6254178642992283,False,0.22687403372896037,0.25,2.739589364253448e-07,logistic,logistic,1.0,1.0,0.7,1.0,0.7
2021-05-13,0.7501544767576737,0.7501544767576737,0.03437654474577255,True,0.6260401595230166,False,0.19489593484452178,0.25,2.191693500019909e-07,logistic,logistic,1.0,1.0,0.7,1.0,0.7
2021-05-14,0.7501544767576737,0.7501544767576737,0.029020268123619717,True,0.626779941164451,False,0.16560727321010238,0.25,1.3698288303665154e-07,logistic,logistic,1.0,1.0,0.7,1.0,0.7
2021-05-17,0.7501544767576737,0.7501544767576737,0.02933569848669023,True,0.6248456208436952,False,0.16959889316506838,0.25,4.109487055092842e-07,logistic,logistic,1.0,1.0,0.7,1.0,0.7
2021-05-18,0.8750772383788368,0.7501544767576737,0.034930521984571944,True,0.6234181638344269,False,0.18197617316908807,0.5,2.739589364253448e-07,logistic,logistic,1.0,1.0,1.0,1.0,1.0
2021-05-19,0.9375386191894184,0.8750772383788368,0.034166160436423676,True,0.6246192000513089,False,0.18049917137976199,0.5,1.3698288303665154e-07,logistic,logistic,1.0,1.0,1.0,1.0,1.0
2021-05-20,0.9375386191894184,0.9375386191894184,0.04107418428693475,True,0.6256482455880759,False,0.1728179831149597,0.75,8.21905521419808e-08,logistic,logistic,1.0,1.0,1.0,1.0,1.0
2021-05-21,0.9375386191894184,0.9375386191894184,0.03385275198244398,True,0.6261195147028608,False,0.16653734438477252,0.5,8.21905521419808e-08,logistic,logistic,1.0,1.0,1.0,1.0,1.0
2021-05-24,0.9375386191894184,0.9375386191894184,0.03316293201044335,True,0.6278217425497485,False,0.15502221981576858,0.75,2.465716766320014e-07,logistic,logistic,1.0,1.0,1.0,1.0,1.0
2021-05-25,0.9375386191894184,0.9375386191894184,0.037418611794601576,True,0.6279479540151832,False,0.15899905744740667,0.75,2.739589364253448e-07,logistic,logistic,1.0,1.0,1.0,1.0,1.0
2021-05-26,0.9375386191894184,0.9375386191894184,0.03199341914442363,True,0.6268357938678134,False,0.14768504215995393,0.75,1.3698288303665154e-07,logistic,logistic,1.0,1.0,1.0,1.0,1.0
2021-05-27,0.9375386191894184,0.9375386191894184,0.03213081334029737,True,0.6260758190102792,False,0.1441629538503755,0.75,1.3698288303665154e-07,logistic,logistic,1.0,1.0,1.0,1.0,1.0
2021-05-28,0.9375386191894184,0.9375386191894184,0.02996952444153224,True,0.6237589402552997,False,0.14191182411331832,0.75,2.191693500019909e-07,logistic,logistic,1.0,1.0,1.0,1.0,1.0
2021-06-01,0.9375386191894184,0.9375386191894184,0.030875833915731513,True,0.6227831255253755,False,0.14128487392706607,0.75,1.0958361960078378e-06,logistic,logistic,1.0,1.0,1.0,1.0,1.0
2021-06-02,0.9375386191894184,0.9375386191894184,0.02590040566454488,True,0.6201009638998954,False,0.13661212240561804,1.0,4.109281606101689e-07,logistic,logistic,1.0,1.0,1.0,1.0,1.0
2021-06-03,0.9375386191894184,0.9375386191894184,0.02492172221479913,True,0.619634931872205,False,0.14405029845147696,0.75,4.109281606101689e-07,logistic,logistic,1.0,1.0,1.0,1.0,1.0
2021-06-04,0.9375386191894184,0.9375386191894184,0.02480665785435867,True,0.6206035764186352,False,0.13940934497757884,1.0,4.109281606101689e-07,logistic,logistic,1.0,1.0,1.0,1.0,1.0
2021-06-07,0.9375386191894184,0.9375386191894184,0.0257908914311282,True,0.6209374372116536,False,0.1406628505387797,1.0,1.4793199505369614e-06,logistic,logistic,1.0,1.0,1.0,1.0,1.0
2021-06-08,0.9375386191894184,0.9375386191894184,0.03140652014764975,True,0.6180915087118664,False,0.14639731268649578,1.0,5.478905560352132e-07,logistic,logistic,1.0,1.0,1.0,1.0,1.0
2021-06-09,0.9375386191894184,0.9375386191894184,0.03560691175972335,True,0.6192673337618609,False,0.15380228940225044,1.0,5.478905560352132e-07,logistic,logistic,1.0,1.0,1.0,1.0,1.0
2021-06-10,0.9375386191894184,0.9375386191894184,0.03133229869970946,True,0.618341296810235,False,0.13411479518106267,1.0,5.478905560352132e-07,logistic,logistic,1.0,1.0,1.0,1.0,1.0
2021-06-11,0.9375386191894184,0.9375386191894184,0.02939556598006816,True,0.6180878012716379,False,0.12663314840673864,1.0,4.931064070401447e-07,logistic,logistic,1.0,1.0,1.0,1.0,1.0
2021-06-14,0.9375386191894184,0.9375386191894184,0.033118715736215096,True,0.6199723415287838,False,0.1326016459477506,1.0,1.2327849883142503e-06,logistic,logistic,1.0,1.0,1.0,1.0,1.0
2021-06-15,0.9375386191894184,0.9375386191894184,0.033288233508934596,True,0.6190170017665907,False,0.1403083693534129,1.0,5.478905560352132e-07,logistic,logistic,1.0,1.0,1.0,1.0,1.0
2021-06-16,0.9375386191894184,0.9375386191894184,0.04223311048880452,True,0.6186648716668758,False,0.15077527080384182,1.0,7.670162283091031e-07,logistic,logistic,1.0,1.0,1.0,1.0,1.0
2021-06-17,0.9375386191894184,0.9375386191894184,0.04582312045322995,True,0.6197346639530981,False,0.1482641773652193,1.0,7.670162283091031e-07,logistic,logistic,1.0,1.0,1.0,1.0,1.0
2021-06-18,0.9375386191894184,0.9375386191894184,0.060382596506777804,True,0.6199662253331262,False,0.1718403900463142,1.0,7.670162283091031e-07,logistic,logistic,1.0,1.0,1.0,1.0,1.0
2021-06-21,0.9375386191894184,0.9375386191894184,0.045128166602488265,True,0.6201170576962944,False,0.1498507702297896,1.0,2.4653866197432706e-06,logistic,logistic,1.0,1.0,1.0,1.0,1.0
2021-06-22,0.9375386191894184,0.9375386191894184,0.04178824453390806,True,0.621436705478136,False,0.14117897630154302,1.0,1.040898640614074e-06,logistic,logistic,1.0,1.0,1.0,1.0,1.0
2021-06-23,0.9375386191894184,0.9375386191894184,0.04088002087388415,True,0.6209845632338913,False,0.14017261968951655,1.0,1.0956718670129817e-06,logistic,logistic,1.0,1.0,1.0,1.0,1.0
2021-06-24,0.9375386191894184,0.9375386191894184,0.04013474928789097,True,0.6217309196385965,False,0.13560466343717945,1.0,1.1778297104303448e-06,logistic,logistic,1.0,1.0,1.0,1.0,1.0
2021-06-25,0.9375386191894184,0.9375386191894184,0.038235378453139235,True,0.6220526602043153,False,0.1295468590498616,1.0,1.1778297104303448e-06,logistic,logistic,1.0,1.0,1.0,1.0,1.0
2021-06-28,0.9375386191894184,0.9375386191894184,0.04018793167191069,True,0.6230320418553145,False,0.13262236287048,1.0,3.287019202602437e-06,logistic,logistic,1.0,1.0,1.0,1.0,1.0
2021-06-29,0.9375386191894184,0.9375386191894184,0.03737702000422888,True,0.6234360999106996,False,0.1326074574165585,1.0,1.0956718670129817e-06,logistic,logistic,1.0,1.0,1.0,1.0,1.0
2021-06-30,0.9375386191894184,0.9375386191894184,0.033265054479900136,True,0.6230472206918117,False,0.13164284347910243,1.0,1.0956718670129817e-06,logistic,logistic,1.0,1.0,1.0,1.0,1.0
2021-07-01,0.9375386191894184,0.9375386191894184,0.030214749363909714,True,0.6222626043581678,False,0.12835477000253556,1.0,1.0956718670129817e-06,logistic,logistic,1.0,1.0,1.0,1.0,1.0
2021-07-02,0.9375386191894184,0.9375386191894184,0.027025451893733406,True,0.624545550481012,False,0.12376550382099331,1.0,1.040898640614074e-06,logistic,logistic,1.0,1.0,1.0,1.0,1.0
2021-07-06,0.9375386191894184,0.9375386191894184,0.03349073452135096,True,0.6264885607387399,False,0.13166386123081095,1.0,4.382694670956866e-06,logistic,logistic,1.0,1.0,1.0,1.0,1.0
2021-07-07,0.9375386191894184,0.9375386191894184,0.02873591243025635,True,0.6274165989249059,False,0.12879155067171627,1.0,1.1778297104303448e-06,logistic,logistic,1.0,1.0,1.0,1.0,1.0
2021-07-08,0.9375386191894184,0.9375386191894184,0.044168612657388334,True,0.6267183797294671,False,0.1524903190456158,1.0,1.1778297104303448e-06,logistic,logistic,1.0,1.0,1.0,1.0,1.0
2021-07-09,0.9375386191894184,0.9375386191894184,0.028102599632886492,True,0.6263255428957492,False,0.1303743795138249,1.0,1.1778297104303448e-06,logistic,logistic,1.0,1.0,1.0,1.0,1.0
2021-07-12,0.9375386191894184,0.9375386191894184,0.026852685736800608,True,0.6270423680594652,False,0.12754182221018712,1.0,3.5334932930730645e-06,logistic,logistic,1.0,1.0,1.0,1.0,1.0
2021-07-13,0.9375386191894184,0.9375386191894184,0.031339570679221385,True,0.6279297058336132,False,0.1381648825407625,1.0,1.2326002067908348e-06,logistic,logistic,1.0,1.0,1.0,1.0,1.0
2021-07-14,0.9375386191894184,0.9375386191894184,0.027961360939945633,True,0.6277955612154171,False,0.12814168046220814,1.0,1.2326002067908348e-06,logistic,logistic,1.0,1.0,1.0,1.0,1.0
2021-07-15,0.9375386191894184,0.9375386191894184,0.02985270900891644,True,0.6271177397193726,False,0.13311987849185863,1.0,1.040898640614074e-06,logistic,logistic,1.0,1.0,1.0,1.0,1.0
2021-07-16,0.9375386191894184,0.9375386191894184,0.032245377253342776,True,0.6275616136853557,False,0.14363012595860017,1.0,1.040898640614074e-06,logistic,logistic,1.0,1.0,1.0,1.0,1.0
2021-07-19,0.9375386191894184,0.9375386191894184,0.04610027858761807,True,0.6255700192317876,False,0.16900302752216007,1.0,3.287019202602437e-06,logistic,logistic,1.0,1.0,1.0,1.0,1.0
2021-07-20,0.9375386191894184,0.9375386191894184,0.03989977205722342,True,0.6252438841019267,False,0.15653963969528137,1.0,1.2326002067908348e-06,logistic,logistic,1.0,1.0,1.0,1.0,1.0
2021-07-21,0.9375386191894184,0.9375386191894184,0.03546024721983987,True,0.6255112099055566,False,0.1455772600798447,1.0,1.2326002067908348e-06,logistic,logistic,1.0,1.0,1.0,1.0,1.0
2021-07-22,0.9375386191894184,0.9375386191894184,0.034986604757875774,True,0.6269837545742651,False,0.14307708440155048,1.0,1.1778297104303448e-06,logistic,logistic,1.0,1.0,1.0,1.0,1.0
2021-07-23,0.9375386191894184,0.9375386191894184,0.03174862269658001,True,0.6288269445002654,False,0.13742706194126564,1.0,1.2326002067908348e-06,logistic,logistic,1.0,1.0,1.0,1.0,1.0
2021-07-26,0.9375386191894184,0.9375386191894184,0.03544957185031065,True,0.62850544614278,False,0.13603078176817177,1.0,3.287019202602437e-06,logistic,logistic,1.0,1.0,1.0,1.0,1.0
2021-07-27,0.9375386191894184,0.9375386191894184,0.03984023527182975,True,0.6289377396744769,False,0.1543090466263786,1.0,1.2326002067908348e-06,logistic,logistic,1.0,1.0,1.0,1.0,1.0
2021-07-28,0.9375386191894184,0.9375386191894184,0.03414440866555288,True,0.628042654854273,False,0.14671732771430582,1.0,1.2326002067908348e-06,logistic,logistic,1.0,1.0,1.0,1.0,1.0
2021-07-29,0.9375386191894184,0.9375386191894184,0.032096750816800364,True,0.6275267378281788,False,0.14263356838864877,1.0,1.0956718670129817e-06,logistic,logistic,1.0,1.0,1.0,1.0,1.0
2021-07-30,0.9375386191894184,0.9375386191894184,0.03309029283234241,True,0.6254087794117786,False,0.14313881902145728,1.0,1.0956718670129817e-06,logistic,logistic,1.0,1.0,1.0,1.0,1.0
2021-08-02,0.9375386191894184,0.9375386191894184,0.0381169244912991,True,0.6250271768821035,False,0.1532613771420092,1.0,3.122699172353194e-06,logistic,logistic,1.0,1.0,1.0,1.0,1.0
2021-08-03,0.9375386191894184,0.9375386191894184,0.03366795683373719,True,0.6257537710728182,False,0.13703526755177795,1.0,1.2326002067908348e-06,logistic,logistic,1.0,1.0,1.0,1.0,1.0
2021-08-04,0.9375386191894184,0.9375386191894184,0.0329818894955493,True,0.6243271819366956,False,0.13655469712879706,1.0,1.2326002067908348e-06,logistic,logistic,1.0,1.0,1.0,1.0,1.0
2021-08-05,0.9375386191894184,0.9375386191894184,0.03186909052393685,True,0.6241453483651107,False,0.13360998979170643,1.0,1.1778297104303448e-06,logistic,logistic,1.0,1.0,1.0,1.0,1.0
2021-08-06,0.9375386191894184,0.9375386191894184,0.02452077094708402,True,0.6238665331944868,False,0.1248727698773925,1.0,1.1778297104303448e-06,logistic,logistic,1.0,1.0,1.0,1.0,1.0
2021-08-09,0.9375386191894184,0.9375386191894184,0.026696250212281905,True,0.6244746919108073,False,0.1288663371529285,1.0,3.6978051782821098e-06,logistic,logistic,1.0,1.0,1.0,1.0,1.0
2021-08-10,0.9375386191894184,0.9375386191894184,0.026186036824669922,True,0.6234017001355923,False,0.13034003263810273,1.0,1.3695216203313263e-06,logistic,logistic,1.0,1.0,1.0,1.0,1.0
2021-08-11,0.9375386191894184,0.9375386191894184,0.023272161436244887,True,0.6223672661997075,False,0.12639589621860287,1.0,1.2326002067908348e-06,logistic,logistic,1.0,1.0,1.0,1.0,1.0
2021-08-12,0.9375386191894184,0.9375386191894184,0.02287023923356797,True,0.6223449758903915,False,0.12067934932026336,1.0,1.1778297104303448e-06,logistic,logistic,1.0,1.0,1.0,1.0,1.0
2021-08-13,0.9375386191894184,0.9375386191894184,0.022299085376089434,True,0.6223261843935749,False,0.11894731565574429,1.0,1.2326002067908348e-06,logistic,logistic,1.0,1.0,1.0,1.0,1.0
2021-08-16,0.9375386191894184,0.9375386191894184,0.02532275646809255,True,0.6240849721861348,False,0.12433164521994733,1.0,4.765752575464077e-06,logistic,logistic,1.0,1.0,1.0,1.0,1.0
2021-08-17,0.9375386191894184,0.9375386191894184,0.03161735583396895,True,0.6243256715375742,False,0.13910063934812947,1.0,1.7254854431936195e-06,logistic,logistic,1.0,1.0,1.0,1.0,1.0
2021-08-18,0.9375386191894184,0.9375386191894184,0.05000216198705808,True,0.6247398140016778,False,0.16949170777845193,1.0,1.5064362099970197e-06,logistic,logistic,1.0,1.0,1.0,1.0,1.0
2021-08-19,0.9375386191894184,0.9375386191894184,0.06152427662219004,True,0.625063171644519,False,0.16897553055735703,1.0,1.1778297104303448e-06,logistic,logistic,1.0,1.0,1.0,1.0,1.0
2021-08-20,0.9375386191894184,0.9375386191894184,0.034807697423668606,True,0.6259510454005817,False,0.14781926579922697,0.75,1.1778297104303448e-06,logistic,logistic,1.0,1.0,1.0,1.0,1.0
2021-08-23,0.9375386191894184,0.9375386191894184,0.034403552598395115,True,0.6253987167872138,False,0.1423609103071647,1.0,3.287019202602437e-06,logistic,logistic,1.0,1.0,1.0,1.0,1.0
2021-08-24,0.9375386191894184,0.9375386191894184,0.03542559264163515,True,0.6238663778857741,False,0.14147441876074937,1.0,1.3147538533431202e-06,logistic,logistic,1.0,1.0,1.0,1.0,1.0
2021-08-25,0.9375386191894184,0.9375386191894184,0.03478285295991108,True,0.6249425256554854,False,0.13447567320191992,1.0,1.2326002067908348e-06,logistic,logistic,1.0,1.0,1.0,1.0,1.0
2021-08-26,0.9375386191894184,0.9375386191894184,0.04861406505072125,True,0.6251598766887749,False,0.1542972160983371,1.0,1.1778297104303448e-06,logistic,logistic,1.0,1.0,1.0,1.0,1.0
2021-08-27,0.9375386191894184,0.9375386191894184,0.032136736210310865,True,0.6240675799759755,False,0.13401870008136543,1.0,1.1778297104303448e-06,logistic,logistic,1.0,1.0,1.0,1.0,1.0
2021-08-30,0.9375386191894184,0.9375386191894184,0.03129813628886966,True,0.6257046525890305,False,0.13167016498065465,1.0,3.122699172353194e-06,logistic,logistic,1.0,1.0,1.0,1.0,1.0
2021-08-31,0.9375386191894184,0.9375386191894184,0.0339349774692935,True,0.6253435086093332,False,0.1364297913654541,1.0,1.0956718670129817e-06,logistic,logistic,1.0,1.0,1.0,1.0,1.0
2021-09-01,0.9375386191894184,0.9375386191894184,0.03282586018565239,True,0.6254584381908309,False,0.13378548470224116,1.0,1.0956718670129817e-06,logistic,logistic,1.0,1.0,1.0,1.0,1.0
2021-09-02,0.9375386191894184,0.9375386191894184,0.03699189494023414,True,0.625733532919938,False,0.13492854593509004,1.0,1.0956718670129817e-06,logistic,logistic,1.0,1.0,1.0,1.0,1.0
2021-09-03,0.9375386191894184,0.9375386191894184,0.03323866839293721,True,0.6254535054591825,False,0.13123522854041988,1.0,1.0956718670129817e-06,logistic,logistic,1.0,1.0,1.0,1.0,1.0
2021-09-07,0.9375386191894184,0.9375386191894184,0.04001152400760328,True,0.6256494781446713,False,0.13202160894101608,1.0,3.83495273181822e-06,logistic,logistic,1.0,1.0,1.0,1.0,1.0
2021-09-08,0.9375386191894184,0.9375386191894184,0.03571781162946191,True,0.624804421012849,False,0.13394294569479606,1.0,1.0956718670129817e-06,logistic,logistic,1.0,1.0,1.0,1.0,1.0
2021-09-09,0.9375386191894184,0.9375386191894184,0.0388463294326588,True,0.6234114886884227,False,0.14154285518038978,1.0,1.040898640614074e-06,logistic,logistic,1.0,1.0,1.0,1.0,1.0
2021-09-10,0.9375386191894184,0.9375386191894184,0.04977112772570945,True,0.6222015247718666,False,0.16125077113484923,1.0,1.040898640614074e-06,logistic,logistic,1.0,1.0,1.0,1.0,1.0
2021-09-13,0.9375386191894184,0.9375386191894184,0.037838184612934964,True,0.6209607304208197,False,0.14798200018213253,1.0,3.122699172353194e-06,logistic,logistic,1.0,1.0,1.0,1.0,1.0
2021-09-14,0.9375386191894184,0.9375386191894184,0.03846703752348366,True,0.6201072154475892,False,0.1443565019709013,1.0,9.587368041685806e-07,logistic,logistic,1.0,1.0,1.0,1.0,1.0
2021-09-15,0.9375386191894184,0.9375386191894184,0.0364344738622627,True,0.619781556271125,False,0.14327482926569715,1.0,9.587368041685806e-07,logistic,logistic,1.0,1.0,1.0,1.0,1.0
2021-09-16,0.9375386191894184,0.9375386191894184,0.04452412603602165,True,0.6197440964875701,False,0.14925722457587307,1.0,8.217948646027651e-07,logistic,logistic,1.0,1.0,1.0,1.0,1.0
2021-09-17,0.9375386191894184,0.9375386191894184,0.05177037861048747,True,0.6176213537126083,False,0.1660140949244245,1.0,7.670162283091031e-07,logistic,logistic,1.0,1.0,1.0,1.0,1.0
2021-09-20,0.9375386191894184,0.9375386191894184,0.08773259041153479,True,0.6182646337174587,False,0.20808604017981203,0.5,2.054539855134152e-06,logistic,logistic,1.0,1.0,1.0,1.0,1.0
2021-09-21,0.9375386191894184,0.9375386191894184,0.0802839111461192,True,0.6198094437392854,False,0.20074686093801206,0.5,5.478905560352132e-07,logistic,logistic,1.0,1.0,1.0,1.0,1.0
2021-09-22,0.9375386191894184,0.9375386191894184,0.0512433487590353,True,0.6208613245086616,False,0.17551716224367955,0.75,6.848461493458302e-07,logistic,logistic,1.0,1.0,1.0,1.0,1.0
2021-09-23,0.9375386191894184,0.9375386191894184,0.04698941781535996,True,0.6215008851411039,False,0.16155970627658775,0.75,6.848461493458302e-07,logistic,logistic,1.0,1.0,1.0,1.0,1.0
2021-09-24,0.9375386191894184,0.9375386191894184,0.04256249331259723,True,0.6210672222030815,False,0.1548300060410564,1.0,6.848461493458302e-07,logistic,logistic,1.0,1.0,1.0,1.0,1.0
2021-09-27,0.9375386191894184,0.9375386191894184,0.046963628742022916,True,0.6218576425909429,False,0.15539572273791125,0.75,2.054539855134152e-06,logistic,logistic,1.0,1.0,1.0,1.0,1.0
2021-09-28,0.9375386191894184,0.9375386191894184,0.06700491834597858,True,0.6210832452296369,False,0.2022716497030432,0.5,8.217948646027651e-07,logistic,logistic,1.0,1.0,1.0,1.0,1.0
2021-09-29,0.8187693095947092,0.9375386191894184,0.05680257927074777,True,0.6215745265084794,False,0.1964668316110517,0.25,8.217948646027651e-07,logistic,logistic,1.0,1.0,0.7,1.0,0.7
2021-09-30,0.7593846547973546,0.8187693095947092,0.07526913005665727,True,0.6210399022257672,False,0.19927212734714805,0.25,7.670162283091031e-07,logistic,logistic,1.0,1.0,0.7,1.0,0.7
2021-10-01,0.8796923273986773,0.7593846547973546,0.045162536352521876,True,0.6217628976145982,False,0.1817827273393761,0.5,7.670162283091031e-07,logistic,logistic,1.0,1.0,1.0,1.0,1.0
2021-10-04,0.7898461636993386,0.8796923273986773,0.04710757069191405,True,0.620545918077691,False,0.1974930253488476,0.25,2.301050449959874e-06,logistic,logistic,1.0,1.0,0.7,1.0,0.7
2021-10-05,0.7898461636993386,0.7898461636993386,0.046977619053733814,True,0.6225295374042075,False,0.1834277509186841,0.25,9.587368041685806e-07,logistic,logistic,1.0,1.0,0.7,1.0,0.7
2021-10-06,0.7898461636993386,0.7898461636993386,0.05051315659416673,True,0.6230570903179427,False,0.18276691443160006,0.25,1.0956718670129817e-06,logistic,logistic,1.0,1.0,0.7,1.0,0.7
2021-10-07,0.8949230818496693,0.7898461636993386,0.04333384336192367,True,0.6235676029250115,False,0.17000787723205876,0.5,1.0956718670129817e-06,logistic,logistic,1.0,1.0,1.0,1.0,1.0
2021-10-08,0.9474615409248346,0.8949230818496693,0.031415529650113405,True,0.6234082315123863,False,0.16285946162125675,0.5,1.0956718670129817e-06,logistic,logistic,1.0,1.0,1.0,1.0,1.0
2021-10-11,0.9474615409248346,0.9474615409248346,0.03719488166373511,True,0.6233153370712399,False,0.16877519749193895,0.5,3.287019202602437e-06,logistic,logistic,1.0,1.0,1.0,1.0,1.0
2021-10-12,0.9474615409248346,0.9474615409248346,0.0335088994893692,True,0.6221624244635096,False,0.1652343151527745,0.5,1.0956718670129817e-06,logistic,logistic,1.0,1.0,1.0,1.0,1.0
2021-10-13,0.9474615409248346,0.9474615409248346,0.030894148326140892,True,0.6227805671616221,False,0.15629258356042305,0.5,1.2326002067908348e-06,logistic,logistic,1.0,1.0,1.0,1.0,1.0
2021-10-14,0.9474615409248346,0.9474615409248346,0.03006088136718596,True,0.6249981269852709,False,0.1464510082903329,0.5,1.0956718670129817e-06,logistic,logistic,1.0,1.0,1.0,1.0,1.0
2021-10-15,0.9474615409248346,0.9474615409248346,0.02590848253914092,True,0.625648102176681,False,0.14023281943258917,0.5,1.040898640614074e-06,logistic,logistic,1.0,1.0,1.0,1.0,1.0
2021-10-18,0.9474615409248346,0.9474615409248346,0.028410537680028807,True,0.6241802078636235,False,0.1370666224280456,1.0,3.5334932930730645e-06,logistic,logistic,1.0,1.0,1.0,1.0,1.0
2021-10-19,0.9474615409248346,0.9474615409248346,0.026026869904973774,True,0.6252330594088017,False,0.12742359447968984,1.0,1.3695216203313263e-06,logistic,logistic,1.0,1.0,1.0,1.0,1.0
2021-10-20,0.9474615409248346,0.9474615409248346,0.02407827452619819,True,0.6261707069912315,False,0.13022946446450082,1.0,1.3695216203313263e-06,logistic,logistic,1.0,1.0,1.0,1.0,1.0
2021-10-21,0.9474615409248346,0.9474615409248346,0.02280164469188486,True,0.6264962843490582,False,0.12135668990687908,1.0,1.3695216203313263e-06,logistic,logistic,1.0,1.0,1.0,1.0,1.0
2021-10-22,0.9474615409248346,0.9474615409248346,0.02020941392468491,True,0.6253820794390125,False,0.12859967188952126,1.0,1.3695216203313263e-06,logistic,logistic,1.0,1.0,1.0,1.0,1.0
2021-10-25,0.9474615409248346,0.9474615409248346,0.024130942317436378,True,0.6265500608531617,False,0.1287715815751684,1.0,4.108570487826313e-06,logistic,logistic,1.0,1.0,1.0,1.0,1.0
2021-10-26,0.9474615409248346,0.9474615409248346,0.028471672155076077,True,0.6251180191794315,False,0.13301265397611473,1.0,1.3695216203313263e-06,logistic,logistic,1.0,1.0,1.0,1.0,1.0
2021-10-27,0.9474615409248346,0.9474615409248346,0.032557604268590765,True,0.6248630337080184,False,0.13958813669538464,1.0,1.3695216203313263e-06,logistic,logistic,1.0,1.0,1.0,1.0,1.0
2021-10-28,0.9474615409248346,0.9474615409248346,0.03307301877530889,True,0.6260670944796626,False,0.1373644694882586,1.0,1.3147538533431202e-06,logistic,logistic,1.0,1.0,1.0,1.0,1.0
2021-10-29,0.9474615409248346,0.9474615409248346,0.03043329642806964,True,0.6259330833417904,False,0.12884220590607587,1.0,1.3147538533431202e-06,logistic,logistic,1.0,1.0,1.0,1.0,1.0
2021-11-01,0.9474615409248346,0.9474615409248346,0.032781233557309934,True,0.6239077015266903,False,0.12802989246445287,1.0,3.287019202602437e-06,logistic,logistic,1.0,1.0,1.0,1.0,1.0
2021-11-02,0.9474615409248346,0.9474615409248346,0.031295319804315894,True,0.6239999207835933,False,0.12498881955670385,1.0,1.2326002067908348e-06,logistic,logistic,1.0,1.0,1.0,1.0,1.0
2021-11-03,0.9474615409248346,0.9474615409248346,0.026496115374697985,True,0.6235782810159751,False,0.11870522287227037,1.0,1.2326002067908348e-06,logistic,logistic,1.0,1.0,1.0,1.0,1.0
2021-11-04,0.9474615409248346,0.9474615409248346,0.02901351105450105,True,0.6241323198662502,False,0.1224780161837659,1.0,9.587368041685806e-07,logistic,logistic,1.0,1.0,1.0,1.0,1.0
2021-11-05,0.9474615409248346,0.9474615409248346,0.03309405250474798,True,0.6229903215789679,False,0.13217314219129778,1.0,1.0956718670129817e-06,logistic,logistic,1.0,1.0,1.0,1.0,1.0
2021-11-08,0.9474615409248346,0.9474615409248346,0.03695942166443951,True,0.6221892451518152,False,0.13889791483298103,1.0,2.8762131700776905e-06,logistic,logistic,1.0,1.0,1.0,1.0,1.0
2021-11-09,0.9474615409248346,0.9474615409248346,0.03703344810997941,True,0.6210126009519674,False,0.14527097655806323,1.0,1.0956718670129817e-06,logistic,logistic,1.0,1.0,1.0,1.0,1.0
2021-11-10,0.9474615409248346,0.9474615409248346,0.03593242634894885,True,0.6203872690816737,False,0.1552996669056686,1.0,1.2326002067908348e-06,logistic,logistic,1.0,1.0,1.0,1.0,1.0
2021-11-11,0.9474615409248346,0.9474615409248346,0.029910380703703155,True,0.6198238998976497,False,0.1432693989346967,1.0,1.0956718670129817e-06,logistic,logistic,1.0,1.0,1.0,1.0,1.0
2021-11-12,0.9474615409248346,0.9474615409248346,0.02640396506521386,True,0.6200779789010133,False,0.13462981896613704,1.0,1.1778297104303448e-06,logistic,logistic,1.0,1.0,1.0,1.0,1.0
2021-11-15,0.9474615409248346,0.9474615409248346,0.026820550741986852,True,0.6207367529716376,False,0.13779630829823017,1.0,3.122699172353194e-06,logistic,logistic,1.0,1.0,1.0,1.0,1.0
2021-11-16,0.9474615409248346,0.9474615409248346,0.028017688308528646,True,0.6210878415296635,False,0.1347242485122272,1.0,1.0956718670129817e-06,logistic,logistic,1.0,1.0,1.0,1.0,1.0
2021-11-17,0.9474615409248346,0.9474615409248346,0.029075693799634057,True,0.620910646806394,False,0.13273627167220056,1.0,1.2326002067908348e-06,logistic,logistic,1.0,1.0,1.0,1.0,1.0
2021-11-18,0.9474615409248346,0.9474615409248346,0.03166560110017132,True,0.6219240934328527,False,0.13599188494041892,1.0,1.2326002067908348e-06,logistic,logistic,1.0,1.0,1.0,1.0,1.0
2021-11-19,0.9474615409248346,0.9474615409248346,0.03436921551642955,True,0.621353959540267,False,0.1375669546230375,1.0,1.2326002067908348e-06,logistic,logistic,1.0,1.0,1.0,1.0,1.0
2021-11-22,0.9474615409248346,0.9474615409248346,0.03943332255248473,True,0.621046091056814,False,0.15433767835877577,1.0,3.287019202602437e-06,logistic,logistic,1.0,1.0,1.0,1.0,1.0
2021-11-23,0.9474615409248346,0.9474615409248346,0.04270604421519379,True,0.6211105001365653,False,0.15839531615740443,1.0,1.2326002067908348e-06,logistic,logistic,1.0,1.0,1.0,1.0,1.0
2021-11-24,0.9474615409248346,0.9474615409248346,0.04070374495046735,True,0.6208005767025901,False,0.15303722776924716,1.0,1.3695216203313263e-06,logistic,logistic,1.0,1.0,1.0,1.0,1.0
2021-11-26,0.9474615409248346,0.9474615409248346,0.09623901381740317,True,0.6216018408458112,False,0.22107418276210017,1.0,2.355660808195381e-06,logistic,logistic,1.0,1.0,1.0,1.0,1.0
2021-11-29,0.9474615409248346,0.9474615409248346,0.09270611287721217,True,0.6226108166079065,False,0.19158286180637327,1.0,3.122699172353194e-06,logistic,logistic,1.0,1.0,1.0,1.0,1.0
2021-11-30,0.9474615409248346,0.9474615409248346,0.10918326428538759,True,0.6231279894431121,False,0.2212300831403608,1.0,1.3147538533431202e-06,logistic,logistic,1.0,1.0,1.0,1.0,1.0
2021-12-01,0.9474615409248346,0.9474615409248346,0.12075239356786457,True,0.6227545477225159,False,0.24989060880530045,0.75,1.3695216203313263e-06,logistic,logistic,1.0,1.0,1.0,1.0,1.0
2021-12-02,0.9474615409248346,0.9474615409248346,0.09561169297938533,True,0.6241962465596027,False,0.22553577362586666,0.75,1.1778297104303448e-06,logistic,logistic,1.0,1.0,1.0,1.0,1.0
2021-12-03,0.9474615409248346,0.9474615409248346,0.09310055533631226,True,0.6241941188898326,False,0.23723750309789354,0.75,1.1778297104303448e-06,logistic,logistic,1.0,1.0,1.0,1.0,1.0
2021-12-06,0.9474615409248346,0.9474615409248346,0.08423185663039152,True,0.6256806109367743,False,0.2134727527435167,0.75,3.5334932930730645e-06,logistic,logistic,1.0,1.0,1.0,1.0,1.0
2021-12-07,0.9474615409248346,0.9474615409248346,0.07117292663071041,True,0.6277193054224539,False,0.18467034339775001,0.75,1.5885816682104092e-06,logistic,logistic,1.0,1.0,1.0,1.0,1.0
2021-12-08,0.9474615409248346,0.9474615409248346,0.05911027620401189,True,0.6264214264320938,False,0.1687463973886557,1.0,1.643343976454048e-06,logistic,logistic,1.0,1.0,1.0,1.0,1.0
2021-12-09,0.9474615409248346,0.9474615409248346,0.08175448140300622,True,0.6249834040736008,False,0.18295440097612037,1.0,1.4516711723810971e-06,logistic,logistic,1.0,1.0,1.0,1.0,1.0
2021-12-10,0.9474615409248346,0.9474615409248346,0.05672608179431248,True,0.6266466924734703,False,0.15652975438575167,1.0,1.3695216203313263e-06,logistic,logistic,1.0,1.0,1.0,1.0,1.0
2021-12-13,0.9474615409248346,0.9474615409248346,0.057511247264520074,True,0.6275214242425943,False,0.17021360247050032,0.75,3.5334932930730645e-06,logistic,logistic,1.0,1.0,1.0,1.0,1.0
2021-12-14,0.9474615409248346,0.9474615409248346,0.05764562969577044,True,0.6264765269167022,False,0.17602570553675148,0.75,1.3147538533431202e-06,logistic,logistic,1.0,1.0,1.0,1.0,1.0
2021-12-15,0.9474615409248346,0.9474615409248346,0.062440030877219915,True,0.627143441459571,False,0.16341950526277904,0.75,1.2326002067908348e-06,logistic,logistic,1.0,1.0,1.0,1.0,1.0
2021-12-16,0.9474615409248346,0.9474615409248346,0.05411880160900254,True,0.6273132013122733,False,0.17398108311608754,0.75,9.587368041685806e-07,logistic,logistic,1.0,1.0,1.0,1.0,1.0
2021-12-17,0.9474615409248346,0.9474615409248346,0.04923392391591112,True,0.6263969698985913,False,0.1792206852097751,0.5,8.217948646027651e-07,logistic,logistic,1.0,1.0,1.0,1.0,1.0
2021-12-20,0.9474615409248346,0.9474615409248346,0.04996372122486587,True,0.6260639186478604,False,0.18758179431682395,0.5,3.122699172353194e-06,logistic,logistic,1.0,1.0,1.0,1.0,1.0
2021-12-21,0.9474615409248346,0.9474615409248346,0.05355338668165032,True,0.6264840264371413,False,0.17652423103320034,0.75,1.7802449208126347e-06,logistic,logistic,1.0,1.0,1.0,1.0,1.0
2021-12-22,0.9474615409248346,0.9474615409248346,0.0416971715889284,True,0.6252203481767914,False,0.15684247532575035,0.75,1.7802449208126347e-06,logistic,logistic,1.0,1.0,1.0,1.0,1.0
2021-12-23,0.9474615409248346,0.9474615409248346,0.036219670405689026,True,0.6258735258544291,False,0.14723625151247788,0.75,1.5885816682104092e-06,logistic,logistic,1.0,1.0,1.0,1.0,1.0
2021-12-27,0.9474615409248346,0.9474615409248346,0.03532724187473845,True,0.6252485239297999,False,0.14551276783859773,1.0,4.711327165507484e-06,logistic,logistic,1.0,1.0,1.0,1.0,1.0
2021-12-28,0.9474615409248346,0.9474615409248346,0.042990243292459034,True,0.6260423761764284,False,0.14463378464618573,1.0,1.3695216203313263e-06,logistic,logistic,1.0,1.0,1.0,1.0,1.0
2021-12-29,0.9474615409248346,0.9474615409248346,0.03103173094934003,True,0.6260304085206451,False,0.1407792956063226,1.0,1.2326002067908348e-06,logistic,logistic,1.0,1.0,1.0,1.0,1.0
2021-12-30,0.9474615409248346,0.9474615409248346,0.03284367203214531,True,0.6250211339831659,False,0.142935326708613,1.0,6.848461493458302e-07,logistic,logistic,1.0,1.0,1.0,1.0,1.0
2021-12-31,0.9474615409248346,0.9474615409248346,0.03735676033109566,True,0.6241466472868722,False,0.1419328340031965,1.0,9.039608475092108e-07,logistic,logistic,1.0,1.0,1.0,1.0,1.0
2022-01-03,0.9474615409248346,0.9474615409248346,0.04517522168062774,True,0.621537117590831,False,0.13609376120271888,1.0,4.355019839197283e-06,logistic,logistic,1.0,1.0,1.0,1.0,1.0
2022-01-04,0.9474615409248346,0.9474615409248346,0.0425337550644434,True,0.6198624239078284,False,0.14144366987746265,1.0,2.190906927879155e-06,logistic,logistic,1.0,1.0,1.0,1.0,1.0
2022-01-05,0.9474615409248346,0.9474615409248346,0.051618884045082594,True,0.6217711716913391,False,0.1677395117097163,0.5,2.327780691535608e-06,logistic,logistic,1.0,1.0,1.0,1.0,1.0
2022-01-06,0.9474615409248346,0.9474615409248346,0.048013826370523725,True,0.621012163342599,False,0.1683354226335762,0.5,2.464647635980199e-06,logistic,logistic,1.0,1.0,1.0,1.0,1.0
2022-01-07,0.9474615409248346,0.9474615409248346,0.04117014846839691,True,0.6191553291714017,False,0.1608950323789897,0.5,2.409901594946362e-06,logistic,logistic,1.0,1.0,1.0,1.0,1.0
2022-01-10,0.9474615409248346,0.9474615409248346,0.05051423338980481,True,0.6204546231720903,False,0.1682408643869758,0.5,7.393961131363369e-06,logistic,logistic,1.0,1.0,1.0,1.0,1.0
2022-01-11,0.9474615409248346,0.9474615409248346,0.05381789287987887,True,0.6191289334361619,False,0.16276057620081846,0.5,3.2309760533699716e-06,logistic,logistic,1.0,1.0,1.0,1.0,1.0
2022-01-12,0.9474615409248346,0.9474615409248346,0.04919596850256736,True,0.6189942008213446,False,0.1504939617851536,0.5,3.14887969010691e-06,logistic,logistic,1.0,1.0,1.0,1.0,1.0
2022-01-13,0.9474615409248346,0.9474615409248346,0.06477792665706998,True,0.6206223483580635,False,0.17463446589521767,0.5,3.0120468303973524e-06,logistic,logistic,1.0,1.0,1.0,1.0,1.0
2022-01-14,0.9474615409248346,0.9474615409248346,0.049673464780473214,True,0.61661520048174,False,0.16536702766927147,0.5,3.2309760533699716e-06,logistic,logistic,1.0,1.0,1.0,1.0,1.0
2022-01-18,0.8237307704624173,0.9474615409248346,0.07178053434331623,True,0.6187731173241315,False,0.19508312161947786,0.25,1.4237423915819392e-05,logistic,logistic,1.0,1.0,0.7,1.0,0.7
2022-01-19,0.7618653852312086,0.8237307704624173,0.07111094310541743,True,0.6177125136447238,False,0.20051187526244152,0.25,4.516832970757889e-06,logistic,logistic,1.0,1.0,0.7,1.0,0.7
2022-01-20,0.7618653852312086,0.7618653852312086,0.08332230832734085,True,0.6185437837783309,False,0.2079445917889823,0.0,4.598888262430378e-06,logistic,logistic,1.0,1.0,0.7,1.0,0.7
2022-01-21,0.7618653852312086,0.7618653852312086,0.09437731643116366,True,0.616400110825139,False,0.22724384746948684,0.0,4.325360548396162e-06,logistic,logistic,1.0,1.0,0.7,1.0,0.7
2022-01-24,0.7618653852312086,0.7618653852312086,0.08990457175082749,True,0.6166929789200076,False,0.2335041793463449,0.0,1.2729944052880526e-05,logistic,logistic,1.0,1.0,0.7,1.0,0.7
2022-01-25,0.7618653852312086,0.7618653852312086,0.1180216063848259,True,0.6162980495445916,False,0.23900453387314527,0.0,5.063823455220273e-06,logistic,logistic,1.0,1.0,0.7,1.0,0.7
2022-01-26,0.7618653852312086,0.7618653852312086,0.133450906561216,True,0.616393454780198,False,0.25003560355078447,0.0,4.872389153254275e-06,logistic,logistic,1.0,1.0,0.7,1.0,0.7
2022-01-27,0.7618653852312086,0.7618653852312086,0.12153176640486688,True,0.6166922907866017,False,0.23964858732653746,0.0,5.063823455220273e-06,logistic,logistic,1.0,1.0,0.7,1.0,0.7
2022-01-28,0.7618653852312086,0.7618653852312086,0.12143387249146916,True,0.6216216576876925,False,0.22900410505700083,0.0,4.735641907505084e-06,logistic,logistic,1.0,1.0,0.7,1.0,0.7
2022-01-31,0.7618653852312086,0.7618653852312086,0.11077802049566993,True,0.6238393529654945,False,0.21377938436949404,0.0,1.4206993001586454e-05,logistic,logistic,1.0,1.0,0.7,1.0,0.7
2022-02-01,0.7618653852312086,0.7618653852312086,0.07822573844110174,True,0.6254035976908053,False,0.1910306398790698,0.25,5.5560216700722975e-06,logistic,logistic,1.0,1.0,0.7,1.0,0.7
2022-02-02,0.7618653852312086,0.7618653852312086,0.07984292724903644,True,0.626225941284114,False,0.18937468854009148,0.25,5.063823455220273e-06,logistic,logistic,1.0,1.0,0.7,1.0,0.7
2022-02-03,0.7618653852312086,0.7618653852312086,0.08851724259460497,True,0.6208040284846652,False,0.2120787506827297,0.0,5.282589239818947e-06,logistic,logistic,1.0,1.0,0.7,1.0,0.7
2022-02-04,0.7618653852312086,0.7618653852312086,0.08344074114137874,True,0.6218618866999456,False,0.20120998489152203,0.0,6.102805715446635e-06,logistic,logistic,1.0,1.0,0.7,1.0,0.7
2022-02-07,0.7618653852312086,0.7618653852312086,0.076794387804725,True,0.6188044121290684,False,0.19795768279529202,0.0,1.6668157618582313e-05,logistic,logistic,1.0,1.0,0.7,1.0,0.7
2022-02-08,0.7618653852312086,0.7618653852312086,0.07516861107046889,True,0.6195245596475794,False,0.18883201193396346,0.0,7.523934407283051e-06,logistic,logistic,1.0,1.0,0.7,1.0,0.7
2022-02-09,0.7618653852312086,0.7618653852312086,0.0636859519674236,True,0.6221153678360493,False,0.17887777448030262,0.25,7.387319490792521e-06,logistic,logistic,1.0,1.0,0.7,1.0,0.7
2022-02-10,0.7618653852312086,0.7618653852312086,0.0875769679644986,True,0.6208914193497855,False,0.20494319364888966,0.0,1.0118330327379963e-05,logistic,logistic,1.0,1.0,0.7,1.0,0.7
2022-02-11,0.7618653852312086,0.7618653852312086,0.11088569447498624,True,0.6175245075801553,False,0.23001832225712784,0.0,9.24470200369676e-06,logistic,logistic,1.0,1.0,0.7,1.0,0.7
2022-02-14,0.7618653852312086,0.7618653852312086,0.11546177655460207,True,0.6186650487795362,False,0.23953155319877037,0.0,2.9536345663050412e-05,logistic,logistic,1.0,1.0,0.7,1.0,0.7
2022-02-15,0.7618653852312086,0.7618653852312086,0.08583411508111703,True,0.6184558823894618,False,0.22329964848110248,0.0,1.0937104546471232e-05,logistic,logistic,1.0,1.0,0.7,1.0,0.7
2022-02-16,0.7618653852312086,0.7618653852312086,0.07527683101758721,True,0.6167698408577044,False,0.21439339056738574,0.0,1.0200218486966506e-05,logistic,logistic,1.0,1.0,0.7,1.0,0.7
2022-02-17,0.7618653852312086,0.7618653852312086,0.1016391560713384,True,0.6135774338973928,False,0.23704562324854497,0.0,9.435831888948698e-06,logistic,logistic,1.0,1.0,0.7,1.0,0.7
2022-02-18,0.7618653852312086,0.7618653852312086,0.08906875065551877,True,0.6121396079920356,False,0.23109574149386625,0.0,8.69854298812811e-06,logistic,logistic,1.0,1.0,0.7,1.0,0.7
2022-02-22,0.7618653852312086,0.7618653852312086,0.10425879952663698,True,0.6134386581342006,False,0.24442018722008368,0.0,3.6105496501459555e-05,logistic,logistic,1.0,1.0,0.7,1.0,0.7
2022-02-23,0.7618653852312086,0.7618653852312086,0.09380477051250913,True,0.6093287661258898,False,0.24865922962081985,0.0,9.299312015542682e-06,logistic,logistic,1.0,1.0,0.7,1.0,0.7
2022-02-24,0.7618653852312086,0.7618653852312086,0.1297515028301371,True,0.611513924386191,False,0.25952680318635274,0.0,7.742503981278404e-06,logistic,logistic,1.0,1.0,0.7,1.0,0.7
2022-02-25,0.7618653852312086,0.7618653852312086,0.13097628759486302,True,0.6088776997379587,False,0.24101558645010998,0.25,8.152276188555518e-06,logistic,logistic,1.0,1.0,0.7,1.0,0.7
2022-02-28,0.7618653852312086,0.7618653852312086,0.15169836691913657,True,0.6108209266617545,False,0.26016666154376256,0.0,2.3637489951600088e-05,logistic,logistic,1.0,0.9966032661617268,0.7,1.0,0.7
2022-03-01,0.7618653852312086,0.7618653852312086,0.13942314716511334,True,0.614296002480868,False,0.2744240513810868,0.0,8.561986470922989e-06,logistic,logistic,1.0,1.0,0.7,1.0,0.7
2022-03-02,0.7618653852312086,0.7618653852312086,0.1359620759588776,True,0.6154077248983351,False,0.2516549002161956,0.0,8.88971087231738e-06,logistic,logistic,1.0,1.0,0.7,1.0,0.7
2022-03-03,0.7618653852312086,0.7618653852312086,0.11890844205479399,True,0.6139620533019873,False,0.24737724326893457,0.0,9.162785357563765e-06,logistic,logistic,1.0,1.0,0.7,1.0,0.7
2022-03-04,0.7618653852312086,0.7618653852312086,0.10189807199780868,True,0.6117684380496962,False,0.2512325319629992,0.0,8.343482086781151e-06,logistic,logistic,1.0,1.0,0.7,1.0,0.7
2022-03-07,0.7618653852312086,0.7618653852312086,0.09751190415263034,True,0.610034149845632,False,0.28248376821025983,0.0,2.5030655101954125e-05,logistic,logistic,1.0,1.0,0.7,1.0,0.7
2022-03-08,0.7618653852312086,0.7618653852312086,0.09248716559701359,True,0.6082905173356623,False,0.2749447969072473,0.0,9.845351623072318e-06,logistic,logistic,1.0,1.0,0.7,1.0,0.7
2022-03-09,0.7618653852312086,0.7618653852312086,0.11036153826881265,True,0.6128250648633677,False,0.263356828567609,0.0,1.0118330327379963e-05,logistic,logistic,1.0,1.0,0.7,1.0,0.7
2022-03-10,0.7618653852312086,0.7618653852312086,0.09042018512709149,True,0.6129497328284316,False,0.24886056659037523,0.0,9.845351623072318e-06,logistic,logistic,1.0,1.0,0.7,1.0,0.7
2022-03-11,0.7618653852312086,0.7618653852312086,0.07739415748125347,True,0.6104007742954339,False,0.24920514476938715,0.0,9.981844365736237e-06,logistic,logistic,1.0,1.0,0.7,1.0,0.7
2022-03-14,0.7618653852312086,0.7618653852312086,0.07091877030950489,True,0.6098236860371419,False,0.2512509603593922,0.0,3.1010401343234406e-05,logistic,logistic,1.0,1.0,0.7,1.0,0.7
2022-03-15,0.7618653852312086,0.7618653852312086,0.07746504602015965,True,0.612601604946062,False,0.24209470021456397,0.0,1.2246636110324616e-05,logistic,logistic,1.0,1.0,0.7,1.0,0.7
2022-03-16,0.7618653852312086,0.7618653852312086,0.08554601376884373,True,0.6167621057032934,False,0.2259953500131531,0.0,1.1837474190423691e-05,logistic,logistic,1.0,1.0,0.7,1.0,0.7
2022-03-17,0.7618653852312086,0.7618653852312086,0.08521605844213578,True,0.6178434691670224,False,0.21946858596434998,0.0,9.845351623072318e-06,logistic,logistic,1.0,1.0,0.7,1.0,0.7
2022-03-18,0.7618653852312086,0.7618653852312086,0.0794990244127723,True,0.6153136780868914,False,0.20562553996816577,0.25,1.0473161934365647e-05,logistic,logistic,1.0,1.0,0.7,1.0,0.7
2022-03-21,0.7618653852312086,0.7618653852312086,0.07278893161401953,True,0.6152068946775411,False,0.1994535454626028,0.25,3.7313135891947624e-05,logistic,logistic,1.0,1.0,0.7,1.0,0.7
2022-03-22,0.8809326926156043,0.7618653852312086,0.08079408092664808,True,0.6170164623217687,False,0.19372894074525387,0.5,1.4209762594807884e-05,logistic,logistic,1.0,1.0,1.0,1.0,1.0
2022-03-23,0.9404663463078021,0.8809326926156043,0.07173471095906238,True,0.6142135248254481,False,0.19797055622020382,0.5,1.3119309687503744e-05,logistic,logistic,1.0,1.0,1.0,1.0,1.0
2022-03-24,0.9404663463078021,0.9404663463078021,0.058044202581899386,True,0.6175650963641748,False,0.18387821968503465,0.5,1.320110925995266e-05,logistic,logistic,1.0,1.0,1.0,1.0,1.0
2022-03-25,0.9404663463078021,0.9404663463078021,0.050111647067919436,True,0.6172759353578245,False,0.1785738952612998,0.5,1.4209762594807884e-05,logistic,logistic,1.0,1.0,1.0,1.0,1.0
2022-03-28,0.9404663463078021,0.9404663463078021,0.04650110956168635,True,0.6191406727432744,False,0.16708129234453253,0.5,4.164859736932591e-05,logistic,logistic,1.0,1.0,1.0,1.0,1.0
2022-03-29,0.9404663463078021,0.9404663463078021,0.0439022636153461,True,0.6191489886804354,False,0.16373873476920936,0.75,1.5163554882180463e-05,logistic,logistic,1.0,1.0,1.0,1.0,1.0
2022-03-30,0.9404663463078021,0.9404663463078021,0.047473088466453595,True,0.6194972296920452,False,0.16582628402946786,0.5,1.434603867900286e-05,logistic,logistic,1.0,1.0,1.0,1.0,1.0
2022-03-31,0.9404663463078021,0.9404663463078021,0.05549236193932766,True,0.615805397633432,False,0.1745691839185322,0.5,1.3473754745696452e-05,logistic,logistic,1.0,1.0,1.0,1.0,1.0
2022-04-01,0.9404663463078021,0.9404663463078021,0.04593253076654666,True,0.6132796216182794,False,0.16669442267152654,0.5,1.366459065010872e-05,logistic,logistic,1.0,1.0,1.0,1.0,1.0
2022-04-04,0.9404663463078021,0.9404663463078021,0.04387042514719992,True,0.6133403309079409,False,0.16011258933676514,0.75,4.410162484580482e-05,logistic,logistic,1.0,1.0,1.0,1.0,1.0
2022-04-05,0.9404663463078021,0.9404663463078021,0.052079157471102595,True,0.6134075332864738,False,0.1779763502329195,0.5,1.8240680040193524e-05,logistic,logistic,1.0,1.0,1.0,1.0,1.0
2022-04-06,0.9404663463078021,0.9404663463078021,0.04690660047085925,True,0.6138904692861484,False,0.18566430840055984,0.5,1.8104597012458257e-05,logistic,logistic,1.0,1.0,1.0,1.0,1.0
2022-04-07,0.9404663463078021,0.9404663463078021,0.04733778741520178,True,0.6142718300660853,False,0.18399454698360135,0.5,1.8022944933582252e-05,logistic,logistic,1.0,1.0,1.0,1.0,1.0
2022-04-08,0.820233173153901,0.9404663463078021,0.039532936740829264,True,0.6119340834873808,False,0.17911962434072942,0.25,1.8240680040193524e-05,logistic,logistic,1.0,1.0,0.7,1.0,0.7
2022-04-11,0.7601165865769505,0.820233173153901,0.052417460406249734,True,0.607195009550104,False,0.1970184775204946,0.25,5.570279257605115e-05,logistic,logistic,1.0,1.0,0.7,1.0,0.7
2022-04-12,0.7601165865769505,0.7601165865769505,0.05075067713860401,True,0.6086364548005485,False,0.19566046131634424,0.25,2.0145136619520443e-05,logistic,logistic,1.0,1.0,0.7,1.0,0.7
2022-04-13,0.7601165865769505,0.7601165865769505,0.049278037942480375,True,0.6122231130494383,False,0.18178540091192227,0.25,2.019953119702933e-05,logistic,logistic,1.0,1.0,0.7,1.0,0.7
2022-04-14,0.7601165865769505,0.7601165865769505,0.04669632660310727,True,0.6126622074834236,False,0.18993552449320952,0.0,2.0417095496272353e-05,logistic,logistic,1.0,1.0,0.7,1.0,0.7
2022-04-18,0.7601165865769505,0.7601165865769505,0.0437530760205745,True,0.6135335282527854,False,0.18729375736232648,0.0,8.243234367655283e-05,logistic,logistic,1.0,1.0,0.7,1.0,0.7
2022-04-19,0.7601165865769505,0.7601165865769505,0.0520885150063176,True,0.6136164328728936,False,0.1812123288973031,0.0,2.27276474928928e-05,logistic,logistic,1.0,1.0,0.7,1.0,0.7
2022-04-20,0.7601165865769505,0.7601165865769505,0.04414143853617591,True,0.613945746298589,False,0.1755322751334467,0.0,2.1694935084859424e-05,logistic,logistic,1.0,1.0,0.7,1.0,0.7
2022-04-21,0.7601165865769505,0.7601165865769505,0.04546167482482637,True,0.61167046627213,False,0.1898153689970156,0.0,2.1830840391867667e-05,logistic,logistic,1.0,1.0,0.7,1.0,0.7
2022-04-22,0.7601165865769505,0.7601165865769505,0.05667804304369942,True,0.610969573331164,False,0.2284876111790672,0.0,2.1287177200068896e-05,logistic,logistic,1.0,1.0,0.7,1.0,0.7
2022-04-25,0.7601165865769505,0.7601165865769505,0.05745690260576212,True,0.611004886516879,False,0.22249398479049606,0.0,6.53308569662503e-05,logistic,logistic,1.0,1.0,0.7,1.0,0.7
2022-04-26,0.7601165865769505,0.7601165865769505,0.06521324268214584,True,0.6098177790456403,False,0.26613324362191776,0.0,2.27276474928928e-05,logistic,logistic,1.0,1.0,0.7,1.0,0.7
2022-04-27,0.7601165865769505,0.7601165865769505,0.0546193123530333,True,0.6119542404372724,False,0.25423746647507306,0.0,2.2048275548414153e-05,logistic,logistic,1.0,1.0,0.7,1.0,0.7
2022-04-28,0.7601165865769505,0.7601165865769505,0.07052365625603847,True,0.614777843552082,False,0.24850259983539408,0.0,2.1423104299866935e-05,logistic,logistic,1.0,1.0,0.7,1.0,0.7
2022-04-29,0.7601165865769505,0.7601165865769505,0.07282204767568826,True,0.6113572148896919,False,0.27741822698516677,0.0,2.2048275548414153e-05,logistic,logistic,1.0,1.0,0.7,1.0,0.7
2022-05-02,0.7601165865769505,0.7601165865769505,0.07144453151221662,True,0.6109544466398884,False,0.2677481289131643,0.0,6.263938907480338e-05,logistic,logistic,1.0,1.0,0.7,1.0,0.7
2022-05-03,0.7601165865769505,0.7601165865769505,0.060535909209219044,True,0.6120197555308302,False,0.24608894973568182,0.0,2.44117662930865e-05,logistic,logistic,1.0,1.0,0.7,1.0,0.7
2022-05-04,0.7601165865769505,0.7601165865769505,0.0636014367569244,True,0.6133953363741688,False,0.21937838550468342,0.0,2.27276474928928e-05,logistic,logistic,1.0,1.0,0.7,1.0,0.7
2022-05-05,0.7601165865769505,0.7601165865769505,0.06202230611552088,True,0.6084521964657098,False,0.2588935362354484,0.0,2.1912379377209135e-05,logistic,logistic,1.0,1.0,0.7,1.0,0.7
2022-05-06,0.7601165865769505,0.7601165865769505,0.05325407082580835,True,0.6081934581502251,False,0.2482717873470568,0.0,2.2238515979822185e-05,logistic,logistic,1.0,1.0,0.7,1.0,0.7
2022-05-09,0.7601165865769505,0.7601165865769505,0.056572101725228176,True,0.6041494523634182,False,0.2820628643472398,0.0,6.549395094279653e-05,logistic,logistic,1.0,1.0,0.7,1.0,0.7
2022-05-10,0.7601165865769505,0.7601165865769505,0.05521168207043383,True,0.6035401194738513,False,0.2712064719332841,0.0,2.395009541467097e-05,logistic,logistic,1.0,1.0,0.7,1.0,0.7
2022-05-11,0.7601165865769505,0.7601165865769505,0.040906872892076555,True,0.6015952128767774,False,0.26193969888607627,0.0,2.4085889211100664e-05,logistic,logistic,1.0,1.0,0.7,1.0,0.7
2022-05-12,0.7601165865769505,0.7601165865769505,0.039718359203572244,True,0.6031157566923112,False,0.2553418311389498,0.0,2.4683301542927083e-05,logistic,logistic,1.0,1.0,0.7,1.0,0.7
2022-05-13,0.7601165865769505,0.7601165865769505,0.04803106907547778,True,0.6048311666650369,False,0.2435544869425,0.0,2.571489306801844e-05,logistic,logistic,1.0,1.0,0.7,1.0,0.7
2022-05-16,0.7601165865769505,0.7601165865769505,0.04022454071880685,True,0.6040922697619796,False,0.2327354716525827,0.0,8.015903419300585e-05,logistic,logistic,1.0,1.0,0.7,1.0,0.7
2022-05-17,0.7601165865769505,0.7601165865769505,0.04408827619132571,True,0.6063906634649178,False,0.22501654967985366,0.0,2.8292174447885895e-05,logistic,logistic,1.0,1.0,0.7,1.0,0.7
2022-05-18,0.7601165865769505,0.7601165865769505,0.037615395132097516,True,0.601496076196649,False,0.2558241451738825,0.0,2.7342931592233555e-05,logistic,logistic,1.0,1.0,0.7,1.0,0.7
2022-05-19,0.7601165865769505,0.7601165865769505,0.03662139857244063,True,0.5993374060400487,False,0.2522702222212557,0.0,2.7261552008939205e-05,logistic,logistic,1.0,1.0,0.7,1.0,0.7
2022-05-20,0.7601165865769505,0.7601165865769505,0.03427701949662331,True,0.5995717026346922,False,0.24719070069922627,0.0,2.666469850498565e-05,logistic,logistic,1.0,1.0,0.7,1.0,0.7
2022-05-23,0.7601165865769505,0.7601165865769505,0.03756714046757998,True,0.6036774602918135,False,0.24187651574088267,0.0,8.121717108089399e-05,logistic,logistic,1.0,1.0,0.7,1.0,0.7
2022-05-24,0.7601165865769505,0.7601165865769505,0.03427922028569924,True,0.6018041225562699,False,0.2469152130504447,0.0,2.8427753800297495e-05,logistic,logistic,1.0,1.0,0.7,1.0,0.7
2022-05-25,0.7601165865769505,0.7601165865769505,0.03291105852459789,True,0.6015014833250634,False,0.23441919838926836,0.0,2.8481983021633184e-05,logistic,logistic,1.0,1.0,0.7,1.0,0.7
2022-05-26,0.7601165865769505,0.7601165865769505,0.03614561384298304,True,0.6066101023874116,False,0.23000080706438694,0.0,2.8020995668676107e-05,logistic,logistic,1.0,1.0,0.7,1.0,0.7
2022-05-27,0.7601165865769505,0.7601165865769505,0.03927462436328039,True,0.6053537908507797,False,0.21878431183820252,0.0,2.793963616865014e-05,logistic,logistic,1.0,1.0,0.7,1.0,0.7
2022-05-31,0.7601165865769505,0.7601165865769505,0.04162095697245011,True,0.6085497454781441,False,0.2267704180191552,0.0,0.0001123056610781,logistic,logistic,1.0,1.0,0.7,1.0,0.7
2022-06-01,0.7601165865769505,0.7601165865769505,0.03671206415474154,True,0.6072923404837188,False,0.2187200777617763,0.0,3.0054187595940363e-05,logistic,logistic,1.0,1.0,0.7,1.0,0.7
2022-06-02,0.7601165865769505,0.7601165865769505,0.04033178164474008,True,0.6097892217313533,False,0.21164424539517987,0.0,3.0325165770506143e-05,logistic,logistic,1.0,1.0,0.7,1.0,0.7
2022-06-03,0.7601165865769505,0.7601165865769505,0.03379375858607316,True,0.6047974867500479,False,0.21371877568300487,0.0,3.09212230447109e-05,logistic,logistic,1.0,1.0,0.7,1.0,0.7
2022-06-06,0.7601165865769505,0.7601165865769505,0.03625408360969851,True,0.6023892426132478,False,0.2154477168424362,0.0,9.479820937086104e-05,logistic,logistic,1.0,1.0,0.7,1.0,0.7
2022-06-07,0.7601165865769505,0.7601165865769505,0.03637504717551326,True,0.5999786251994197,False,0.2066343195016551,0.25,3.33582992952941e-05,logistic,logistic,1.0,1.0,0.7,1.0,0.7
2022-06-08,0.7601165865769505,0.7601165865769505,0.031393963564162325,True,0.6001915456900814,False,0.2059060456978073,0.25,3.3574824067406084e-05,logistic,logistic,1.0,1.0,0.7,1.0,0.7
2022-06-09,0.7601165865769505,0.7601165865769505,0.03121894197284692,True,0.5962595257500023,False,0.21740042567754228,0.25,3.371014298148012e-05,logistic,logistic,1.0,1.0,0.7,1.0,0.7
2022-06-10,0.7601165865769505,0.7601165865769505,0.024818660002392454,True,0.5959257890028189,False,0.2279731731072268,0.0,3.5062965670684676e-05,logistic,logistic,1.0,1.0,0.7,1.0,0.7
2022-06-13,0.7601165865769505,0.7601165865769505,0.026088463042881083,True,0.5978673990234548,False,0.2709509830565455,0.0,0.0001222176716952,logistic,logistic,1.0,1.0,0.7,1.0,0.7
2022-06-14,0.7601165865769505,0.7601165865769505,0.023793824819168884,True,0.5974795037844853,False,0.2632813698870457,0.0,4.734314859455857e-05,logistic,logistic,1.0,1.0,0.7,1.0,0.7
2022-06-15,0.7601165865769505,0.7601165865769505,0.02644684057660042,True,0.6011449704237714,False,0.24961760939480757,0.0,4.6050244294049136e-05,logistic,logistic,1.0,1.0,0.7,1.0,0.7
2022-06-16,0.7601165865769505,0.7601165865769505,0.024394326092557456,True,0.5984924574115734,False,0.26964433835492985,0.0,4.033262477975974e-05,logistic,logistic,1.0,1.0,0.7,1.0,0.7
2022-06-17,0.7601165865769505,0.7601165865769505,0.023000533628691026,True,0.5992123658411573,False,0.25814748614085764,0.0,4.106147235338753e-05,logistic,logistic,1.0,1.0,0.7,1.0,0.7
2022-06-21,0.7601165865769505,0.7601165865769505,0.028493297234385782,True,0.6033625009615455,False,0.2518599352818312,0.0,0.000161880271073,logistic,logistic,1.0,1.0,0.7,1.0,0.7
2022-06-22,0.7601165865769505,0.7601165865769505,0.02611370748395015,True,0.6027541707747612,False,0.24634975023789404,0.0,4.2005987910043174e-05,logistic,logistic,1.0,1.0,0.7,1.0,0.7
2022-06-23,0.7601165865769505,0.7601165865769505,0.027554317495107547,True,0.6023121169682594,False,0.24506007615764397,0.0,4.241068091026534e-05,logistic,logistic,1.0,1.0,0.7,1.0,0.7
2022-06-24,0.7601165865769505,0.7601165865769505,0.028864442760554616,True,0.6068373561133115,False,0.222552162331737,0.25,4.343564031739078e-05,logistic,logistic,1.0,1.0,0.7,1.0,0.7
2022-06-27,0.7601165865769505,0.7601165865769505,0.029808248179158135,True,0.6083079316236729,False,0.22897089714904034,0.0,0.0001331439291258,logistic,logistic,1.0,1.0,0.7,1.0,0.7
2022-06-28,0.7601165865769505,0.7601165865769505,0.02789114452181824,True,0.606375804798873,False,0.24273866613977224,0.0,4.72084995148947e-05,logistic,logistic,1.0,1.0,0.7,1.0,0.7
2022-06-29,0.7601165865769505,0.7601165865769505,0.0273112238615403,True,0.6070136065123566,False,0.24395477563303267,0.0,4.6319649402049023e-05,logistic,logistic,1.0,1.0,0.7,1.0,0.7
2022-06-30,0.7601165865769505,0.7601165865769505,0.024301636450914467,True,0.6060437051741719,False,0.2433145375763453,0.0,4.348957411237642e-05,logistic,logistic,1.0,1.0,0.7,1.0,0.7
2022-07-01,0.7601165865769505,0.7601165865769505,0.01916791492548392,True,0.6080312350893884,False,0.22020184329660522,0.0,4.357047442749007e-05,logistic,logistic,1.0,1.0,0.7,1.0,0.7
2022-07-05,0.7601165865769505,0.7601165865769505,0.02313321990113252,True,0.6084543715353684,False,0.23039044108183296,0.0,0.0001772056290867,logistic,logistic,1.0,1.0,0.7,1.0,0.7
2022-07-06,0.7601165865769505,0.7601165865769505,0.022008874950750316,True,0.6098905849946065,False,0.21728310976819945,0.0,4.9954038315647153e-05,logistic,logistic,1.0,1.0,0.7,1.0,0.7
2022-07-07,0.7601165865769505,0.7601165865769505,0.023511167208070612,True,0.6116587646812899,False,0.21454840329036676,0.0,5.030376319736796e-05,logistic,logistic,1.0,1.0,0.7,1.0,0.7
2022-07-08,0.7601165865769505,0.7601165865769505,0.019006065464939305,True,0.610726498016948,False,0.19880783791464304,0.0,5.0034748502403303e-05,logistic,logistic,1.0,1.0,0.7,1.0,0.7
2022-07-11,0.7601165865769505,0.7601165865769505,0.019433076258619158,True,0.6089635578236994,False,0.21761417670669028,0.0,0.0001589858119153,logistic,logistic,1.0,1.0,0.7,1.0,0.7
2022-07-12,0.7601165865769505,0.7601165865769505,0.020742390006123237,True,0.6074088819435665,False,0.22598854665363655,0.0,5.728891877265774e-05,logistic,logistic,1.0,1.0,0.7,1.0,0.7
2022-07-13,0.7601165865769505,0.7601165865769505,0.02008534995758047,True,0.6011939843925441,False,0.2213389435913156,0.25,6.291784276890589e-05,logistic,logistic,1.0,1.0,0.7,1.0,0.7
2022-07-14,0.7601165865769505,0.7601165865769505,0.018318371482768405,True,0.6009828482718395,False,0.2097237918501461,0.25,6.157866995382122e-05,logistic,logistic,1.0,1.0,0.7,1.0,0.7
2022-07-15,0.7601165865769505,0.7601165865769505,0.01720445597993718,True,0.604241600689824,False,0.1991371906264183,0.25,6.069445754475211e-05,logistic,logistic,1.0,1.0,0.7,1.0,0.7
2022-07-18,0.7601165865769505,0.7601165865769505,0.018508482042686382,True,0.6003467242585968,False,0.2017544011548955,0.25,0.0001837023800146,logistic,logistic,1.0,1.0,0.7,1.0,0.7
2022-07-19,0.8800582932884753,0.7601165865769505,0.021240111851517557,True,0.6039251425427331,False,0.2005071935911069,0.5,6.631641571908098e-05,logistic,logistic,1.0,1.0,1.0,1.0,1.0
2022-07-20,0.9400291466442376,0.8800582932884753,0.02318827217943753,True,0.6039285087544978,False,0.19658015215461477,0.5,6.439018252057949e-05,logistic,logistic,1.0,1.0,1.0,1.0,1.0
2022-07-21,0.9400291466442376,0.9400291466442376,0.023446683307464782,True,0.605155218531961,False,0.19040544933674936,0.5,6.390840994208169e-05,logistic,logistic,1.0,1.0,1.0,1.0,1.0
2022-07-22,0.9400291466442376,0.9400291466442376,0.022274697169035282,True,0.603084137237567,False,0.19528175090558517,0.5,6.377457348660798e-05,logistic,logistic,1.0,1.0,1.0,1.0,1.0
2022-07-25,0.9400291466442376,0.9400291466442376,0.02269115412971572,True,0.6041709603187442,False,0.1993891316228137,0.5,0.0001943873604191,logistic,logistic,1.0,1.0,1.0,1.0,1.0
2022-07-26,0.9400291466442376,0.9400291466442376,0.023200112326527602,True,0.6026764748127657,False,0.20873322063581817,0.5,6.698492687395863e-05,logistic,logistic,1.0,1.0,1.0,1.0,1.0
2022-07-27,0.9400291466442376,0.9400291466442376,0.03182791192365449,True,0.6040046732490357,False,0.2048615129164807,0.5,6.452398899181588e-05,logistic,logistic,1.0,1.0,1.0,1.0,1.0
2022-07-28,0.9400291466442376,0.9400291466442376,0.03463836989373222,True,0.6048484047821068,False,0.2011058317722697,0.5,6.251616265129378e-05,logistic,logistic,1.0,1.0,1.0,1.0,1.0
2022-07-29,0.9400291466442376,0.9400291466442376,0.034459127923680985,True,0.6063704863727785,False,0.19112078110136493,0.5,6.224834114809674e-05,logistic,logistic,1.0,1.0,1.0,1.0,1.0
2022-08-01,0.9400291466442376,0.9400291466442376,0.03847857205210245,True,0.6056651505587811,False,0.20393352541329668,0.5,0.0001841043297898,logistic,logistic,1.0,1.0,1.0,1.0,1.0
2022-08-02,0.9400291466442376,0.9400291466442376,0.040722408528378225,True,0.6057023386079549,False,0.20745003799295836,0.75,6.666406411515169e-05,logistic,logistic,1.0,1.0,1.0,1.0,1.0
2022-08-03,0.9400291466442376,0.9400291466442376,0.04005044128466923,True,0.6063653805871594,False,0.1871228734080032,0.75,6.572798596038432e-05,logistic,logistic,1.0,1.0,1.0,1.0,1.0
2022-08-04,0.9400291466442376,0.9400291466442376,0.0365310191580028,True,0.6065488960437244,False,0.1826777633603545,0.75,6.439018252057949e-05,logistic,logistic,1.0,1.0,1.0,1.0,1.0
2022-08-05,0.9400291466442376,0.9400291466442376,0.032963567998309316,True,0.6058077108639311,False,0.18079039133000996,0.75,6.524645431316145e-05,logistic,logistic,1.0,1.0,1.0,1.0,1.0
2022-08-08,0.9400291466442376,0.9400291466442376,0.03200743909643992,True,0.6026846758690483,False,0.18083679747651,0.75,0.0001997648234473,logistic,logistic,1.0,1.0,1.0,1.0,1.0
2022-08-09,0.9400291466442376,0.9400291466442376,0.03164008740169678,True,0.603120312196212,False,0.1854813037536174,0.75,6.952380209312992e-05,logistic,logistic,1.0,1.0,1.0,1.0,1.0
2022-08-10,0.9400291466442376,0.9400291466442376,0.031683799132760156,True,0.6059432251493991,False,0.16988918835969305,0.75,6.858870430792585e-05,logistic,logistic,1.0,1.0,1.0,1.0,1.0
2022-08-11,0.9400291466442376,0.9400291466442376,0.031875097207304644,True,0.6056465357728044,False,0.17473459814223802,0.75,6.738596060151814e-05,logistic,logistic,1.0,1.0,1.0,1.0,1.0
2022-08-12,0.9400291466442376,0.9400291466442376,0.028478051627752684,True,0.6080588652347291,False,0.16970383362473057,0.75,6.765328177826824e-05,logistic,logistic,1.0,1.0,1.0,1.0,1.0
2022-08-15,0.9400291466442376,0.9400291466442376,0.033416879019900744,True,0.6078083496746233,False,0.17415536624383002,0.75,0.0002040161558205,logistic,logistic,1.0,1.0,1.0,1.0,1.0
2022-08-16,0.9400291466442376,0.9400291466442376,0.023623782401505318,True,0.609264227831719,False,0.1697818679684182,0.75,7.027165760731258e-05,logistic,logistic,1.0,1.0,1.0,1.0,1.0
2022-08-17,0.9400291466442376,0.9400291466442376,0.02978746013768139,True,0.6096628416113248,False,0.16820134971750453,0.75,6.947038014626372e-05,logistic,logistic,1.0,1.0,1.0,1.0,1.0
2022-08-18,0.9400291466442376,0.9400291466442376,0.023856926421214997,True,0.610322694091048,False,0.16567649145478486,0.75,6.939023890883966e-05,logistic,logistic,1.0,1.0,1.0,1.0,1.0
2022-08-19,0.9400291466442376,0.9400291466442376,0.02657447710880935,True,0.6066724303705027,False,0.1704279606941749,0.75,6.979091535286308e-05,logistic,logistic,1.0,1.0,1.0,1.0,1.0
2022-08-22,0.9400291466442376,0.9400291466442376,0.03167651535633179,True,0.604379567060441,False,0.19716861029430943,0.75,0.0002148351857451,logistic,logistic,1.0,1.0,1.0,1.0,1.0
2022-08-23,0.9400291466442376,0.9400291466442376,0.03349797243091242,True,0.6042926255990899,False,0.2031498420256875,0.75,7.30742930381556e-05,logistic,logistic,1.0,1.0,1.0,1.0,1.0
2022-08-24,0.9400291466442376,0.9400291466442376,0.031980084915121096,True,0.6078899177664151,False,0.19394807682128173,0.75,7.334106135070684e-05,logistic,logistic,1.0,1.0,1.0,1.0,1.0
2022-08-25,0.9400291466442376,0.9400291466442376,0.033877255795954,True,0.6085913772516077,False,0.18924594234137945,0.75,7.379450740874205e-05,logistic,logistic,1.0,1.0,1.0,1.0,1.0
2022-08-26,0.9400291466442376,0.9400291466442376,0.036055345290734994,True,0.6076331839715494,False,0.2227706570152721,0.5,7.446120803922263e-05,logistic,logistic,1.0,1.0,1.0,1.0,1.0
2022-08-29,0.8200145733221188,0.9400291466442376,0.037475101706509584,True,0.608679459269074,False,0.22862025969626767,0.25,0.0002268397999041,logistic,logistic,1.0,1.0,0.7,1.0,0.7
2022-08-30,0.7600072866610594,0.8200145733221188,0.033681583676047816,True,0.6077834923318475,False,0.2278649440820902,0.0,7.760583540283861e-05,logistic,logistic,1.0,1.0,0.7,1.0,0.7
2022-08-31,0.7600072866610594,0.7600072866610594,0.03107244731815768,True,0.6083489546255326,False,0.2244901743692344,0.0,7.725956885673568e-05,logistic,logistic,1.0,1.0,0.7,1.0,0.7
2022-09-01,0.7600072866610594,0.7600072866610594,0.029896695232530097,True,0.6104647431794293,False,0.22010633180691025,0.0,7.733948088306519e-05,logistic,logistic,1.0,1.0,0.7,1.0,0.7
2022-09-02,0.7600072866610594,0.7600072866610594,0.02686751351740147,True,0.6087694715299881,False,0.20199816869867226,0.0,7.619386148149943e-05,logistic,logistic,1.0,1.0,0.7,1.0,0.7
2022-09-06,0.7600072866610594,0.7600072866610594,0.028253900621867546,True,0.6087746411424179,False,0.2107956293865766,0.0,0.0003074753673861,logistic,logistic,1.0,1.0,0.7,1.0,0.7
2022-09-07,0.7600072866610594,0.7600072866610594,0.029009832000706153,True,0.6087817062044688,False,0.20688974091584025,0.25,7.920342683553905e-05,logistic,logistic,1.0,1.0,0.7,1.0,0.7
2022-09-08,0.7600072866610594,0.7600072866610594,0.027937575718620405,True,0.6095807725275023,False,0.19865577607353097,0.25,7.965590646974441e-05,logistic,logistic,1.0,1.0,0.7,1.0,0.7
2022-09-09,0.8800036433305297,0.7600072866610594,0.029371453590683647,True,0.6114941132324117,False,0.19419759981292894,0.5,8.013491947811424e-05,logistic,logistic,1.0,1.0,1.0,1.0,1.0
2022-09-12,0.9400018216652648,0.8800036433305297,0.03639887943624726,True,0.6156074346111178,False,0.20126702115294284,0.5,0.0002425794691174,logistic,logistic,1.0,1.0,1.0,1.0,1.0
2022-09-13,0.8200009108326324,0.9400018216652648,0.035541489959591804,True,0.6091141823426269,False,0.239435698306978,0.25,8.505331023211937e-05,logistic,logistic,1.0,1.0,0.7,1.0,0.7
2022-09-14,0.7600004554163162,0.8200009108326324,0.032216583065884125,True,0.6091118582684496,False,0.23022544955984425,0.25,8.438917524045131e-05,logistic,logistic,1.0,1.0,0.7,1.0,0.7
2022-09-15,0.7600004554163162,0.7600004554163162,0.02913478046606344,True,0.607180835459476,False,0.2303042239399324,0.25,8.351227471226075e-05,logistic,logistic,1.0,1.0,0.7,1.0,0.7
2022-09-16,0.7600004554163162,0.7600004554163162,0.025749752375865992,True,0.6069938835521219,False,0.22894838734041267,0.25,8.284776706468655e-05,logistic,logistic,1.0,1.0,0.7,1.0,0.7
2022-09-19,0.7600004554163162,0.7600004554163162,0.027938627662316064,True,0.6074047254192575,False,0.2261143832679663,0.25,0.0002457717134589,logistic,logistic,1.0,1.0,0.7,1.0,0.7
2022-09-20,0.7600004554163162,0.7600004554163162,0.028012318129124313,True,0.6074919361099742,False,0.22300694344036404,0.0,8.744285643835781e-05,logistic,logistic,1.0,1.0,0.7,1.0,0.7
2022-09-21,0.7600004554163162,0.7600004554163162,0.02522143060023594,True,0.6053688608037997,False,0.2255279225004943,0.0,8.603593017708633e-05,logistic,logistic,1.0,1.0,0.7,1.0,0.7
2022-09-22,0.7600004554163162,0.7600004554163162,0.022838978113628946,True,0.6050013890704635,False,0.22109155782206213,0.0,8.444231422832793e-05,logistic,logistic,1.0,1.0,0.7,1.0,0.7
2022-09-23,0.7600004554163162,0.7600004554163162,0.021819848720530284,True,0.6046890512114027,False,0.23619820794370533,0.0,8.385775416996921e-05,logistic,logistic,1.0,1.0,0.7,1.0,0.7
2022-09-26,0.7600004554163162,0.7600004554163162,0.024870971771690988,True,0.6036912862091194,False,0.24231916090204902,0.0,0.000256137963859,logistic,logistic,1.0,1.0,0.7,1.0,0.7
2022-09-27,0.7600004554163162,0.7600004554163162,0.02590916599847326,True,0.6032570333166191,False,0.2506235310297452,0.0,8.762862232258861e-05,logistic,logistic,1.0,1.0,0.7,1.0,0.7
2022-09-28,0.7600004554163162,0.7600004554163162,0.02679386917893919,True,0.6059128775704552,False,0.241504883628733,0.0,8.709782751936679e-05,logistic,logistic,1.0,1.0,0.7,1.0,0.7
2022-09-29,0.7600004554163162,0.7600004554163162,0.025322533899002252,True,0.6040898641651978,False,0.2569072141166563,0.0,8.677929887701552e-05,logistic,logistic,1.0,1.0,0.7,1.0,0.7
2022-09-30,0.7600004554163162,0.7600004554163162,0.022619172025415878,True,0.6012943057901659,False,0.25416267371038087,0.0,8.577039170098999e-05,logistic,logistic,1.0,1.0,0.7,1.0,0.7
2022-10-03,0.7600004554163162,0.7600004554163162,0.023119315389439753,True,0.6041302150914404,False,0.24880292400129553,0.0,0.0002549425289299,logistic,logistic,1.0,1.0,0.7,1.0,0.7
2022-10-04,0.7600004554163162,0.7600004554163162,0.029756220805914876,True,0.6066121671352168,False,0.24740530214998488,0.0,8.935300073154018e-05,logistic,logistic,1.0,1.0,0.7,1.0,0.7
2022-10-05,0.7600004554163162,0.7600004554163162,0.02791481291465888,True,0.6066267689225023,False,0.24483636124771893,0.0,8.87694846556375e-05,logistic,logistic,1.0,1.0,0.7,1.0,0.7
2022-10-06,0.7600004554163162,0.7600004554163162,0.02884292596836597,True,0.6062004915133654,False,0.2527893781352812,0.0,8.863685381776953e-05,logistic,logistic,1.0,1.0,0.7,1.0,0.7
2022-10-07,0.7600004554163162,0.7600004554163162,0.02243821966900024,True,0.604287705273388,False,0.257257988213829,0.0,8.87694846556375e-05,logistic,logistic,1.0,1.0,0.7,1.0,0.7
2022-10-10,0.7600004554163162,0.7600004554163162,0.022471487904238023,True,0.6044215289120041,False,0.26439250996131825,0.0,0.0002656953369999,logistic,logistic,1.0,1.0,0.7,1.0,0.7
2022-10-11,0.7600004554163162,0.7600004554163162,0.021737286975151135,True,0.6027134514011965,False,0.26103788857779575,0.0,9.001593075352865e-05,logistic,logistic,1.0,1.0,0.7,1.0,0.7
2022-10-12,0.7600004554163162,0.7600004554163162,0.022382222804859558,True,0.6042055449842425,False,0.2647779680599745,0.0,9.512840497993837e-05,logistic,logistic,1.0,1.0,0.7,1.0,0.7
2022-10-13,0.7600004554163162,0.7600004554163162,0.027628042737735947,True,0.6075428204493281,False,0.26080791872742093,0.0,9.645132832081238e-05,logistic,logistic,1.0,1.0,0.7,1.0,0.7
2022-10-14,0.7600004554163162,0.7600004554163162,0.02187311170155899,True,0.6057421212552865,False,0.2555165224506803,0.0,9.764141810220116e-05,logistic,logistic,1.0,1.0,0.7,1.0,0.7
2022-10-17,0.7600004554163162,0.7600004554163162,0.02773984325032871,True,0.6095961997276037,False,0.2588111830495933,0.0,0.0002977117357025,logistic,logistic,1.0,1.0,0.7,1.0,0.7
2022-10-18,0.7600004554163162,0.7600004554163162,0.028493691484742328,True,0.6112378267608731,False,0.25415533535702,0.0,0.000103056413401,logistic,logistic,1.0,1.0,0.7,1.0,0.7
2022-10-19,0.7600004554163162,0.7600004554163162,0.02670203278778247,True,0.6107845254718732,False,0.25516762598168363,0.0,0.0001046392723635,logistic,logistic,1.0,1.0,0.7,1.0,0.7
2022-10-20,0.7600004554163162,0.7600004554163162,0.02465004456154732,True,0.6090384534236282,False,0.24830448860642085,0.0,0.0001045601567284,logistic,logistic,1.0,1.0,0.7,1.0,0.7
2022-10-21,0.7600004554163162,0.7600004554163162,0.028235287811696572,True,0.6105747452399252,False,0.2414125624852177,0.0,0.0001044282796966,logistic,logistic,1.0,1.0,0.7,1.0,0.7
2022-10-24,0.7600004554163162,0.7600004554163162,0.030300762459348936,True,0.6122124812317882,False,0.2390678756800071,0.25,0.0003155332684492,logistic,logistic,1.0,1.0,0.7,1.0,0.7
2022-10-25,0.7600004554163162,0.7600004554163162,0.030997912977500663,True,0.6141093984927349,False,0.23224977717974934,0.25,0.0001065375027287,logistic,logistic,1.0,1.0,0.7,1.0,0.7
2022-10-26,0.7600004554163162,0.7600004554163162,0.026440728287603348,True,0.6127828956412109,False,0.22990055611196777,0.0,0.0001056149200262,logistic,logistic,1.0,1.0,0.7,1.0,0.7
2022-10-27,0.7600004554163162,0.7600004554163162,0.02469725080991722,True,0.610307434576835,False,0.2341622036723409,0.25,0.0001056149200262,logistic,logistic,1.0,1.0,0.7,1.0,0.7
2022-10-28,0.7600004554163162,0.7600004554163162,0.028903187878905303,True,0.6127756000141293,False,0.22547389437046617,0.25,0.0001066692785629,logistic,logistic,1.0,1.0,0.7,1.0,0.7
2022-10-31,0.7600004554163162,0.7600004554163162,0.027207329744019577,True,0.6122765005052401,False,0.2277463924859649,0.25,0.0003204373459884,logistic,logistic,1.0,1.0,0.7,1.0,0.7
2022-11-01,0.7600004554163162,0.7600004554163162,0.026015193137712892,True,0.6128346525247215,False,0.2260648962801157,0.0,0.0001087767888745,logistic,logistic,1.0,1.0,0.7,1.0,0.7
2022-11-02,0.7600004554163162,0.7600004554163162,0.01861334943521105,True,0.6101471816638746,False,0.2247010325137807,0.0,0.0001081183643627,logistic,logistic,1.0,1.0,0.7,1.0,0.7
2022-11-03,0.7600004554163162,0.7600004554163162,0.015816057509010183,True,0.6094458284949988,False,0.22220868078783806,0.0,0.0001081183643627,logistic,logistic,1.0,1.0,0.7,1.0,0.7
2022-11-04,0.7600004554163162,0.7600004554163162,0.015114089917308863,True,0.6065059399991318,False,0.2109377126609341,0.0,0.0001078022635381,logistic,logistic,1.0,1.0,0.7,1.0,0.7
2022-11-07,0.7600004554163162,0.7600004554163162,0.015689132626569815,True,0.6070182109182205,False,0.21161654542905373,0.25,0.0003210699316908,logistic,logistic,1.0,1.0,0.7,1.0,0.7
2022-11-08,0.7600004554163162,0.7600004554163162,0.017828860166186216,True,0.607055746386733,False,0.22077414270569182,0.25,0.0001098299349895,logistic,logistic,1.0,1.0,0.7,1.0,0.7
2022-11-09,0.7600004554163162,0.7600004554163162,0.014347818011125993,True,0.6050279322642256,False,0.21882877066445042,0.25,0.0001099088990292,logistic,logistic,1.0,1.0,0.7,1.0,0.7
2022-11-10,0.8800002277081581,0.7600004554163162,0.016969969642272684,True,0.6108331335675281,False,0.21116517777581323,0.5,0.0001089084447998,logistic,logistic,1.0,1.0,1.0,1.0,1.0
2022-11-11,0.940000113854079,0.8800002277081581,0.016509165121819946,True,0.6093842607076287,False,0.20238248358764674,0.5,0.0001091191062696,logistic,logistic,1.0,1.0,1.0,1.0,1.0
2022-11-14,0.940000113854079,0.940000113854079,0.02220363250900483,True,0.6095822506637844,False,0.21530315323252566,0.5,0.0003277880458605,logistic,logistic,1.0,1.0,1.0,1.0,1.0
2022-11-15,0.940000113854079,0.940000113854079,0.021902075384397635,True,0.609102542306093,False,0.22177630928484893,0.5,0.000110882677585,logistic,logistic,1.0,1.0,1.0,1.0,1.0
2022-11-16,0.940000113854079,0.940000113854079,0.02406731002902812,True,0.6090395281088018,False,0.2195384041779402,0.5,0.0001107511036806,logistic,logistic,1.0,1.0,1.0,1.0,1.0
2022-11-17,0.940000113854079,0.940000113854079,0.020436364679168102,True,0.6083409475811835,False,0.20704676053556803,0.5,0.00011043530562,logistic,logistic,1.0,1.0,1.0,1.0,1.0
2022-11-18,0.940000113854079,0.940000113854079,0.018504892969196222,True,0.6089993065228289,False,0.19920238530082893,0.5,0.0001110142451892,logistic,logistic,1.0,1.0,1.0,1.0,1.0
2022-11-21,0.940000113854079,0.940000113854079,0.016623543696355752,True,0.607167632040828,False,0.19126505036888725,0.5,0.0003301578678864,logistic,logistic,1.0,1.0,1.0,1.0,1.0
2022-11-22,0.940000113854079,0.940000113854079,0.013500776421928203,True,0.6093316959474201,False,0.184428198590221,0.5,0.0001126714122883,logistic,logistic,1.0,1.0,1.0,1.0,1.0
2022-11-23,0.940000113854079,0.940000113854079,0.012401052659429783,True,0.6092020976343858,False,0.17520229838403478,0.5,0.0001127240008198,logistic,logistic,1.0,1.0,1.0,1.0,1.0
2022-11-25,0.940000113854079,0.940000113854079,0.011346382851707448,True,0.607609665929678,False,0.1765302722233774,0.5,0.0002241456272962,logistic,logistic,1.0,1.0,1.0,1.0,1.0
2022-11-28,0.940000113854079,0.940000113854079,0.013977980794063746,True,0.6081315598328633,False,0.18982486578657046,0.5,0.0003368686431504,logistic,logistic,1.0,1.0,1.0,1.0,1.0
2022-11-29,0.940000113854079,0.940000113854079,0.012946437069750247,True,0.6071170353348706,False,0.18761752471318968,0.5,0.0001141173305296,logistic,logistic,1.0,1.0,1.0,1.0,1.0
2022-11-30,0.940000113854079,0.940000113854079,0.008331834225313091,True,0.6103691192812936,False,0.18723541635225954,0.75,0.0001141173305296,logistic,logistic,1.0,1.0,1.0,1.0,1.0
2022-12-01,0.940000113854079,0.940000113854079,0.006996857987752424,True,0.6085900394986752,False,0.18107453341592736,0.5,0.0001125399240162,logistic,logistic,1.0,1.0,1.0,1.0,1.0
2022-12-02,0.940000113854079,0.940000113854079,0.006996857987752424,True,0.6070284598350334,False,0.17296516159994257,0.5,0.0001129343699568,logistic,logistic,1.0,1.0,1.0,1.0,1.0
2022-12-05,0.940000113854079,0.940000113854079,0.013675728042166208,True,0.6072136775657034,False,0.18690041585579018,0.5,0.0003348954429263,logistic,logistic,1.0,1.0,1.0,1.0,1.0
2022-12-06,0.940000113854079,0.940000113854079,0.01380510038535605,True,0.6059973342476762,False,0.1998399813943683,0.5,0.0001132498683913,logistic,logistic,1.0,1.0,1.0,1.0,1.0
2022-12-07,0.940000113854079,0.940000113854079,0.012661782111158766,True,0.6051598021586483,False,0.19045984130129356,0.5,0.0001122769411334,logistic,logistic,1.0,1.0,1.0,1.0,1.0
2022-12-08,0.940000113854079,0.940000113854079,0.014090783693069067,True,0.60475002705261,False,0.19180415188050812,0.5,0.0001114088976599,logistic,logistic,1.0,1.0,1.0,1.0,1.0
2022-12-09,0.8200000569270395,0.940000113854079,0.012939976890981668,True,0.6097108220885598,False,0.19153704776753216,0.25,0.0001120139205348,logistic,logistic,1.0,1.0,0.7,1.0,0.7
2022-12-12,0.7600000284635198,0.8200000569270395,0.01736990958774231,True,0.6141593654233982,False,0.2142356574367704,0.25,0.0003356847944309,logistic,logistic,1.0,1.0,0.7,1.0,0.7
2022-12-13,0.8800000142317599,0.7600000284635198,0.010411468184854196,True,0.6132836733759741,False,0.1897256560175934,0.5,0.0001139859239702,logistic,logistic,1.0,1.0,1.0,1.0,1.0
2022-12-14,0.7900000071158799,0.8800000142317599,0.010774165479384376,True,0.6152569214231368,False,0.1800213336691233,0.25,0.0001132498683913,logistic,logistic,1.0,1.0,0.7,1.0,0.7
2022-12-15,0.7900000071158799,0.7900000071158799,0.014561862313258117,True,0.6105469409579981,False,0.19688339744651695,0.0,0.0001130658268166,logistic,logistic,1.0,1.0,0.7,1.0,0.7
2022-12-16,0.7900000071158799,0.7900000071158799,0.012984618070599502,True,0.6086352131475881,False,0.19491681577591496,0.0,0.0001117508872985,logistic,logistic,1.0,1.0,0.7,1.0,0.7
2022-12-19,0.7900000071158799,0.7900000071158799,0.011774512423858116,True,0.6069019019618863,False,0.1908721464075364,0.0,0.0003352901280735,logistic,logistic,1.0,1.0,0.7,1.0,0.7
2022-12-20,0.7900000071158799,0.7900000071158799,0.009883580215274006,True,0.6058954945501984,False,0.18286412878805608,0.0,0.0001135127707065,logistic,logistic,1.0,1.0,0.7,1.0,0.7
2022-12-21,0.7900000071158799,0.7900000071158799,0.009817594754443307,True,0.6080585736207131,False,0.17563095437365073,0.0,0.0001128554802833,logistic,logistic,1.0,1.0,0.7,1.0,0.7
2022-12-22,0.7900000071158799,0.7900000071158799,0.010141832216967184,True,0.6077502659422576,False,0.18652308823870067,0.0,0.0001129343699568,logistic,logistic,1.0,1.0,0.7,1.0,0.7
2022-12-23,0.7900000071158799,0.7900000071158799,0.00915621061073484,True,0.6072817758904756,False,0.17962238575356818,0.0,0.0001125399240162,logistic,logistic,1.0,1.0,0.7,1.0,0.7
2022-12-27,0.7900000071158799,0.7900000071158799,0.009598029735949557,True,0.6065345368051624,False,0.18565110656361686,0.0,0.000450446178589,logistic,logistic,1.0,1.0,0.7,1.0,0.7
2022-12-28,0.7900000071158799,0.7900000071158799,0.009594395196704584,True,0.6053987279193849,False,0.1906403353359737,0.0,0.0001163504438037,logistic,logistic,1.0,1.0,0.7,1.0,0.7
2022-12-29,0.7900000071158799,0.7900000071158799,0.010779873019218286,True,0.6101894986387059,False,0.18709303633215207,0.0,0.0001152209852703,logistic,logistic,1.0,1.0,0.7,1.0,0.7
2022-12-30,0.7900000071158799,0.7900000071158799,0.010709839167100017,True,0.61081923206385,False,0.18728377434702964,0.0,0.0001143013142184,logistic,logistic,1.0,1.0,0.7,1.0,0.7
2023-01-03,0.7900000071158799,0.7900000071158799,0.20974645343110654,True,0.6118887495906705,False,0.21135486749796395,0.0,0.0004567578302585,histogram_gradient_boosting,logistic,1.0,0.880507093137787,0.7,1.0,0.7
2023-01-04,0.7900000071158799,0.7900000071158799,0.1936189968359694,True,0.6130712122347173,False,0.20402318570167574,0.0,0.0001179781653803,histogram_gradient_boosting,logistic,1.0,0.9127620063280613,0.7,1.0,0.7
2023-01-05,0.7900000071158799,0.7900000071158799,0.14997183621714852,True,0.6111171601099461,False,0.20745967700629533,0.0,0.0001205490404239,histogram_gradient_boosting,logistic,1.0,1.0,0.7,1.0,0.7
2023-01-06,0.7900000071158799,0.7900000071158799,0.21885402863774406,True,0.6140062537549666,False,0.20207217213968684,0.25,0.0001204179286136,histogram_gradient_boosting,logistic,1.0,0.8622919427245119,0.7,1.0,0.7
2023-01-09,0.7900000071158799,0.7900000071158799,0.21074585560733414,True,0.6143499419932682,False,0.20802547572407448,0.25,0.0003605103725683,histogram_gradient_boosting,logistic,1.0,0.8785082887853317,0.7,1.0,0.7
2023-01-10,0.7900000071158799,0.7900000071158799,0.20554572685343997,True,0.6100150007401695,False,0.19747283802702495,0.25,0.0001223052928349,histogram_gradient_boosting,logistic,1.0,0.8889085462931201,0.7,1.0,0.7
2023-01-11,0.89500000355794,0.7900000071158799,0.13924682541199115,True,0.6120775240821995,False,0.20362438096671784,0.5,0.0001220432305291,histogram_gradient_boosting,logistic,1.0,1.0,1.0,1.0,1.0
2023-01-12,0.89500000355794,0.89500000355794,0.16312468733584762,True,0.6125152088350457,False,0.1773157990135341,0.5,0.0001199458817897,histogram_gradient_boosting,logistic,1.0,0.9737506253283048,1.0,1.0,0.9737506253283048
2023-01-13,0.89500000355794,0.89500000355794,0.15876854028800233,True,0.6079371957092784,False,0.16489133692664085,0.5,0.0001202868105465,histogram_gradient_boosting,logistic,1.0,0.9824629194239953,1.0,1.0,0.9824629194239953
2023-01-17,0.94750000177897,0.89500000355794,0.14576402680661577,True,0.6034127702512154,False,0.17271743950832083,0.75,0.0004817587243042,histogram_gradient_boosting,logistic,1.0,1.0,1.0,1.0,1.0
2023-01-18,0.94750000177897,0.94750000177897,0.18358230169756734,True,0.5986214653007216,False,0.18869505709322212,0.75,0.000121387990388,histogram_gradient_boosting,logistic,1.0,0.9328353966048653,1.0,1.0,0.9328353966048653
2023-01-19,0.94750000177897,0.94750000177897,0.18267238514707113,True,0.5932310940813694,False,0.18651159472424958,0.5,0.0001212569186066,histogram_gradient_boosting,logistic,1.0,0.9346552297058577,1.0,1.0,0.9346552297058577
2023-01-20,0.94750000177897,0.94750000177897,0.20224983750786327,True,0.595565743923997,False,0.19367637983570943,0.75,0.0001215976847348,histogram_gradient_boosting,logistic,1.0,0.8955003249842735,1.0,1.0,0.8955003249842735
2023-01-23,0.94750000177897,0.94750000177897,0.2100482401425675,True,0.5974227088385635,False,0.19664985919758024,0.75,0.0003646014326836,histogram_gradient_boosting,logistic,1.0,0.879903519714865,1.0,1.0,0.879903519714865
2023-01-24,0.94750000177897,0.94750000177897,0.1485502660537477,True,0.5939869424485446,False,0.1916224864888461,0.75,0.0001225149171879,histogram_gradient_boosting,logistic,1.0,1.0,1.0,1.0,1.0
2023-01-25,0.94750000177897,0.94750000177897,0.1279906542567697,True,0.5925869420826287,False,0.18847210830541064,0.75,0.0001217811557232,histogram_gradient_boosting,logistic,1.0,1.0,1.0,1.0,1.0
2023-01-26,0.94750000177897,0.94750000177897,0.12883363293083142,True,0.5921006320826092,False,0.18270767659826956,1.0,0.0001217287402617,histogram_gradient_boosting,logistic,1.0,1.0,1.0,1.0,1.0
2023-01-27,0.94750000177897,0.94750000177897,0.1212835461679043,True,0.5919932378908532,False,0.17738626099483223,1.0,0.0001218597770404,histogram_gradient_boosting,logistic,1.0,1.0,1.0,1.0,1.0
2023-01-30,0.94750000177897,0.94750000177897,0.14134050455304473,True,0.5914073725050949,False,0.19294140689620298,0.75,0.0003646014326836,histogram_gradient_boosting,logistic,1.0,1.0,1.0,1.0,1.0
2023-01-31,0.94750000177897,0.94750000177897,0.13710500478221307,True,0.5922230014338683,False,0.19118729972254,1.0,0.0001224363146152,histogram_gradient_boosting,logistic,1.0,1.0,1.0,1.0,1.0
2023-02-01,0.94750000177897,0.94750000177897,0.12181830724406975,True,0.5921282429070026,False,0.18004900855166364,1.0,0.000121125840572,histogram_gradient_boosting,logistic,1.0,1.0,1.0,1.0,1.0
2023-02-02,0.94750000177897,0.94750000177897,0.17884889839649845,True,0.5944774387709717,False,0.1906507630244629,1.0,0.0001208636782432,histogram_gradient_boosting,logistic,1.0,0.9423022032070031,1.0,1.0,0.9423022032070031
2023-02-03,0.8901673165860235,0.94750000177897,0.2335826843034614,True,0.5892917774801174,False,0.1899248600996785,1.0,0.0001212044806429,histogram_gradient_boosting,logistic,1.0,0.8328346313930772,1.0,1.0,0.8328346313930772
2023-02-06,0.8901673165860235,0.8901673165860235,0.19869634926582092,True,0.5941774152887297,False,0.19650604586989154,1.0,0.0003644441330825,histogram_gradient_boosting,logistic,1.0,0.9026073014683582,1.0,1.0,0.9026073014683582
2023-02-07,0.8901673165860235,0.8901673165860235,0.17947339399010045,True,0.5995337530483962,False,0.1919190733453094,1.0,0.0001224363146152,histogram_gradient_boosting,logistic,1.0,0.9410532120197991,1.0,1.0,0.9410532120197991
2023-02-08,0.8901673165860235,0.8901673165860235,0.2448389369466458,True,0.5959214242083113,False,0.20058550745169973,1.0,0.0001228293299799,histogram_gradient_boosting,logistic,1.0,0.8103221261067084,1.0,1.0,0.8103221261067084
2023-02-09,0.8901673165860235,0.8901673165860235,0.19541279232817904,True,0.5946064528256481,False,0.2018226953190442,1.0,0.0001235628116138,histogram_gradient_boosting,logistic,1.0,0.9091744153436419,1.0,1.0,0.9091744153436419
2023-02-10,0.8901673165860235,0.8901673165860235,0.20335942157837733,True,0.599059572326603,False,0.19870318265060571,1.0,0.0001241389919823,histogram_gradient_boosting,logistic,1.0,0.8932811568432453,1.0,1.0,0.8932811568432453
2023-02-13,0.8901673165860235,0.8901673165860235,0.19541279232817904,True,0.6015013646805055,False,0.2016903946501756,1.0,0.0003732489546237,histogram_gradient_boosting,logistic,1.0,0.9091744153436419,1.0,1.0,0.9091744153436419
2023-02-14,0.8901673165860235,0.8901673165860235,0.2071451195364297,True,0.6011104258505585,False,0.18707708512638344,1.0,0.0001247935764761,histogram_gradient_boosting,logistic,1.0,0.8857097609271406,1.0,1.0,0.8857097609271406
2023-02-15,0.8901673165860235,0.8901673165860235,0.2147096064076038,True,0.6040496742910717,False,0.1775572580521811,1.0,0.0001243484764874,histogram_gradient_boosting,logistic,1.0,0.8705807871847924,1.0,1.0,0.8705807871847924
2023-02-16,0.8901673165860235,0.8901673165860235,0.21613817987861947,True,0.6006906757514316,False,0.19714353324608996,1.0,0.0001249244796566,histogram_gradient_boosting,logistic,1.0,0.867723640242761,1.0,1.0,0.867723640242761
2023-02-17,0.8901673165860235,0.8901673165860235,0.21613817987861947,True,0.601627192641414,False,0.1953514685994368,1.0,0.0001253171393011,histogram_gradient_boosting,logistic,1.0,0.867723640242761,1.0,1.0,0.867723640242761
2023-02-21,0.8901673165860235,0.8901673165860235,0.1663519032761348,True,0.604505341178802,False,0.21859256667002155,1.0,0.0005022007353316,histogram_gradient_boosting,logistic,1.0,0.9672961934477304,1.0,1.0,0.9672961934477304
2023-02-22,0.8901673165860235,0.8901673165860235,0.16607049834207468,True,0.604511029012005,False,0.21452290750581218,1.0,0.0001257097553182,histogram_gradient_boosting,logistic,1.0,0.9678590033158506,1.0,1.0,0.9678590033158506
2023-02-23,0.8901673165860235,0.8901673165860235,0.16607049834207468,True,0.6011462424048524,False,0.20717687170364554,1.0,0.000125578889546,histogram_gradient_boosting,logistic,1.0,0.9678590033158506,1.0,1.0,0.9678590033158506
2023-02-24,0.8901673165860235,0.8901673165860235,0.16829860671395672,True,0.6089543870003372,False,0.20879061131686807,0.75,0.0001259191201026,histogram_gradient_boosting,logistic,1.0,0.9634027865720866,1.0,1.0,0.9634027865720866
2023-02-27,0.8901673165860235,0.8901673165860235,0.17932821118018294,True,0.6126117736922572,False,0.20720112323815412,0.75,0.0003748202592963,histogram_gradient_boosting,logistic,1.0,0.9413435776396342,1.0,1.0,0.9413435776396342
2023-02-28,0.8901673165860235,0.8901673165860235,0.19411565180786156,True,0.6034737640847022,False,0.19883170471546732,1.0,0.0001261023027629,histogram_gradient_boosting,logistic,1.0,0.9117686963842768,1.0,1.0,0.9117686963842768
2023-03-01,0.8901673165860235,0.8901673165860235,0.17778589442369683,True,0.6083668872827738,False,0.19763204332276307,0.5,0.0001264947941326,histogram_gradient_boosting,logistic,1.0,0.9444282111526063,1.0,1.0,0.9444282111526063
2023-03-02,0.8901673165860235,0.8901673165860235,0.18278285313182105,True,0.6150488967633742,False,0.18952466542713967,0.75,0.0001264424685163,histogram_gradient_boosting,logistic,1.0,0.9344342937363579,1.0,1.0,0.9344342937363579
2023-03-03,0.9450836582930118,0.8901673165860235,0.11854682684345148,True,0.6226984191470595,False,0.1788321088111924,0.75,0.0001263116376388,histogram_gradient_boosting,logistic,1.0,1.0,1.0,1.0,1.0
2023-03-06,0.9450836582930118,0.9450836582930118,0.12349834906898167,True,0.6232573230749056,False,0.17959185153311646,0.75,0.0003797679439163,histogram_gradient_boosting,logistic,1.0,1.0,1.0,1.0,1.0
2023-03-07,0.9450836582930118,0.9450836582930118,0.12485553832109919,True,0.6174608094516659,False,0.1898010953767877,0.75,0.0001296327332391,histogram_gradient_boosting,logistic,1.0,1.0,1.0,1.0,1.0
2023-03-08,0.9450836582930118,0.9450836582930118,0.11508398338372292,True,0.6172310132589911,False,0.1835261101257057,0.75,0.0001306256710509,histogram_gradient_boosting,logistic,1.0,1.0,1.0,1.0,1.0
2023-03-09,0.9450836582930118,0.9450836582930118,0.1506763746626167,True,0.6125922359649075,False,0.21034228127932217,0.75,0.0001297111426725,histogram_gradient_boosting,logistic,1.0,0.9986472506747666,1.0,1.0,0.9986472506747666
2023-03-10,0.8225418291465059,0.9450836582930118,0.20037677898668124,True,0.6067387278482341,False,0.21346777392864616,0.25,0.0001285348658941,histogram_gradient_boosting,logistic,1.0,0.8992464420266375,0.7,1.0,0.7
2023-03-13,0.8821030038856668,0.8225418291465059,0.17916791068758617,True,0.6052606420029509,False,0.2272491843815565,0.75,0.0003742703384097,histogram_gradient_boosting,logistic,1.0,0.9416641786248277,1.0,1.0,0.9416641786248277
2023-03-14,0.8821030038856668,0.8821030038856668,0.16081967051094703,True,0.6114413897585814,False,0.21624099706383856,0.75,0.0001253171393011,histogram_gradient_boosting,logistic,1.0,0.978360658978106,1.0,1.0,0.978360658978106
2023-03-15,0.8821030038856668,0.8821030038856668,0.18618929229307807,True,0.6115849817173447,False,0.2295256889289894,0.75,0.0001221218568436,histogram_gradient_boosting,logistic,1.0,0.9276214154138438,1.0,1.0,0.9276214154138438
2023-03-16,0.8821030038856668,0.8821030038856668,0.174698582255851,True,0.6176735605217007,False,0.21219481698595735,0.75,0.000121387990388,histogram_gradient_boosting,logistic,1.0,0.950602835488298,1.0,1.0,0.950602835488298
2023-03-17,0.9410515019428334,0.8821030038856668,0.13584163562233215,True,0.6111752181307732,False,0.21959127848345789,1.0,0.0001151684445099,histogram_gradient_boosting,logistic,1.0,1.0,1.0,1.0,1.0
2023-03-20,0.9410515019428334,0.9410515019428334,0.11863191231998602,True,0.610669742091347,False,0.21359361464761278,1.0,0.0003590937947468,histogram_gradient_boosting,logistic,1.0,1.0,1.0,1.0,1.0
2023-03-21,0.9410515019428334,0.9410515019428334,0.09984589137333487,True,0.6063808205816813,False,0.19241480011786197,1.0,0.0001233532671964,histogram_gradient_boosting,logistic,1.0,1.0,1.0,1.0,1.0
2023-03-22,0.9410515019428334,0.9410515019428334,0.12040553184337996,True,0.6058706633797267,False,0.20324598060171678,1.0,0.0001222528873714,histogram_gradient_boosting,logistic,1.0,1.0,1.0,1.0,1.0
2023-03-23,0.9410515019428334,0.9410515019428334,0.0953361929429605,True,0.6057211353288426,False,0.2010714858401986,1.0,0.0001206801334752,histogram_gradient_boosting,logistic,1.0,1.0,1.0,1.0,1.0
2023-03-24,0.9410515019428334,0.9410515019428334,0.0867037030980133,True,0.6014828745630053,False,0.19286042028505365,1.0,0.0001206801334752,histogram_gradient_boosting,logistic,1.0,1.0,1.0,1.0,1.0
2023-03-27,0.9410515019428334,0.9410515019428334,0.09991974359864345,True,0.6019225766756787,False,0.1879917876224281,1.0,0.0003683760279098,histogram_gradient_boosting,logistic,1.0,1.0,1.0,1.0,1.0
2023-03-28,0.9410515019428334,0.9410515019428334,0.1393634232992195,True,0.6012458723781295,False,0.18121744468654358,1.0,0.0001239556658889,histogram_gradient_boosting,logistic,1.0,1.0,1.0,1.0,1.0
2023-03-29,0.9410515019428334,0.9410515019428334,0.08933288272314198,True,0.6045814493665701,False,0.1780253591907706,1.0,0.0001240080513726,histogram_gradient_boosting,logistic,1.0,1.0,1.0,1.0,1.0
2023-03-30,0.9410515019428334,0.9410515019428334,0.08912861663180717,True,0.6060268372233786,False,0.176822416798277,1.0,0.0001249244796566,histogram_gradient_boosting,logistic,1.0,1.0,1.0,1.0,1.0
2023-03-31,0.9410515019428334,0.9410515019428334,0.08229129412116198,True,0.6096100489579783,False,0.1760011973584505,1.0,0.0001228293299799,histogram_gradient_boosting,logistic,1.0,1.0,1.0,1.0,1.0
2023-04-03,0.9410515019428334,0.9410515019428334,0.08000275441273501,True,0.6074935755562664,False,0.1749268258877875,1.0,0.0003673539176347,histogram_gradient_boosting,logistic,1.0,1.0,1.0,1.0,1.0
2023-04-04,0.9410515019428334,0.9410515019428334,0.08690974613586065,True,0.6078250743755991,False,0.17579288781758376,1.0,0.0001265732931643,histogram_gradient_boosting,logistic,1.0,1.0,1.0,1.0,1.0
2023-04-05,0.9410515019428334,0.9410515019428334,0.09543092115364352,True,0.6071514804294943,False,0.17722862894988237,1.0,0.0001259714556864,histogram_gradient_boosting,logistic,1.0,1.0,1.0,1.0,1.0
2023-04-06,0.9410515019428334,0.9410515019428334,0.09571284763144619,True,0.6076442658256084,False,0.17037640135762117,1.0,0.0001261023027629,histogram_gradient_boosting,logistic,1.0,1.0,1.0,1.0,1.0
2023-04-10,0.9410515019428334,0.9410515019428334,0.11688321117835626,True,0.6045270793331842,False,0.16663081287887027,1.0,0.0005178996953967,histogram_gradient_boosting,logistic,1.0,1.0,1.0,1.0,1.0
2023-04-11,0.9410515019428334,0.9410515019428334,0.13079840975748563,True,0.6048989455993167,False,0.16905896270755785,1.0,0.0001305473001695,histogram_gradient_boosting,logistic,1.0,1.0,1.0,1.0,1.0
2023-04-12,0.9410515019428334,0.9410515019428334,0.13229387965073713,True,0.6069639371315179,False,0.16901746456272,1.0,0.0001300247331119,histogram_gradient_boosting,logistic,1.0,1.0,1.0,1.0,1.0
2023-04-13,0.9410515019428334,0.9410515019428334,0.09240991732129616,True,0.6120032913797949,False,0.1680594989776242,1.0,0.0001298940727014,histogram_gradient_boosting,logistic,1.0,1.0,1.0,1.0,1.0
2023-04-14,0.9410515019428334,0.9410515019428334,0.0985553052945441,True,0.6131184563915856,False,0.15941415530600167,1.0,0.0001311481238399,histogram_gradient_boosting,logistic,1.0,1.0,1.0,1.0,1.0
2023-04-17,0.9410515019428334,0.9410515019428334,0.09068243676586422,True,0.6149219112087948,False,0.15943879119080664,1.0,0.0003950634455405,histogram_gradient_boosting,logistic,1.0,1.0,1.0,1.0,1.0
2023-04-18,0.9410515019428334,0.9410515019428334,0.09469189777729514,True,0.6142598005732735,False,0.15718658023219365,1.0,0.0001344633945814,histogram_gradient_boosting,logistic,1.0,1.0,1.0,1.0,1.0
2023-04-19,0.9410515019428334,0.9410515019428334,0.11534199919731036,True,0.6156003503665891,False,0.15002582097943493,1.0,0.000133550130444,histogram_gradient_boosting,logistic,1.0,1.0,1.0,1.0,1.0
2023-04-20,0.9410515019428334,0.9410515019428334,0.1134677832523965,True,0.6122402034485017,False,0.14169039061974026,1.0,0.0001322449601561,histogram_gradient_boosting,logistic,1.0,1.0,1.0,1.0,1.0
2023-04-21,0.9410515019428334,0.9410515019428334,0.09820640393225387,True,0.6159693765959205,False,0.1391853008679352,1.0,0.0001323754963729,histogram_gradient_boosting,logistic,1.0,1.0,1.0,1.0,1.0
2023-04-24,0.9410515019428334,0.9410515019428334,0.1290997172500785,True,0.6157664855264614,False,0.13947771552166857,1.0,0.0003911442277388,histogram_gradient_boosting,logistic,1.0,1.0,1.0,1.0,1.0
2023-04-25,0.9410515019428334,0.9410515019428334,0.1721258224227775,True,0.6117177024136864,False,0.16404742380918216,1.0,0.0001324538275755,histogram_gradient_boosting,logistic,1.0,0.955748355154445,1.0,1.0,0.955748355154445
2023-04-26,0.9410515019428334,0.9410515019428334,0.1939286123779247,True,0.6128916298789504,False,0.16749397641355032,1.0,0.0001332891509582,histogram_gradient_boosting,logistic,1.0,0.9121427752441507,1.0,1.0,0.9121427752441507
2023-04-27,0.9410515019428334,0.9410515019428334,0.12602375923446857,True,0.6192225681411182,False,0.16410116095064906,1.0,0.0001336806171134,histogram_gradient_boosting,logistic,1.0,1.0,1.0,1.0,1.0
2023-04-28,0.9410515019428334,0.9410515019428334,0.11105442926387465,True,0.6172077905154507,False,0.15483236820561547,1.0,0.0001316704773046,histogram_gradient_boosting,logistic,1.0,1.0,1.0,1.0,1.0
2023-05-01,0.9410515019428334,0.9410515019428334,0.1075524918464971,True,0.6203531122974522,False,0.15623228346037904,1.0,0.0003905169480178,histogram_gradient_boosting,logistic,1.0,1.0,1.0,1.0,1.0
2023-05-02,0.9410515019428334,0.9410515019428334,0.10709395266178026,True,0.6208684132451505,False,0.1660556877169093,0.75,0.0001347242625622,histogram_gradient_boosting,logistic,1.0,1.0,1.0,1.0,1.0
2023-05-03,0.9410515019428334,0.9410515019428334,0.10845308282569575,True,0.6173089020396628,False,0.17078927200750546,0.75,0.0001361586249839,histogram_gradient_boosting,logistic,1.0,1.0,1.0,1.0,1.0
2023-05-04,0.9410515019428334,0.9410515019428334,0.1773079449243129,True,0.612473815927576,False,0.16869267992885445,1.0,0.0001351155243183,histogram_gradient_boosting,logistic,1.0,0.9453841101513742,1.0,1.0,0.9453841101513742
2023-05-05,0.9410515019428334,0.9410515019428334,0.14991205741905983,True,0.6126366143254413,False,0.160533210242302,1.0,0.0001357675117477,histogram_gradient_boosting,logistic,1.0,1.0,1.0,1.0,1.0
2023-05-08,0.9410515019428334,0.9410515019428334,0.14991205741905983,True,0.6156048752484184,False,0.15903662269837784,1.0,0.0004075926036348,histogram_gradient_boosting,logistic,1.0,1.0,1.0,1.0,1.0
2023-05-09,0.9410515019428334,0.9410515019428334,0.12602375923446857,True,0.6138926402437674,False,0.1637077146612861,1.0,0.0001368885698447,histogram_gradient_boosting,logistic,1.0,1.0,1.0,1.0,1.0
2023-05-10,0.9410515019428334,0.9410515019428334,0.09586380985083354,True,0.6122998563760158,False,0.15755214117424812,1.0,0.00013537634283,histogram_gradient_boosting,logistic,1.0,1.0,1.0,1.0,1.0
2023-05-11,0.9410515019428334,0.9410515019428334,0.10006078893449587,True,0.6140283862996502,False,0.15524584718083462,1.0,0.0001340720275024,histogram_gradient_boosting,logistic,1.0,1.0,1.0,1.0,1.0
2023-05-12,0.9410515019428334,0.9410515019428334,0.13492435698651284,True,0.611793182759864,False,0.15051468545028657,1.0,0.0001344112080607,histogram_gradient_boosting,logistic,1.0,1.0,1.0,1.0,1.0
2023-05-15,0.9410515019428334,0.9410515019428334,0.11296872850538102,True,0.610190127735853,False,0.1529150078419752,1.0,0.0004010954652515,histogram_gradient_boosting,logistic,1.0,1.0,1.0,1.0,1.0
2023-05-16,0.9410515019428334,0.9410515019428334,0.10286985490160931,True,0.6115982604365082,False,0.15548276762170665,1.0,0.0001351937774463,histogram_gradient_boosting,logistic,1.0,1.0,1.0,1.0,1.0
2023-05-17,0.9410515019428334,0.9410515019428334,0.05138371326265306,True,0.6087158425720878,False,0.14958514438226167,1.0,0.0001359761115728,histogram_gradient_boosting,logistic,1.0,1.0,1.0,1.0,1.0
2023-05-18,0.9410515019428334,0.9410515019428334,0.06766793821549347,True,0.6095876316862012,False,0.15027907469665988,1.0,0.0001369406969049,histogram_gradient_boosting,logistic,1.0,1.0,1.0,1.0,1.0
2023-05-19,0.9410515019428334,0.9410515019428334,0.06766793821549347,True,0.6091600239809641,False,0.15475237239683398,1.0,0.0001358978931569,histogram_gradient_boosting,logistic,1.0,1.0,1.0,1.0,1.0
2023-05-22,0.9410515019428334,0.9410515019428334,0.05763319047232911,True,0.606664178083576,False,0.15744009698533912,1.0,0.0004085314949895,histogram_gradient_boosting,logistic,1.0,1.0,1.0,1.0,1.0
2023-05-23,0.9410515019428334,0.9410515019428334,0.06482551096142972,True,0.6001734759771731,False,0.17088901328793868,1.0,0.0001376704216293,histogram_gradient_boosting,logistic,1.0,1.0,1.0,1.0,1.0
2023-05-24,0.9410515019428334,0.9410515019428334,0.09207705336983377,True,0.5996533053392032,False,0.18127454225962003,1.0,0.0001385041608263,histogram_gradient_boosting,logistic,1.0,1.0,1.0,1.0,1.0
2023-05-25,0.9410515019428334,0.9410515019428334,0.08935314262853615,True,0.6000158412147435,False,0.17706208150693,1.0,0.0001379309977418,histogram_gradient_boosting,logistic,1.0,1.0,1.0,1.0,1.0
2023-05-26,0.9410515019428334,0.9410515019428334,0.09930422818064669,True,0.6026701998885624,False,0.17448794101084006,1.0,0.0001366800268542,histogram_gradient_boosting,logistic,1.0,1.0,1.0,1.0,1.0
2023-05-30,0.9410515019428334,0.9410515019428334,0.09918728440863381,True,0.5999666358856681,False,0.17081858895322358,1.0,0.0005497526320696,histogram_gradient_boosting,logistic,1.0,1.0,1.0,1.0,1.0
2023-05-31,0.9410515019428334,0.9410515019428334,0.08184111442119295,True,0.6005691318957217,False,0.1733100390840233,1.0,0.0001401448478535,histogram_gradient_boosting,logistic,1.0,1.0,1.0,1.0,1.0
2023-06-01,0.9410515019428334,0.9410515019428334,0.08902535805610949,True,0.6029223733154135,False,0.15364328242058933,1.0,0.0001389730303005,histogram_gradient_boosting,logistic,1.0,1.0,1.0,1.0,1.0
2023-06-02,0.9410515019428334,0.9410515019428334,0.08506910562362142,True,0.6028847579565205,False,0.14399525472243532,1.0,0.0001392855655055,histogram_gradient_boosting,logistic,1.0,1.0,1.0,1.0,1.0
2023-06-05,0.9410515019428334,0.9410515019428334,0.0981727352644649,True,0.603853609752943,False,0.13810346198289997,1.0,0.0004122861466695,histogram_gradient_boosting,logistic,1.0,1.0,1.0,1.0,1.0
2023-06-06,0.9410515019428334,0.9410515019428334,0.0981727352644649,True,0.6004680952044543,False,0.13416997661871852,1.0,0.0001378007127745,histogram_gradient_boosting,logistic,1.0,1.0,1.0,1.0,1.0
2023-06-07,0.9410515019428334,0.9410515019428334,0.08506910562362142,True,0.5960483080485434,False,0.1400405605867356,1.0,0.0001376704216293,histogram_gradient_boosting,logistic,1.0,1.0,1.0,1.0,1.0
2023-06-08,0.9410515019428334,0.9410515019428334,0.08983645877870666,True,0.5986902274965745,False,0.13844206438534953,1.0,0.0001362889878357,histogram_gradient_boosting,logistic,1.0,1.0,1.0,1.0,1.0
2023-06-09,0.9410515019428334,0.9410515019428334,0.09285687059316586,True,0.6005118418084596,False,0.13952899338204341,1.0,0.0001361586249839,histogram_gradient_boosting,logistic,1.0,1.0,1.0,1.0,1.0
2023-06-12,0.9410515019428334,0.9410515019428334,0.10231340230119684,True,0.5998959400589734,False,0.15304303527087423,1.0,0.0004085314949895,histogram_gradient_boosting,logistic,1.0,1.0,1.0,1.0,1.0
2023-06-13,0.9410515019428334,0.9410515019428334,0.134308077554845,True,0.6023144417782624,False,0.14917418714580893,1.0,0.0001362889878357,histogram_gradient_boosting,logistic,1.0,1.0,1.0,1.0,1.0
2023-06-14,0.9410515019428334,0.9410515019428334,0.12566787525053338,True,0.6038613922929117,False,0.1321276437733868,1.0,0.0001357675117477,histogram_gradient_boosting,logistic,1.0,1.0,1.0,1.0,1.0
2023-06-15,0.9410515019428334,0.9410515019428334,0.16096661269118664,True,0.6073527879942685,False,0.13673148941827762,1.0,0.0001351155243183,histogram_gradient_boosting,logistic,1.0,0.9780667746176267,1.0,1.0,0.9780667746176267
2023-06-16,0.9410515019428334,0.9410515019428334,0.1254841946089789,True,0.6080582209014305,False,0.13491035732747533,1.0,0.00013537634283,histogram_gradient_boosting,logistic,1.0,1.0,1.0,1.0,1.0
2023-06-20,0.9410515019428334,0.9410515019428334,0.10745881263728309,True,0.6032414183698859,False,0.1348625288304084,1.0,0.0005426588911634,histogram_gradient_boosting,logistic,1.0,1.0,1.0,1.0,1.0
2023-06-21,0.9410515019428334,0.9410515019428334,0.11053852328869336,True,0.6014202506714077,False,0.13399432812589082,1.0,0.0001372013422278,histogram_gradient_boosting,logistic,1.0,1.0,1.0,1.0,1.0
2023-06-22,0.9410515019428334,0.9410515019428334,0.09839707548552377,True,0.6042400926440543,False,0.13245901652411105,1.0,0.0001372013422278,histogram_gradient_boosting,logistic,1.0,1.0,1.0,1.0,1.0
2023-06-23,0.9410515019428334,0.9410515019428334,0.12219212691777603,True,0.6019137707249034,False,0.1356505752928092,1.0,0.000137279523547,histogram_gradient_boosting,logistic,1.0,1.0,1.0,1.0,1.0
2023-06-26,0.9410515019428334,0.9410515019428334,0.14041148328531217,True,0.6036947918648274,False,0.14363517692788394,1.0,0.000413224543964,histogram_gradient_boosting,logistic,1.0,1.0,1.0,1.0,1.0
2023-06-27,0.9410515019428334,0.9410515019428334,0.11932695190977678,True,0.6088523880520513,False,0.14321544427834945,1.0,0.0001383739030349,histogram_gradient_boosting,logistic,1.0,1.0,1.0,1.0,1.0
2023-06-28,0.9410515019428334,0.9410515019428334,0.12073710226953921,True,0.6102792257713443,False,0.14081562075368212,1.0,0.0001381133813482,histogram_gradient_boosting,logistic,1.0,1.0,1.0,1.0,1.0
2023-06-29,0.9410515019428334,0.9410515019428334,0.14037453595742588,True,0.6095021306214695,False,0.13981541658633895,1.0,0.0001382436514907,histogram_gradient_boosting,logistic,1.0,1.0,1.0,1.0,1.0
2023-06-30,0.9410515019428334,0.9410515019428334,0.11426648332122466,True,0.6128509790451185,False,0.14151893068271157,1.0,0.0001376704216293,histogram_gradient_boosting,logistic,1.0,1.0,1.0,1.0,1.0
2023-07-03,0.9410515019428334,0.9410515019428334,0.13245650541323947,True,0.6130159201935046,False,0.13678104572611305,1.0,0.0004124425411649,histogram_gradient_boosting,logistic,1.0,1.0,1.0,1.0,1.0
2023-07-05,0.9410515019428334,0.9410515019428334,0.1309424096322792,True,0.612335088208176,False,0.13896670816295112,1.0,0.000277444347166,histogram_gradient_boosting,logistic,1.0,1.0,1.0,1.0,1.0
2023-07-06,0.9410515019428334,0.9410515019428334,0.21504066731903893,True,0.6156799935140621,False,0.15017381842383568,1.0,0.0001392334704943,histogram_gradient_boosting,logistic,1.0,0.8699186653619222,1.0,1.0,0.8699186653619222
2023-07-07,0.9410515019428334,0.9410515019428334,0.17672618009754315,True,0.6126382846656381,False,0.14395820007746832,1.0,0.0001392334704943,histogram_gradient_boosting,logistic,1.0,0.9465476398049137,1.0,1.0,0.9465476398049137
2023-07-10,0.9410515019428334,0.9410515019428334,0.14683762152208776,True,0.609270014570308,False,0.1365537345240251,1.0,0.000418696350191,histogram_gradient_boosting,logistic,1.0,1.0,1.0,1.0,1.0
2023-07-11,0.9410515019428334,0.9410515019428334,0.14070904583645816,True,0.6085386457219126,False,0.13721932474557236,1.0,0.0001400146678209,histogram_gradient_boosting,logistic,1.0,1.0,1.0,1.0,1.0
2023-07-12,0.9410515019428334,0.9410515019428334,0.0901500188658173,True,0.6114987069654693,False,0.13292476933445294,1.0,0.0001396761783183,histogram_gradient_boosting,logistic,1.0,1.0,1.0,1.0,1.0
2023-07-13,0.9410515019428334,0.9410515019428334,0.09924361345037021,True,0.6130090575296067,False,0.13534705512472453,1.0,0.0001394938984218,histogram_gradient_boosting,logistic,1.0,1.0,1.0,1.0,1.0
2023-07-14,0.9410515019428334,0.9410515019428334,0.08896337182344363,True,0.6146047380605125,False,0.13210064643241895,1.0,0.0001392855655055,histogram_gradient_boosting,logistic,1.0,1.0,1.0,1.0,1.0
2023-07-17,0.9410515019428334,0.9410515019428334,0.050938343740846506,True,0.613924336003409,False,0.13069207901564897,1.0,0.0004193214642678,histogram_gradient_boosting,logistic,1.0,1.0,1.0,1.0,1.0
2023-07-18,0.9410515019428334,0.9410515019428334,0.04782272789682185,True,0.6132340488233836,False,0.12876468624815002,1.0,0.0001401448478535,histogram_gradient_boosting,logistic,1.0,1.0,1.0,1.0,1.0
2023-07-19,0.9410515019428334,0.9410515019428334,0.05106082226602799,True,0.6133695370355751,False,0.13346546540207738,1.0,0.0001400667356084,histogram_gradient_boosting,logistic,1.0,1.0,1.0,1.0,1.0
2023-07-20,0.9410515019428334,0.9410515019428334,0.11432736265151652,True,0.6091461218704126,False,0.14350241312780643,1.0,0.0001400146678209,histogram_gradient_boosting,logistic,1.0,1.0,1.0,1.0,1.0
2023-07-21,0.9410515019428334,0.9410515019428334,0.09999263967469516,True,0.6089388813771635,False,0.14029348145667653,1.0,0.0001401448478535,histogram_gradient_boosting,logistic,1.0,1.0,1.0,1.0,1.0
2023-07-24,0.9410515019428334,0.9410515019428334,0.09763812090858247,True,0.6079764563684262,False,0.14228203360453656,1.0,0.0004206497078009,histogram_gradient_boosting,logistic,1.0,1.0,1.0,1.0,1.0
2023-07-25,0.9410515019428334,0.9410515019428334,0.11643970298728197,True,0.6063411242404763,False,0.14031058460367193,1.0,0.0001405873964575,histogram_gradient_boosting,logistic,1.0,1.0,1.0,1.0,1.0
2023-07-26,0.9410515019428334,0.9410515019428334,0.08120362218139812,True,0.6067982344966809,False,0.13397479455520309,1.0,0.0001406654939024,histogram_gradient_boosting,logistic,1.0,1.0,1.0,1.0,1.0
2023-07-27,0.9410515019428334,0.9410515019428334,0.11874998781831168,True,0.6073770203223204,False,0.1322610565086006,1.0,0.0001406654939024,histogram_gradient_boosting,logistic,1.0,1.0,1.0,1.0,1.0
2023-07-28,0.9410515019428334,0.9410515019428334,0.12318626433634325,True,0.6075341049228202,False,0.13330651166198124,1.0,0.0001403270845723,histogram_gradient_boosting,logistic,1.0,1.0,1.0,1.0,1.0
2023-07-31,0.9410515019428334,0.9410515019428334,0.12318626433634325,True,0.607564604070124,False,0.13555926522377867,1.0,0.0004204934680482,histogram_gradient_boosting,logistic,1.0,1.0,1.0,1.0,1.0
2023-08-01,0.9410515019428334,0.9410515019428334,0.1413344944518103,True,0.6078051243305719,False,0.1375729694420138,1.0,0.000140457249804,histogram_gradient_boosting,logistic,1.0,1.0,1.0,1.0,1.0
2023-08-02,0.9410515019428334,0.9410515019428334,0.14483683110534198,True,0.6032277185497598,False,0.16127438967334415,1.0,0.000140457249804,histogram_gradient_boosting,logistic,1.0,1.0,1.0,1.0,1.0
2023-08-03,0.9410515019428334,0.9410515019428334,0.1368744399414311,True,0.6017358916537119,False,0.16045685991657996,1.0,0.0001404051770035,histogram_gradient_boosting,logistic,1.0,1.0,1.0,1.0,1.0
2023-08-04,0.9410515019428334,0.9410515019428334,0.21401622369850806,True,0.5996382294559263,False,0.16269936941464155,1.0,0.0001402750093049,histogram_gradient_boosting,logistic,1.0,0.8719675526029839,1.0,1.0,0.8719675526029839
2023-08-07,0.9410515019428334,0.9410515019428334,0.14483683110534198,True,0.6037594292883607,False,0.1556792741510673,1.0,0.0004214309369001,histogram_gradient_boosting,logistic,1.0,1.0,1.0,1.0,1.0
2023-08-08,0.9410515019428334,0.9410515019428334,0.1462092739317792,True,0.6043311253932393,False,0.1566796903034269,1.0,0.000140847696094,histogram_gradient_boosting,logistic,1.0,1.0,1.0,1.0,1.0
2023-08-09,0.9410515019428334,0.9410515019428334,0.1328667186793331,True,0.6122148003099249,False,0.15160486700602316,0.5,0.0001409778366654,histogram_gradient_boosting,logistic,1.0,1.0,1.0,1.0,1.0
2023-08-10,0.9410515019428334,0.9410515019428334,0.1328667186793331,True,0.6164222923697623,False,0.14941530838461936,0.75,0.0001406654939024,histogram_gradient_boosting,logistic,1.0,1.0,1.0,1.0,1.0
2023-08-11,0.9410515019428334,0.9410515019428334,0.11192703123984937,True,0.6155500636949981,False,0.14204204840135992,0.5,0.0001405873964575,histogram_gradient_boosting,logistic,1.0,1.0,1.0,1.0,1.0
2023-08-14,0.9410515019428334,0.9410515019428334,0.12678008148000242,True,0.6185940346431057,False,0.14395235323025737,0.75,0.0004222120551471,histogram_gradient_boosting,logistic,1.0,1.0,1.0,1.0,1.0
2023-08-15,0.9410515019428334,0.9410515019428334,0.14609566127609538,True,0.6179657761440358,False,0.15598039425159962,0.5,0.0001409778366654,histogram_gradient_boosting,logistic,1.0,1.0,1.0,1.0,1.0
2023-08-16,0.9410515019428334,0.9410515019428334,0.18219725802701286,True,0.6182041233541148,False,0.15781398203067287,0.5,0.000141107958663,histogram_gradient_boosting,logistic,1.0,0.9356054839459742,1.0,1.0,0.9356054839459742
2023-08-17,0.9410515019428334,0.9410515019428334,0.17538836849792452,True,0.6123611323800878,False,0.16336655684469362,0.5,0.0001409257737299,histogram_gradient_boosting,logistic,1.0,0.9492232630041509,1.0,1.0,0.9492232630041509
2023-08-18,0.9410515019428334,0.9410515019428334,0.18643551430601887,True,0.6109509176378993,False,0.16044070878814318,0.5,0.0001409257737299,histogram_gradient_boosting,logistic,1.0,0.9271289713879622,1.0,1.0,0.9271289713879622
2023-08-21,0.9410515019428334,0.9410515019428334,0.15933230589596217,True,0.6130051839872044,False,0.16475891223957848,0.5,0.0004229931370496,histogram_gradient_boosting,logistic,1.0,0.9813353882080756,1.0,1.0,0.9813353882080756
2023-08-22,0.9410515019428334,0.9410515019428334,0.12182138098353643,True,0.6132911929366776,False,0.1623722162278733,0.5,0.0001413682089907,histogram_gradient_boosting,logistic,1.0,1.0,1.0,1.0,1.0
2023-08-23,0.9410515019428334,0.9410515019428334,0.09838765200770883,True,0.6142985352685685,False,0.15785930427041037,0.5,0.0001413682089907,histogram_gradient_boosting,logistic,1.0,1.0,1.0,1.0,1.0
2023-08-24,0.9410515019428334,0.9410515019428334,0.10932588412540613,True,0.6118207824460041,False,0.17241750486788615,0.5,0.0001415763840615,histogram_gradient_boosting,logistic,1.0,1.0,1.0,1.0,1.0
2023-08-25,0.9410515019428334,0.9410515019428334,0.09656031450737738,True,0.616582122509374,False,0.15965317895140982,0.5,0.0001418886233004,histogram_gradient_boosting,logistic,1.0,1.0,1.0,1.0,1.0
2023-08-28,0.9410515019428334,0.9410515019428334,0.09656031450737738,True,0.6174356946066201,False,0.15500977246981065,0.5,0.0004263508541773,histogram_gradient_boosting,logistic,1.0,1.0,1.0,1.0,1.0
2023-08-29,0.9410515019428334,0.9410515019428334,0.08847610092341063,True,0.6189561461928401,False,0.1544951759283299,0.75,0.0001420187145795,histogram_gradient_boosting,logistic,1.0,1.0,1.0,1.0,1.0
2023-08-30,0.9410515019428334,0.9410515019428334,0.09230313975805243,True,0.6115472879562802,False,0.14777398755281057,1.0,0.0001418886233004,histogram_gradient_boosting,logistic,1.0,1.0,1.0,1.0,1.0
2023-08-31,0.9410515019428334,0.9410515019428334,0.10868573988486588,True,0.6109692304754801,False,0.13657161437744608,1.0,0.0001414462718374,histogram_gradient_boosting,logistic,1.0,1.0,1.0,1.0,1.0
2023-09-01,0.9410515019428334,0.9410515019428334,0.117169825501246,True,0.6108864350311034,False,0.13424123324228648,1.0,0.0001406654939024,histogram_gradient_boosting,logistic,1.0,1.0,1.0,1.0,1.0
2023-09-05,0.9410515019428334,0.9410515019428334,0.12026781320457844,True,0.6134635104222518,False,0.14211318566570147,1.0,0.0005638222665576,histogram_gradient_boosting,logistic,1.0,1.0,1.0,1.0,1.0
2023-09-06,0.9410515019428334,0.9410515019428334,0.12723428796169878,True,0.6077691555941341,False,0.13902640637025027,1.0,0.0001414983249112,histogram_gradient_boosting,logistic,1.0,1.0,1.0,1.0,1.0
2023-09-07,0.9410515019428334,0.9410515019428334,0.1696447233509163,True,0.607494692483658,False,0.13775922899728457,0.75,0.0001410559106034,histogram_gradient_boosting,logistic,1.0,0.9607105532981675,1.0,1.0,0.9607105532981675
2023-09-08,0.9410515019428334,0.9410515019428334,0.1293181645223104,True,0.6063054084137621,False,0.13316063380660675,1.0,0.0001413161658607,histogram_gradient_boosting,logistic,1.0,1.0,1.0,1.0,1.0
2023-09-11,0.9410515019428334,0.9410515019428334,0.16206072283677636,True,0.603975663839436,False,0.13935791654829238,1.0,0.0004240084111806,histogram_gradient_boosting,logistic,1.0,0.9758785543264472,1.0,1.0,0.9758785543264472
2023-09-12,0.9410515019428334,0.9410515019428334,0.14352698262958574,True,0.6076412155412455,False,0.1446383033418703,1.0,0.0001416284222628,histogram_gradient_boosting,logistic,1.0,1.0,1.0,1.0,1.0
2023-09-13,0.9410515019428334,0.9410515019428334,0.13081630612796308,True,0.603410429371036,False,0.1373820469840961,1.0,0.0001416284222628,histogram_gradient_boosting,logistic,1.0,1.0,1.0,1.0,1.0
2023-09-14,0.9410515019428334,0.9410515019428334,0.0885069239019124,True,0.6033961300699385,False,0.1318517304293741,1.0,0.0001413682089907,histogram_gradient_boosting,logistic,1.0,1.0,1.0,1.0,1.0
2023-09-15,0.9410515019428334,0.9410515019428334,0.09180742656843029,True,0.6001283446868806,False,0.14428736718448165,0.75,0.0001414462718374,histogram_gradient_boosting,logistic,1.0,1.0,1.0,1.0,1.0
2023-09-18,0.9410515019428334,0.9410515019428334,0.07060529620486818,True,0.6008337536030048,False,0.14428119745860796,0.75,0.0004245550428947,histogram_gradient_boosting,logistic,1.0,1.0,1.0,1.0,1.0
2023-09-19,0.9410515019428334,0.9410515019428334,0.06440573405461103,True,0.6041349036216725,False,0.14336311744022998,0.75,0.0001417585258618,histogram_gradient_boosting,logistic,1.0,1.0,1.0,1.0,1.0
2023-09-20,0.9410515019428334,0.9410515019428334,0.08606072490119644,True,0.6026410809598635,False,0.15328571361264243,0.75,0.0001418886233004,histogram_gradient_boosting,logistic,1.0,1.0,1.0,1.0,1.0
2023-09-21,0.8205257509714167,0.9410515019428334,0.18506070503732827,True,0.607171295166844,False,0.16985082995091375,0.25,0.0001416284222628,histogram_gradient_boosting,logistic,1.0,0.9298785899253434,0.7,1.0,0.7
2023-09-22,0.7602628754857084,0.8205257509714167,0.19165930126926967,True,0.604807503102649,False,0.1655280330572579,0.25,0.0001416284222628,histogram_gradient_boosting,logistic,1.0,0.9166813974614607,0.7,1.0,0.7
2023-09-25,0.7602628754857084,0.7602628754857084,0.18723918779875384,True,0.6063545425083515,False,0.16351606831559573,0.25,0.0004255701257884,histogram_gradient_boosting,logistic,1.0,0.9255216244024923,0.7,1.0,0.7
2023-09-26,0.7602628754857084,0.7602628754857084,0.1486862594393108,True,0.6044209447042311,False,0.1777667160821174,0.25,0.0001421487872941,histogram_gradient_boosting,logistic,1.0,1.0,0.7,1.0,0.7
2023-09-27,0.7602628754857084,0.7602628754857084,0.13943299062465125,True,0.6072750144921862,False,0.17051588695496211,0.25,0.0001422788662561,histogram_gradient_boosting,logistic,1.0,1.0,0.7,1.0,0.7
2023-09-28,0.7602628754857084,0.7602628754857084,0.17169842553611908,True,0.6097197963596119,False,0.16280321948795526,0.25,0.0001417064901243,histogram_gradient_boosting,logistic,1.0,0.9566031489277618,0.7,1.0,0.7
2023-09-29,0.7602628754857084,0.7602628754857084,0.1692468077614953,True,0.6110787717273574,False,0.16416735504118757,0.25,0.0001414983249112,histogram_gradient_boosting,logistic,1.0,0.9615063844770093,0.7,1.0,0.7
2023-10-02,0.7602628754857084,0.7602628754857084,0.21392655481307693,True,0.6121663879786847,False,0.16591736552418562,0.25,0.0004257262699021,histogram_gradient_boosting,logistic,1.0,0.8721468903738461,0.7,1.0,0.7
2023-10-03,0.7602628754857084,0.7602628754857084,0.15209563350032412,True,0.610606060223472,False,0.18238364710650135,0.25,0.000142539005707,histogram_gradient_boosting,logistic,1.0,0.9958087329993517,0.7,1.0,0.7
2023-10-04,0.7602628754857084,0.7602628754857084,0.12566493405671822,True,0.6118294813033663,False,0.17768336847123423,0.25,0.0001424089390602,histogram_gradient_boosting,logistic,1.0,1.0,0.7,1.0,0.7
2023-10-05,0.7602628754857084,0.7602628754857084,0.15171462669340569,True,0.6095566293801443,False,0.17656468899333091,0.25,0.0001421487872941,histogram_gradient_boosting,logistic,1.0,0.9965707466131886,0.7,1.0,0.7
2023-10-06,0.7602628754857084,0.7602628754857084,0.12758220024765882,True,0.6121232859720186,False,0.17298991591509283,0.25,0.0001427470920944,histogram_gradient_boosting,logistic,1.0,1.0,0.7,1.0,0.7
2023-10-09,0.7602628754857084,0.7602628754857084,0.12758220024765882,True,0.6123594889994183,False,0.17456031883021142,0.25,0.0004283024093891,histogram_gradient_boosting,logistic,1.0,1.0,0.7,1.0,0.7
2023-10-10,0.8801314377428542,0.7602628754857084,0.12618671121396918,True,0.6111549795955428,False,0.16168920464411504,0.5,0.0001420967589471,histogram_gradient_boosting,logistic,1.0,1.0,1.0,1.0,1.0
2023-10-11,0.9400657188714271,0.8801314377428542,0.12601207171497966,True,0.6104002466187811,False,0.1537966034362117,0.5,0.0001424089390602,histogram_gradient_boosting,logistic,1.0,1.0,1.0,1.0,1.0
2023-10-12,0.9400657188714271,0.9400657188714271,0.1324693630598001,True,0.611904687259423,False,0.15796032323202647,0.5,0.0001424089390602,histogram_gradient_boosting,logistic,1.0,1.0,1.0,1.0,1.0
2023-10-13,0.8200328594357136,0.9400657188714271,0.21568778121748095,True,0.6084685393993996,False,0.1745800926482335,0.25,0.0001422268403721,histogram_gradient_boosting,logistic,1.0,0.868624437565038,0.7,1.0,0.7
2023-10-16,0.9100164297178568,0.8200328594357136,0.14400092443017368,True,0.610497388566655,False,0.1639873945367189,0.5,0.0004267412094158,histogram_gradient_boosting,logistic,1.0,1.0,1.0,1.0,1.0
2023-10-17,0.9100164297178568,0.9100164297178568,0.20966458794248558,True,0.6095158765631254,False,0.1687143170096506,0.5,0.000142539005707,histogram_gradient_boosting,logistic,1.0,0.8806708241150288,1.0,1.0,0.8806708241150288
2023-10-18,0.8050082148589284,0.9100164297178568,0.20750901372416516,True,0.6068897576431532,False,0.17711743753283646,0.25,0.0001422788662561,histogram_gradient_boosting,logistic,1.0,0.8849819725516697,0.7,1.0,0.7
2023-10-19,0.882364205639512,0.8050082148589284,0.17013990178995214,True,0.6039725615698213,False,0.18978722406073367,0.5,0.0001417585258618,histogram_gradient_boosting,logistic,1.0,0.9597201964200957,1.0,1.0,0.9597201964200957
2023-10-20,0.791182102819756,0.882364205639512,0.15998934165147144,True,0.605189460928424,False,0.19366987599819643,0.25,0.0001414983249112,histogram_gradient_boosting,logistic,1.0,0.980021316697057,0.7,1.0,0.7
2023-10-23,0.791182102819756,0.791182102819756,0.18685118193724604,True,0.6046237509163314,False,0.1801422118084359,0.25,0.0004240084111806,histogram_gradient_boosting,logistic,1.0,0.926297636125508,0.7,1.0,0.7
2023-10-24,0.8938764247164723,0.791182102819756,0.15171462669340569,True,0.6025353295896535,False,0.1760691517369082,0.5,0.0001417064901243,histogram_gradient_boosting,logistic,1.0,0.9965707466131886,1.0,1.0,0.9965707466131886
2023-10-25,0.7969382123582361,0.8938764247164723,0.15998934165147144,True,0.6058829098898638,False,0.19003005693773342,0.25,0.0001418886233004,histogram_gradient_boosting,logistic,1.0,0.980021316697057,0.7,1.0,0.7
2023-10-26,0.7969382123582361,0.7969382123582361,0.11074789706919505,True,0.603024983867156,False,0.19610161329919473,0.25,0.0001414983249112,histogram_gradient_boosting,logistic,1.0,1.0,0.7,1.0,0.7
2023-10-27,0.7969382123582361,0.7969382123582361,0.11911943943124181,True,0.6044068448704203,False,0.20004615634613387,0.25,0.0001416284222628,histogram_gradient_boosting,logistic,1.0,1.0,0.7,1.0,0.7
2023-10-30,0.7969382123582361,0.7969382123582361,0.11853639624739717,True,0.6079095782498263,False,0.19277480030444052,0.25,0.0004255701257884,histogram_gradient_boosting,logistic,1.0,1.0,0.7,1.0,0.7
2023-10-31,0.7969382123582361,0.7969382123582361,0.11853639624739717,True,0.6067230578660282,False,0.18016826982860967,0.25,0.0001420187145795,histogram_gradient_boosting,logistic,1.0,1.0,0.7,1.0,0.7
2023-11-01,0.7969382123582361,0.7969382123582361,0.11999175898136419,True,0.6109929599614863,False,0.16913235277180783,0.25,0.0001414983249112,histogram_gradient_boosting,logistic,1.0,1.0,0.7,1.0,0.7
2023-11-02,0.8984691061791181,0.7969382123582361,0.10889001933094718,True,0.6090344916333571,False,0.15086056182836233,0.5,0.0001407175493581,histogram_gradient_boosting,logistic,1.0,1.0,1.0,1.0,1.0
2023-11-03,0.9492345530895591,0.8984691061791181,0.10084294867810739,True,0.6081895480872168,False,0.14306575663046728,0.75,0.0001402750093049,histogram_gradient_boosting,logistic,1.0,1.0,1.0,1.0,1.0
2023-11-06,0.9492345530895591,0.9492345530895591,0.10084294867810739,True,0.6119897084862778,False,0.14619355425868297,1.0,0.0004214309369001,histogram_gradient_boosting,logistic,1.0,1.0,1.0,1.0,1.0
2023-11-07,0.9492345530895591,0.9492345530895591,0.10415191721761131,True,0.6128951652915816,False,0.14424399535632124,1.0,0.0001407956306924,histogram_gradient_boosting,logistic,1.0,1.0,1.0,1.0,1.0
2023-11-08,0.9492345530895591,0.9492345530895591,0.10204599473137428,True,0.6138786868001028,False,0.14369050789396237,1.0,0.0001406654939024,histogram_gradient_boosting,logistic,1.0,1.0,1.0,1.0,1.0
2023-11-09,0.9492345530895591,0.9492345530895591,0.1193899325512024,True,0.6125837593373644,False,0.15106550986841477,1.0,0.0001405353385357,histogram_gradient_boosting,logistic,1.0,1.0,1.0,1.0,1.0
2023-11-10,0.9492345530895591,0.9492345530895591,0.09528814723005846,True,0.6102644593442308,False,0.14796669087324252,1.0,0.000140196913174,histogram_gradient_boosting,logistic,1.0,1.0,1.0,1.0,1.0
2023-11-13,0.9492345530895591,0.9492345530895591,0.11338661918764413,True,0.6113647559937431,False,0.15464184497547914,1.0,0.0004214309369001,histogram_gradient_boosting,logistic,1.0,1.0,1.0,1.0,1.0
2023-11-14,0.9492345530895591,0.9492345530895591,0.09931580353912442,True,0.60581428139446,False,0.15256575566305486,1.0,0.0001402750093049,histogram_gradient_boosting,logistic,1.0,1.0,1.0,1.0,1.0
2023-11-15,0.9492345530895591,0.9492345530895591,0.08577369965325105,True,0.6041517127186382,False,0.15246267895539384,1.0,0.0001403270845723,histogram_gradient_boosting,logistic,1.0,1.0,1.0,1.0,1.0
2023-11-16,0.9492345530895591,0.9492345530895591,0.08058403804237659,True,0.6029473440034826,False,0.15241269282071318,1.0,0.0001400146678209,histogram_gradient_boosting,logistic,1.0,1.0,1.0,1.0,1.0
2023-11-17,0.9492345530895591,0.9492345530895591,0.10522259841095075,True,0.5994503194549083,False,0.1442497906791503,1.0,0.0001397542892513,histogram_gradient_boosting,logistic,1.0,1.0,1.0,1.0,1.0
2023-11-20,0.9492345530895591,0.9492345530895591,0.10486677312497303,True,0.601073849295373,False,0.14005239491338684,1.0,0.0004197121506033,histogram_gradient_boosting,logistic,1.0,1.0,1.0,1.0,1.0
2023-11-21,0.9492345530895591,0.9492345530895591,0.06287845264608716,True,0.602033840410349,False,0.1361187465444898,1.0,0.0001403270845723,histogram_gradient_boosting,logistic,1.0,1.0,1.0,1.0,1.0
2023-11-22,0.9492345530895591,0.9492345530895591,0.06038953985997211,True,0.5969770553144611,False,0.12840607101308005,1.0,0.0001405873964575,histogram_gradient_boosting,logistic,1.0,1.0,1.0,1.0,1.0
2023-11-24,0.9492345530895591,0.9492345530895591,0.06246433318746221,True,0.5971207088045039,False,0.123657610336829,1.0,0.000280569695688,histogram_gradient_boosting,logistic,1.0,1.0,1.0,1.0,1.0
2023-11-27,0.9492345530895591,0.9492345530895591,0.067902009381522,True,0.5964513535402717,False,0.12558195027849006,1.0,0.0004212746746197,histogram_gradient_boosting,logistic,1.0,1.0,1.0,1.0,1.0
2023-11-28,0.9492345530895591,0.9492345530895591,0.06035538392061035,True,0.5955072276808456,False,0.11986253649000966,1.0,0.000140457249804,histogram_gradient_boosting,logistic,1.0,1.0,1.0,1.0,1.0
2023-11-29,0.9492345530895591,0.9492345530895591,0.05951944255615572,True,0.5935389294483974,False,0.11760392961287655,1.0,0.0001399365518748,histogram_gradient_boosting,logistic,1.0,1.0,1.0,1.0,1.0
2023-11-30,0.9492345530895591,0.9492345530895591,0.06016075586824912,True,0.5972903409996725,False,0.11423619209550244,1.0,0.0001398844816205,histogram_gradient_boosting,logistic,1.0,1.0,1.0,1.0,1.0
2023-12-01,0.9492345530895591,0.9492345530895591,0.0608737831134234,True,0.5969452699867512,False,0.11287398079803371,1.0,0.0001392855655055,histogram_gradient_boosting,logistic,1.0,1.0,1.0,1.0,1.0
2023-12-04,0.9492345530895591,0.9492345530895591,0.06067759132774569,True,0.5968858847266917,False,0.12348240546340301,1.0,0.0004185400736229,histogram_gradient_boosting,logistic,1.0,1.0,1.0,1.0,1.0
2023-12-05,0.9492345530895591,0.9492345530895591,0.05942097334186514,True,0.5952927920281741,False,0.121721114781332,1.0,0.0001400146678209,histogram_gradient_boosting,logistic,1.0,1.0,1.0,1.0,1.0
2023-12-06,0.9492345530895591,0.9492345530895591,0.05891417009333042,True,0.5955476172839814,False,0.12293716955455883,1.0,0.0001400146678209,histogram_gradient_boosting,logistic,1.0,1.0,1.0,1.0,1.0
2023-12-07,0.9492345530895591,0.9492345530895591,0.07987472519744855,True,0.5968038334513823,False,0.1305461230076325,1.0,0.0001397542892513,histogram_gradient_boosting,logistic,1.0,1.0,1.0,1.0,1.0
2023-12-08,0.9492345530895591,0.9492345530895591,0.07973362850666543,True,0.5952691572332337,False,0.12480781324813353,1.0,0.0001397542892513,histogram_gradient_boosting,logistic,1.0,1.0,1.0,1.0,1.0
2023-12-11,0.9492345530895591,0.9492345530895591,0.07035274097343937,True,0.5986959063195918,False,0.122804400903225,1.0,0.0004193214642678,histogram_gradient_boosting,logistic,1.0,1.0,1.0,1.0,1.0
2023-12-12,0.9492345530895591,0.9492345530895591,0.06469643098694601,True,0.5986597424063026,False,0.11855516932807723,1.0,0.0001401448478535,histogram_gradient_boosting,logistic,1.0,1.0,1.0,1.0,1.0
2023-12-13,0.9492345530895591,0.9492345530895591,0.06035538392061035,True,0.605305223570024,False,0.11190336760931141,1.0,0.0001394938984218,histogram_gradient_boosting,logistic,1.0,1.0,1.0,1.0,1.0
2023-12-14,0.9492345530895591,0.9492345530895591,0.05910501889573271,True,0.6000246055474923,False,0.11711569185814784,1.0,0.0001392855655055,histogram_gradient_boosting,logistic,1.0,1.0,1.0,1.0,1.0
2023-12-15,0.9492345530895591,0.9492345530895591,0.06035538392061035,True,0.5993474734040871,False,0.113991370829374,1.0,0.0001395459760784,histogram_gradient_boosting,logistic,1.0,1.0,1.0,1.0,1.0
2023-12-18,0.9492345530895591,0.9492345530895591,0.06035538392061035,True,0.6026730986482907,False,0.11533056439761015,1.0,0.000418696350191,histogram_gradient_boosting,logistic,1.0,1.0,1.0,1.0,1.0
2023-12-19,0.9492345530895591,0.9492345530895591,0.05461453636861055,True,0.60346834466485,False,0.11355308459978415,1.0,0.0001398844816205,histogram_gradient_boosting,logistic,1.0,1.0,1.0,1.0,1.0
2023-12-20,0.9492345530895591,0.9492345530895591,0.07764575782459435,True,0.5980423956881008,False,0.12918108972209777,1.0,0.0001396761783183,histogram_gradient_boosting,logistic,1.0,1.0,1.0,1.0,1.0
2023-12-21,0.9492345530895591,0.9492345530895591,0.06298999438845623,True,0.599837204895933,False,0.13221089920993215,1.0,0.000139155344754,histogram_gradient_boosting,logistic,1.0,1.0,1.0,1.0,1.0
2023-12-22,0.9492345530895591,0.9492345530895591,0.06377587246431657,True,0.5982037187666054,False,0.12723890154903392,1.0,0.0001391032596926,histogram_gradient_boosting,logistic,1.0,1.0,1.0,1.0,1.0
2023-12-26,0.9492345530895591,0.9492345530895591,0.06268693687598871,True,0.5981158223991911,False,0.1270735165681717,1.0,0.0005560080129576,histogram_gradient_boosting,logistic,1.0,1.0,1.0,1.0,1.0
2023-12-27,0.9492345530895591,0.9492345530895591,0.07268736184976084,True,0.5960408299907975,False,0.12357439283467891,1.0,0.0001398063743887,histogram_gradient_boosting,logistic,1.0,1.0,1.0,1.0,1.0
2023-12-28,0.9492345530895591,0.9492345530895591,0.06356085272993989,True,0.5985552739482781,False,0.11695545514485976,1.0,0.0001393636875435,histogram_gradient_boosting,logistic,1.0,1.0,1.0,1.0,1.0
2023-12-29,0.9492345530895591,0.9492345530895591,0.06386251443542179,True,0.5961021559892791,False,0.11441146536333684,1.0,0.0001383739030349,histogram_gradient_boosting,logistic,1.0,1.0,1.0,1.0,1.0
2024-01-02,0.9492345530895591,0.9492345530895591,0.09292296311306003,True,0.6070564197970166,False,0.13253558318612982,1.0,0.0005570502085303,logistic,logistic,1.0,1.0,1.0,1.0,1.0
2024-01-03,0.9492345530895591,0.9492345530895591,0.09502751335801171,True,0.60741913681591,False,0.13749229076684727,1.0,0.0001398063743887,logistic,logistic,1.0,1.0,1.0,1.0,1.0
2024-01-04,0.9492345530895591,0.9492345530895591,0.09752203926817637,True,0.6072783902512563,False,0.13657049885924696,1.0,0.0001396241031295,logistic,logistic,1.0,1.0,1.0,1.0,1.0
2024-01-05,0.9492345530895591,0.9492345530895591,0.09667084196851623,True,0.6076256392049273,False,0.13155159137757855,1.0,0.0001394157676684,logistic,logistic,1.0,1.0,1.0,1.0,1.0
2024-01-08,0.9492345530895591,0.9492345530895591,0.10172605477123312,True,0.6084821998320863,False,0.13943721660122102,1.0,0.0004183056159838,logistic,logistic,1.0,1.0,1.0,1.0,1.0
2024-01-09,0.9492345530895591,0.9492345530895591,0.09783257205261997,True,0.6087536720040139,False,0.13494252664140938,1.0,0.0001396761783183,logistic,logistic,1.0,1.0,1.0,1.0,1.0
2024-01-10,0.9492345530895591,0.9492345530895591,0.09821659999179709,True,0.6103542269775175,False,0.13245448195470388,1.0,0.0001395459760784,logistic,logistic,1.0,1.0,1.0,1.0,1.0
2024-01-11,0.9492345530895591,0.9492345530895591,0.0963032643767309,True,0.6106002809540663,False,0.12862727182444214,1.0,0.0001393636875435,logistic,logistic,1.0,1.0,1.0,1.0,1.0
2024-01-12,0.9492345530895591,0.9492345530895591,0.09540085866460313,True,0.6114748097537881,False,0.12935456126254521,1.0,0.0001388427947353,logistic,logistic,1.0,1.0,1.0,1.0,1.0
2024-01-16,0.9492345530895591,0.9492345530895591,0.09987220584602753,True,0.6130050148931862,False,0.12569998357485618,1.0,0.0005560080129576,logistic,logistic,1.0,1.0,1.0,1.0,1.0
2024-01-17,0.9492345530895591,0.9492345530895591,0.10475011840626641,True,0.6130640684847395,False,0.1373671128821089,1.0,0.0001392855655055,logistic,logistic,1.0,1.0,1.0,1.0,1.0
2024-01-18,0.9492345530895591,0.9492345530895591,0.10598563159436979,True,0.6126824840657388,False,0.13952357173347285,1.0,0.000138894884734,logistic,logistic,1.0,1.0,1.0,1.0,1.0
2024-01-19,0.9492345530895591,0.9492345530895591,0.1065872086260903,True,0.6133076516732379,False,0.13954672668741494,1.0,0.0001388427947353,logistic,logistic,1.0,1.0,1.0,1.0,1.0
2024-01-22,0.9492345530895591,0.9492345530895591,0.10845598180563168,True,0.6116739842016229,False,0.13816654087964542,1.0,0.0004167425322487,logistic,logistic,1.0,1.0,1.0,1.0,1.0
2024-01-23,0.9492345530895591,0.9492345530895591,0.1037108118135085,True,0.6127495774380253,False,0.13220704732925184,1.0,0.000139155344754,logistic,logistic,1.0,1.0,1.0,1.0,1.0
2024-01-24,0.9492345530895591,0.9492345530895591,0.10494148590367504,True,0.6132373111046034,False,0.13353976623355315,1.0,0.000139155344754,logistic,logistic,1.0,1.0,1.0,1.0,1.0
2024-01-25,0.9492345530895591,0.9492345530895591,0.10774148318189702,True,0.6140369952520688,False,0.13619267024918413,1.0,0.0001387646578854,logistic,logistic,1.0,1.0,1.0,1.0,1.0
2024-01-26,0.9492345530895591,0.9492345530895591,0.10688109743923482,True,0.6143147680924543,False,0.12876565172828924,1.0,0.000138894884734,logistic,logistic,1.0,1.0,1.0,1.0,1.0
2024-01-29,0.9492345530895591,0.9492345530895591,0.1091400191973034,True,0.6140760133503407,False,0.13493275462716928,1.0,0.0004167425322487,logistic,logistic,1.0,1.0,1.0,1.0,1.0
2024-01-30,0.9492345530895591,0.9492345530895591,0.10666356191636053,True,0.6131298245472798,False,0.13476425993498165,1.0,0.0001389730303005,logistic,logistic,1.0,1.0,1.0,1.0,1.0
2024-01-31,0.9492345530895591,0.9492345530895591,0.10907809458559048,True,0.6102570532035028,False,0.14735943282183195,1.0,0.0001385823175059,logistic,logistic,1.0,1.0,1.0,1.0,1.0
2024-02-01,0.9492345530895591,0.9492345530895591,0.10944679023204162,True,0.6095121028750025,False,0.14603763935487016,1.0,0.000138894884734,logistic,logistic,1.0,1.0,1.0,1.0,1.0
2024-02-02,0.9492345530895591,0.9492345530895591,0.11166953708153897,True,0.6106489787714653,False,0.1476397401280259,1.0,0.000139155344754,logistic,logistic,1.0,1.0,1.0,1.0,1.0
2024-02-05,0.9492345530895591,0.9492345530895591,0.11210540398160214,True,0.6102783451555802,False,0.14671794721987155,1.0,0.000418930796781,logistic,logistic,1.0,1.0,1.0,1.0,1.0
2024-02-06,0.9492345530895591,0.9492345530895591,0.10700967869796016,True,0.6114079318226256,False,0.13970748959816204,1.0,0.0001394938984218,logistic,logistic,1.0,1.0,1.0,1.0,1.0
2024-02-07,0.9492345530895591,0.9492345530895591,0.10341022989217868,True,0.6125575131490465,False,0.13215758998942312,1.0,0.0001394938984218,logistic,logistic,1.0,1.0,1.0,1.0,1.0
2024-02-08,0.9492345530895591,0.9492345530895591,0.1025470062954747,True,0.6110695533677555,False,0.13127834381873507,1.0,0.0001393636875435,logistic,logistic,1.0,1.0,1.0,1.0,1.0
2024-02-09,0.9492345530895591,0.9492345530895591,0.10346938420660223,True,0.610774377494537,False,0.12884181706444348,1.0,0.0001394157676684,logistic,logistic,1.0,1.0,1.0,1.0,1.0
2024-02-12,0.9492345530895591,0.9492345530895591,0.109263461638763,True,0.6097994954740252,False,0.13789315244488973,1.0,0.000418930796781,logistic,logistic,1.0,1.0,1.0,1.0,1.0
2024-02-13,0.9492345530895591,0.9492345530895591,0.12084499222525226,True,0.6105294391343368,False,0.1601938747929724,1.0,0.0001397542892513,logistic,logistic,1.0,1.0,1.0,1.0,1.0
2024-02-14,0.9492345530895591,0.9492345530895591,0.1147436807401304,True,0.6097818475294304,False,0.14892102696889606,1.0,0.0001393636875435,logistic,logistic,1.0,1.0,1.0,1.0,1.0
2024-02-15,0.9492345530895591,0.9492345530895591,0.11061660008096447,True,0.6098404044833712,False,0.14530361906558828,1.0,0.0001393636875435,logistic,logistic,1.0,1.0,1.0,1.0,1.0
2024-02-16,0.9492345530895591,0.9492345530895591,0.10989776641139597,True,0.6105192069377573,False,0.14533718642782956,1.0,0.0001394938984218,logistic,logistic,1.0,1.0,1.0,1.0,1.0
2024-02-20,0.9492345530895591,0.9492345530895591,0.1169077904897421,True,0.611813618536496,False,0.15582331018522388,1.0,0.0005570502085303,logistic,logistic,1.0,1.0,1.0,1.0,1.0
2024-02-21,0.9492345530895591,0.9492345530895591,0.11415181298539094,True,0.6123269527345093,False,0.15282602577729928,1.0,0.0001398063743887,logistic,logistic,1.0,1.0,1.0,1.0,1.0
2024-02-22,0.9492345530895591,0.9492345530895591,0.12048295600268225,True,0.6130987974148175,False,0.15824468843813685,1.0,0.0001397542892513,logistic,logistic,1.0,1.0,1.0,1.0,1.0
2024-02-23,0.9492345530895591,0.9492345530895591,0.11571362433661697,True,0.612477360346443,False,0.15224459480540262,1.0,0.0001399365518748,logistic,logistic,1.0,1.0,1.0,1.0,1.0
2024-02-26,0.9492345530895591,0.9492345530895591,0.11421942254731351,True,0.610890383897191,False,0.1514680216978257,1.0,0.0004206497078009,logistic,logistic,1.0,1.0,1.0,1.0,1.0
2024-02-27,0.9492345530895591,0.9492345530895591,0.11357671016266926,True,0.6116203189960577,False,0.1480654967686579,1.0,0.0001400667356084,logistic,logistic,1.0,1.0,1.0,1.0,1.0
2024-02-28,0.9492345530895591,0.9492345530895591,0.1161855053185145,True,0.6114251060331414,False,0.15118818262671582,1.0,0.0001399365518748,logistic,logistic,1.0,1.0,1.0,1.0,1.0
2024-02-29,0.9492345530895591,0.9492345530895591,0.11276261387502305,True,0.6104458001110666,False,0.13461188724498882,1.0,0.0001394938984218,logistic,logistic,1.0,1.0,1.0,1.0,1.0
2024-03-01,0.9492345530895591,0.9492345530895591,0.1119967008909563,True,0.6101718902978107,False,0.13630003946193756,1.0,0.0001392855655055,logistic,logistic,1.0,1.0,1.0,1.0,1.0
2024-03-04,0.9492345530895591,0.9492345530895591,0.11134667468053118,True,0.6094302491547855,False,0.13906024940169606,1.0,0.0004185400736229,logistic,logistic,1.0,1.0,1.0,1.0,1.0
2024-03-05,0.9492345530895591,0.9492345530895591,0.11329387736052833,True,0.6082264768064146,False,0.15296800366468233,1.0,0.0001395459760784,logistic,logistic,1.0,1.0,1.0,1.0,1.0
2024-03-06,0.9492345530895591,0.9492345530895591,0.11377804591724558,True,0.6077931103347026,False,0.15331013293515522,1.0,0.0001396761783183,logistic,logistic,1.0,1.0,1.0,1.0,1.0
2024-03-07,0.9492345530895591,0.9492345530895591,0.1137401235912517,True,0.6074155403222622,False,0.15442628600888345,1.0,0.0001396241031295,logistic,logistic,1.0,1.0,1.0,1.0,1.0
2024-03-08,0.9492345530895591,0.9492345530895591,0.11152749660410716,True,0.60772213829416,False,0.1568962832169533,1.0,0.0001396241031295,logistic,logistic,1.0,1.0,1.0,1.0,1.0
2024-03-11,0.9492345530895591,0.9492345530895591,0.11268999103575301,True,0.6091769562341989,False,0.1611758033069375,1.0,0.0004198684050804,logistic,logistic,1.0,1.0,1.0,1.0,1.0
2024-03-12,0.9492345530895591,0.9492345530895591,0.10752944443073394,True,0.6107538397793736,False,0.14909036872966785,1.0,0.0001399365518748,logistic,logistic,1.0,1.0,1.0,1.0,1.0
2024-03-13,0.9492345530895591,0.9492345530895591,0.10645363774080631,True,0.6089728372827768,False,0.1483734646732508,1.0,0.0001398844816205,logistic,logistic,1.0,1.0,1.0,1.0,1.0
2024-03-14,0.9492345530895591,0.9492345530895591,0.10746985468814661,True,0.6108143413551772,False,0.1501239241709363,1.0,0.0001398844816205,logistic,logistic,1.0,1.0,1.0,1.0,1.0
2024-03-15,0.9492345530895591,0.9492345530895591,0.10430419823959017,True,0.6110075083283524,False,0.14875529081112862,0.75,0.0001398844816205,logistic,logistic,1.0,1.0,1.0,1.0,1.0
2024-03-18,0.9492345530895591,0.9492345530895591,0.10760216507134251,True,0.611160756111433,False,0.15005354269213694,1.0,0.0004197121506033,logistic,logistic,1.0,1.0,1.0,1.0,1.0
2024-03-19,0.9492345530895591,0.9492345530895591,0.10683991112011222,True,0.6105143443715345,False,0.14293925497913523,1.0,0.0001398844816205,logistic,logistic,1.0,1.0,1.0,1.0,1.0
2024-03-20,0.9492345530895591,0.9492345530895591,0.10467227641802333,True,0.6098456910767889,False,0.13836645486085145,1.0,0.0001396241031295,logistic,logistic,1.0,1.0,1.0,1.0,1.0
2024-03-21,0.9492345530895591,0.9492345530895591,0.09877591529687182,True,0.6100197570647798,False,0.1340549487782217,1.0,0.0001396241031295,logistic,logistic,1.0,1.0,1.0,1.0,1.0
2024-03-22,0.9492345530895591,0.9492345530895591,0.09604334270685927,True,0.6099515928121287,False,0.12748199895720713,1.0,0.0001394157676684,logistic,logistic,1.0,1.0,1.0,1.0,1.0
2024-03-25,0.9492345530895591,0.9492345530895591,0.09708108815130895,True,0.6102758579425744,False,0.1306912729036381,1.0,0.0004181493320496,logistic,logistic,1.0,1.0,1.0,1.0,1.0
2024-03-26,0.9492345530895591,0.9492345530895591,0.09775042761373041,True,0.6104145803846841,False,0.13290246443381976,1.0,0.0001393636875435,logistic,logistic,1.0,1.0,1.0,1.0,1.0
2024-03-27,0.9492345530895591,0.9492345530895591,0.09393231060257112,True,0.6093822589439821,False,0.12377677662249932,1.0,0.0001392855655055,logistic,logistic,1.0,1.0,1.0,1.0,1.0
2024-03-28,0.9492345530895591,0.9492345530895591,0.09296518368950239,True,0.6097668077259327,False,0.12281096870959393,1.0,0.0001389730303005,logistic,logistic,1.0,1.0,1.0,1.0,1.0
2024-04-01,0.9492345530895591,0.9492345530895591,0.09763546932381614,True,0.6118569209131809,False,0.12709672380911627,0.75,0.0005575712944259,logistic,logistic,1.0,1.0,1.0,1.0,1.0
2024-04-02,0.9492345530895591,0.9492345530895591,0.10200078136666788,True,0.612485542450221,False,0.13858067641235775,0.75,0.0001392334704943,logistic,logistic,1.0,1.0,1.0,1.0,1.0
2024-04-03,0.9492345530895591,0.9492345530895591,0.1035322898981774,True,0.6113964793230373,False,0.13499254810112216,1.0,0.000139155344754,logistic,logistic,1.0,1.0,1.0,1.0,1.0
2024-04-04,0.9492345530895591,0.9492345530895591,0.11356184790621617,True,0.6123629986156051,False,0.15584484090939987,0.5,0.0001389730303005,logistic,logistic,1.0,1.0,1.0,1.0,1.0
2024-04-05,0.9492345530895591,0.9492345530895591,0.11296381833976468,True,0.6142346632358644,False,0.15619660775233885,0.75,0.0001392855655055,logistic,logistic,1.0,1.0,1.0,1.0,1.0
2024-04-08,0.9492345530895591,0.9492345530895591,0.11082395873571982,True,0.6129717623090342,False,0.1489394479983668,1.0,0.0004185400736229,logistic,logistic,1.0,1.0,1.0,1.0,1.0
2024-04-09,0.9492345530895591,0.9492345530895591,0.10834136372787512,True,0.6112971172092724,False,0.1464821812886883,1.0,0.0001394157676684,logistic,logistic,1.0,1.0,1.0,1.0,1.0
2024-04-10,0.9492345530895591,0.9492345530895591,0.11019763180078093,True,0.6127761400876631,False,0.15169599705643708,0.75,0.0001400146678209,logistic,logistic,1.0,1.0,1.0,1.0,1.0
2024-04-11,0.9492345530895591,0.9492345530895591,0.10668101683953257,True,0.6119753508909598,False,0.14574268050887165,1.0,0.0001398844816205,logistic,logistic,1.0,1.0,1.0,1.0,1.0
2024-04-12,0.9492345530895591,0.9492345530895591,0.11422614103422188,True,0.6107222980744673,False,0.16737636904622333,0.75,0.0001396761783183,logistic,logistic,1.0,1.0,1.0,1.0,1.0
2024-04-15,0.9492345530895591,0.9492345530895591,0.12438978970720543,True,0.6108232269210139,False,0.18346198193666235,0.5,0.0004197121506033,logistic,logistic,1.0,1.0,1.0,1.0,1.0
2024-04-16,0.9492345530895591,0.9492345530895591,0.12138689009481003,True,0.6097070059069035,False,0.17768998592520768,0.5,0.0001397542892513,logistic,logistic,1.0,1.0,1.0,1.0,1.0
2024-04-17,0.9492345530895591,0.9492345530895591,0.11807791699155064,True,0.6095485904784953,False,0.176740193836735,0.5,0.0001399365518748,logistic,logistic,1.0,1.0,1.0,1.0,1.0
2024-04-18,0.9492345530895591,0.9492345530895591,0.11302172720726135,True,0.6101749148064367,False,0.16463382065003554,0.5,0.0001400146678209,logistic,logistic,1.0,1.0,1.0,1.0,1.0
2024-04-19,0.8246172765447795,0.9492345530895591,0.11369294410658753,True,0.6109371391334145,False,0.17278443627580317,0.25,0.0001400667356084,logistic,logistic,1.0,1.0,0.7,1.0,0.7
2024-04-22,0.7623086382723897,0.8246172765447795,0.11622081823391249,True,0.6118335112237928,False,0.1681568425400936,0.25,0.0004202590656443,logistic,logistic,1.0,1.0,0.7,1.0,0.7
2024-04-23,0.8811543191361948,0.7623086382723897,0.11713851416904057,True,0.6123466114201088,False,0.16432423687986872,0.5,0.0001400667356084,logistic,logistic,1.0,1.0,1.0,1.0,1.0
2024-04-24,0.7905771595680974,0.8811543191361948,0.11825204529034866,True,0.6126933938571227,False,0.16607332171678707,0.25,0.0001403270845723,logistic,logistic,1.0,1.0,0.7,1.0,0.7
2024-04-25,0.7905771595680974,0.7905771595680974,0.11734476887648243,True,0.6124253712837656,False,0.16153939595615785,0.25,0.0001400667356084,logistic,logistic,1.0,1.0,0.7,1.0,0.7
2024-04-26,0.8952885797840486,0.7905771595680974,0.1134377912595425,True,0.6131569419321055,False,0.15328526161976594,0.5,0.0001398844816205,logistic,logistic,1.0,1.0,1.0,1.0,1.0
2024-04-29,0.9476442898920243,0.8952885797840486,0.11084950458508322,True,0.6127619471525443,False,0.15092370540534858,0.5,0.0004201028185293,logistic,logistic,1.0,1.0,1.0,1.0,1.0
2024-04-30,0.8238221449460121,0.9476442898920243,0.11780424375199766,True,0.6110603324448529,False,0.16461695652803232,0.25,0.0001400667356084,logistic,logistic,1.0,1.0,0.7,1.0,0.7
2024-05-01,0.761911072473006,0.8238221449460121,0.11548959570622716,True,0.6113420084700804,False,0.1622152133477269,0.25,0.000140196913174,logistic,logistic,1.0,1.0,0.7,1.0,0.7
2024-05-02,0.761911072473006,0.761911072473006,0.11588928957035259,True,0.6111429693479541,False,0.15826721525815476,0.25,0.0001398844816205,logistic,logistic,1.0,1.0,0.7,1.0,0.7
2024-05-03,0.880955536236503,0.761911072473006,0.11017681755301884,True,0.6109448603870145,False,0.15056810686871036,0.5,0.0001398063743887,logistic,logistic,1.0,1.0,1.0,1.0,1.0
2024-05-06,0.9404777681182515,0.880955536236503,0.11222077678347335,True,0.6112104223492779,False,0.15248920351116646,0.75,0.0004198684050804,logistic,logistic,1.0,1.0,1.0,1.0,1.0
2024-05-07,0.9404777681182515,0.9404777681182515,0.10661282758348312,True,0.6120636531560462,False,0.14544661591180227,0.75,0.0001400146678209,logistic,logistic,1.0,1.0,1.0,1.0,1.0
2024-05-08,0.9404777681182515,0.9404777681182515,0.10205965820582898,True,0.610537471012342,False,0.14040770661362476,1.0,0.0001400667356084,logistic,logistic,1.0,1.0,1.0,1.0,1.0
2024-05-09,0.9404777681182515,0.9404777681182515,0.09872473298746959,True,0.6114904223008437,False,0.13700721481005868,0.75,0.0001399365518748,logistic,logistic,1.0,1.0,1.0,1.0,1.0
2024-05-10,0.9404777681182515,0.9404777681182515,0.09727664602994125,True,0.6102405311822972,False,0.12785514662557904,1.0,0.0001400146678209,logistic,logistic,1.0,1.0,1.0,1.0,1.0
2024-05-13,0.9404777681182515,0.9404777681182515,0.10210861700682332,True,0.6095525784049949,False,0.12362343903592538,1.0,0.0004198684050804,logistic,logistic,1.0,1.0,1.0,1.0,1.0
2024-05-14,0.9404777681182515,0.9404777681182515,0.10238743855394145,True,0.6094874699392457,False,0.1287096830468727,1.0,0.0001398063743887,logistic,logistic,1.0,1.0,1.0,1.0,1.0
2024-05-15,0.9404777681182515,0.9404777681182515,0.10069450073590223,True,0.6086473213022658,False,0.13008599763471618,1.0,0.0001399365518748,logistic,logistic,1.0,1.0,1.0,1.0,1.0
2024-05-16,0.9404777681182515,0.9404777681182515,0.09825748642536702,True,0.6079311680902404,False,0.13073518157872763,1.0,0.0001400146678209,logistic,logistic,1.0,1.0,1.0,1.0,1.0
2024-05-17,0.9404777681182515,0.9404777681182515,0.09795381894990984,True,0.6069322954499138,False,0.12525679780015198,1.0,0.0001399365518748,logistic,logistic,1.0,1.0,1.0,1.0,1.0
2024-05-20,0.9404777681182515,0.9404777681182515,0.09679723399423261,True,0.6068526283423725,False,0.12604998895773617,1.0,0.0004198684050804,logistic,logistic,1.0,1.0,1.0,1.0,1.0
2024-05-21,0.9404777681182515,0.9404777681182515,0.09288494106973369,True,0.6074359394975043,False,0.12329968876080179,1.0,0.0001399365518748,logistic,logistic,1.0,1.0,1.0,1.0,1.0
2024-05-22,0.9404777681182515,0.9404777681182515,0.09184061976638096,True,0.606992574695125,False,0.11941654345790048,1.0,0.0001400667356084,logistic,logistic,1.0,1.0,1.0,1.0,1.0
2024-05-23,0.9404777681182515,0.9404777681182515,0.09382540137653454,True,0.6068414772502096,False,0.12425451688389985,1.0,0.0001400667356084,logistic,logistic,1.0,1.0,1.0,1.0,1.0
2024-05-24,0.9404777681182515,0.9404777681182515,0.09064173528201826,True,0.607494408303457,False,0.12007039791253345,1.0,0.0001400667356084,logistic,logistic,1.0,1.0,1.0,1.0,1.0
2024-05-28,0.9404777681182515,0.9404777681182515,0.0964804944793533,True,0.6076828605506182,False,0.1270014948563515,1.0,0.0005606972458949,logistic,logistic,1.0,1.0,1.0,1.0,1.0
2024-05-29,0.9404777681182515,0.9404777681182515,0.10748455591887594,True,0.6075947516878764,False,0.13716435249131587,1.0,0.000140196913174,logistic,logistic,1.0,1.0,1.0,1.0,1.0
2024-05-30,0.9404777681182515,0.9404777681182515,0.10791938738069981,True,0.6057122854434998,False,0.1417996533819888,1.0,0.0001401448478535,logistic,logistic,1.0,1.0,1.0,1.0,1.0
2024-05-31,0.9404777681182515,0.9404777681182515,0.1000075840687514,True,0.6070303353121423,False,0.1294361741570223,1.0,0.0001400667356084,logistic,logistic,1.0,1.0,1.0,1.0,1.0
2024-06-03,0.9404777681182515,0.9404777681182515,0.09895094386665493,True,0.6077087447125988,False,0.12590227466224543,1.0,0.0004201028185293,logistic,logistic,1.0,1.0,1.0,1.0,1.0
2024-06-04,0.9404777681182515,0.9404777681182515,0.09690339066982079,True,0.6089218050201956,False,0.12479006094922795,1.0,0.0001399365518748,logistic,logistic,1.0,1.0,1.0,1.0,1.0
2024-06-05,0.9404777681182515,0.9404777681182515,0.09857233348611767,True,0.6084067271631471,False,0.12974238793999038,1.0,0.0001399365518748,logistic,logistic,1.0,1.0,1.0,1.0,1.0
2024-06-06,0.9404777681182515,0.9404777681182515,0.09639594921937086,True,0.6088509782346083,False,0.12692865314941992,1.0,0.0001397542892513,logistic,logistic,1.0,1.0,1.0,1.0,1.0
2024-06-07,0.9404777681182515,0.9404777681182515,0.09684632685567408,True,0.6093082958331494,False,0.12364617979488862,1.0,0.0001398844816205,logistic,logistic,1.0,1.0,1.0,1.0,1.0
2024-06-10,0.9404777681182515,0.9404777681182515,0.10073758867691697,True,0.6094040563007218,False,0.128020788052945,1.0,0.0004193214642678,logistic,logistic,1.0,1.0,1.0,1.0,1.0
2024-06-11,0.9404777681182515,0.9404777681182515,0.10262629312066958,True,0.609969033279754,False,0.1295203020356517,1.0,0.0001400667356084,logistic,logistic,1.0,1.0,1.0,1.0,1.0
2024-06-12,0.9404777681182515,0.9404777681182515,0.09689029374281884,True,0.609818863564871,False,0.11952638252442281,1.0,0.0001400146678209,logistic,logistic,1.0,1.0,1.0,1.0,1.0
2024-06-13,0.9404777681182515,0.9404777681182515,0.09320088517484262,True,0.6107666127958125,False,0.1159871380004521,1.0,0.0001399365518748,logistic,logistic,1.0,1.0,1.0,1.0,1.0
2024-06-14,0.9404777681182515,0.9404777681182515,0.09296553316454971,True,0.6108270681207648,False,0.11704313142614726,1.0,0.0001399365518748,logistic,logistic,1.0,1.0,1.0,1.0,1.0
2024-06-17,0.9404777681182515,0.9404777681182515,0.09555099151774021,True,0.61065779746035,False,0.11910442842254337,1.0,0.0004201028185293,logistic,logistic,1.0,1.0,1.0,1.0,1.0
2024-06-18,0.9404777681182515,0.9404777681182515,0.09198056491610006,True,0.6108037299642094,False,0.11883839706682278,1.0,0.0001398063743887,logistic,logistic,1.0,1.0,1.0,1.0,1.0
2024-06-20,0.9404777681182515,0.9404777681182515,0.09847736732734035,True,0.6111157806627666,False,0.12962690133198107,1.0,0.0002791114252362,logistic,logistic,1.0,1.0,1.0,1.0,1.0
2024-06-21,0.9404777681182515,0.9404777681182515,0.09979488599372377,True,0.6112983134035916,False,0.130296077140042,1.0,0.0001392855655055,logistic,logistic,1.0,1.0,1.0,1.0,1.0
2024-06-24,0.9404777681182515,0.9404777681182515,0.09936255619182488,True,0.6111243786620338,False,0.1342046642548129,1.0,0.0004175241295867,logistic,logistic,1.0,1.0,1.0,1.0,1.0
2024-06-25,0.9404777681182515,0.9404777681182515,0.0978888865067226,True,0.6117352499560309,False,0.13052739255663737,1.0,0.0001394938984218,logistic,logistic,1.0,1.0,1.0,1.0,1.0
2024-06-26,0.9404777681182515,0.9404777681182515,0.0963486430811624,True,0.612523114880954,False,0.12848238144286878,1.0,0.0001396761783183,logistic,logistic,1.0,1.0,1.0,1.0,1.0
2024-06-27,0.9404777681182515,0.9404777681182515,0.0942407029769407,True,0.6114781231713993,False,0.12506264194500036,1.0,0.0001394938984218,logistic,logistic,1.0,1.0,1.0,1.0,1.0
2024-06-28,0.9404777681182515,0.9404777681182515,0.09795564861686817,True,0.6114213551354963,False,0.1260990069121483,1.0,0.0001392334704943,logistic,logistic,1.0,1.0,1.0,1.0,1.0
2024-07-01,0.9404777681182515,0.9404777681182515,0.09933084502701688,True,0.6116467953082552,False,0.12134599678407099,1.0,0.0004181493320496,logistic,logistic,1.0,1.0,1.0,1.0,1.0
2024-07-02,0.9404777681182515,0.9404777681182515,0.09938981361460333,True,0.6121376195222968,False,0.11991191673202774,1.0,0.0001396241031295,logistic,logistic,1.0,1.0,1.0,1.0,1.0
2024-07-03,0.9404777681182515,0.9404777681182515,0.10013145832373335,True,0.6113785974069064,False,0.12123935715244825,1.0,0.0001396761783183,logistic,logistic,1.0,1.0,1.0,1.0,1.0
2024-07-05,0.9404777681182515,0.9404777681182515,0.09965511072373834,True,0.6137416133861893,False,0.12262538472252466,1.0,0.0002791114252362,logistic,logistic,1.0,1.0,1.0,1.0,1.0
2024-07-08,0.9404777681182515,0.9404777681182515,0.09737477501272261,True,0.6127961419776381,False,0.11550472239311536,1.0,0.0004181493320496,logistic,logistic,1.0,1.0,1.0,1.0,1.0
2024-07-09,0.9404777681182515,0.9404777681182515,0.09678497090814277,True,0.6117897922811579,False,0.11916961951250764,1.0,0.0001395459760784,logistic,logistic,1.0,1.0,1.0,1.0,1.0
2024-07-10,0.9404777681182515,0.9404777681182515,0.09935580310490887,True,0.612097469063532,False,0.12214466568010812,1.0,0.0001395459760784,logistic,logistic,1.0,1.0,1.0,1.0,1.0
2024-07-11,0.9404777681182515,0.9404777681182515,0.10308987062016522,True,0.6097825703018702,False,0.13817327660478418,1.0,0.0001388427947353,logistic,logistic,1.0,1.0,1.0,1.0,1.0
2024-07-12,0.9404777681182515,0.9404777681182515,0.10042019935632454,True,0.6106044455889833,False,0.1333559527077819,1.0,0.0001388427947353,logistic,logistic,1.0,1.0,1.0,1.0,1.0
2024-07-15,0.9404777681182515,0.9404777681182515,0.10620544140299276,True,0.6108919614718503,False,0.1383407404515836,1.0,0.0004161953851764,logistic,logistic,1.0,1.0,1.0,1.0,1.0
2024-07-16,0.9404777681182515,0.9404777681182515,0.10728897790936157,True,0.6097531678332219,False,0.13902428233146435,1.0,0.0001387125529968,logistic,logistic,1.0,1.0,1.0,1.0,1.0
2024-07-17,0.9404777681182515,0.9404777681182515,0.11157069290364621,True,0.6099797813969426,False,0.1560374743351693,0.75,0.0001387646578854,logistic,logistic,1.0,1.0,1.0,1.0,1.0
2024-07-18,0.9404777681182515,0.9404777681182515,0.1198908707819668,True,0.6106730900448386,False,0.1668623111748843,0.75,0.0001387125529968,logistic,logistic,1.0,1.0,1.0,1.0,1.0
2024-07-19,0.9404777681182515,0.9404777681182515,0.11968066710283003,True,0.6098440417972937,False,0.16901388018877528,0.75,0.0001387125529968,logistic,logistic,1.0,1.0,1.0,1.0,1.0
2024-07-22,0.9404777681182515,0.9404777681182515,0.11700021464378853,True,0.609061940247402,False,0.1606724697364862,1.0,0.0004159608984943,logistic,logistic,1.0,1.0,1.0,1.0,1.0
2024-07-23,0.9404777681182515,0.9404777681182515,0.11629600854506952,True,0.6079123168470503,False,0.1583181301347345,1.0,0.0001381915367211,logistic,logistic,1.0,1.0,1.0,1.0,1.0
2024-07-24,0.9404777681182515,0.9404777681182515,0.12685110376204212,True,0.6088877684013357,False,0.1896748221446032,0.5,0.0001381133813482,logistic,logistic,1.0,1.0,1.0,1.0,1.0
2024-07-25,0.9404777681182515,0.9404777681182515,0.12541999837194232,True,0.60739863893581,False,0.19334840195692168,0.5,0.0001378528225328,logistic,logistic,1.0,1.0,1.0,1.0,1.0
2024-07-26,0.9404777681182515,0.9404777681182515,0.12066696434863591,True,0.6077873459909957,False,0.17947113057239125,0.5,0.0001377225462841,logistic,logistic,1.0,1.0,1.0,1.0,1.0
2024-07-29,0.9404777681182515,0.9404777681182515,0.1210519899740526,True,0.6081372376239583,False,0.18040512303655615,0.5,0.0004125989327099,logistic,logistic,1.0,1.0,1.0,1.0,1.0
2024-07-30,0.9404777681182515,0.9404777681182515,0.1221921423308411,True,0.6076136980698477,False,0.18840101414467456,0.5,0.0001372013422278,logistic,logistic,1.0,1.0,1.0,1.0,1.0
2024-07-31,0.9404777681182515,0.9404777681182515,0.12028181486203715,True,0.6086224727489332,False,0.18105171127240585,0.5,0.0001372013422278,logistic,logistic,1.0,1.0,1.0,1.0,1.0
2024-08-01,0.9404777681182515,0.9404777681182515,0.12307035100972999,True,0.609959807909031,False,0.19925325281183823,0.5,0.0001366800268542,logistic,logistic,1.0,1.0,1.0,1.0,1.0
2024-08-02,0.9404777681182515,0.9404777681182515,0.1357522795699513,True,0.6091696199647916,False,0.23236681547947394,0.5,0.0001344633945814,logistic,logistic,1.0,1.0,1.0,1.0,1.0
2024-08-05,0.8202388840591257,0.9404777681182515,0.16735751335674862,True,0.6089373699450904,False,0.3343105933721828,0.25,0.000405792686871,logistic,logistic,0.9571937184884506,0.9652849732865028,0.7,1.0,0.7
2024-08-06,0.7601194420295628,0.8202388840591257,0.14731968081160524,True,0.6090289273335907,False,0.2655025087449456,0.25,0.0001357675117477,logistic,logistic,1.0,1.0,0.7,1.0,0.7
2024-08-07,0.7601194420295628,0.7601194420295628,0.14173474184972573,True,0.6097028533305168,False,0.25420641640672154,0.25,0.0001357675117477,logistic,logistic,1.0,1.0,0.7,1.0,0.7
2024-08-08,0.8800597210147814,0.7601194420295628,0.14469522388472533,True,0.6116127642218716,False,0.23880613666565578,0.5,0.0001358457463092,logistic,logistic,1.0,1.0,1.0,1.0,1.0
2024-08-09,0.9400298605073907,0.8800597210147814,0.12518899098148856,True,0.6124431519862598,False,0.2147029780649231,0.5,0.0001356371241512,logistic,logistic,1.0,1.0,1.0,1.0,1.0
2024-08-12,0.8200149302536953,0.9400298605073907,0.12258110004495533,True,0.6131695960902842,False,0.20925186598766352,0.25,0.0004068100694083,logistic,logistic,1.0,1.0,0.7,1.0,0.7
2024-08-13,0.9100074651268477,0.8200149302536953,0.11088846318820961,True,0.6142011116902847,False,0.1929786316210719,0.5,0.0001350633626198,logistic,logistic,1.0,1.0,1.0,1.0,1.0
2024-08-14,0.9100074651268477,0.9100074651268477,0.10394200420676544,True,0.6128418845299196,False,0.17451417812238632,0.5,0.0001353241860828,logistic,logistic,1.0,1.0,1.0,1.0,1.0
2024-08-15,0.9100074651268477,0.9100074651268477,0.10205830960901877,True,0.6124582003553354,False,0.1654964190036276,0.75,0.0001357675117477,logistic,logistic,1.0,1.0,1.0,1.0,1.0
2024-08-16,0.9100074651268477,0.9100074651268477,0.09935175156453988,True,0.6116364231869568,False,0.16205329988315612,0.75,0.0001356371241512,logistic,logistic,1.0,1.0,1.0,1.0,1.0
2024-08-19,0.9100074651268477,0.9100074651268477,0.09691668282837719,True,0.6126819822586386,False,0.15998651826933677,0.75,0.0004060274986328,logistic,logistic,1.0,1.0,1.0,1.0,1.0
2024-08-20,0.9100074651268477,0.9100074651268477,0.10031867270044084,True,0.6128851274612103,False,0.16981750841666324,0.75,0.0001345416538445,logistic,logistic,1.0,1.0,1.0,1.0,1.0
2024-08-21,0.9100074651268477,0.9100074651268477,0.10088296046631855,True,0.6102343978399326,False,0.16959329369414733,1.0,0.0001338110975861,logistic,logistic,1.0,1.0,1.0,1.0,1.0
2024-08-22,0.9100074651268477,0.9100074651268477,0.10727587879476161,True,0.6104381092112026,False,0.179354511811663,1.0,0.0001343329450824,logistic,logistic,1.0,1.0,1.0,1.0,1.0
2024-08-23,0.9100074651268477,0.9100074651268477,0.10137432291972136,True,0.6102085444968977,False,0.16791297520921633,1.0,0.0001336806171134,logistic,logistic,1.0,1.0,1.0,1.0,1.0
2024-08-26,0.9100074651268477,0.9100074651268477,0.10297795723407561,True,0.609777223942128,False,0.16977410170139104,1.0,0.0004009388565568,logistic,logistic,1.0,1.0,1.0,1.0,1.0
2024-08-27,0.9100074651268477,0.9100074651268477,0.09998050821346349,True,0.6092246114006168,False,0.1643093988408821,1.0,0.0001328454127527,logistic,logistic,1.0,1.0,1.0,1.0,1.0
2024-08-28,0.9100074651268477,0.9100074651268477,0.10333716385684702,True,0.6114542370741849,False,0.17579620841730195,0.75,0.0001325060388372,logistic,logistic,1.0,1.0,1.0,1.0,1.0
2024-08-29,0.9100074651268477,0.9100074651268477,0.09945866397194246,True,0.6088308302162662,False,0.16056996952617517,0.75,0.0001327671051607,logistic,logistic,1.0,1.0,1.0,1.0,1.0
2024-08-30,0.9100074651268477,0.9100074651268477,0.10472798243629036,True,0.6082233025473592,False,0.15500068619771717,1.0,0.0001328454127527,logistic,logistic,1.0,1.0,1.0,1.0,1.0
2024-09-03,0.9100074651268477,0.9100074651268477,0.12372242128532634,True,0.6086926024327887,False,0.20336049496615338,0.5,0.0005316964463439,logistic,logistic,1.0,1.0,1.0,1.0,1.0
2024-09-04,0.9100074651268477,0.9100074651268477,0.12153079583907789,True,0.6080690344442599,False,0.20744361083417542,0.5,0.0001323232826304,logistic,logistic,1.0,1.0,1.0,1.0,1.0
2024-09-05,0.9100074651268477,0.9100074651268477,0.11464510207947677,True,0.6066225512457954,False,0.19762924760510087,0.5,0.0001319055120627,logistic,logistic,1.0,1.0,1.0,1.0,1.0
2024-09-06,0.9100074651268477,0.9100074651268477,0.135778177684449,True,0.607639813244274,False,0.2168887298750901,0.5,0.0001312787246299,logistic,logistic,1.0,1.0,1.0,1.0,1.0
2024-09-09,0.9100074651268477,0.9100074651268477,0.12001121250351794,True,0.6080743407386272,False,0.19609008167385153,0.5,0.0003928689088437,logistic,logistic,1.0,1.0,1.0,1.0,1.0
2024-09-10,0.9100074651268477,0.9100074651268477,0.10615839725195184,True,0.6085745777485202,False,0.19108964040772264,0.5,0.0001293713813801,logistic,logistic,1.0,1.0,1.0,1.0,1.0
2024-09-11,0.9100074651268477,0.9100074651268477,0.10540648971920269,True,0.6099860837391177,False,0.18295261622066114,0.5,0.0001304166646078,logistic,logistic,1.0,1.0,1.0,1.0,1.0
2024-09-12,0.9100074651268477,0.9100074651268477,0.10302721371049794,True,0.6100474314521936,False,0.17742491342889807,0.75,0.0001295020666483,logistic,logistic,1.0,1.0,1.0,1.0,1.0
2024-09-13,0.9100074651268477,0.9100074651268477,0.08980156220515384,True,0.6107934258433557,False,0.15680172375227083,0.75,0.0001274888663844,logistic,logistic,1.0,1.0,1.0,1.0,1.0
2024-09-16,0.9100074651268477,0.9100074651268477,0.09236069611050152,True,0.6109194894904311,False,0.16571394625060284,0.5,0.0003811025015414,logistic,logistic,1.0,1.0,1.0,1.0,1.0
2024-09-17,0.9100074651268477,0.9100074651268477,0.09375349897795611,True,0.611418756963921,False,0.16942348695488882,0.5,0.0001267564322176,logistic,logistic,1.0,1.0,1.0,1.0,1.0
2024-09-18,0.9100074651268477,0.9100074651268477,0.09731463920548472,True,0.6110321297637482,False,0.16731637935624216,0.5,0.0001236151920989,logistic,logistic,1.0,1.0,1.0,1.0,1.0
2024-09-19,0.9100074651268477,0.9100074651268477,0.09814244830967055,True,0.6115118601934126,False,0.16520765404082324,1.0,0.0001230389143573,logistic,logistic,1.0,1.0,1.0,1.0,1.0
2024-09-20,0.9100074651268477,0.9100074651268477,0.09746191487189372,True,0.6107093802120596,False,0.16371656310913207,1.0,0.0001217811557232,logistic,logistic,1.0,1.0,1.0,1.0,1.0
2024-09-23,0.9100074651268477,0.9100074651268477,0.09471129973541446,True,0.6122822178968009,False,0.16093170875435786,1.0,0.0003620840932669,logistic,logistic,1.0,1.0,1.0,1.0,1.0
2024-09-24,0.9100074651268477,0.9100074651268477,0.0919945944257965,True,0.6111270604864614,False,0.15623847684023132,1.0,0.0001204703690871,logistic,logistic,1.0,1.0,1.0,1.0,1.0
2024-09-25,0.9100074651268477,0.9100074651268477,0.091358841334137,True,0.6116117349715493,False,0.15526248830320372,1.0,0.0001202605886831,logistic,logistic,1.0,1.0,1.0,1.0,1.0
2024-09-26,0.9100074651268477,0.9100074651268477,0.08845942868044579,True,0.6101636675950871,False,0.14127445279682996,1.0,0.0001197622882052,logistic,logistic,1.0,1.0,1.0,1.0,1.0
2024-09-27,0.9100074651268477,0.9100074651268477,0.09281239027386011,True,0.6098839682505353,False,0.15601306768659517,0.75,0.0001201294631074,logistic,logistic,1.0,1.0,1.0,1.0,1.0
2024-09-30,0.9100074651268477,0.9100074651268477,0.09252663320111446,True,0.610616506696489,False,0.154732401939522,0.75,0.0003616907192369,logistic,logistic,1.0,1.0,1.0,1.0,1.0
2024-10-01,0.9100074651268477,0.9100074651268477,0.10276632197990887,True,0.6085123435644234,False,0.17580423643624205,0.75,0.0001201294631074,logistic,logistic,1.0,1.0,1.0,1.0,1.0
2024-10-02,0.9100074651268477,0.9100074651268477,0.10335568393697295,True,0.6085485751785791,False,0.17380428221736735,0.75,0.0001198934313049,logistic,logistic,1.0,1.0,1.0,1.0,1.0
2024-10-03,0.9100074651268477,0.9100074651268477,0.10902698649589526,True,0.6088933275029855,False,0.1814854978470918,0.75,0.0001196836068451,logistic,logistic,1.0,1.0,1.0,1.0,1.0
2024-10-04,0.9100074651268477,0.9100074651268477,0.11112053977353327,True,0.608065344961698,False,0.17293269168306336,0.75,0.0001207325814467,logistic,logistic,1.0,1.0,1.0,1.0,1.0
2024-10-07,0.9100074651268477,0.9100074651268477,0.12358762397931276,True,0.6077052159750348,False,0.19909747309220102,0.75,0.0003638148673237,logistic,logistic,1.0,1.0,1.0,1.0,1.0
2024-10-08,0.9100074651268477,0.9100074651268477,0.12286764828679174,True,0.6091807202868037,False,0.1930205637512547,0.75,0.0001213355549261,logistic,logistic,1.0,1.0,1.0,1.0,1.0
2024-10-09,0.9100074651268477,0.9100074651268477,0.12059314512280568,True,0.6109823646034104,False,0.18808475139353847,0.75,0.0001215190434185,logistic,logistic,1.0,1.0,1.0,1.0,1.0
2024-10-10,0.9100074651268477,0.9100074651268477,0.11937851059795573,True,0.6111069974972888,False,0.18821892970136594,1.0,0.000121387990388,logistic,logistic,1.0,1.0,1.0,1.0,1.0
2024-10-11,0.9100074651268477,0.9100074651268477,0.11884881820738645,True,0.6116506669966317,False,0.18354894760843285,1.0,0.0001209947562839,logistic,logistic,1.0,1.0,1.0,1.0,1.0
2024-10-14,0.9100074651268477,0.9100074651268477,0.11522018081815202,True,0.6116275832804621,False,0.1727543590525534,1.0,0.0003632642159112,logistic,logistic,1.0,1.0,1.0,1.0,1.0
2024-10-15,0.9100074651268477,0.9100074651268477,0.11794204482983409,True,0.6113719785307191,False,0.18536097080580144,1.0,0.0001209947562839,logistic,logistic,1.0,1.0,1.0,1.0,1.0
2024-10-16,0.9100074651268477,0.9100074651268477,0.11043787902010206,True,0.6102072502575007,False,0.17606602916195224,1.0,0.0001206801334752,logistic,logistic,1.0,1.0,1.0,1.0,1.0
2024-10-17,0.9100074651268477,0.9100074651268477,0.10949060816041849,True,0.6114598951319743,False,0.16884152984514378,1.0,0.0001209947562839,logistic,logistic,1.0,1.0,1.0,1.0,1.0
2024-10-18,0.9100074651268477,0.9100074651268477,0.10723824319416692,True,0.6114220405926417,False,0.16238400303708728,1.0,0.0001209423258179,logistic,logistic,1.0,1.0,1.0,1.0,1.0
2024-10-21,0.9100074651268477,0.9100074651268477,0.11075484883954885,True,0.6119754727765747,False,0.16360109976745413,1.0,0.0003632642159112,logistic,logistic,1.0,1.0,1.0,1.0,1.0
2024-10-22,0.9100074651268477,0.9100074651268477,0.10653514624908289,True,0.6126615191146778,False,0.14875589429814073,1.0,0.0001206014783949,logistic,logistic,1.0,1.0,1.0,1.0,1.0
2024-10-23,0.9100074651268477,0.9100074651268477,0.1108246433621305,True,0.6116340416087063,False,0.1719677293526284,1.0,0.0001207325814467,logistic,logistic,1.0,1.0,1.0,1.0,1.0
2024-10-24,0.9100074651268477,0.9100074651268477,0.11176174941849086,True,0.6128667836961262,False,0.17296083003033072,1.0,0.0001202605886831,logistic,logistic,1.0,1.0,1.0,1.0,1.0
2024-10-25,0.9100074651268477,0.9100074651268477,0.11565040413975294,True,0.6125133460352644,False,0.17998293976729113,1.0,0.0001208636782432,logistic,logistic,1.0,1.0,1.0,1.0,1.0
2024-10-28,0.9100074651268477,0.9100074651268477,0.11779491127379828,True,0.6118881079141936,False,0.1785276345561728,1.0,0.0003604316843197,logistic,logistic,1.0,1.0,1.0,1.0,1.0
2024-10-29,0.9100074651268477,0.9100074651268477,0.11963167515951627,True,0.6111798661997855,False,0.17457212694649704,1.0,0.0001200770161269,logistic,logistic,1.0,1.0,1.0,1.0,1.0
2024-10-30,0.9100074651268477,0.9100074651268477,0.11796139394152211,True,0.6115533083378744,False,0.176126985064698,1.0,0.0001196311388458,logistic,logistic,1.0,1.0,1.0,1.0,1.0
2024-10-31,0.9100074651268477,0.9100074651268477,0.12783817433934166,True,0.6107433041303032,False,0.21025411844173197,1.0,0.0001188179005862,logistic,logistic,1.0,1.0,1.0,1.0,1.0
2024-11-01,0.9100074651268477,0.9100074651268477,0.12392035480912715,True,0.6116121244558278,False,0.20106071721377863,1.0,0.0001179781653803,logistic,logistic,1.0,1.0,1.0,1.0,1.0
2024-11-04,0.9100074651268477,0.9100074651268477,0.12538849430019489,True,0.6102827703491303,False,0.20269922803188148,1.0,0.0003553937443372,logistic,logistic,1.0,1.0,1.0,1.0,1.0
2024-11-05,0.9100074651268477,0.9100074651268477,0.12445854383369999,True,0.6105298982691706,False,0.19465294665756652,1.0,0.0001185817435696,logistic,logistic,1.0,1.0,1.0,1.0,1.0
2024-11-06,0.9100074651268477,0.9100074651268477,0.11889337107792487,True,0.6109120379669714,False,0.17063390748709503,1.0,0.0001187654160526,logistic,logistic,1.0,1.0,1.0,1.0,1.0
2024-11-07,0.9100074651268477,0.9100074651268477,0.10734224725118932,True,0.610846668555452,False,0.15573689975132107,1.0,0.0001185030283947,logistic,logistic,1.0,1.0,1.0,1.0,1.0
2024-11-08,0.9100074651268477,0.9100074651268477,0.10570097656830807,True,0.6110073074801958,False,0.15486822763767238,1.0,0.0001185817435696,logistic,logistic,1.0,1.0,1.0,1.0,1.0
2024-11-11,0.9100074651268477,0.9100074651268477,0.10568518563418607,True,0.6113959665998251,False,0.15452111453634798,1.0,0.0003551574940583,logistic,logistic,1.0,1.0,1.0,1.0,1.0
2024-11-12,0.9100074651268477,0.9100074651268477,0.1079681738108109,True,0.6110381812018092,False,0.1525166238815928,1.0,0.0001185817435696,logistic,logistic,1.0,1.0,1.0,1.0,1.0
2024-11-13,0.9100074651268477,0.9100074651268477,0.10320447117839918,True,0.6117370253576148,False,0.13998450656152633,1.0,0.0001177156900113,logistic,logistic,1.0,1.0,1.0,1.0,1.0
2024-11-14,0.9100074651268477,0.9100074651268477,0.0999286032131693,True,0.6111105072703086,False,0.13235725445060828,1.0,0.0001175319473398,logistic,logistic,1.0,1.0,1.0,1.0,1.0
2024-11-15,0.9100074651268477,0.9100074651268477,0.11024784197742203,True,0.6105940826153838,False,0.16188955462420146,1.0,0.0001177944402612,logistic,logistic,1.0,1.0,1.0,1.0,1.0
2024-11-18,0.9100074651268477,0.9100074651268477,0.10930092259954553,True,0.6099508382227945,False,0.16099390111040623,1.0,0.0003542125007161,logistic,logistic,1.0,1.0,1.0,1.0,1.0
2024-11-19,0.9100074651268477,0.9100074651268477,0.11391166613572909,True,0.609948413172962,False,0.16847163435050388,1.0,0.0001181881201151,logistic,logistic,1.0,1.0,1.0,1.0,1.0
2024-11-20,0.9100074651268477,0.9100074651268477,0.11732565435375474,True,0.6097668127983239,False,0.17367048849845632,1.0,0.0001182406031636,logistic,logistic,1.0,1.0,1.0,1.0,1.0
2024-11-21,0.9100074651268477,0.9100074651268477,0.11598256827232004,True,0.6099626565922802,False,0.17084440994964495,1.0,0.0001183193383702,logistic,logistic,1.0,1.0,1.0,1.0,1.0
2024-11-22,0.9100074651268477,0.9100074651268477,0.1006017284663461,True,0.6098917216773612,False,0.14095875478843756,1.0,0.0001183718189123,logistic,logistic,1.0,1.0,1.0,1.0,1.0
2024-11-25,0.9100074651268477,0.9100074651268477,0.09515613992271536,True,0.6088778704376414,False,0.13476421324723603,1.0,0.000354370032122,logistic,logistic,1.0,1.0,1.0,1.0,1.0
2024-11-26,0.9100074651268477,0.9100074651268477,0.09290674749110737,True,0.6105510775329129,False,0.12875263975058335,1.0,0.0001178469308302,logistic,logistic,1.0,1.0,1.0,1.0,1.0
2024-11-27,0.9100074651268477,0.9100074651268477,0.09341123721776096,True,0.6095627739177639,False,0.1374722413985222,1.0,0.0001175844554404,logistic,logistic,1.0,1.0,1.0,1.0,1.0
2024-11-29,0.9100074651268477,0.9100074651268477,0.09194723596615409,True,0.6085474911981114,False,0.1324505823914898,1.0,0.0002345526358349,logistic,logistic,1.0,1.0,1.0,1.0,1.0
2024-12-02,0.9100074651268477,0.9100074651268477,0.09028555271288481,True,0.6082655301028546,False,0.1326352374559102,1.0,0.0003524009936344,logistic,logistic,1.0,1.0,1.0,1.0,1.0
2024-12-03,0.9100074651268477,0.9100074651268477,0.0928295084683326,True,0.6093209392649519,False,0.1324036028958375,1.0,0.0001168493633818,logistic,logistic,1.0,1.0,1.0,1.0,1.0
2024-12-04,0.9100074651268477,0.9100074651268477,0.09364697977175254,True,0.6100319607139949,False,0.13451341914267506,1.0,0.0001165342655022,logistic,logistic,1.0,1.0,1.0,1.0,1.0
2024-12-05,0.9100074651268477,0.9100074651268477,0.08632055217520612,True,0.6115929432675511,False,0.1287799726583287,1.0,0.0001161403485914,logistic,logistic,1.0,1.0,1.0,1.0,1.0
2024-12-06,0.9100074651268477,0.9100074651268477,0.08237093569704554,True,0.6121753213981886,False,0.12156778504085987,1.0,0.0001152209852703,logistic,logistic,1.0,1.0,1.0,1.0,1.0
2024-12-09,0.9100074651268477,0.9100074651268477,0.09039078183903279,True,0.6121395394649728,False,0.13561659606110674,1.0,0.0003455451263694,logistic,logistic,1.0,1.0,1.0,1.0,1.0
2024-12-10,0.9100074651268477,0.9100074651268477,0.09155086568753555,True,0.6124174244692805,False,0.13662595405898711,1.0,0.0001149582463635,logistic,logistic,1.0,1.0,1.0,1.0,1.0
2024-12-11,0.9100074651268477,0.9100074651268477,0.08908038274896543,True,0.6115185534231977,False,0.13505115219053035,1.0,0.0001141699039259,logistic,logistic,1.0,1.0,1.0,1.0,1.0
2024-12-12,0.9100074651268477,0.9100074651268477,0.08832130580940119,True,0.6108032096040946,False,0.13782575760232868,1.0,0.0001133287467418,logistic,logistic,1.0,1.0,1.0,1.0,1.0
2024-12-13,0.9100074651268477,0.9100074651268477,0.09100549097420572,True,0.6101207304480242,False,0.13695091639798226,1.0,0.0001131972899242,logistic,logistic,1.0,1.0,1.0,1.0,1.0
2024-12-16,0.9100074651268477,0.9100074651268477,0.09672624385685175,True,0.6092793127594803,False,0.1392196198244207,1.0,0.0003404192129199,logistic,logistic,1.0,1.0,1.0,1.0,1.0
2024-12-17,0.9100074651268477,0.9100074651268477,0.1021601245268803,True,0.6096705290534546,False,0.14911371978471116,1.0,0.0001137756353342,logistic,logistic,1.0,1.0,1.0,1.0,1.0
2024-12-18,0.9100074651268477,0.9100074651268477,0.15596510755663462,True,0.6112192079313518,False,0.2568370393796499,1.0,0.000113565343137,logistic,logistic,1.0,0.9880697848867308,1.0,1.0,0.9880697848867308
2024-12-19,0.9100074651268477,0.9100074651268477,0.13714200173327462,True,0.6106773579344785,False,0.22264592489629603,1.0,0.0001132498683913,logistic,logistic,1.0,1.0,1.0,1.0,1.0
2024-12-20,0.9100074651268477,0.9100074651268477,0.11411983424079082,True,0.6112360084976491,False,0.1835859778467516,1.0,0.0001131184203366,logistic,logistic,1.0,1.0,1.0,1.0,1.0
2024-12-23,0.9100074651268477,0.9100074651268477,0.11136966056978095,True,0.611099675397328,False,0.1728070240084292,1.0,0.0003393936497886,logistic,logistic,1.0,1.0,1.0,1.0,1.0
2024-12-24,0.9100074651268477,0.9100074651268477,0.10371849239181506,True,0.6122947790550027,False,0.1541107366651682,1.0,0.0001127240008198,logistic,logistic,1.0,1.0,1.0,1.0,1.0
2024-12-26,0.9100074651268477,0.9100074651268477,0.09694318927703546,True,0.6118732285500491,False,0.1462746120097661,1.0,0.0002262496364504,logistic,logistic,1.0,1.0,1.0,1.0,1.0
2024-12-27,0.9100074651268477,0.9100074651268477,0.10509045473577971,True,0.6114787787854123,False,0.16032307402777107,1.0,0.0001121454339816,logistic,logistic,1.0,1.0,1.0,1.0,1.0
2024-12-30,0.9100074651268477,0.9100074651268477,0.11405115125248574,True,0.6111149067138166,False,0.1740752795525474,1.0,0.0003367897301795,logistic,logistic,1.0,1.0,1.0,1.0,1.0
2024-12-31,0.9100074651268477,0.9100074651268477,0.11430671541598873,True,0.6121632404748494,False,0.17185172929759787,0.75,0.0001129343699568,logistic,logistic,1.0,1.0,1.0,1.0,1.0
2025-01-02,0.9100074651268477,0.9100074651268477,0.12056670998114051,True,0.6142846166166341,False,0.16911665635435988,0.75,0.0002258814940856,logistic,logistic,1.0,1.0,1.0,1.0,1.0
2025-01-03,0.9100074651268477,0.9100074651268477,0.1219470478220574,True,0.615786363261537,False,0.16644236011684255,0.75,0.0001125399240162,logistic,logistic,1.0,1.0,1.0,1.0,1.0
2025-01-06,0.9100074651268477,0.9100074651268477,0.12468060464122976,True,0.6149797296227117,False,0.16684589494248864,1.0,0.0003374210505446,logistic,logistic,1.0,1.0,1.0,1.0,1.0
2025-01-07,0.9100074651268477,0.9100074651268477,0.13488423652758302,True,0.6152663218301321,False,0.1823509021938332,0.75,0.0001128028942685,logistic,logistic,1.0,1.0,1.0,1.0,1.0
2025-01-08,0.9100074651268477,0.9100074651268477,0.13033263054158814,True,0.6150468954287494,False,0.17951734050184018,0.75,0.0001128554802833,logistic,logistic,1.0,1.0,1.0,1.0,1.0
2025-01-10,0.9100074651268477,0.9100074651268477,0.13358852542238336,True,0.6129812215042604,False,0.19389369824582744,0.5,0.0002261444375146,logistic,logistic,1.0,1.0,1.0,1.0,1.0
2025-01-13,0.9100074651268477,0.9100074651268477,0.13083389170623536,True,0.6152833064720876,False,0.18751318733167197,0.5,0.0003396303121023,logistic,logistic,1.0,1.0,1.0,1.0,1.0
2025-01-14,0.9100074651268477,0.9100074651268477,0.12418090059474415,True,0.613659340852045,False,0.179671157800537,0.5,0.0001130658268166,logistic,logistic,1.0,1.0,1.0,1.0,1.0
2025-01-15,0.9100074651268477,0.9100074651268477,0.11695272929761366,True,0.6158602554828062,False,0.16983320421981027,0.75,0.0001128554802833,logistic,logistic,1.0,1.0,1.0,1.0,1.0
2025-01-16,0.9100074651268477,0.9100074651268477,0.11980384826311755,True,0.6163501552752474,False,0.17398235365908105,0.5,0.0001125925276039,logistic,logistic,1.0,1.0,1.0,1.0,1.0
2025-01-17,0.9100074651268477,0.9100074651268477,0.11490674168337159,True,0.6169838179795205,False,0.1681100556019177,0.75,0.0001125399240162,logistic,logistic,1.0,1.0,1.0,1.0,1.0
2025-01-21,0.9100074651268477,0.9100074651268477,0.10949150760403092,True,0.6126249756683075,False,0.15611527562286065,1.0,0.0004506566098334,logistic,logistic,1.0,1.0,1.0,1.0,1.0
2025-01-22,0.9100074651268477,0.9100074651268477,0.10570784000977668,True,0.6123626357982223,False,0.15479052305155613,1.0,0.0001131184203366,logistic,logistic,1.0,1.0,1.0,1.0,1.0
2025-01-23,0.9100074651268477,0.9100074651268477,0.10645264253798466,True,0.61304439816528,False,0.15235616818673603,1.0,0.0001130658268166,logistic,logistic,1.0,1.0,1.0,1.0,1.0
2025-01-24,0.9100074651268477,0.9100074651268477,0.10209225510335167,True,0.6136340166537396,False,0.14981110101922293,1.0,0.0001128554802833,logistic,logistic,1.0,1.0,1.0,1.0,1.0
2025-01-27,0.9100074651268477,0.9100074651268477,0.13815004615753718,True,0.615639388405518,False,0.18536491720707954,0.5,0.0003372632343681,logistic,logistic,1.0,1.0,1.0,1.0,1.0
2025-01-28,0.9100074651268477,0.9100074651268477,0.1322323049418542,True,0.6162264750461931,False,0.175778547060198,0.75,0.0001124610355562,logistic,logistic,1.0,1.0,1.0,1.0,1.0
2025-01-29,0.9100074651268477,0.9100074651268477,0.13141938179483703,True,0.615296014723362,False,0.17528610906087336,0.75,0.0001124084419914,logistic,logistic,1.0,1.0,1.0,1.0,1.0
2025-01-30,0.9100074651268477,0.9100074651268477,0.11630935072460032,True,0.6138440266680011,False,0.16827774742892868,1.0,0.0001122506427149,logistic,logistic,1.0,1.0,1.0,1.0,1.0
2025-01-31,0.9100074651268477,0.9100074651268477,0.11744793734769723,True,0.6129132956174778,False,0.17186897573851367,1.0,0.0001124084419914,logistic,logistic,1.0,1.0,1.0,1.0,1.0
2025-02-03,0.9100074651268477,0.9100074651268477,0.1307594556991518,True,0.6135144271340083,False,0.18038968621845308,0.75,0.0003374210505446,logistic,logistic,1.0,1.0,1.0,1.0,1.0
2025-02-04,0.9100074651268477,0.9100074651268477,0.12173238012626744,True,0.6146854237838323,False,0.16838848194765926,1.0,0.0001130658268166,logistic,logistic,1.0,1.0,1.0,1.0,1.0
2025-02-05,0.9100074651268477,0.9100074651268477,0.09788370564445112,True,0.6142216684673533,False,0.1565335576230017,1.0,0.0001129869534555,logistic,logistic,1.0,1.0,1.0,1.0,1.0
2025-02-06,0.9100074651268477,0.9100074651268477,0.09568090858990477,True,0.6134938414951385,False,0.1527888727669571,1.0,0.0001130658268166,logistic,logistic,1.0,1.0,1.0,1.0,1.0
2025-02-07,0.9100074651268477,0.9100074651268477,0.10246826837230959,True,0.6121518785233663,False,0.16475233931594851,1.0,0.00011346019727,logistic,logistic,1.0,1.0,1.0,1.0,1.0
2025-02-10,0.9100074651268477,0.9100074651268477,0.09839550751481224,True,0.6113947210612212,False,0.15823499575719918,1.0,0.0003404192129199,logistic,logistic,1.0,1.0,1.0,1.0,1.0
2025-02-11,0.9100074651268477,0.9100074651268477,0.09928821206530994,True,0.6107379879197559,False,0.15905222166653746,1.0,0.0001133813226934,logistic,logistic,1.0,1.0,1.0,1.0,1.0
2025-02-12,0.9100074651268477,0.9100074651268477,0.09971624508298227,True,0.6111341053225448,False,0.15742621201715204,1.0,0.00011346019727,logistic,logistic,1.0,1.0,1.0,1.0,1.0
2025-02-13,0.9100074651268477,0.9100074651268477,0.09588475804626229,True,0.6131039041410242,False,0.15249142083398776,1.0,0.0001130658268166,logistic,logistic,1.0,1.0,1.0,1.0,1.0
2025-02-14,0.9100074651268477,0.9100074651268477,0.08744240837280239,True,0.6127371317276524,False,0.1440657498596952,1.0,0.0001130658268166,logistic,logistic,1.0,1.0,1.0,1.0,1.0
2025-02-18,0.9100074651268477,0.9100074651268477,0.09199819541502936,True,0.6144567669116361,False,0.14693098234028273,1.0,0.0004523400163358,logistic,logistic,1.0,1.0,1.0,1.0,1.0
2025-02-19,0.9100074651268477,0.9100074651268477,0.09063013313784375,True,0.6157842926988701,False,0.14466580078091784,1.0,0.0001131972899242,logistic,logistic,1.0,1.0,1.0,1.0,1.0
2025-02-20,0.9100074651268477,0.9100074651268477,0.09273009396559329,True,0.6156638940102076,False,0.1493629586398508,1.0,0.0001128554802833,logistic,logistic,1.0,1.0,1.0,1.0,1.0
2025-02-21,0.9100074651268477,0.9100074651268477,0.10502539477812978,True,0.6146655700457757,False,0.17498548449964849,0.75,0.0001126451176451,logistic,logistic,1.0,1.0,1.0,1.0,1.0
2025-02-24,0.9100074651268477,0.9100074651268477,0.13048925467835745,True,0.6138498052915904,False,0.18048699679665559,0.5,0.0003374210505446,logistic,logistic,1.0,1.0,1.0,1.0,1.0
2025-02-25,0.9100074651268477,0.9100074651268477,0.13361557668814392,True,0.6092652120410849,False,0.17770869443684179,0.5,0.0001122506427149,logistic,logistic,1.0,1.0,1.0,1.0,1.0
2025-02-26,0.9100074651268477,0.9100074651268477,0.13134349291737135,True,0.6093664868723093,False,0.17533036193154228,0.5,0.0001125399240162,logistic,logistic,1.0,1.0,1.0,1.0,1.0
2025-02-27,0.8050037325634238,0.9100074651268477,0.1422644883324146,True,0.6101927813621913,False,0.1966707239372908,0.25,0.0001125925276039,logistic,logistic,1.0,1.0,0.7,1.0,0.7
2025-02-28,0.7525018662817119,0.8050037325634238,0.14158737337595567,True,0.6124218833000398,False,0.1942567297462853,0.25,0.0001125399240162,logistic,logistic,1.0,1.0,0.7,1.0,0.7
2025-03-03,0.7525018662817119,0.7525018662817119,0.15445028229833296,True,0.6114006706302242,False,0.21987225739764393,0.25,0.0003376577691776,logistic,logistic,1.0,0.991099435403334,0.7,1.0,0.7
2025-03-04,0.7525018662817119,0.7525018662817119,0.16088038403022278,True,0.6099571500782616,False,0.2240338186309956,0.25,0.0001125925276039,logistic,logistic,1.0,0.9782392319395544,0.7,1.0,0.7
2025-03-05,0.7525018662817119,0.7525018662817119,0.15973002665152253,True,0.6120829483983437,False,0.2152582924683946,0.25,0.0001128554802833,logistic,logistic,1.0,0.9805399466969549,0.7,1.0,0.7
2025-03-06,0.7525018662817119,0.7525018662817119,0.20208533430417638,True,0.6120012075355715,False,0.23775934455876319,0.0,0.0001126451176451,logistic,logistic,1.0,0.8958293313916472,0.7,1.0,0.7
2025-03-07,0.7525018662817119,0.7525018662817119,0.1836303865047168,True,0.6126708967595581,False,0.22663066144983296,0.0,0.0001126451176451,logistic,logistic,1.0,0.9327392269905663,0.7,1.0,0.7
2025-03-10,0.7525018662817119,0.7525018662817119,0.23424260843863842,True,0.6093932971405811,False,0.2651614276463978,0.0,0.0003370264668389,logistic,logistic,1.0,0.8315147831227232,0.7,1.0,0.7
2025-03-11,0.7525018662817119,0.7525018662817119,0.2264416271737619,True,0.6094448880922112,False,0.2564733616905775,0.0,0.0001125925276039,logistic,logistic,1.0,0.8471167456524762,0.7,1.0,0.7
2025-03-12,0.7525018662817119,0.7525018662817119,0.21805413295273546,True,0.6096024258113938,False,0.23833966114045443,0.0,0.0001126451176451,logistic,logistic,1.0,0.8638917340945291,0.7,1.0,0.7
2025-03-13,0.7525018662817119,0.7525018662817119,0.20369540919552323,True,0.6073075466084323,False,0.23979117535053318,0.0,0.0001124084419914,logistic,logistic,1.0,0.8926091816089535,0.7,1.0,0.7
2025-03-14,0.7525018662817119,0.7525018662817119,0.20510896748404056,True,0.6104729223141384,False,0.22432900225228322,0.0,0.0001124084419914,logistic,logistic,1.0,0.8897820650319188,0.7,1.0,0.7
2025-03-17,0.7525018662817119,0.7525018662817119,0.1849832431925411,True,0.6116496658969697,False,0.20776861962277823,0.0,0.0003372632343681,logistic,logistic,1.0,0.9300335136149178,0.7,1.0,0.7
2025-03-18,0.7525018662817119,0.7525018662817119,0.19170022175089566,True,0.6106734266938455,False,0.21978401094853425,0.0,0.0001125925276039,logistic,logistic,1.0,0.9165995564982087,0.7,1.0,0.7
2025-03-19,0.7525018662817119,0.7525018662817119,0.18555664511279035,True,0.6119751270063871,False,0.20761028235740084,0.0,0.0001124610355562,logistic,logistic,1.0,0.9288867097744193,0.7,1.0,0.7
2025-03-20,0.7525018662817119,0.7525018662817119,0.1818471574970095,True,0.6121586557642756,False,0.20434303817482752,0.0,0.0001122506427149,logistic,logistic,1.0,0.936305685005981,0.7,1.0,0.7
2025-03-21,0.7525018662817119,0.7525018662817119,0.1772693754419058,True,0.6121960128007015,False,0.19514758218265926,0.0,0.0001123295372156,logistic,logistic,1.0,0.9454612491161885,0.7,1.0,0.7
2025-03-24,0.7525018662817119,0.7525018662817119,0.15250058686334278,True,0.6132270812578328,False,0.18772201135602565,0.0,0.0003367897301795,logistic,logistic,1.0,0.9949988262733145,0.7,1.0,0.7
2025-03-25,0.7525018662817119,0.7525018662817119,0.12934841244162565,True,0.6131933648117154,False,0.17774701010403482,0.25,0.0001122506427149,logistic,logistic,1.0,1.0,0.7,1.0,0.7
2025-03-26,0.7525018662817119,0.7525018662817119,0.18313180277723207,True,0.6133587429681177,False,0.19310343677511577,0.0,0.0001124610355562,logistic,logistic,1.0,0.9337363944455359,0.7,1.0,0.7
2025-03-27,0.7525018662817119,0.7525018662817119,0.18672766954229134,True,0.6110714605023443,False,0.19545487286720764,0.0,0.0001124084419914,logistic,logistic,1.0,0.9265446609154173,0.7,1.0,0.7
2025-03-28,0.7525018662817119,0.7525018662817119,0.19832253206558054,True,0.6093266968335254,False,0.22119842768948578,0.0,0.0001124084419914,logistic,logistic,1.0,0.9033549358688389,0.7,1.0,0.7
2025-03-31,0.7525018662817119,0.7525018662817119,0.20554149317719297,True,0.6095642874271524,False,0.22059995172126687,0.0,0.0003376577691776,logistic,logistic,1.0,0.888917013645614,0.7,1.0,0.7
2025-04-01,0.7525018662817119,0.7525018662817119,0.1988219770044882,True,0.610885307286017,False,0.21712386981113724,0.0,0.0001127240008198,logistic,logistic,1.0,0.9023560459910236,0.7,1.0,0.7
2025-04-02,0.7525018662817119,0.7525018662817119,0.19699896498316766,True,0.6116086427546276,False,0.21611874034512335,0.0,0.0001128028942685,logistic,logistic,1.0,0.9060020700336646,0.7,1.0,0.7
2025-04-03,0.7525018662817119,0.7525018662817119,0.24088391309111737,True,0.6064066202308561,False,0.29136634211054563,0.0,0.0001123295372156,logistic,logistic,1.0,0.8182321738177653,0.7,1.0,0.7
2025-04-04,0.7525018662817119,0.7525018662817119,0.2882193537918941,True,0.6017123405263402,False,0.40774430360740177,0.0,0.0001115404400686,logistic,logistic,0.7848055685116653,0.7235612924162118,0.7,1.0,0.7
2025-04-07,0.6928315911671719,0.7525018662817119,0.3334193419736841,True,0.6017973861622589,False,0.42173173411229753,0.0,0.0003342639301899,logistic,logistic,0.7587761937658486,0.6331613160526317,0.7,1.0,0.6331613160526317
2025-04-08,0.6928315911671719,0.6928315911671719,0.3302491022674048,True,0.6025336187297929,False,0.44042092346530465,0.0,0.0001121454339816,logistic,logistic,0.7265776509485223,0.6395017954651905,0.7,1.0,0.6395017954651905
2025-04-09,0.559747819304067,0.6928315911671719,0.4366679762795189,True,0.6122689775086965,False,0.37117302437598454,0.0,0.00011346019727,logistic,logistic,0.8621316178296725,0.4266640474409622,0.7,1.0,0.4266640474409622
2025-04-10,0.4909674519806926,0.559747819304067,0.43890645767134095,True,0.6093809409575905,False,0.41536539141238393,0.0,0.0001126451176451,logistic,logistic,0.7704060247096921,0.42218708465731813,0.7,1.0,0.42218708465731813
2025-04-11,0.4909674519806926,0.4909674519806926,0.38909135803280714,True,0.6116040667015382,False,0.3868094127229389,0.0,0.0001130658268166,logistic,logistic,0.8272807989530683,0.5218172839343858,0.7,1.0,0.5218172839343858
2025-04-14,0.4909674519806926,0.4909674519806926,0.36323780317627274,True,0.6124726984079841,False,0.3370681336370388,0.0,0.0003378156154711,logistic,logistic,0.9493629568216079,0.5735243936474546,0.7,1.0,0.5735243936474546
2025-04-15,0.4909674519806926,0.4909674519806926,0.3569794263532139,True,0.6114286108597481,False,0.33082793768235524,0.0,0.0001127240008198,logistic,logistic,0.9672701835334364,0.5860411472935723,0.7,1.0,0.5860411472935723
2025-04-16,0.5954837259903463,0.4909674519806926,0.29390359166309993,True,0.6097969318385765,False,0.32580456976417826,0.0,0.0001129343699568,logistic,logistic,0.9821838908877807,0.7121928166738001,0.7,1.0,0.7
2025-04-17,0.6477418629951731,0.5954837259903463,0.2622263262447801,True,0.6101989256379963,False,0.2939875985614833,0.0,0.0001128554802833,logistic,logistic,1.0,0.7755473475104397,0.7,1.0,0.7
2025-04-21,0.6477418629951731,0.6477418629951731,0.2850214079801942,True,0.6088770224595604,False,0.322283483579722,0.0,0.0004520244159016,logistic,logistic,0.9929146738940561,0.7299571840396115,0.7,1.0,0.7
2025-04-22,0.6477418629951731,0.6477418629951731,0.2870517864733842,True,0.6121866136727725,False,0.3092208362817297,0.0,0.0001130658268166,logistic,logistic,1.0,0.7258964270532315,0.7,1.0,0.7
2025-04-23,0.6477418629951731,0.6477418629951731,0.28985758456878635,True,0.6139160428574802,False,0.2979574356860676,0.0,0.0001129343699568,logistic,logistic,1.0,0.7202848308624272,0.7,1.0,0.7
2025-04-24,0.6477418629951731,0.6477418629951731,0.2735272241006229,True,0.6142265060588668,False,0.2820293230307748,0.0,0.0001126451176451,logistic,logistic,1.0,0.7529455517987542,0.7,1.0,0.7
2025-04-25,0.6477418629951731,0.6477418629951731,0.25674885328498737,True,0.6140106182292099,False,0.2689414970771189,0.0,0.0001125399240162,logistic,logistic,1.0,0.7865022934300252,0.7,1.0,0.7
2025-04-28,0.6477418629951731,0.6477418629951731,0.2332772244601416,True,0.612915910777841,False,0.2572971969496126,0.25,0.0003376577691776,logistic,logistic,1.0,0.8334455510797167,0.7,1.0,0.7
2025-04-29,0.6477418629951731,0.6477418629951731,0.22171980049796952,True,0.6122700112828497,False,0.24881460884606474,0.25,0.0001124610355562,logistic,logistic,1.0,0.8565603990040609,0.7,1.0,0.7
2025-04-30,0.6477418629951731,0.6477418629951731,0.21747157282828622,True,0.6131349053283354,False,0.2529900370020997,0.25,0.0001124610355562,logistic,logistic,1.0,0.8650568543434276,0.7,1.0,0.7
2025-05-01,0.766412278303086,0.6477418629951731,0.20745865319450055,True,0.6157503583213084,False,0.23966123812422405,0.5,0.0001123295372156,logistic,logistic,1.0,0.8850826936109989,1.0,1.0,0.8850826936109989
2025-05-02,0.766412278303086,0.766412278303086,0.21882790163330998,True,0.61218588718096,False,0.2277152154982603,0.5,0.0001129343699568,logistic,logistic,1.0,0.86234419673338,1.0,1.0,0.86234419673338
2025-05-05,0.766412278303086,0.766412278303086,0.24616690116577797,True,0.6105653400885375,False,0.23544217148613739,0.5,0.0003388413738267,logistic,logistic,1.0,0.807666197668444,1.0,1.0,0.807666197668444
2025-05-06,0.766412278303086,0.766412278303086,0.2449508602962046,True,0.6093019444700928,False,0.24733083842962048,0.5,0.0001129869534555,logistic,logistic,1.0,0.8100982794075908,1.0,1.0,0.8100982794075908
2025-05-07,0.766412278303086,0.766412278303086,0.227221257914082,True,0.6063020491587435,False,0.23754057650585084,0.5,0.0001131184203366,logistic,logistic,1.0,0.8455574841718361,1.0,1.0,0.8455574841718361
2025-05-08,0.8824928324521097,0.766412278303086,0.15071330669943325,True,0.6112586033583578,False,0.21196517317510852,0.5,0.0001131184203366,logistic,logistic,1.0,0.9985733866011335,1.0,1.0,0.9985733866011335
2025-05-09,0.9412464162260549,0.8824928324521097,0.14602085241005502,True,0.6087997797860244,False,0.19766461434786867,0.5,0.0001131184203366,logistic,logistic,1.0,1.0,1.0,1.0,1.0
2025-05-12,0.9412464162260549,0.9412464162260549,0.12412424843020131,True,0.6119445872662707,False,0.19396236300239963,0.75,0.0003445201972023,logistic,logistic,1.0,1.0,1.0,1.0,1.0
2025-05-13,0.9412464162260549,0.9412464162260549,0.1198301042988261,True,0.611704748531671,False,0.19041800327679478,0.75,0.0001149582463635,logistic,logistic,1.0,1.0,1.0,1.0,1.0
2025-05-14,0.9412464162260549,0.9412464162260549,0.11971775485662903,True,0.6127357704516273,False,0.192075200773802,0.75,0.0001149582463635,logistic,logistic,1.0,1.0,1.0,1.0,1.0
2025-05-15,0.9412464162260549,0.9412464162260549,0.11680634601797689,True,0.6108251297710259,False,0.18253101170167435,0.75,0.0001142487433365,logistic,logistic,1.0,1.0,1.0,1.0,1.0
2025-05-16,0.9412464162260549,0.9412464162260549,0.10741376629081054,True,0.609996496929018,False,0.17635395992832534,0.75,0.0001136967823467,logistic,logistic,1.0,1.0,1.0,1.0,1.0
2025-05-19,0.9412464162260549,0.9412464162260549,0.10420878645060655,True,0.6088569136275973,False,0.16491841418545364,0.75,0.0003413657421611,logistic,logistic,1.0,1.0,1.0,1.0,1.0
2025-05-20,0.9412464162260549,0.9412464162260549,0.09968874904360275,True,0.6085808165368491,False,0.15742177972979918,1.0,0.0001139859239702,logistic,logistic,1.0,1.0,1.0,1.0,1.0
2025-05-21,0.9412464162260549,0.9412464162260549,0.11152936342323581,True,0.6094738328291593,False,0.18474935334479342,1.0,0.0001136442124312,logistic,logistic,1.0,1.0,1.0,1.0,1.0
2025-05-22,0.9412464162260549,0.9412464162260549,0.10557238172327192,True,0.6112094538564996,False,0.17863949594889553,1.0,0.000113565343137,logistic,logistic,1.0,1.0,1.0,1.0,1.0
2025-05-23,0.9412464162260549,0.9412464162260549,0.11317805817186391,True,0.6113087740262848,False,0.1903010861432216,1.0,0.0001135127707065,logistic,logistic,1.0,1.0,1.0,1.0,1.0
2025-05-27,0.9412464162260549,0.9412464162260549,0.11238095171632474,True,0.6119970902543685,False,0.18294984397682615,1.0,0.0004512879297733,logistic,logistic,1.0,1.0,1.0,1.0,1.0
2025-05-28,0.9412464162260549,0.9412464162260549,0.11321767293949749,True,0.6116263943975236,False,0.1852422764277161,1.0,0.0001133813226934,logistic,logistic,1.0,1.0,1.0,1.0,1.0
2025-05-29,0.9412464162260549,0.9412464162260549,0.10784026110137776,True,0.6111517365065636,False,0.1819024933339093,1.0,0.0001135127707065,logistic,logistic,1.0,1.0,1.0,1.0,1.0
2025-05-30,0.9412464162260549,0.9412464162260549,0.10208307393169319,True,0.6111950997128635,False,0.17707763884943914,1.0,0.000113565343137,logistic,logistic,1.0,1.0,1.0,1.0,1.0
2025-06-02,0.9412464162260549,0.9412464162260549,0.09773777968420758,True,0.61251042655787,False,0.17380942863765947,1.0,0.0003407347221371,logistic,logistic,1.0,1.0,1.0,1.0,1.0
2025-06-03,0.9412464162260549,0.9412464162260549,0.09104827240315913,True,0.611623316634474,False,0.15944967840229757,1.0,0.0001136442124312,logistic,logistic,1.0,1.0,1.0,1.0,1.0
2025-06-04,0.9412464162260549,0.9412464162260549,0.08958873814387393,True,0.6106488106974737,False,0.15434047899201564,1.0,0.0001137756353342,logistic,logistic,1.0,1.0,1.0,1.0,1.0
2025-06-05,0.9412464162260549,0.9412464162260549,0.09696236087501688,True,0.6102846548888521,False,0.1671485862947189,1.0,0.000113565343137,logistic,logistic,1.0,1.0,1.0,1.0,1.0
2025-06-06,0.9412464162260549,0.9412464162260549,0.09141960079766281,True,0.6116578139729306,False,0.15647977827561899,1.0,0.000113565343137,logistic,logistic,1.0,1.0,1.0,1.0,1.0
2025-06-09,0.9412464162260549,0.9412464162260549,0.09265874330847947,True,0.6109355134400388,False,0.159214424758682,1.0,0.0003413657421611,logistic,logistic,1.0,1.0,1.0,1.0,1.0
2025-06-10,0.9412464162260549,0.9412464162260549,0.08159545502516433,True,0.612354320100442,False,0.1496167520868154,1.0,0.0001140384873483,logistic,logistic,1.0,1.0,1.0,1.0,1.0
2025-06-11,0.9412464162260549,0.9412464162260549,0.07924001638688834,True,0.6129223864308566,False,0.15079741488886544,1.0,0.0001140384873483,logistic,logistic,1.0,1.0,1.0,1.0,1.0
2025-06-12,0.9412464162260549,0.9412464162260549,0.07906408488597017,True,0.6134120339237221,False,0.15174794014657184,1.0,0.0001142487433365,logistic,logistic,1.0,1.0,1.0,1.0,1.0
2025-06-13,0.9412464162260549,0.9412464162260549,0.09179631493116358,True,0.6130123569906318,False,0.17484244612917466,1.0,0.0001137756353342,logistic,logistic,1.0,1.0,1.0,1.0,1.0
2025-06-16,0.9412464162260549,0.9412464162260549,0.09231164084426793,True,0.6136030574177996,False,0.17085252079001814,1.0,0.0003419967517643,logistic,logistic,1.0,1.0,1.0,1.0,1.0
2025-06-17,0.9412464162260549,0.9412464162260549,0.09919481664730648,True,0.6125523277801217,False,0.18815864162408827,1.0,0.0001131972899242,logistic,logistic,1.0,1.0,1.0,1.0,1.0
2025-06-18,0.9412464162260549,0.9412464162260549,0.09356032213647496,True,0.6116644471551798,False,0.178787099210615,1.0,0.0001133287467418,logistic,logistic,1.0,1.0,1.0,1.0,1.0
2025-06-20,0.9412464162260549,0.9412464162260549,0.09274863697837808,True,0.6098695797475561,False,0.17912534888867343,1.0,0.0002251977322851,logistic,logistic,1.0,1.0,1.0,1.0,1.0
2025-06-23,0.9412464162260549,0.9412464162260549,0.09119780462417128,True,0.6110333521372504,False,0.17462312036912392,1.0,0.0003348954429263,logistic,logistic,1.0,1.0,1.0,1.0,1.0
2025-06-24,0.9412464162260549,0.9412464162260549,0.07902292332690335,True,0.6104900634197744,False,0.16098467228699248,1.0,0.0001122506427149,logistic,logistic,1.0,1.0,1.0,1.0,1.0
2025-06-25,0.9412464162260549,0.9412464162260549,0.0800025522606166,True,0.6120403276281996,False,0.148865104930339,1.0,0.0001124084419914,logistic,logistic,1.0,1.0,1.0,1.0,1.0
2025-06-26,0.9412464162260549,0.9412464162260549,0.07193454233862724,True,0.6117695567467957,False,0.14761270536511178,1.0,0.0001125399240162,logistic,logistic,1.0,1.0,1.0,1.0,1.0
2025-06-27,0.9412464162260549,0.9412464162260549,0.06936414606893043,True,0.6122743501796813,False,0.14116963901965057,1.0,0.0001126451176451,logistic,logistic,1.0,1.0,1.0,1.0,1.0
2025-06-30,0.9412464162260549,0.9412464162260549,0.07269709042357986,True,0.61213085551139,False,0.14432912917893123,1.0,0.0003374210505446,logistic,logistic,1.0,1.0,1.0,1.0,1.0
2025-07-01,0.9412464162260549,0.9412464162260549,0.07489045824090643,True,0.6116723414529528,False,0.14904131744491514,1.0,0.0001133813226934,logistic,logistic,1.0,1.0,1.0,1.0,1.0
2025-07-02,0.9412464162260549,0.9412464162260549,0.07719953247748966,True,0.6128637093958254,False,0.1483175183798266,1.0,0.0001133287467418,logistic,logistic,1.0,1.0,1.0,1.0,1.0
2025-07-03,0.9412464162260549,0.9412464162260549,0.07920346843627057,True,0.614571729661938,False,0.1471753282591754,1.0,0.0001137756353342,logistic,logistic,1.0,1.0,1.0,1.0,1.0
2025-07-07,0.9412464162260549,0.9412464162260549,0.0856362620967387,True,0.6141924520433268,False,0.15853071321963874,1.0,0.0004557061127656,logistic,logistic,1.0,1.0,1.0,1.0,1.0
2025-07-08,0.9412464162260549,0.9412464162260549,0.08901430368796155,True,0.6122198812380357,False,0.15103060171681074,1.0,0.0001140384873483,logistic,logistic,1.0,1.0,1.0,1.0,1.0
2025-07-09,0.9412464162260549,0.9412464162260549,0.08640419767507435,True,0.6132889381896823,False,0.14349796015012953,1.0,0.0001139070644844,logistic,logistic,1.0,1.0,1.0,1.0,1.0
2025-07-10,0.9412464162260549,0.9412464162260549,0.08547736256864212,True,0.613268101692669,False,0.14229983560754458,1.0,0.0001137756353342,logistic,logistic,1.0,1.0,1.0,1.0,1.0
2025-07-11,0.9412464162260549,0.9412464162260549,0.08871505986063641,True,0.6135908289673391,False,0.14296907839571457,1.0,0.0001136967823467,logistic,logistic,1.0,1.0,1.0,1.0,1.0
2025-07-14,0.9412464162260549,0.9412464162260549,0.09200084668054198,True,0.6140510693842561,False,0.1444683197655319,1.0,0.0003404192129199,logistic,logistic,1.0,1.0,1.0,1.0,1.0
2025-07-15,0.9412464162260549,0.9412464162260549,0.09267646704935885,True,0.6123778428949899,False,0.14303193873933115,1.0,0.000113565343137,logistic,logistic,1.0,1.0,1.0,1.0,1.0
2025-07-16,0.9412464162260549,0.9412464162260549,0.08820108575822269,True,0.6132537782575583,False,0.13422360117101548,1.0,0.0001133813226934,logistic,logistic,1.0,1.0,1.0,1.0,1.0
2025-07-17,0.9412464162260549,0.9412464162260549,0.08924760063398308,True,0.6133932754007051,False,0.13438859520334742,1.0,0.0001136442124312,logistic,logistic,1.0,1.0,1.0,1.0,1.0
2025-07-18,0.9412464162260549,0.9412464162260549,0.08860992059940401,True,0.6133385927161735,False,0.1329347805059059,1.0,0.0001135127707065,logistic,logistic,1.0,1.0,1.0,1.0,1.0
2025-07-21,0.9412464162260549,0.9412464162260549,0.08970690444685214,True,0.6128013211393902,False,0.1348639798622301,1.0,0.0003400247718956,logistic,logistic,1.0,1.0,1.0,1.0,1.0
2025-07-22,0.9412464162260549,0.9412464162260549,0.089616712946047,True,0.6123718241472458,False,0.13757413159222942,1.0,0.0001135127707065,logistic,logistic,1.0,1.0,1.0,1.0,1.0
2025-07-23,0.9412464162260549,0.9412464162260549,0.08679469182444197,True,0.6143152944236383,False,0.12915463017874781,1.0,0.0001137756353342,logistic,logistic,1.0,1.0,1.0,1.0,1.0
2025-07-24,0.9412464162260549,0.9412464162260549,0.08590621495679211,True,0.6147047541113366,False,0.12708088061687645,1.0,0.0001139070644844,logistic,logistic,1.0,1.0,1.0,1.0,1.0
2025-07-25,0.9412464162260549,0.9412464162260549,0.08207333123395905,True,0.615357626380177,False,0.12282429480207152,1.0,0.0001139070644844,logistic,logistic,1.0,1.0,1.0,1.0,1.0
2025-07-28,0.9412464162260549,0.9412464162260549,0.08390420149967609,True,0.6149177747638804,False,0.12323016510127538,1.0,0.0003409713837823,logistic,logistic,1.0,1.0,1.0,1.0,1.0
2025-07-29,0.9412464162260549,0.9412464162260549,0.08528815037119393,True,0.6141317797122734,False,0.1233935138582154,1.0,0.0001135127707065,logistic,logistic,1.0,1.0,1.0,1.0,1.0
2025-07-30,0.9412464162260549,0.9412464162260549,0.08600495773646401,True,0.6133088860033779,False,0.11663924552605406,1.0,0.000113565343137,logistic,logistic,1.0,1.0,1.0,1.0,1.0
2025-07-31,0.9412464162260549,0.9412464162260549,0.09229659877375186,True,0.6155093725423243,False,0.13039879880092575,1.0,0.0001136442124312,logistic,logistic,1.0,1.0,1.0,1.0,1.0
2025-08-01,0.9412464162260549,0.9412464162260549,0.1191403460047101,True,0.6142826374018474,False,0.17103994059648295,0.75,0.0001122506427149,logistic,logistic,1.0,1.0,1.0,1.0,1.0
2025-08-04,0.9412464162260549,0.9412464162260549,0.10224089082203958,True,0.6134734890471188,False,0.16121160064750664,1.0,0.0003345007389878,logistic,logistic,1.0,1.0,1.0,1.0,1.0
2025-08-05,0.9412464162260549,0.9412464162260549,0.10008556412132928,True,0.6128153688036363,False,0.16354980937339075,1.0,0.0001114088976599,logistic,logistic,1.0,1.0,1.0,1.0,1.0
2025-08-06,0.9412464162260549,0.9412464162260549,0.09848003276541462,True,0.6149474297551267,False,0.15817156283673078,1.0,0.0001109616113754,logistic,logistic,1.0,1.0,1.0,1.0,1.0
2025-08-07,0.9412464162260549,0.9412464162260549,0.09971677869629754,True,0.6142888307352004,False,0.15657364688451256,1.0,0.0001110931751999,logistic,logistic,1.0,1.0,1.0,1.0,1.0
2025-08-08,0.9412464162260549,0.9412464162260549,0.08536654479006521,True,0.6143890960437168,False,0.14087425992937677,1.0,0.0001109616113754,logistic,logistic,1.0,1.0,1.0,1.0,1.0
2025-08-11,0.9412464162260549,0.9412464162260549,0.09015069911979581,True,0.613909171048207,False,0.1469718764370381,1.0,0.000333711312374,logistic,logistic,1.0,1.0,1.0,1.0,1.0
2025-08-12,0.9412464162260549,0.9412464162260549,0.08306623196337483,True,0.6131035996015798,False,0.13539041199027566,1.0,0.000110882677585,logistic,logistic,1.0,1.0,1.0,1.0,1.0
2025-08-13,0.9412464162260549,0.9412464162260549,0.08015230707495484,True,0.6120078358472455,False,0.1328097452264697,1.0,0.0001103563567079,logistic,logistic,1.0,1.0,1.0,1.0,1.0
2025-08-14,0.9412464162260549,0.9412464162260549,0.08295003849963606,True,0.6136096376429705,False,0.13575326266237706,1.0,0.000110408989568,logistic,logistic,1.0,1.0,1.0,1.0,1.0
2025-08-15,0.9412464162260549,0.9412464162260549,0.08578327321716198,True,0.6135113315540445,False,0.13765751260613993,1.0,0.000110408989568,logistic,logistic,1.0,1.0,1.0,1.0,1.0
2025-08-18,0.9412464162260549,0.9412464162260549,0.08671770599665468,True,0.6135332746884778,False,0.13685021976245187,1.0,0.0003321321959364,logistic,logistic,1.0,1.0,1.0,1.0,1.0
2025-08-19,0.9412464162260549,0.9412464162260549,0.08826691703456785,True,0.6119818989812658,False,0.14048987827382795,1.0,0.0001103563567079,logistic,logistic,1.0,1.0,1.0,1.0,1.0
2025-08-20,0.9412464162260549,0.9412464162260549,0.08663267842921941,True,0.6118313889620736,False,0.14010750735215963,1.0,0.0001104879369677,logistic,logistic,1.0,1.0,1.0,1.0,1.0
2025-08-21,0.9412464162260549,0.9412464162260549,0.09254833113299724,True,0.6116185971084762,False,0.14585648129723483,0.75,0.0001108300412508,logistic,logistic,1.0,1.0,1.0,1.0,1.0
2025-08-22,0.9412464162260549,0.9412464162260549,0.08953527015239138,True,0.6109250928100157,False,0.14069403705452024,1.0,0.0001097772784832,logistic,logistic,1.0,1.0,1.0,1.0,1.0
2025-08-25,0.9412464162260549,0.9412464162260549,0.09255696626655595,True,0.611164751123455,False,0.1451803112363471,1.0,0.0003297629383138,logistic,logistic,1.0,1.0,1.0,1.0,1.0
2025-08-26,0.9412464162260549,0.9412464162260549,0.09230047715649696,True,0.6119366384162762,False,0.14181984513981577,1.0,0.0001097772784832,logistic,logistic,1.0,1.0,1.0,1.0,1.0
2025-08-27,0.9412464162260549,0.9412464162260549,0.09288272659287433,True,0.6122164277306812,False,0.14256348940150784,1.0,0.0001090401069723,logistic,logistic,1.0,1.0,1.0,1.0,1.0
2025-08-28,0.9412464162260549,0.9412464162260549,0.08888326612709196,True,0.6108720891435678,False,0.13771084300254416,1.0,0.0001093560654257,logistic,logistic,1.0,1.0,1.0,1.0,1.0
2025-08-29,0.9412464162260549,0.9412464162260549,0.09905944287295616,True,0.610426085177524,False,0.14263178705349167,1.0,0.0001085924474224,logistic,logistic,1.0,1.0,1.0,1.0,1.0
2025-09-02,0.9412464162260549,0.9412464162260549,0.10730117623317355,True,0.612094033314715,False,0.1547237193974282,1.0,0.0004332813324765,logistic,logistic,1.0,1.0,1.0,1.0,1.0
2025-09-03,0.9412464162260549,0.9412464162260549,0.10359446688083186,True,0.6127316435012845,False,0.15023555082080445,1.0,0.0001079339787282,logistic,logistic,1.0,1.0,1.0,1.0,1.0
2025-09-04,0.9412464162260549,0.9412464162260549,0.09577944938861949,True,0.612154455582674,False,0.1434128993291745,1.0,0.0001074070863595,logistic,logistic,1.0,1.0,1.0,1.0,1.0
2025-09-05,0.9412464162260549,0.9412464162260549,0.09255395960174713,True,0.6108417117232382,False,0.14164934950307703,1.0,0.0001050875889918,logistic,logistic,1.0,1.0,1.0,1.0,1.0
2025-09-08,0.9412464162260549,0.9412464162260549,0.08793253883641562,True,0.6105255123562374,False,0.13766675261951608,1.0,0.0003167199981917,logistic,logistic,1.0,1.0,1.0,1.0,1.0
2025-09-09,0.9412464162260549,0.9412464162260549,0.08398531616036328,True,0.6110930469431274,False,0.12883731259759335,1.0,0.0001059576315611,logistic,logistic,1.0,1.0,1.0,1.0,1.0
2025-09-10,0.9412464162260549,0.9412464162260549,0.08368168224184042,True,0.6130023219797153,False,0.13015788690161262,1.0,0.0001056149200262,logistic,logistic,1.0,1.0,1.0,1.0,1.0
2025-09-11,0.9412464162260549,0.9412464162260549,0.08106445746096137,True,0.6136065783884567,False,0.12239559306407762,1.0,0.0001055621889627,logistic,logistic,1.0,1.0,1.0,1.0,1.0
2025-09-12,0.9412464162260549,0.9412464162260549,0.08093651079529707,True,0.6131245258432173,False,0.12220375703881667,1.0,0.0001055621889627,logistic,logistic,1.0,1.0,1.0,1.0,1.0
2025-09-15,0.9412464162260549,0.9412464162260549,0.0862230897680262,True,0.6129101978303632,False,0.13224212143936068,1.0,0.0003145046218411,logistic,logistic,1.0,1.0,1.0,1.0,1.0
2025-09-16,0.9412464162260549,0.9412464162260549,0.08970260272748182,True,0.6129243655947093,False,0.1390851340746558,1.0,0.0001045601567284,logistic,logistic,1.0,1.0,1.0,1.0,1.0
2025-09-17,0.9412464162260549,0.9412464162260549,0.08938134856991388,True,0.611265242684822,False,0.13448363175729477,1.0,0.0001039798617565,logistic,logistic,1.0,1.0,1.0,1.0,1.0
2025-09-18,0.9412464162260549,0.9412464162260549,0.09190735392315107,True,0.6099230744559778,False,0.13526455164053816,1.0,0.0001042964026234,logistic,logistic,1.0,1.0,1.0,1.0,1.0
2025-09-19,0.9412464162260549,0.9412464162260549,0.08917343567256213,True,0.6109192103544662,False,0.13315416870522429,1.0,0.0001042436462486,logistic,logistic,1.0,1.0,1.0,1.0,1.0
2025-09-22,0.9412464162260549,0.9412464162260549,0.08974901792293874,True,0.6125026264443237,False,0.1340114796729569,1.0,0.0003103887585438,logistic,logistic,1.0,1.0,1.0,1.0,1.0
2025-09-23,0.9412464162260549,0.9412464162260549,0.09063858750361281,True,0.6108751351200447,False,0.14110641059552878,1.0,0.0001033730606692,logistic,logistic,1.0,1.0,1.0,1.0,1.0
2025-09-24,0.9412464162260549,0.9412464162260549,0.08987302829098891,True,0.6107899978902811,False,0.13920335663227648,1.0,0.0001037160519368,logistic,logistic,1.0,1.0,1.0,1.0,1.0
2025-09-25,0.9412464162260549,0.9412464162260549,0.09137483506750226,True,0.6102842833902652,False,0.14219485684871458,1.0,0.0001043755258538,logistic,logistic,1.0,1.0,1.0,1.0,1.0
2025-09-26,0.9412464162260549,0.9412464162260549,0.08628912168465026,True,0.6108355512186123,False,0.13201489640878716,1.0,0.0001037688121532,logistic,logistic,1.0,1.0,1.0,1.0,1.0
2025-09-29,0.9412464162260549,0.9412464162260549,0.09007181843173329,True,0.6097347916795368,False,0.13414803817817067,1.0,0.0003115762249183,logistic,logistic,1.0,1.0,1.0,1.0,1.0
2025-09-30,0.9412464162260549,0.9412464162260549,0.09010656561414572,True,0.6092776785741323,False,0.13088713549500605,1.0,0.0001033730606692,logistic,logistic,1.0,1.0,1.0,1.0,1.0
2025-10-01,0.9412464162260549,0.9412464162260549,0.09049510104428103,True,0.6089969955121964,False,0.1292935173987509,1.0,0.0001033730606692,logistic,logistic,1.0,1.0,1.0,1.0,1.0
2025-10-02,0.9412464162260549,0.9412464162260549,0.09015893789688528,True,0.609264829355912,False,0.11525744976305602,1.0,0.0001034522167844,logistic,logistic,1.0,1.0,1.0,1.0,1.0
2025-10-03,0.9412464162260549,0.9412464162260549,0.09434055963031525,True,0.6100868762970655,False,0.13113153741952216,1.0,0.0001037160519368,logistic,logistic,1.0,1.0,1.0,1.0,1.0
2025-10-06,0.9412464162260549,0.9412464162260549,0.09429814889149839,True,0.6109951819427709,False,0.13082096957178163,1.0,0.0003113387414761,logistic,logistic,1.0,1.0,1.0,1.0,1.0
2025-10-07,0.9412464162260549,0.9412464162260549,0.09744227095287282,True,0.6105721480288748,False,0.14005871532972897,1.0,0.0001033202865616,logistic,logistic,1.0,1.0,1.0,1.0,1.0
2025-10-08,0.9412464162260549,0.9412464162260549,0.09476434779701402,True,0.6103979966338597,False,0.1380906394108489,1.0,0.0001033202865616,logistic,logistic,1.0,1.0,1.0,1.0,1.0
2025-10-09,0.9412464162260549,0.9412464162260549,0.09535526240138417,True,0.6106217321686963,False,0.13905800944369118,1.0,0.0001035841343823,logistic,logistic,1.0,1.0,1.0,1.0,1.0
2025-10-10,0.9412464162260549,0.9412464162260549,0.12031666646069403,True,0.6082774255677944,False,0.19901746207427648,1.0,0.0001035841343823,logistic,logistic,1.0,1.0,1.0,1.0,1.0
2025-10-13,0.9412464162260549,0.9412464162260549,0.11861423371732002,True,0.60883252818695,False,0.1866403365885649,1.0,0.0003107845932772,logistic,logistic,1.0,1.0,1.0,1.0,1.0
2025-10-14,0.9412464162260549,0.9412464162260549,0.12571371883843196,True,0.6083253342882051,False,0.19975667469331027,1.0,0.0001035841343823,logistic,logistic,1.0,1.0,1.0,1.0,1.0
2025-10-15,0.9412464162260549,0.9412464162260549,0.12660812786347747,True,0.608135004700624,False,0.19821003676730944,1.0,0.0001037160519368,logistic,logistic,1.0,1.0,1.0,1.0,1.0
2025-10-16,0.9412464162260549,0.9412464162260549,0.14077777324047397,True,0.6094644673733741,False,0.22950913762925945,1.0,0.0001035841343823,logistic,logistic,1.0,1.0,1.0,1.0,1.0
2025-10-17,0.9412464162260549,0.9412464162260549,0.1106489225329823,True,0.6098981109009072,False,0.1887705432607961,1.0,0.0001030300265785,logistic,logistic,1.0,1.0,1.0,1.0,1.0
2025-10-20,0.9412464162260549,0.9412464162260549,0.10004971445400737,True,0.6107343377466178,False,0.16859857822635857,1.0,0.0003064292768963,logistic,logistic,1.0,1.0,1.0,1.0,1.0
2025-10-21,0.9412464162260549,0.9412464162260549,0.09722862177401959,True,0.610931995418791,False,0.16334614664133248,1.0,0.000101789471862,logistic,logistic,1.0,1.0,1.0,1.0,1.0
2025-10-22,0.9412464162260549,0.9412464162260549,0.10230290983324479,True,0.6102090871226878,False,0.17327647467287643,1.0,0.0001018686736127,logistic,logistic,1.0,1.0,1.0,1.0,1.0
2025-10-23,0.9412464162260549,0.9412464162260549,0.09607580219789763,True,0.6102348826627567,False,0.16383639352282553,1.0,0.0001018686736127,logistic,logistic,1.0,1.0,1.0,1.0,1.0
2025-10-24,0.9412464162260549,0.9412464162260549,0.09333437678126683,True,0.6105378872650545,False,0.15792740953272527,1.0,0.0001012085913487,logistic,logistic,1.0,1.0,1.0,1.0,1.0
2025-10-27,0.9412464162260549,0.9412464162260549,0.09414363707587198,True,0.612119164826693,False,0.1559679112016004,1.0,0.0003000901510878,logistic,logistic,1.0,1.0,1.0,1.0,1.0
2025-10-28,0.9412464162260549,0.9412464162260549,0.09513054468633886,True,0.6124658258148055,False,0.159470165436846,1.0,0.0001000728835547,logistic,logistic,1.0,1.0,1.0,1.0,1.0
2025-10-29,0.9412464162260549,0.9412464162260549,0.09483804072363232,True,0.6135846151489361,False,0.15415942626413093,1.0,0.0001003370433958,logistic,logistic,1.0,1.0,1.0,1.0,1.0
2025-10-30,0.9412464162260549,0.9412464162260549,0.1012083593984967,True,0.6128891726170045,False,0.16643585211312728,1.0,0.000101050147502,logistic,logistic,1.0,1.0,1.0,1.0,1.0
2025-10-31,0.9412464162260549,0.9412464162260549,0.10321195552243571,True,0.6133036559884091,False,0.16906994277833706,1.0,0.0001000200460194,logistic,logistic,1.0,1.0,1.0,1.0,1.0
2025-11-03,0.9412464162260549,0.9412464162260549,0.09747619962309445,True,0.6144332381916491,False,0.16354087422465782,1.0,0.000305241054086,logistic,logistic,1.0,1.0,1.0,1.0,1.0
2025-11-04,0.9412464162260549,0.9412464162260549,0.11008019842946061,True,0.613459451814605,False,0.18294697396101592,1.0,0.0001020006672616,logistic,logistic,1.0,1.0,1.0,1.0,1.0
2025-11-05,0.9412464162260549,0.9412464162260549,0.10745749809777774,True,0.6145325515133216,False,0.17631218138234658,1.0,0.0001018686736127,logistic,logistic,1.0,1.0,1.0,1.0,1.0
2025-11-06,0.9412464162260549,0.9412464162260549,0.11457567195207304,True,0.6138122086510238,False,0.18999377931001765,1.0,0.0001012085913487,logistic,logistic,1.0,1.0,1.0,1.0,1.0
2025-11-07,0.9412464162260549,0.9412464162260549,0.11682490573969609,True,0.6106782396457381,False,0.18006217924355936,1.0,0.000101050147502,logistic,logistic,1.0,1.0,1.0,1.0,1.0
2025-11-10,0.9412464162260549,0.9412464162260549,0.11600154492642742,True,0.6146971653757954,False,0.1745669307423013,1.0,0.000305241054086,logistic,logistic,1.0,1.0,1.0,1.0,1.0
2025-11-11,0.9412464162260549,0.9412464162260549,0.10835830947866432,True,0.6145850796349885,False,0.16904682745889515,1.0,0.0001017366673281,logistic,logistic,1.0,1.0,1.0,1.0,1.0
2025-11-12,0.9412464162260549,0.9412464162260549,0.1080816175102914,True,0.6150032897699197,False,0.1702790278623416,1.0,0.0001016046609956,logistic,logistic,1.0,1.0,1.0,1.0,1.0
2025-11-13,0.9412464162260549,0.9412464162260549,0.12242237709755274,True,0.6151079012289115,False,0.1907751742461808,1.0,0.0001020006672616,logistic,logistic,1.0,1.0,1.0,1.0,1.0
2025-11-14,0.9412464162260549,0.9412464162260549,0.12315286553787738,True,0.6144382643159146,False,0.19011973133971402,1.0,0.0001018686736127,logistic,logistic,1.0,1.0,1.0,1.0,1.0
2025-11-17,0.9412464162260549,0.9412464162260549,0.12719195636382044,True,0.6164394009466274,False,0.19804502757318404,0.5,0.0003043695950282,logistic,logistic,1.0,1.0,1.0,1.0,1.0
2025-11-18,0.9412464162260549,0.9412464162260549,0.13834628674715493,True,0.615460687125132,False,0.21385274482338004,0.5,0.0001014462399884,logistic,logistic,1.0,1.0,1.0,1.0,1.0
2025-11-19,0.9412464162260549,0.9412464162260549,0.1370433601723465,True,0.614088236594453,False,0.20991216447347746,0.5,0.0001014462399884,logistic,logistic,1.0,1.0,1.0,1.0,1.0
2025-11-20,0.9412464162260549,0.9412464162260549,0.1437296056185743,True,0.6141966611019278,False,0.23121681703519906,0.5,0.0001015254516338,logistic,logistic,1.0,1.0,1.0,1.0,1.0
2025-11-21,0.9412464162260549,0.9412464162260549,0.13394387247793832,True,0.6151046887019507,False,0.2134119006157651,0.5,0.0001006011778414,logistic,logistic,1.0,1.0,1.0,1.0,1.0
2025-11-24,0.9412464162260549,0.9412464162260549,0.13072020527483033,True,0.6169642411006444,False,0.20251822560205962,0.5,0.0003010413337645,logistic,logistic,1.0,1.0,1.0,1.0,1.0
2025-11-25,0.9412464162260549,0.9412464162260549,0.1195325560321328,True,0.6178308423307786,False,0.18650739764292323,0.75,0.0001003898748355,logistic,logistic,1.0,1.0,1.0,1.0,1.0
2025-11-26,0.9412464162260549,0.9412464162260549,0.10977065723397766,True,0.6174000092336204,False,0.17604141680278124,0.75,0.0001009445152932,logistic,logistic,1.0,1.0,1.0,1.0,1.0
2025-11-28,0.9412464162260549,0.9412464162260549,0.09465255626382606,True,0.6164560935321456,False,0.15834328997571046,0.75,0.0001989403311091,logistic,logistic,1.0,1.0,1.0,1.0,1.0
2025-12-01,0.9412464162260549,0.9412464162260549,0.10005036989777823,True,0.6174329072724782,False,0.16793414567687084,0.75,0.0002981081951101,logistic,logistic,1.0,1.0,1.0,1.0,1.0
2025-12-02,0.9412464162260549,0.9412464162260549,0.09407677172519417,True,0.6179580392915763,False,0.15406064898731653,0.75,9.880455888366946e-05,logistic,logistic,1.0,1.0,1.0,1.0,1.0
2025-12-03,0.9412464162260549,0.9412464162260549,0.09159515835019717,True,0.6127867781058638,False,0.14899445232615768,1.0,9.78264957371966e-05,logistic,logistic,1.0,1.0,1.0,1.0,1.0
2025-12-04,0.9412464162260549,0.9412464162260549,0.08956332969533094,True,0.6141868076158078,False,0.14675335136486672,0.75,9.721833398468328e-05,logistic,logistic,1.0,1.0,1.0,1.0,1.0
2025-12-05,0.9412464162260549,0.9412464162260549,0.0891234018756977,True,0.6128100573203112,False,0.14097440705264153,1.0,9.698031935290174e-05,logistic,logistic,1.0,1.0,1.0,1.0,1.0
2025-12-08,0.9412464162260549,0.9412464162260549,0.09336551360633664,True,0.6114080226480638,False,0.14855530633980085,1.0,0.0002921594446179,logistic,logistic,1.0,1.0,1.0,1.0,1.0
2025-12-09,0.9412464162260549,0.9412464162260549,0.08977464547749163,True,0.6121233280099718,False,0.1427462699034802,1.0,9.774717737687232e-05,logistic,logistic,1.0,1.0,1.0,1.0,1.0
2025-12-10,0.9412464162260549,0.9412464162260549,0.08575759940208273,True,0.6110413859205888,False,0.1368892498647014,1.0,9.671583656789552e-05,logistic,logistic,1.0,1.0,1.0,1.0,1.0
2025-12-11,0.9412464162260549,0.9412464162260549,0.07975743287518097,True,0.6109429097397971,False,0.1322637448199778,1.0,9.60545213515296e-05,logistic,logistic,1.0,1.0,1.0,1.0,1.0
2025-12-12,0.9412464162260549,0.9412464162260549,0.09148420786314314,True,0.6092413214606685,False,0.15028613211821557,1.0,9.491668064476322e-05,logistic,logistic,1.0,1.0,1.0,1.0,1.0
2025-12-15,0.9412464162260549,0.9412464162260549,0.09258404930769931,True,0.6091269099692601,False,0.15585321622280665,0.75,0.0002858094120947,logistic,logistic,1.0,1.0,1.0,1.0,1.0
2025-12-16,0.9412464162260549,0.9412464162260549,0.09218750945278915,True,0.6084348373949895,False,0.1554839324968916,0.75,9.544596720334476e-05,logistic,logistic,1.0,1.0,1.0,1.0,1.0
2025-12-17,0.9412464162260549,0.9412464162260549,0.10076103947996548,True,0.607422805119695,False,0.1660968563604664,0.75,9.539304061201292e-05,logistic,logistic,1.0,1.0,1.0,1.0,1.0
2025-12-18,0.9412464162260549,0.9412464162260549,0.10321043942305932,True,0.6085099542762016,False,0.16702759543775603,0.75,9.483727823500487e-05,logistic,logistic,1.0,1.0,1.0,1.0,1.0
2025-12-19,0.9412464162260549,0.9412464162260549,0.09631201771220999,True,0.6070344386094715,False,0.14984664840044162,1.0,9.483727823500487e-05,logistic,logistic,1.0,1.0,1.0,1.0,1.0
2025-12-22,0.9412464162260549,0.9412464162260549,0.09110051056330344,True,0.6074802253424745,False,0.1430066229851906,1.0,0.0002850153159037,logistic,logistic,1.0,1.0,1.0,1.0,1.0
2025-12-23,0.9412464162260549,0.9412464162260549,0.08683916138919336,True,0.6102357139862918,False,0.13876675992569637,1.0,9.549888646631643e-05,logistic,logistic,1.0,1.0,1.0,1.0,1.0
2025-12-24,0.9412464162260549,0.9412464162260549,0.07514910166549654,True,0.6102524193560562,False,0.1245747414220617,1.0,9.571057225143952e-05,logistic,logistic,1.0,1.0,1.0,1.0,1.0
2025-12-26,0.9412464162260549,0.9412464162260549,0.07617741782197118,True,0.6112601571531683,False,0.12439619201976813,1.0,0.0001907951810562,logistic,logistic,1.0,1.0,1.0,1.0,1.0
2025-12-29,0.9412464162260549,0.9412464162260549,0.07989156417354622,True,0.611350688571922,False,0.12724679823339202,1.0,0.0002858094120947,logistic,logistic,1.0,1.0,1.0,1.0,1.0
2025-12-30,0.9412464162260549,0.9412464162260549,0.08116410334623334,True,0.6112087272501138,False,0.12793806999764679,1.0,9.531365196768782e-05,logistic,logistic,1.0,1.0,1.0,1.0,1.0
2025-12-31,0.9412464162260549,0.9412464162260549,0.08418358068297493,True,0.6124846547557656,False,0.1331228001975415,0.5,9.549888646631643e-05,logistic,logistic,1.0,1.0,1.0,1.0,1.0
2026-01-02,0.9412464162260549,0.9412464162260549,0.08500484693222926,True,0.6108039863269443,False,0.12645781303273748,0.5,0.0001902658593733,logistic,logistic,1.0,1.0,1.0,1.0,1.0
2026-01-05,0.9412464162260549,0.9412464162260549,0.088860317034957,True,0.6104108513710644,False,0.1361291634620937,0.75,0.000283982875225,logistic,logistic,1.0,1.0,1.0,1.0,1.0
2026-01-06,0.9412464162260549,0.9412464162260549,0.0900693949478986,True,0.6098236345822122,False,0.13790817897168572,0.75,9.478433991683131e-05,logistic,logistic,1.0,1.0,1.0,1.0,1.0
2026-01-07,0.9412464162260549,0.9412464162260549,0.09345011213669363,True,0.6096055202072334,False,0.14180765495359463,1.0,9.465199912472856e-05,logistic,logistic,1.0,1.0,1.0,1.0,1.0
2026-01-08,0.9412464162260549,0.9412464162260549,0.09645723714507215,True,0.6102907078544705,False,0.14200776135466514,0.75,9.444023176152784e-05,logistic,logistic,1.0,1.0,1.0,1.0,1.0
2026-01-09,0.9412464162260549,0.9412464162260549,0.09149166244764893,True,0.6107716618975038,False,0.13618263909799846,0.75,9.45990572362998e-05,logistic,logistic,1.0,1.0,1.0,1.0,1.0
2026-01-12,0.9412464162260549,0.9412464162260549,0.09466233884429362,True,0.610047040473071,False,0.14040424620060235,1.0,0.000285412364041,logistic,logistic,1.0,1.0,1.0,1.0,1.0
2026-01-13,0.9412464162260549,0.9412464162260549,0.09378269282486355,True,0.6079017218159908,False,0.14152219559760817,1.0,9.584286206565372e-05,logistic,logistic,1.0,1.0,1.0,1.0,1.0
2026-01-14,0.9412464162260549,0.9412464162260549,0.0984719444911835,True,0.606106563362647,False,0.1508875101363799,1.0,9.584286206565372e-05,logistic,logistic,1.0,1.0,1.0,1.0,1.0
2026-01-15,0.9412464162260549,0.9412464162260549,0.09465731478522481,True,0.6060413400219645,False,0.14412807017436766,1.0,9.597515181858364e-05,logistic,logistic,1.0,1.0,1.0,1.0,1.0
2026-01-16,0.9412464162260549,0.9412464162260549,0.09171467790534868,True,0.6047820643739789,False,0.13629430811608576,1.0,9.576348641826549e-05,logistic,logistic,1.0,1.0,1.0,1.0,1.0
2026-01-20,0.9412464162260549,0.9412464162260549,0.12011693309713974,True,0.6044368357123163,False,0.1762628382035478,0.5,0.0003846968513303,logistic,logistic,1.0,1.0,1.0,1.0,1.0
2026-01-21,0.9412464162260549,0.9412464162260549,0.10827785197183866,True,0.6043698345604711,False,0.15846081721414781,1.0,9.65835887807298e-05,logistic,logistic,1.0,1.0,1.0,1.0,1.0
2026-01-22,0.9412464162260549,0.9412464162260549,0.10003115326726586,True,0.6050326519700046,False,0.14897285271176222,1.0,9.65835887807298e-05,logistic,logistic,1.0,1.0,1.0,1.0,1.0
2026-01-23,0.9412464162260549,0.9412464162260549,0.10119579620878931,True,0.6057666002076892,False,0.1515728455085298,0.75,9.64248779875554e-05,logistic,logistic,1.0,1.0,1.0,1.0,1.0
2026-01-26,0.9412464162260549,0.9412464162260549,0.10336610137448841,True,0.6067214701283704,False,0.15265031020882405,0.75,0.000288746904864,logistic,logistic,1.0,1.0,1.0,1.0,1.0
2026-01-27,0.9412464162260549,0.9412464162260549,0.09329283498272313,True,0.6071305091648551,False,0.14082794244870225,0.75,9.610742889476498e-05,logistic,logistic,1.0,1.0,1.0,1.0,1.0
2026-01-28,0.9412464162260549,0.9412464162260549,0.09170656689405704,True,0.6066719986738989,False,0.135389302373875,1.0,9.64248779875554e-05,logistic,logistic,1.0,1.0,1.0,1.0,1.0
2026-01-29,0.9412464162260549,0.9412464162260549,0.0961634779773469,True,0.6054666931644872,False,0.14721043455909572,1.0,9.637197025003096e-05,logistic,logistic,1.0,1.0,1.0,1.0,1.0
2026-01-30,0.9412464162260549,0.9412464162260549,0.1013189468283961,True,0.6054919564966718,False,0.1568244618940925,0.75,9.616034172643673e-05,logistic,logistic,1.0,1.0,1.0,1.0,1.0
2026-02-02,0.9412464162260549,0.9412464162260549,0.09810030955116757,True,0.606512784864279,False,0.15017800816801385,1.0,0.0002889850363849,logistic,logistic,1.0,1.0,1.0,1.0,1.0
2026-02-03,0.8206232081130274,0.9412464162260549,0.10623393853757143,True,0.6069737988080481,False,0.1641804182156091,0.25,9.663648613700282e-05,logistic,logistic,1.0,1.0,0.7,1.0,0.7
2026-02-04,0.7603116040565137,0.8206232081130274,0.11068080179402193,True,0.6087445835078492,False,0.1708020934220631,0.25,9.67687376840498e-05,logistic,logistic,1.0,1.0,0.7,1.0,0.7
2026-02-05,0.7603116040565137,0.7603116040565137,0.12217973140185823,True,0.6076899379175843,False,0.19370128687068203,0.25,9.63190678009429e-05,logistic,logistic,1.0,1.0,0.7,1.0,0.7
2026-02-06,0.7603116040565137,0.7603116040565137,0.14353872257279995,True,0.6070683022104633,False,0.20265405642800713,0.25,9.663648613700282e-05,logistic,logistic,1.0,1.0,0.7,1.0,0.7
2026-02-09,0.7603116040565137,0.7603116040565137,0.11363680878103861,True,0.6084705329787146,False,0.17193838049127877,0.25,0.0002901755724675,logistic,logistic,1.0,1.0,0.7,1.0,0.7
2026-02-10,0.7603116040565137,0.7603116040565137,0.11114062694212545,True,0.6081166128130641,False,0.17385737108432078,0.25,9.663648613700282e-05,logistic,logistic,1.0,1.0,0.7,1.0,0.7
2026-02-11,0.8801558020282568,0.7603116040565137,0.10842039818561382,True,0.6083405009689933,False,0.17027603782787543,0.5,9.690097656012142e-05,logistic,logistic,1.0,1.0,1.0,1.0,1.0
2026-02-12,0.7900779010141283,0.8801558020282568,0.12451676027393055,True,0.6079395985905923,False,0.1972418846804218,0.25,9.68480842957753e-05,logistic,logistic,1.0,1.0,0.7,1.0,0.7
2026-02-13,0.7900779010141283,0.7900779010141283,0.114661478859786,True,0.6078114525640896,False,0.1897448729167289,0.25,9.671583656789552e-05,logistic,logistic,1.0,1.0,0.7,1.0,0.7
2026-02-17,0.8950389505070642,0.7900779010141283,0.11380653078172695,True,0.607847232579043,False,0.18736075062651023,0.5,0.0003869194736085,logistic,logistic,1.0,1.0,1.0,1.0,1.0
2026-02-18,0.9475194752535321,0.8950389505070642,0.10974862571816059,True,0.6065876337244579,False,0.18170429974029356,0.5,9.698031935290174e-05,logistic,logistic,1.0,1.0,1.0,1.0,1.0
2026-02-19,0.9475194752535321,0.9475194752535321,0.11190240347440206,True,0.6088496699615448,False,0.18382218801261707,0.5,9.67687376840498e-05,logistic,logistic,1.0,1.0,1.0,1.0,1.0
2026-02-20,0.9475194752535321,0.9475194752535321,0.10251618628496195,True,0.609578898096261,False,0.1674984041808353,0.5,9.67687376840498e-05,logistic,logistic,1.0,1.0,1.0,1.0,1.0
2026-02-23,0.823759737626766,0.9475194752535321,0.11546014034624177,True,0.6086545286461288,False,0.18800983121651044,0.25,0.000289778752412,logistic,logistic,1.0,1.0,0.7,1.0,0.7
2026-02-24,0.761879868813383,0.823759737626766,0.11090415621574119,True,0.6086974170660319,False,0.18023112926289972,0.25,9.65835887807298e-05,logistic,logistic,1.0,1.0,0.7,1.0,0.7
2026-02-25,0.8809399344066915,0.761879868813383,0.10652353385169334,True,0.6101574222903644,False,0.1712797754776082,0.75,9.65835887807298e-05,logistic,logistic,1.0,1.0,1.0,1.0,1.0
2026-02-26,0.7904699672033457,0.8809399344066915,0.11113128820927454,True,0.6099317536646809,False,0.17880117795505893,0.25,9.65835887807298e-05,logistic,logistic,1.0,1.0,0.7,1.0,0.7
2026-02-27,0.7904699672033457,0.7904699672033457,0.11536500435755159,True,0.6107761095013956,False,0.18700245466735513,0.25,9.63190678009429e-05,logistic,logistic,1.0,1.0,0.7,1.0,0.7
2026-03-02,0.7904699672033457,0.7904699672033457,0.11971939095773544,True,0.6083046077634303,False,0.19542276375741022,0.25,0.0002899374751448,logistic,logistic,1.0,1.0,0.7,1.0,0.7
2026-03-03,0.7904699672033457,0.7904699672033457,0.12820525759941573,True,0.6097499140381283,False,0.21096116914925286,0.25,9.67687376840498e-05,logistic,logistic,1.0,1.0,0.7,1.0,0.7
2026-03-04,0.7904699672033457,0.7904699672033457,0.11919546083681219,True,0.6090785826924265,False,0.1942107810849738,0.25,9.67687376840498e-05,logistic,logistic,1.0,1.0,0.7,1.0,0.7
2026-03-05,0.8952349836016729,0.7904699672033457,0.12586447640650625,True,0.6075100104305275,False,0.2076691372431061,0.5,9.65835887807298e-05,logistic,logistic,1.0,1.0,1.0,1.0,1.0
2026-03-06,0.9476174918008364,0.8952349836016729,0.1465074826244524,True,0.6080922389850913,False,0.24664446876459337,0.5,9.610742889476498e-05,logistic,logistic,1.0,1.0,1.0,1.0,1.0
2026-03-09,0.8238087459004182,0.9476174918008364,0.1325540993817567,True,0.6100427650600003,False,0.2211396888681723,0.25,0.0002901755724675,logistic,logistic,1.0,1.0,0.7,1.0,0.7
2026-03-10,0.7619043729502091,0.8238087459004182,0.12491950377314172,True,0.6109805407978746,False,0.2127410959534952,0.25,9.67687376840498e-05,logistic,logistic,1.0,1.0,0.7,1.0,0.7
2026-03-11,0.7619043729502091,0.7619043729502091,0.12429087401936902,True,0.6111528023749305,False,0.20514999010122048,0.25,9.690097656012142e-05,logistic,logistic,1.0,1.0,0.7,1.0,0.7
2026-03-12,0.7619043729502091,0.7619043729502091,0.15060682244913076,True,0.6107242650773467,False,0.2294328361193442,0.25,9.703321537690712e-05,logistic,logistic,1.0,0.9987863551017384,0.7,1.0,0.7
2026-03-13,0.7619043729502091,0.7619043729502091,0.14527330878897457,True,0.6101288739649341,False,0.22166877305845187,0.25,9.698031935290174e-05,logistic,logistic,1.0,1.0,0.7,1.0,0.7
2026-03-16,0.7619043729502091,0.7619043729502091,0.12061256008119996,True,0.6113768215125096,False,0.19924090286625448,0.25,0.000291127893379,logistic,logistic,1.0,1.0,0.7,1.0,0.7
2026-03-17,0.8809521864751045,0.7619043729502091,0.11723557303866063,True,0.6106794934677386,False,0.19236605414825192,0.75,9.703321537690712e-05,logistic,logistic,1.0,1.0,1.0,1.0,1.0
2026-03-18,0.7904760932375523,0.8809521864751045,0.13604604901518935,True,0.6102163042923672,False,0.20982095531525466,0.25,9.71654415244938e-05,logistic,logistic,1.0,1.0,0.7,1.0,0.7
2026-03-19,0.7904760932375523,0.7904760932375523,0.1319939491996138,True,0.6097215800508196,False,0.20156580209385463,0.25,9.721833398468328e-05,logistic,logistic,1.0,1.0,0.7,1.0,0.7
2026-03-20,0.7904760932375523,0.7904760932375523,0.175325237664633,True,0.6091090415078784,False,0.2229103922099167,0.0,9.7376998951626e-05,logistic,logistic,1.0,0.949349524670734,0.7,1.0,0.7
2026-03-23,0.7904760932375523,0.7904760932375523,0.1866992139992574,True,0.609644557883663,False,0.22423466468974426,0.0,0.0002916833570862,logistic,logistic,1.0,0.9266015720014852,0.7,1.0,0.7
2026-03-24,0.7904760932375523,0.7904760932375523,0.1873221164005504,True,0.6091679024035723,False,0.22710220734109243,0.0,9.742988103500494e-05,logistic,logistic,1.0,0.9253557671988992,0.7,1.0,0.7
2026-03-25,0.7904760932375523,0.7904760932375523,0.1777534265363989,True,0.6096257733989424,False,0.21535386345807417,0.0,9.742988103500494e-05,logistic,logistic,1.0,0.9444931469272022,0.7,1.0,0.7
2026-03-26,0.7904760932375523,0.7904760932375523,0.19264119922452327,True,0.6084456725484466,False,0.2350035033503992,0.0,9.742988103500494e-05,logistic,logistic,1.0,0.9147176015509535,0.7,1.0,0.7
2026-03-27,0.7904760932375523,0.7904760932375523,0.2082076064983424,True,0.6070519425756615,False,0.2603364933868214,0.0,9.708611038261594e-05,logistic,logistic,1.0,0.8835847870033151,0.7,1.0,0.7
2026-03-30,0.7904760932375523,0.7904760932375523,0.21101454551212415,True,0.6073045297976228,False,0.25154096585803887,0.0,0.00029057239245,logistic,logistic,1.0,0.8779709089757517,0.7,1.0,0.7
2026-03-31,0.7904760932375523,0.7904760932375523,0.20521515717659763,True,0.6085745637768216,False,0.23860177671154104,0.0,9.690097656012142e-05,logistic,logistic,1.0,0.8895696856468047,0.7,1.0,0.7
2026-04-01,0.7904760932375523,0.7904760932375523,0.20596835490818624,True,0.6097890101609432,False,0.2351521680315989,0.0,9.703321537690712e-05,logistic,logistic,1.0,0.8880632901836275,0.7,1.0,0.7
2026-04-02,0.7904760932375523,0.7904760932375523,0.19000715990229158,True,0.6092410358419902,False,0.2259794770116627,0.0,9.708611038261594e-05,logistic,logistic,1.0,0.9199856801954168,0.7,1.0,0.7
2026-04-06,0.7904760932375523,0.7904760932375523,0.18559613172149295,True,0.6079841804292461,False,0.22341754124743182,0.0,0.0003900938862062,logistic,logistic,1.0,0.9288077365570141,0.7,1.0,0.7
2026-04-07,0.7904760932375523,0.7904760932375523,0.19018322432728682,True,0.6092867816570923,False,0.23223088039135675,0.0,9.72976676134607e-05,logistic,logistic,1.0,0.9196335513454263,0.7,1.0,0.7
2026-04-08,0.8952380466187762,0.7904760932375523,0.12231898361950663,True,0.6091763668712576,False,0.2007739306195178,0.5,9.690097656012142e-05,logistic,logistic,1.0,1.0,1.0,1.0,1.0
2026-04-09,0.9476190233093881,0.8952380466187762,0.11351590533952377,True,0.6085670992092818,False,0.18930015474617704,0.75,9.65835887807298e-05,logistic,logistic,1.0,1.0,1.0,1.0,1.0
2026-04-10,0.9476190233093881,0.9476190233093881,0.10992022479788158,True,0.606853574037304,False,0.18535624503713438,0.75,9.671583656789552e-05,logistic,logistic,1.0,1.0,1.0,1.0,1.0
2026-04-13,0.9476190233093881,0.9476190233093881,0.11277730736825888,True,0.6072389494736596,False,0.18654960733511916,0.75,0.0002909691745178,logistic,logistic,1.0,1.0,1.0,1.0,1.0
2026-04-14,0.9476190233093881,0.9476190233093881,0.10939350534915329,True,0.6083760568506174,False,0.18057584996590342,1.0,9.721833398468328e-05,logistic,logistic,1.0,1.0,1.0,1.0,1.0
2026-04-15,0.9476190233093881,0.9476190233093881,0.10283073551622424,True,0.6096334688386186,False,0.17170978411871024,1.0,9.721833398468328e-05,logistic,logistic,1.0,1.0,1.0,1.0,1.0
2026-04-16,0.9476190233093881,0.9476190233093881,0.10237638279877401,True,0.6097784409821185,False,0.16926964826437094,1.0,9.71654415244938e-05,logistic,logistic,1.0,1.0,1.0,1.0,1.0
2026-04-17,0.9476190233093881,0.9476190233093881,0.09794596181486606,True,0.6103096104781688,False,0.1618489477764842,1.0,9.690097656012142e-05,logistic,logistic,1.0,1.0,1.0,1.0,1.0
2026-04-20,0.9476190233093881,0.9476190233093881,0.10693705141270601,True,0.6083817565554145,False,0.1780128382937979,1.0,0.00029057239245,logistic,logistic,1.0,1.0,1.0,1.0,1.0
2026-04-21,0.9476190233093881,0.9476190233093881,0.1111588388733187,True,0.6084437958026598,False,0.18314799548418673,1.0,9.68480842957753e-05,logistic,logistic,1.0,1.0,1.0,1.0,1.0
2026-04-22,0.9476190233093881,0.9476190233093881,0.10924515946155089,True,0.6093244103912451,False,0.1798014675832594,1.0,9.67687376840498e-05,logistic,logistic,1.0,1.0,1.0,1.0,1.0
2026-04-23,0.9476190233093881,0.9476190233093881,0.11347025369164374,True,0.608883216401092,False,0.18494487518205877,1.0,9.67687376840498e-05,logistic,logistic,1.0,1.0,1.0,1.0,1.0
2026-04-24,0.9476190233093881,0.9476190233093881,0.10933202158035539,True,0.6073332630895998,False,0.17884138591427867,1.0,9.671583656789552e-05,logistic,logistic,1.0,1.0,1.0,1.0,1.0
2026-04-27,0.9476190233093881,0.9476190233093881,0.10646408616741644,True,0.6070111332655342,False,0.17053433493896192,1.0,0.0002899374751448,logistic,logistic,1.0,1.0,1.0,1.0,1.0
2026-04-28,0.9476190233093881,0.9476190233093881,0.11046860539479333,True,0.6057051091442166,False,0.17187810743009782,1.0,9.663648613700282e-05,logistic,logistic,1.0,1.0,1.0,1.0,1.0
2026-04-29,0.9476190233093881,0.9476190233093881,0.10901599664175493,True,0.6068287228409726,False,0.17223573821223584,1.0,9.663648613700282e-05,logistic,logistic,1.0,1.0,1.0,1.0,1.0
2026-04-30,0.9476190233093881,0.9476190233093881,0.09993807212126578,True,0.6072556503417395,False,0.15772502514254808,1.0,9.65042345300038e-05,logistic,logistic,1.0,1.0,1.0,1.0,1.0
2026-05-01,0.9476190233093881,0.9476190233093881,0.09624343211334628,True,0.6074524955323118,False,0.15395673353590594,1.0,9.623970590988408e-05,logistic,logistic,1.0,1.0,1.0,1.0,1.0
2026-05-04,0.9476190233093881,0.9476190233093881,0.10225516760649235,True,0.6070875160808589,False,0.16419334776760336,1.0,0.0002899374751448,logistic,logistic,1.0,1.0,1.0,1.0,1.0
2026-05-05,0.9476190233093881,0.9476190233093881,0.09246635529441341,True,0.6068303291721179,False,0.1516174829178773,1.0,9.690097656012142e-05,logistic,logistic,1.0,1.0,1.0,1.0,1.0
2026-05-06,0.9476190233093881,0.9476190233093881,0.09464492402670485,True,0.6079187084100001,False,0.15492787700361602,1.0,9.690097656012142e-05,logistic,logistic,1.0,1.0,1.0,1.0,1.0
2026-05-07,0.9476190233093881,0.9476190233093881,0.09553042768520782,True,0.6085771229342544,False,0.15552357068749906,1.0,9.68480842957753e-05,logistic,logistic,1.0,1.0,1.0,1.0,1.0
2026-05-08,0.9476190233093881,0.9476190233093881,0.09846474906110421,True,0.6088001526918736,False,0.1602120960300473,1.0,9.67687376840498e-05,logistic,logistic,1.0,1.0,1.0,1.0,1.0
2026-05-11,0.9476190233093881,0.9476190233093881,0.10256347234342267,True,0.6087416122710076,False,0.16725580439090254,1.0,0.000290731099988,logistic,logistic,1.0,1.0,1.0,1.0,1.0
2026-05-12,0.9476190233093881,0.9476190233093881,0.10559198433239003,True,0.6094945764514178,False,0.16846949660939095,1.0,9.698031935290174e-05,logistic,logistic,1.0,1.0,1.0,1.0,1.0
2026-05-13,0.9476190233093881,0.9476190233093881,0.10096657951022386,True,0.6095201166185095,False,0.1646452964779645,1.0,9.690097656012142e-05,logistic,logistic,1.0,1.0,1.0,1.0,1.0
2026-05-14,0.9476190233093881,0.9476190233093881,0.09631536146164861,True,0.6096789797524181,False,0.15960425860043628,1.0,9.65835887807298e-05,logistic,logistic,1.0,1.0,1.0,1.0,1.0
2026-05-15,0.9476190233093881,0.9476190233093881,0.10329456594308406,True,0.6100362594692291,False,0.1697550489731928,1.0,9.65835887807298e-05,logistic,logistic,1.0,1.0,1.0,1.0,1.0
2026-05-18,0.9476190233093881,0.9476190233093881,0.10237054259651186,True,0.6111719451271342,False,0.1657638980178883,1.0,0.0002881912443539,logistic,logistic,1.0,1.0,1.0,1.0,1.0
2026-05-19,0.9476190233093881,0.9476190233093881,0.10330225899071652,True,0.6107185428425902,False,0.16708582053325355,1.0,9.623970590988408e-05,logistic,logistic,1.0,1.0,1.0,1.0,1.0
2026-05-20,0.9476190233093881,0.9476190233093881,0.10251165693010084,True,0.6103125684681391,False,0.16482197331742687,1.0,9.576348641826549e-05,logistic,logistic,1.0,1.0,1.0,1.0,1.0
2026-05-21,0.9476190233093881,0.9476190233093881,0.10073157061671024,True,0.6099229040682256,False,0.16021906503252936,1.0,9.64248779875554e-05,logistic,logistic,1.0,1.0,1.0,1.0,1.0
2026-05-22,0.9476190233093881,0.9476190233093881,0.09532125412809044,True,0.6108604298615824,False,0.15489275873767083,1.0,9.65042345300038e-05,logistic,logistic,1.0,1.0,1.0,1.0,1.0
2026-05-26,0.9476190233093881,0.9476190233093881,0.09991319050386722,True,0.6100213340944938,False,0.16091822022050928,1.0,0.0003857553020789,logistic,logistic,1.0,1.0,1.0,1.0,1.0
2026-05-27,0.9476190233093881,0.9476190233093881,0.09452905062312159,True,0.6088184100278105,False,0.1527966053559219,1.0,9.65042345300038e-05,logistic,logistic,1.0,1.0,1.0,1.0,1.0
2026-05-28,0.9476190233093881,0.9476190233093881,0.08960340278763619,True,0.6090380472612278,False,0.14688462788851916,1.0,9.663648613700282e-05,logistic,logistic,1.0,1.0,1.0,1.0,1.0
2026-05-29,0.9476190233093881,0.9476190233093881,0.08865562787184456,True,0.6098716288445427,False,0.1442245757401104,1.0,9.65835887807298e-05,logistic,logistic,1.0,1.0,1.0,1.0,1.0
2026-06-01,0.9476190233093881,0.9476190233093881,0.08904353253809001,True,0.610400612637243,False,0.14783072075632955,1.0,0.0002923181217751,logistic,logistic,1.0,1.0,1.0,1.0,1.0
2026-06-02,0.9476190233093881,0.9476190233093881,0.08299452922864936,True,0.6090024940387931,False,0.1370892440443819,1.0,9.7376998951626e-05,logistic,logistic,1.0,1.0,1.0,1.0,1.0
2026-06-03,0.9476190233093881,0.9476190233093881,0.08483856947720578,True,0.6095351416261947,False,0.1403110525018524,1.0,9.750920855577938e-05,logistic,logistic,1.0,1.0,1.0,1.0,1.0
2026-06-04,0.9476190233093881,0.9476190233093881,0.08365137385045754,True,0.6105062932966241,False,0.13674389348292665,1.0,9.742988103500494e-05,logistic,logistic,1.0,1.0,1.0,1.0,1.0
2026-06-05,0.9476190233093881,0.9476190233093881,0.1480377693742752,True,0.6089250029025479,False,0.219539995138381,1.0,9.756209439859552e-05,logistic,logistic,1.0,1.0,1.0,1.0,1.0
2026-06-08,0.9476190233093881,0.9476190233093881,0.13337632765144247,True,0.6098291699535904,False,0.1966824680175796,1.0,0.0002929528567769,logistic,logistic,1.0,1.0,1.0,1.0,1.0
2026-06-09,0.9476190233093881,0.9476190233093881,0.13594719590686932,True,0.6104591425876653,False,0.20429549229944835,0.75,9.78264957371966e-05,logistic,logistic,1.0,1.0,1.0,1.0,1.0
2026-06-10,0.9476190233093881,0.9476190233093881,0.1436657734650827,True,0.6081060935494479,False,0.22247382074126223,0.75,9.78264957371966e-05,logistic,logistic,1.0,1.0,1.0,1.0,1.0
2026-06-11,0.9476190233093881,0.9476190233093881,0.14299426767534493,True,0.6075460993324211,False,0.20849302024210456,1.0,9.750920855577938e-05,logistic,logistic,1.0,1.0,1.0,1.0,1.0
2026-06-12,0.9476190233093881,0.9476190233093881,0.11667815394183131,True,0.6077507794326668,False,0.18729580970617257,1.0,9.7376998951626e-05,logistic,logistic,1.0,1.0,1.0,1.0,1.0
2026-06-15,0.9476190233093881,0.9476190233093881,0.11681965033782139,True,0.6072461619634666,False,0.17974711177520997,1.0,0.0002921594446179,logistic,logistic,1.0,1.0,1.0,1.0,1.0
2026-06-16,0.9476190233093881,0.9476190233093881,0.11857040769154006,True,0.6061050125025804,False,0.18318769084237718,1.0,9.769430140038617e-05,logistic,logistic,1.0,1.0,1.0,1.0,1.0
2026-06-17,0.9476190233093881,0.9476190233093881,0.1253862446084115,True,0.6043078355063286,False,0.19961514515826842,1.0,9.814374628236422e-05,logistic,logistic,1.0,1.0,1.0,1.0,1.0
2026-06-18,0.9476190233093881,0.9476190233093881,0.11197856634655988,True,0.6054388391886191,False,0.18109240760373901,1.0,9.84345229035899e-05,logistic,logistic,1.0,1.0,1.0,1.0,1.0
2026-06-22,0.9476190233093881,0.9476190233093881,0.12188418641705669,True,0.6049463486424397,False,0.19048430082268322,1.0,0.0003961227894506,logistic,logistic,1.0,1.0,1.0,1.0,1.0
2026-06-23,0.9476190233093881,0.9476190233093881,0.13331655958172423,True,0.6055981988511777,False,0.21085871741928425,0.75,9.928025161265452e-05,logistic,logistic,1.0,1.0,1.0,1.0,1.0
2026-06-24,0.9476190233093881,0.9476190233093881,0.12758216400042058,True,0.6067364327955214,False,0.2034289777833211,0.75,9.928025161265452e-05,logistic,logistic,1.0,1.0,1.0,1.0,1.0
2026-06-25,0.9476190233093881,0.9476190233093881,0.13246471927954215,True,0.6062471811466884,False,0.2072049181187843,0.75,9.90159901423926e-05,logistic,logistic,1.0,1.0,1.0,1.0,1.0
2026-06-26,0.9476190233093881,0.9476190233093881,0.12200554444127756,True,0.6059041727758822,False,0.19778043747515103,0.75,9.856668793295498e-05,logistic,logistic,1.0,1.0,1.0,1.0,1.0
2026-06-29,0.9476190233093881,0.9476190233093881,0.13031626464777962,True,0.6075515438890129,False,0.19893584139924203,0.75,0.0002970773838968,logistic,logistic,1.0,1.0,1.0,1.0,1.0
2026-06-30,0.9476190233093881,0.9476190233093881,0.11550311738742369,True,0.6085798213230904,False,0.18306472279722558,0.75,0.0001003898748355,logistic,logistic,1.0,1.0,1.0,1.0,1.0
2026-07-01,0.9476190233093881,0.9476190233093881,0.1192179207949146,True,0.6114561189629719,False,0.18631238128847333,0.75,9.954448766813506e-05,logistic,logistic,1.0,1.0,1.0,1.0,1.0
2026-07-02,0.9476190233093881,0.9476190233093881,0.11801106246802194,True,0.611784583994982,False,0.18379673316735076,0.75,9.869884030333508e-05,logistic,logistic,1.0,1.0,1.0,1.0,1.0
2026-07-06,0.9476190233093881,0.9476190233093881,0.11501749487151222,True,0.6125645623603712,False,0.17826976394122682,0.75,0.000397180149775,logistic,logistic,1.0,1.0,1.0,1.0,1.0
2026-07-07,0.9476190233093881,0.9476190233093881,0.11572076390327207,True,0.6075803958574029,False,0.17919445118637936,0.75,0.0001002049635008,logistic,logistic,1.0,1.0,1.0,1.0,1.0
2026-07-08,0.9476190233093881,0.9476190233093881,0.11435497865927981,True,0.6100186556987718,False,0.18232491409960638,0.5,0.0001001521348036,logistic,logistic,1.0,1.0,1.0,1.0,1.0
2026-07-09,0.9476190233093881,0.9476190233093881,0.1115758743089917,True,0.6092109793404626,False,0.17487181186015543,1.0,9.906884068944244e-05,logistic,logistic,1.0,1.0,1.0,1.0,1.0
2026-07-10,0.9476190233093881,0.9476190233093881,0.10313713755377964,True,0.6093956537416735,False,0.16440197254390568,1.0,9.941236966692912e-05,logistic,logistic,1.0,1.0,1.0,1.0,1.0
2026-07-13,0.9476190233093881,0.9476190233093881,0.1183379708373546,True,0.6127254912455234,False,0.18290246812958694,0.5,0.0003008828045978,logistic,logistic,1.0,1.0,1.0,1.0,1.0
2026-07-14,0.9476190233093881,0.9476190233093881,0.11162183099857996,True,0.6138341882811214,False,0.17565023943470953,0.75,9.954448766813506e-05,logistic,logistic,1.0,1.0,1.0,1.0,1.0
2026-07-15,0.9476190233093881,0.9476190233093881,0.10361155365736792,True,0.6146412218297904,False,0.16635642905604794,0.75,9.922739883183596e-05,logistic,logistic,1.0,1.0,1.0,1.0,1.0
2026-07-16,0.9476190233093881,0.9476190233093881,0.10837599024125062,True,0.6128793193566939,False,0.1738026623435217,0.5,9.946521888970494e-05,logistic,logistic,1.0,1.0,1.0,1.0,1.0
2026-07-17,0.9476190233093881,0.9476190233093881,0.11873512740209574,True,0.612678602552108,False,0.1906604313057486,0.5,9.972943715808036e-05,logistic,logistic,1.0,1.0,1.0,1.0,1.0
2026-07-20,0.9476190233093881,0.9476190233093881,0.11710922304703628,True,0.6159464193844971,False,0.18662935370471562,0.5,0.0002990595863117,logistic,logistic,1.0,1.0,1.0,1.0,1.0
2026-07-21,0.9476190233093881,0.9476190233093881,0.1128717681855424,True,0.6163470474152439,False,0.17772268554222947,0.5,0.0001003370433958,logistic,logistic,1.0,1.0,1.0,1.0,1.0
2026-07-22,0.9476190233093881,0.9476190233093881,0.10845680637868733,True,0.6148314577489896,False,0.17066269547340462,0.5,0.0001007332323943,logistic,logistic,1.0,1.0,1.0,1.0,1.0
2026-07-23,0.9476190233093881,0.9476190233093881,0.12295056594946345,True,0.6138972010169614,False,0.18908288032660286,0.5,0.0001021854514935,logistic,logistic,1.0,1.0,1.0,1.0,1.0
2026-07-24,0.9476190233093881,0.9476190233093881,0.12152622078101448,True,0.6153703104632622,False,0.1875842820382279,0.5,0.0001023174362184,logistic,logistic,1.0,1.0,1.0,1.0,1.0
2026-07-27,0.9476190233093881,0.9476190233093881,0.12472072493509567,True,0.6149948903383354,False,0.18949773876888767,0.5,0.0003063500547506,logistic,logistic,1.0,1.0,1.0,1.0,1.0
2026-07-28,0.9476190233093881,0.9476190233093881,0.11004733487600689,True,0.6157356077908577,False,0.17206750877035645,0.5,0.0001011293705674,logistic,logistic,1.0,1.0,1.0,1.0,1.0
2026-07-29,0.823809511654694,0.9476190233093881,0.11812378864844977,True,0.6157673778335867,False,0.1896329956299432,0.25,9.84345229035899e-05,logistic,logistic,1.0,1.0,0.7,1.0,0.7
2026-07-30,0.911904755827347,0.823809511654694,0.12130794351096567,True,0.6156707619792374,False,0.18258716436695957,0.5,9.888384672485095e-05,logistic,logistic,1.0,1.0,1.0,1.0,1.0
2026-07-31,0.911904755827347,0.911904755827347,0.11379947036782227,True,0.6147526971361597,False,0.17204628549192977,0.5,9.906884068944244e-05,logistic,logistic,1.0,1.0,1.0,1.0,1.0
2026-08-03,0.911904755827347,0.911904755827347,0.1141895570636055,True,0.6162500417854974,False,0.17199767863753992,0.5,0.0002986631913057,logistic,logistic,1.0,1.0,1.0,1.0,1.0
2026-08-04,0.911904755827347,0.911904755827347,0.11651019391873342,True,0.614020822027779,False,0.1802240671603487,1.0,0.0001003370433958,logistic,logistic,1.0,1.0,1.0,1.0,1.0
2026-08-05,0.911904755827347,0.911904755827347,0.1070305800933213,True,0.6143276009548112,False,0.17176754995866236,1.0,0.0001002049635008,logistic,logistic,1.0,1.0,1.0,1.0,1.0
2026-08-06,0.911904755827347,0.911904755827347,0.10175343098710987,True,0.6159505286773311,False,0.16433785311903693,0.75,0.0001003898748355,logistic,logistic,1.0,1.0,1.0,1.0,1.0
2026-08-07,0.911904755827347,0.911904755827347,0.09868318272433453,True,0.6151465144722729,False,0.16178352023400996,0.75,9.980869831394124e-05,logistic,logistic,1.0,1.0,1.0,1.0,1.0
2026-08-10,0.911904755827347,0.911904755827347,0.10258669653184356,True,0.6139107780488022,False,0.16599796011652365,1.0,0.0003000901510878,logistic,logistic,1.0,1.0,1.0,1.0,1.0
2026-08-11,0.911904755827347,0.911904755827347,0.0899415135376258,True,0.6143163561684633,False,0.15389431217778748,0.5,0.0001003370433958,logistic,logistic,1.0,1.0,1.0,1.0,1.0
2026-08-12,0.911904755827347,0.911904755827347,0.08646958001055316,True,0.6131526005423328,False,0.14725147604705563,1.0,9.972943715808036e-05,logistic,logistic,1.0,1.0,1.0,1.0,1.0
2026-08-13,0.911904755827347,0.911904755827347,0.08601796695063774,True,0.6123254791094572,False,0.14774871913960658,1.0,9.96765930172394e-05,logistic,logistic,1.0,1.0,1.0,1.0,1.0
2026-08-14,0.911904755827347,0.911904755827347,0.0842722565762227,True,0.6117614941834487,False,0.14266707741791398,1.0,9.946521888970494e-05,logistic,logistic,1.0,1.0,1.0,1.0,1.0
2026-08-17,0.911904755827347,0.911904755827347,0.0878610592263399,True,0.6111163959461154,False,0.14931778959633343,1.0,0.0002989010381451,logistic,logistic,1.0,1.0,1.0,1.0,1.0
2026-08-18,0.911904755827347,0.911904755827347,0.0951597207853293,True,0.6125798885569591,False,0.1613479134051117,1.0,9.96765930172394e-05,logistic,logistic,1.0,1.0,1.0,1.0,1.0
2026-08-19,0.911904755827347,0.911904755827347,0.08944435357385205,True,0.6120028684981239,False,0.15343662832070648,0.75,9.954448766813506e-05,logistic,logistic,1.0,1.0,1.0,1.0,1.0
2026-08-20,0.911904755827347,0.911904755827347,0.0926957398147877,True,0.6114393252763148,False,0.15663282858767166,0.5,9.96237541597278e-05,logistic,logistic,1.0,1.0,1.0,1.0,1.0
2026-08-21,0.911904755827347,0.911904755827347,0.09056636539083014,True,0.6104561007398153,False,0.15151485171880147,0.75,9.980869831394124e-05,logistic,logistic,1.0,1.0,1.0,1.0,1.0
2026-08-24,0.911904755827347,0.911904755827347,0.09745448684944087,True,0.6101602044408786,False,0.15898169663674389,0.5,0.0002989010381451,logistic,logistic,1.0,1.0,1.0,1.0,1.0
2026-08-25,0.911904755827347,0.911904755827347,0.09438043545106296,True,0.6082535212366581,False,0.1544814167377073,0.5,9.96765930172394e-05,logistic,logistic,1.0,1.0,1.0,1.0,1.0
2026-08-26,0.911904755827347,0.911904755827347,0.09235766385834127,True,0.6070113708083896,False,0.1514108880957974,0.5,9.928025161265452e-05,logistic,logistic,1.0,1.0,1.0,1.0,1.0
2026-08-27,0.911904755827347,0.911904755827347,0.08873790631087013,True,0.6090759615026625,False,0.14554103445371844,0.75,9.89631322778628e-05,logistic,logistic,1.0,1.0,1.0,1.0,1.0
2026-08-28,0.911904755827347,0.911904755827347,0.08988569374936384,True,0.6091426619344611,False,0.14652987103558876,0.75,0.0001003370433958,logistic,logistic,1.0,1.0,1.0,1.0,1.0
2026-08-31,0.911904755827347,0.911904755827347,0.09222593720563806,True,0.6099952662692474,False,0.14737340684243347,0.75,0.0003011998598991,logistic,logistic,1.0,1.0,1.0,1.0,1.0
