date,v4_multiagent,buy_and_hold,sma_50_200,trailing_volatility_target,ablation_risk_only,ablation_volatility_only,ablation_trend_only,ablation_direction_only
2018-01-02,1.0001499939253504,1.0001499939253504,1.0001499939253504,1.0001499939253504,1.0001499939253504,1.0001499939253504,1.0001499939253504,1.0001499939253504
2018-01-03,1.0088681006232216,1.0088681006232216,1.0088681006232216,1.0088681006232216,1.0088681006232216,1.0088681006232216,1.0088681006232216,1.0088681006232216
2018-01-04,1.0106335283394163,1.0106335283394163,1.0106335283394163,1.0106335283394163,1.0106335283394163,1.0106335283394163,1.0106335283394163,1.0106335283394163
2018-01-05,1.020782856130583,1.020782856130583,1.020782856130583,1.020782856130583,1.020782856130583,1.020782856130583,1.020782856130583,1.020782856130583
2018-01-08,1.024754814224865,1.024754814224865,1.024754814224865,1.024754814224865,1.024754814224865,1.024754814224865,1.024754814224865,1.024754814224865
2018-01-09,1.0248177707726427,1.0248177707726427,1.0248177707726427,1.0248177707726427,1.0248177707726427,1.0248177707726427,1.0248177707726427,1.0248177707726427
2018-01-10,1.0224219639237728,1.0224219639237728,1.0224219639237728,1.0224219639237728,1.0224219639237728,1.0224219639237728,1.0224219639237728,1.0224219639237728
2018-01-11,1.0294198028790131,1.0294198028790131,1.0294198028790131,1.0294198028790131,1.0294198028790131,1.0294198028790131,1.0294198028790131,1.0294198028790131
2018-01-12,1.0369851661260132,1.0369851661260132,1.0369851661260132,1.0369851661260132,1.0369851661260132,1.0369851661260132,1.0369851661260132,1.0369851661260132
2018-01-16,1.0340218349853836,1.0340218349853836,1.0340218349853836,1.0340218349853836,1.0340218349853836,1.0340218349853836,1.0340218349853836,1.0340218349853836
2018-01-17,1.0451806033851014,1.0451806033851014,1.0451806033851014,1.0451806033851014,1.0451806033851014,1.0451806033851014,1.0451806033851014,1.0451806033851014
2018-01-18,1.0453698798558837,1.0453698798558837,1.0453698798558837,1.0453698798558837,1.0453698798558837,1.0453698798558837,1.0453698798558837,1.0453698798558837
2018-01-19,1.0486476886148146,1.0486476886148146,1.0486476886148146,1.0486476886148146,1.0486476886148146,1.0486476886148146,1.0486476886148146,1.0486476886148146
2018-01-22,1.0598695152691724,1.0598695152691724,1.0598695152691724,1.0598695152691724,1.0598695152691724,1.0598695152691724,1.0598695152691724,1.0598695152691724
2018-01-23,1.0686325785268826,1.0686325785268826,1.0686325785268826,1.0686325785268826,1.0686325785268826,1.0686325785268826,1.0686325785268826,1.0686325785268826
2018-01-24,1.061698001240007,1.061698001240007,1.061698001240007,1.061698001240007,1.061698001240007,1.061698001240007,1.061698001240007,1.061698001240007
2018-01-25,1.0613191431778555,1.0613191431778555,1.0613191431778555,1.0613191431778555,1.0613191431778555,1.0613191431778555,1.0613191431778555,1.0613191431778555
2018-01-26,1.0775844097210634,1.0775844097210634,1.0775844097210634,1.0775844097210634,1.0775844097210634,1.0775844097210634,1.0775844097210634,1.0775844097210634
2018-01-29,1.0723517950682933,1.0723517950682933,1.0723517950682933,1.0723517950682933,1.0723517950682933,1.0723517950682933,1.0723517950682933,1.0723517950682933
2018-01-30,1.0635257752628053,1.0635257752628053,1.0635257752628053,1.0635257752628053,1.0635257752628053,1.0635257752628053,1.0635257752628053,1.0635257752628053
2018-01-31,1.067939039432705,1.067939039432705,1.067939039432705,1.067939039432705,1.067939039432705,1.067939039432705,1.067939039432705,1.067939039432705
2018-02-01,1.0588602780743457,1.0588602780743457,1.0588602780743457,1.0588602780743457,1.0588602780743457,1.0588602780743457,1.0588602780743457,1.0588602780743457
2018-02-02,1.037741560061106,1.037741560061106,1.037741560061106,1.037741560061106,1.037741560061106,1.037741560061106,1.037741560061106,1.037741560061106
2018-02-05,0.9968269234859936,0.9968269234859936,0.9968269234859936,0.9968269234859936,0.9968269234859936,0.9968269234859936,0.9968269234859936,0.9968269234859936
2018-02-06,1.0232416195272305,1.0232416195272305,1.0232416195272305,1.0232416195272305,1.0232416195272305,1.0232416195272305,1.0232416195272305,1.0232416195272305
2018-02-07,1.0100028440861544,1.0100028440861544,1.0100028440861544,1.0100028440861544,1.0100028440861544,1.0100028440861544,1.0100028440861544,1.0100028440861544
2018-02-08,0.9673859397563496,0.9673859397563496,0.9673859397563496,0.9673859397563496,0.9673859397563496,0.9673859397563496,0.9673859397563496,0.9673859397563496
2018-02-09,0.9840926140820374,0.9840926140820374,0.9840926140820374,0.9840926140820374,0.9840926140820374,0.9840926140820374,0.9840926140820374,0.9840926140820374
2018-02-12,1.0015551738085062,1.0015551738085062,1.0015551738085062,1.0015551738085062,1.0015551738085062,1.0015551738085062,1.0015551738085062,1.0015551738085062
2018-02-13,1.0067248319134987,1.0067248319134987,1.0067248319134987,1.0067248319134987,1.0067248319134987,1.0067248319134987,1.0067248319134987,1.0067248319134987
2018-02-14,1.0255740630008732,1.0255740630008732,1.0255740630008732,1.0255740630008732,1.0255740630008732,1.0255740630008732,1.0255740630008732,1.0255740630008732
2018-02-15,1.0446130790933414,1.0446130790933414,1.0446130790933414,1.0446130790933414,1.0446130790933414,1.0446130790933414,1.0446130790933414,1.0446130790933414
2018-02-16,1.0399478870254688,1.0399478870254688,1.0399478870254688,1.0399478870254688,1.0399478870254688,1.0399478870254688,1.0399478870254688,1.0399478870254688
2018-02-20,1.0420279957736893,1.0420279957736893,1.0420279957736893,1.0420279957736893,1.0420279957736893,1.0420279957736893,1.0420279957736893,1.0420279957736893
2018-02-21,1.0390655799948207,1.0390655799948207,1.0390655799948207,1.0390655799948207,1.0390655799948207,1.0390655799948207,1.0390655799948207,1.0390655799948207
2018-02-22,1.0389392600718161,1.0389392600718161,1.0389392600718161,1.0389392600718161,1.0389392600718161,1.0389392600718161,1.0389392600718161,1.0389392600718161
2018-02-23,1.0601847048355098,1.0601847048355098,1.0601847048355098,1.0601847048355098,1.0601847048355098,1.0601847048355098,1.0601847048355098,1.0601847048355098
2018-02-26,1.0742432375869055,1.0742432375869055,1.0742432375869055,1.0742432375869055,1.0742432375869055,1.0742432375869055,1.0742432375869055,1.0742432375869055
2018-02-27,1.0609410987706025,1.0609410987706025,1.0609410987706025,1.0609410987706025,1.0609410987706025,1.0609410987706025,1.0609410987706025,1.0609410987706025
2018-02-28,1.0541322311655577,1.0541322311655577,1.0541322311655577,1.0541322311655577,1.0541322311655577,1.0541322311655577,1.0541322311655577,1.0541322311655577
2018-03-01,1.0369219044576485,1.0369219044576485,1.0369219044576485,1.0369219044576485,1.0369219044576485,1.0369219044576485,1.0369219044576485,1.0369219044576485
2018-03-02,1.0464414633573138,1.0464414633573138,1.0464414633573138,1.0464414633573138,1.0464414633573138,1.0464414633573138,1.0464414633573138,1.0464414633573138
2018-03-05,1.0580411310051998,1.0580411310051998,1.0580411310051998,1.0580411310051998,1.0580411310051998,1.0580411310051998,1.0580411310051998,1.0580411310051998
2018-03-06,1.0625172500160147,1.0625172500160147,1.0625172500160147,1.0625172500160147,1.0625172500160147,1.0625172500160147,1.0625172500160147,1.0625172500160147
2018-03-07,1.0649758099989375,1.0649758099989375,1.0649758099989375,1.0649758099989375,1.0649758099989375,1.0649758099989375,1.0649758099989375,1.0649758099989375
2018-03-08,1.0708390071981073,1.0708390071981073,1.0708390071981073,1.0708390071981073,1.0708390071981073,1.0708390071981073,1.0708390071981073,1.0708390071981073
2018-03-09,1.0916427390587342,1.0916427390587342,1.0916427390587342,1.0916427390587342,1.0916427390587342,1.0916427390587342,1.0916427390587342,1.0916427390587342
2018-03-12,1.0974427762964019,1.0974427762964019,1.0974427762964019,1.0974427762964019,1.0974427762964019,1.0974427762964019,1.0974427762964019,1.0974427762964019
2018-03-13,1.0825015296869087,1.0825015296869087,1.0825015296869087,1.0825015296869087,1.0825015296869087,1.0825015296869087,1.0825015296869087,1.0825015296869087
2018-03-14,1.0823126600435757,1.0823126600435757,1.0823126600435757,1.0823126600435757,1.0823126600435757,1.0823126600435757,1.0823126600435757,1.0823126600435757
2018-03-15,1.081366786223976,1.081366786223976,1.081366786223976,1.081366786223976,1.081366786223976,1.081366786223976,1.081366786223976,1.081366786223976
2018-03-16,1.0781516288922357,1.0781516288922357,1.0781516288922357,1.0781516288922357,1.0781516288922357,1.0781516288922357,1.0781516288922357,1.0781516288922357
2018-03-19,1.0551483844270215,1.0551483844270215,1.0551483844270215,1.0551483844270215,1.0551483844270215,1.0551483844270215,1.0551483844270215,1.0551483844270215
2018-03-20,1.0586209618273001,1.0586209618273001,1.0586209618273001,1.0586209618273001,1.0586209618273001,1.0586209618273001,1.0586209618273001,1.0586209618273001
2018-03-21,1.0540117085337048,1.0540117085337048,1.0540117085337048,1.0540117085337048,1.0540117085337048,1.0540117085337048,1.0540117085337048,1.0540117085337048
2018-03-22,1.0279958050996347,1.0279958050996347,1.0279958050996347,1.0279958050996347,1.0279958050996347,1.0279958050996347,1.0279958050996347,1.0279958050996347
2018-03-23,1.0009063857337501,1.0009063857337501,1.0009063857337501,1.0009063857337501,1.0009063857337501,1.0009063857337501,1.0009063857337501,1.0009063857337501
2018-03-26,1.0380992630958938,1.0380992630958938,1.0380992630958938,1.0380992630958938,1.0380992630958938,1.0380992630958938,1.0380992630958938,1.0380992630958938
2018-03-27,1.0045061984187944,1.0045061984187944,1.0045061984187944,1.0045061984187944,1.0045061984187944,1.0045061984187944,1.0045061984187944,1.0045061984187944
2018-03-28,0.9929507732560187,0.9929507732560187,0.9929507732560187,0.9929507732560187,0.9929507732560187,0.9929507732560187,0.9929507732560187,0.9929507732560187
2018-03-29,1.011136265359876,1.011136265359876,1.011136265359876,1.011136265359876,1.011136265359876,1.011136265359876,1.011136265359876,1.011136265359876
2018-04-02,0.9819634826261766,0.9819634826261766,0.9819634826261766,0.9819634826261766,0.9819634826261766,0.9819634826261766,0.9819634826261766,0.9819634826261766
2018-04-03,0.9912155796765402,0.9930135263900716,0.9930135263900716,0.9930135263900716,0.9930135263900716,0.9930135263900716,0.9894176329630087,0.9930135263900716
2018-04-04,1.0032657218423153,1.0086733319818735,1.0086733319818735,1.0086733319818735,1.0086733319818735,1.0086733319818735,1.0003532547829443,1.0086733319818735
2018-04-05,1.0077056873197012,1.0144198714099593,1.0144198714099593,1.0144198714099593,1.0144198714099593,1.0144198714099593,1.004356310239427,1.0144198714099593
2018-04-06,0.9881735674068219,0.9890357710046368,0.9890357710046368,0.9890357710046368,0.9890357710046368,0.9890357710046368,0.9867774696678435,0.9890357710046368
2018-04-09,0.9935823583906153,0.9959817394600924,0.9959817394600924,0.9959817394600924,0.9959817394600924,0.9959817394600924,0.9916689660573034,0.9959817394600924
2018-04-10,1.0105817693729384,1.0179561173060516,1.0179561173060516,1.0179561173060516,1.0179561173060516,1.0179561173060516,1.0069981235260053,1.0179561173060516
2018-04-11,1.0060738906165168,1.0120834613686858,1.0120834613686858,1.0120834613686858,1.0120834613686858,1.0120834613686858,1.002945412015441,1.0120834613686858
2018-04-12,1.015473316005786,1.024270587853347,1.024270587853347,1.024270587853347,1.024270587853347,1.024270587853347,1.0114133115233037,1.024270587853347
2018-04-13,1.0114082837702074,1.0189660664489146,1.0189660664489146,1.0189660664489146,1.0189660664489146,1.0189660664489146,1.007760917226237,1.0189660664489146
2018-04-16,1.017414791744736,1.0267330126970378,1.0267330126970378,1.0267330126970378,1.0267330126970378,1.0267330126970378,1.0131802013122981,1.0267330126970378
2018-04-17,1.0343982187991838,1.0488336087591392,1.0488336087591392,1.0488336087591392,1.0488336087591392,1.0488336087591392,1.0284608983772432,1.0488336087591392
2018-04-18,1.0361666188665695,1.050980538915906,1.050980538915906,1.050980538915906,1.050980538915906,1.050980538915906,1.0302575879525868,1.050980538915906
2018-04-19,1.0271219775691591,1.0413194040638876,1.0413194040638876,1.0413194040638876,1.0413194040638876,1.0413194040638876,1.0207869487533185,1.0413194040638876
2018-04-20,1.011783163274567,1.0248387223862805,1.0248387223862805,1.0248387223862805,1.0248387223862805,1.0248387223862805,1.0046312287144867,1.0248387223862805
2018-04-23,1.0095852647616141,1.0222496724989978,1.0222496724989978,1.0222496724989978,1.0222496724989978,1.0222496724989978,1.0025970215895494,1.0222496724989978
2018-04-24,0.9900148881444458,1.000591399581137,1.000591399581137,1.000591399581137,1.000591399581137,1.000591399581137,0.9810543477636179,1.000591399581137
2018-04-25,0.9908758541961635,1.0017908286085069,1.0017908286085069,1.0017908286085069,1.0017908286085069,1.0017908286085069,0.9815977424683615,1.0017908286085069
2018-04-26,1.0065379327065813,1.0228811704071588,1.0228811704071588,1.0228811704071588,1.0228811704071588,1.0228811704071588,0.9960776738574563,1.0228811704071588
2018-04-27,1.0069637919972891,1.0235123631947325,1.0235123631947325,1.0235123631947325,1.0235123631947325,1.0235123631947325,0.9963935036174449,1.0235123631947325
2018-04-30,1.0002081439898323,1.0162510017592146,1.0162510017592146,1.0162510017592146,1.0162510017592146,1.0162510017592146,0.9893245383348128,1.0162510017592146
2018-05-01,1.010939565957559,1.0278696885903549,1.0278696885903549,1.0278696885903549,1.0278696885903549,1.0278696885903549,1.0006353778472723,1.0278696885903549
2018-05-02,1.005348970253207,1.0218076544753445,1.0218076544753445,1.0218076544753445,1.0218076544753445,1.0218076544753445,0.9947339626537612,1.0218076544753445
2018-05-03,1.005235479298944,1.0216814362592022,1.0216814362592022,1.0216814362592022,1.0216814362592022,1.0216814362592022,0.9946110887001827,1.0216814362592022
2018-05-04,1.0231324646411268,1.041066459097292,1.041066459097292,1.041066459097292,1.041066459097292,1.041066459097292,1.0134824883216385,1.041066459097292
2018-05-07,1.0311185675128027,1.0497179499270344,1.0497179499270344,1.0497179499270344,1.0497179499270344,1.0497179499270344,1.021904750298479,1.0497179499270344
2018-05-08,1.030132245751365,1.0486442305814954,1.0486442305814954,1.0486442305814954,1.0486442305814954,1.0486442305814954,1.0208594800906388,1.0486442305814954
2018-05-09,1.0406688393231291,1.0600734375281289,1.0600734375281289,1.0600734375281289,1.0600734375281289,1.0600734375281289,1.0319858601546559,1.0600734375281289
2018-05-10,1.0507912807569237,1.0710605247442462,1.0710605247442462,1.0710605247442462,1.0710605247442462,1.0710605247442462,1.042681834838974,1.0710605247442462
2018-05-11,1.0498647868446809,1.0700503721876586,1.0700503721876586,1.0700503721876586,1.0700503721876586,1.0700503721876586,1.0416984471621464,1.0700503721876586
2018-05-14,1.0515601208342353,1.0718815025369137,1.0718815025369137,1.0718815025369137,1.0718815025369137,1.0718815025369137,1.043481060103508,1.0718815025369137
2018-05-15,1.0406370965007476,1.0600101758597642,1.0600101758597642,1.0600101758597642,1.0600101758597642,1.0600101758597642,1.031924274659792,1.0600101758597642
2018-05-16,1.0470961139010304,1.0670194059835845,1.0670194059835845,1.0670194059835845,1.0670194059835845,1.0670194059835845,1.0387477890714159,1.0670194059835845
2018-05-17,1.0433203432925164,1.0629147204339713,1.0629147204339713,1.0629147204339713,1.0629147204339713,1.0629147204339713,1.034751860772845,1.0629147204339713
2018-05-18,1.0382648836403257,1.0574214310930685,1.0574214310930685,1.0574214310930685,1.0574214310930685,1.0574214310930685,1.02940412096081,1.0574214310930685
2018-05-21,1.0437425255783113,1.0633571452850743,1.0633571452850743,1.0633571452850743,1.0633571452850743,1.0633571452850743,1.0351825631886928,1.0633571452850743
2018-05-22,1.0424662631045,1.0619676261320237,1.0619676261320237,1.0619676261320237,1.0619676261320237,1.0619676261320237,1.0338298605667822,1.0619676261320237
2018-05-23,1.0507274515207308,1.0709343065281036,1.0709343065281036,1.0709343065281036,1.0709343065281036,1.0709343065281036,1.0425589608853958,1.0709343065281036
2018-05-24,1.0504402304370437,1.0706187101343168,1.0706187101343168,1.0706187101343168,1.0706187101343168,1.0706187101343168,1.0422517264954245,1.0706187101343168
2018-05-25,1.0514313887062747,1.0716919209455442,1.0716919209455442,1.0716919209455442,1.0716919209455442,1.0716919209455442,1.0432965016430165,1.0716919209455442
2018-05-29,1.0470854388074378,1.066956246022082,1.066956246022082,1.066956246022082,1.066956246022082,1.066956246022082,1.0386863025886022,1.066956246022082
2018-05-30,1.0541228917504184,1.0745961603991645,1.0745961603991645,1.0745961603991645,1.0745961603991645,1.0745961603991645,1.0461237907199206,1.0745961603991645
2018-05-31,1.0534874609819436,1.0739021127706754,1.0739021127706754,1.0739021127706754,1.0739021127706754,1.0739021127706754,1.0454481324933125,1.0739021127706754
2018-06-01,1.06900751601487,1.0907617542172963,1.0907617542172963,1.0907617542172963,1.0907617542172963,1.0907617542172963,1.0618610629226994,1.0907617542172963
2018-06-04,1.0780749213030218,1.1006123689538216,1.1006123689538216,1.1006123689538216,1.1006123689538216,1.1006123689538216,1.071450676964562,1.1006123689538216
2018-06-05,1.0812118036424825,1.1040220915131849,1.1040220915131849,1.1040220915131849,1.1040220915131849,1.1040220915131849,1.0747700559280782,1.1040220915131849
2018-06-06,1.0871330466637341,1.1104628819834845,1.1104628819834845,1.1104628819834845,1.1104628819834845,1.1104628819834845,1.0810401919943748,1.1104628819834845
2018-06-07,1.0788429121617236,1.1014331433327644,1.1014331433327644,1.1014331433327644,1.1014331433327644,1.1014331433327644,1.0722497042049968,1.1014331433327644
2018-06-08,1.0789040752874983,1.1014959981736798,1.1014959981736798,1.1014959981736798,1.1014959981736798,1.1014959981736798,1.072310893651662,1.1014959981736798
2018-06-11,1.0816419282761895,1.1044643129505631,1.1044643129505631,1.1044643129505631,1.1044643129505631,1.1044643129505631,1.0752005603198267,1.1044643129505631
2018-06-12,1.0869829163931204,1.110273605512702,1.110273605512702,1.110273605512702,1.110273605512702,1.110273605512702,1.0808559305700316,1.110273605512702
2018-06-13,1.0869283597642245,1.1102104455511999,1.1102104455511999,1.1102104455511999,1.1102104455511999,1.1102104455511999,1.0807944440872175,1.1102104455511999
2018-06-14,1.0972555850474113,1.1214501726133264,1.1214501726133264,1.1214501726133264,1.1214501726133264,1.1214501726133264,1.0917363647027922,1.1214501726133264
2018-06-15,1.0936651258028953,1.1175349669482202,1.1175349669482202,1.1175349669482202,1.1175349669482202,1.1175349669482202,1.0879248958526637,1.1175349669482202
2018-06-18,1.0930829862781717,1.1168896369067836,1.1168896369067836,1.1168896369067836,1.1168896369067836,1.1168896369067836,1.0872966643978237,1.1168896369067836
2018-06-19,1.0901813274469099,1.1137256381267917,1.1137256381267917,1.1137256381267917,1.1137256381267917,1.1137256381267917,1.0842164985461897,1.1137256381267917
2018-06-20,1.097448975412122,1.1216356859302028,1.1216356859302028,1.1216356859302028,1.1216356859302028,1.1216356859302028,1.0919169626812992,1.1216356859302028
2018-06-21,1.088506965980982,1.1118906429167683,1.1118906429167683,1.1118906429167683,1.1118906429167683,1.1118906429167683,1.0824301231469424,1.1118906429167683
2018-06-22,1.0862435287779546,1.1094225224887873,1.1094225224887873,1.1094225224887873,1.1094225224887873,1.1094225224887873,1.0800273977388097,1.1094225224887873
2018-06-25,1.0632930724468097,1.0844268405906745,1.0844268405906745,1.0844268405906745,1.0844268405906745,1.0844268405906745,1.0556939984000573,1.0844268405906745
2018-06-26,1.0673715545944442,1.0888567846859951,1.0888567846859951,1.0888567846859951,1.0888567846859951,1.0888567846859951,1.0600065672333134,1.0888567846859951
2018-06-27,1.053756791387898,1.074049180893594,1.074049180893594,1.074049180893594,1.074049180893594,1.074049180893594,1.0455913039170632,1.074049180893594
2018-06-28,1.0622642756857297,1.0832882322669737,1.0832882322669737,1.0832882322669737,1.0832882322669737,1.0832882322669737,1.0545855585045596,1.0832882322669737
2018-06-29,1.064945725533914,1.0861992860803693,1.0861992860803693,1.0861992860803693,1.0861992860803693,1.0861992860803693,1.057419481388788,1.0861992860803693
2018-07-02,1.0716492010520013,1.093476005252098,1.093476005252098,1.093476005252098,1.093476005252098,1.093476005252098,1.0645033974909128,1.093476005252098
2018-07-03,1.0600162251049887,1.0808202135458547,1.0808202135458547,1.0808202135458547,1.0808202135458547,1.0808202135458547,1.0521829321084766,1.0808202135458547
2018-07-05,1.0723663407343231,1.0942350435656112,1.0942350435656112,1.0942350435656112,1.0942350435656112,1.0942350435656112,1.0652423244172284,1.0942350435656112
2018-07-06,1.0880209904177294,1.111257721112535,1.111257721112535,1.111257721112535,1.111257721112535,1.111257721112535,1.0818139711621564,1.111257721112535
2018-07-09,1.097215474925304,1.1212559125062902,1.1212559125062902,1.1212559125062902,1.1212559125062902,1.1212559125062902,1.0915472516880176,1.1212559125062902
2018-07-10,1.0979739639569837,1.122078212488168,1.122078212488168,1.122078212488168,1.122078212488168,1.122078212488168,1.0923477641091968,1.122078212488168
2018-07-11,1.0927497184888428,1.116383645266729,1.116383645266729,1.116383645266729,1.116383645266729,1.116383645266729,1.0868040794509635,1.116383645266729
2018-07-12,1.110418959165705,1.135620582913277,1.135620582913277,1.135620582913277,1.135620582913277,1.135620582913277,1.105531317528172,1.135620582913277
2018-07-13,1.111293339627465,1.1365698130593334,1.1365698130593334,1.1365698130593334,1.1365698130593334,1.1365698130593334,1.1064553969872772,1.1365698130593334
2018-07-16,1.1088079997404818,1.1338486459578938,1.1338486459578938,1.1338486459578938,1.1338486459578938,1.1338486459578938,1.1038063295996896,1.1338486459578938
2018-07-17,1.1151400260902966,1.1407463036537462,1.1407463036537462,1.1407463036537462,1.1407463036537462,1.1407463036537462,1.1105212277928798,1.1407463036537462
2018-07-18,1.1131701197534254,1.1385943898607258,1.1385943898607258,1.1385943898607258,1.1385943898607258,1.1385943898607258,1.1084263308470161,1.1385943898607258
2018-07-19,1.1079502242110215,1.1328995175186998,1.1328995175186998,1.1328995175186998,1.1328995175186998,1.1328995175186998,1.102882349152634,1.1328995175186998
2018-07-20,1.1077215475050848,1.132646369138379,1.132646369138379,1.132646369138379,1.132646369138379,1.132646369138379,1.1026359081611294,1.132646369138379
2018-07-23,1.111041656206077,1.1362531995969234,1.1362531995969234,1.1362531995969234,1.1362531995969234,1.1362531995969234,1.1061471724768095,1.1362531995969234
2018-07-24,1.1153412360131791,1.1409360886588402,1.1409360886588402,1.1409360886588402,1.1409360886588402,1.1409360886588402,1.110705984277471,1.1409360886588402
2018-07-25,1.12996984613441,1.1568824024818047,1.1568824024818047,1.1568824024818047,1.1568824024818047,1.1568824024818047,1.1262297865012687,1.1568824024818047
2018-07-26,1.1139110786294446,1.1393538350016885,1.1393538350016885,1.1393538350016885,1.1393538350016885,1.1393538350016885,1.10916565382153,1.1393538350016885
2018-07-27,1.0998105498137858,1.123976977900868,1.123976977900868,1.123976977900868,1.123976977900868,1.123976977900868,1.0941962200635555,1.123976977900868
2018-07-30,1.0852402042120073,1.108093620625681,1.108093620625681,1.108093620625681,1.108093620625681,1.108093620625681,1.0787337062984725,1.108093620625681
2018-07-31,1.093035077517456,1.116573125151236,1.116573125151236,1.116573125151236,1.116573125151236,1.116573125151236,1.0869885388994054,1.116573125151236
2018-08-01,1.0969326112540692,1.1208129791208759,1.1208129791208759,1.1208129791208759,1.1208129791208759,1.1208129791208759,1.0911160542119214,1.1208129791208759
2018-08-02,1.1109390906098073,1.1360634145918296,1.1360634145918296,1.1360634145918296,1.1360634145918296,1.1360634145918296,1.105962415992218,1.1360634145918296
2018-08-03,1.1141356998110699,1.1395437217136446,1.1395437217136446,1.1395437217136446,1.1395437217136446,1.1395437217136446,1.1093505093181706,1.1395437217136446
2018-08-06,1.120299817727615,1.146251797818128,1.146251797818128,1.146251797818128,1.146251797818128,1.146251797818128,1.115880849050869,1.146251797818128
2018-08-07,1.1241329115994776,1.1504279832919537,1.1504279832919537,1.1504279832919537,1.1504279832919537,1.1504279832919537,1.1199463828203227,1.1504279832919537
2018-08-08,1.1254128551214195,1.1518200451165623,1.1518200451165623,1.1518200451165623,1.1518200451165623,1.1518200451165623,1.121301560743474,1.1518200451165623
2018-08-09,1.1247787451196511,1.1511241667645515,1.1511241667645515,1.1511241667645515,1.1511241667645515,1.1511241667645515,1.1206241202999727,1.1511241667645515
2018-08-10,1.1167191998754145,1.142328252190311,1.142328252190311,1.142328252190311,1.142328252190311,1.142328252190311,1.1120612612126715,1.142328252190311
2018-08-13,1.1155696253229113,1.1410626119955694,1.1410626119955694,1.1410626119955694,1.1410626119955694,1.1410626119955694,1.110829155267198,1.1410626119955694
2018-08-14,1.122131940115014,1.1482130112442934,1.1482130112442934,1.1482130112442934,1.1482130112442934,1.1482130112442934,1.1177900984036946,1.1482130112442934
2018-08-15,1.109255453461565,1.1341649542997168,1.1341649542997168,1.1341649542997168,1.1341649542997168,1.1341649542997168,1.1041142570740077,1.1341649542997168
2018-08-16,1.1126851261665145,1.1378986132155773,1.1378986132155773,1.1378986132155773,1.1378986132155773,1.1378986132155773,1.1077489894155643,1.1378986132155773
2018-08-17,1.1129211791831244,1.1381518633027603,1.1381518633027603,1.1381518633027603,1.1381518633027603,1.1381518633027603,1.1079955294191184,1.1381518633027603
2018-08-20,1.1120031198763816,1.13713896466089,1.13713896466089,1.13713896466089,1.13713896466089,1.13713896466089,1.1070094684169511,1.13713896466089
2018-08-21,1.1158388966426622,1.1413157603758899,1.1413157603758899,1.1413157603758899,1.1413157603758899,1.1413157603758899,1.1110755962587027,1.1413157603758899
2018-08-22,1.119905657576823,1.1457452976437612,1.1457452976437612,1.1457452976437612,1.1457452976437612,1.1457452976437612,1.1153877690437604,1.1457452976437612
2018-08-23,1.118400402938358,1.1440996806113823,1.1440996806113823,1.1440996806113823,1.1440996806113823,1.1440996806113823,1.113785754080906,1.1440996806113823
2018-08-24,1.1281541400046942,1.1547307938093707,1.1547307938093707,1.1547307938093707,1.1547307938093707,1.1547307938093707,1.1241351865915536,1.1547307938093707
2018-08-27,1.1389545006558903,1.1665012272790962,1.1665012272790962,1.1665012272790962,1.1665012272790962,1.1665012272790962,1.1355937520820465,1.1665012272790962
2018-08-28,1.1405234770242705,1.1682096991523903,1.1682096991523903,1.1682096991523903,1.1682096991523903,1.1682096991523903,1.1372569564915662,1.1682096991523903
2018-08-29,1.1528730698148515,1.1816881976679607,1.1816881976679607,1.1816881976679607,1.1816881976679607,1.1816881976679607,1.1503783303433803,1.1816881976679607
2018-08-30,1.1509656634099719,1.1795999523707543,1.1795999523707543,1.1795999523707543,1.1795999523707543,1.1795999523707543,1.148345414940579,1.1795999523707543
2018-08-31,1.1523595698830034,1.1811183341183675,1.1811183341183675,1.1811183341183675,1.1811183341183675,1.1811183341183675,1.1498235658293585,1.1811183341183675
2018-09-04,1.1477420521056934,1.1760562818737121,1.1760562818737121,1.1760562818737121,1.1760562818737121,1.1760562818737121,1.144895637107713,1.1760562818737121
2018-09-05,1.1338405667589606,1.1608689046573986,1.1608689046573986,1.1608689046573986,1.1608689046573986,1.1608689046573986,1.130110662798181,1.1608689046573986
2018-09-06,1.1243346825362395,1.1504908381328687,1.1504908381328687,1.1504908381328687,1.1504908381328687,1.1504908381328687,1.1200075722669884,1.1504908381328687
2018-09-07,1.1202776575404303,1.1460616059855842,1.1460616059855842,1.1460616059855842,1.1460616059855842,1.1460616059855842,1.1156956965180795,1.1460616059855842
2018-09-10,1.1238293819789997,1.1499216865313115,1.1499216865313115,1.1499216865313115,1.1499216865313115,1.1499216865313115,1.1194535008373139,1.1499216865313115
2018-09-11,1.131956386737229,1.158780964480779,1.158780964480779,1.158780964480779,1.158780964480779,1.158780964480779,1.1280780444315286,1.158780964480779
2018-09-12,1.1288284961211892,1.1553636139067416,1.1553636139067416,1.1553636139067416,1.1553636139067416,1.1553636139067416,1.124751239564291,1.1553636139067416
2018-09-13,1.14014308978738,1.1677028938574372,1.1677028938574372,1.1677028938574372,1.1677028938574372,1.1677028938574372,1.1367635794483095,1.1677028938574372
2018-09-14,1.137017421218618,1.1642863569382984,1.1642863569382984,1.1642863569382984,1.1642863569382984,1.1642863569382984,1.1334375666774688,1.1642863569382984
2018-09-17,1.1216650590465704,1.1475168277716954,1.1475168277716954,1.1475168277716954,1.1475168277716954,1.1475168277716954,1.1171123609240454,1.1475168277716954
2018-09-18,1.1303740408538507,1.1570092309391207,1.1570092309391207,1.1570092309391207,1.1570092309391207,1.1570092309391207,1.1263532545271455,1.1570092309391207
2018-09-19,1.1295658976160707,1.1561231607545668,1.1561231607545668,1.1561231607545668,1.1561231607545668,1.1561231607545668,1.1254906615508546,1.1561231607545668
2018-09-20,1.1412865940544497,1.1689054757975395,1.1689054757975395,1.1689054757975395,1.1689054757975395,1.1689054757975395,1.1379342979230187,1.1689054757975395
2018-09-21,1.1354363440349313,1.1625144199829156,1.1625144199829156,1.1625144199829156,1.1625144199829156,1.1625144199829156,1.1317125787489863,1.1625144199829156
2018-09-24,1.1384110146472146,1.1657474777224246,1.1657474777224246,1.1657474777224246,1.1657474777224246,1.1657474777224246,1.1348599737823124,1.1657474777224246
2018-09-25,1.1398672073727958,1.1673323757579968,1.1673323757579968,1.1673323757579968,1.1673323757579968,1.1673323757579968,1.1364028785515434,1.1673323757579968
2018-09-26,1.1406260476837784,1.1681562013428093,1.1681562013428093,1.1681562013428093,1.1681562013428093,1.1681562013428093,1.1372048761534668,1.1681562013428093
2018-09-27,1.1496897072625951,1.1780457698076041,1.1780457698076041,1.1780457698076041,1.1780457698076041,1.1780457698076041,1.1468324118103337,1.1780457698076041
2018-09-28,1.1494616938810305,1.177792214599834,1.177792214599834,1.177792214599834,1.177792214599834,1.177792214599834,1.1465855747706306,1.177792214599834
2018-10-01,1.1516800798330316,1.1802014467545305,1.1802014467545305,1.1802014467545305,1.1802014467545305,1.1802014467545305,1.1489309722020333,1.1802014467545305
2018-10-02,1.1492464657790373,1.177538659392064,1.177538659392064,1.177538659392064,1.177538659392064,1.177538659392064,1.1463387377309278,1.177538659392064
2018-10-03,1.1504115668042203,1.178806537137777,1.178806537137777,1.178806537137777,1.178806537137777,1.178806537137777,1.1475730219414928,1.178806537137777
2018-10-04,1.1296945022874967,1.156174827840627,1.156174827840627,1.156174827840627,1.156174827840627,1.156174827840627,1.125540959672062,1.156174827840627
2018-10-05,1.1167395956339357,1.1420381842189675,1.1420381842189675,1.1420381842189675,1.1420381842189675,1.1420381842189675,1.1117788788471559,1.1420381842189675
2018-10-08,1.1103543199097412,1.1350647549106847,1.1350647549106847,1.1350647549106847,1.1350647549106847,1.1350647549106847,1.1049902166769985,1.1350647549106847
2018-10-09,1.1131800585152913,1.1387415596905068,1.1387415596905068,1.1387415596905068,1.1387415596905068,1.1387415596905068,1.107183920137141,1.1387415596905068
2018-10-10,1.0685570647759692,1.0886606938554375,1.0886606938554375,1.0886606938554375,1.0886606938554375,1.0886606938554375,1.0581587767345138,1.0886606938554375
2018-10-11,1.057791766531255,1.0751580908134968,1.0751580908134968,1.0751580908134968,1.0751580908134968,1.0751580908134968,1.0486733811834825,1.0751580908134968
2018-10-12,1.0780157960959431,1.1050796394676148,1.1050796394676148,1.1050796394676148,1.0919676381250314,1.1050796394676148,1.0691214274530474,1.1050796394676148
2018-10-15,1.0690670470814785,1.091703458055541,1.091703458055541,1.091703458055541,1.078840508333286,1.091703458055541,1.0601209203913484,1.091703458055541
2018-10-16,1.0905612232218358,1.1234638667804504,1.1234638667804504,1.1234638667804504,1.1101855611509233,1.1234638667804504,1.0817295089721983,1.1234638667804504
2018-10-17,1.0908793013988431,1.1239076138207635,1.1239076138207635,1.1239076138207635,1.1106240635109244,1.1239076138207635,1.0820484633132579,1.1239076138207635
2018-10-18,1.0734393830213984,1.0978528583652862,1.0978528583652862,1.0978528583652862,1.0865180255318772,1.0978528583652862,1.0645092410378056,1.0978528583652862
2018-10-19,1.072774770071677,1.0968382307067566,1.0968382307067566,1.0968382307067566,1.0855846389810673,1.0968382307067566,1.0638401269183269,1.0968382307067566
2018-10-22,1.0766460460177523,1.1024807240146866,1.1024807240146866,1.1024807240146866,1.091030395702304,1.1024807240146866,1.0677296228068978,1.1024807240146866
2018-10-23,1.0739310566611404,1.0984234338629157,1.0984234338629157,1.0984234338629157,1.0870446089854429,1.0984234338629157,1.0649989127731614,1.0984234338629157
2018-10-24,1.0400162341090018,1.048151969367854,1.048151969367854,1.048151969367854,1.0451845838811664,1.048151969367854,1.0308994810176393,1.048151969367854
2018-10-25,1.0648779380950255,1.0844132118711232,1.0844132118711232,1.0844132118711232,1.0696742205681546,1.0844132118711232,1.0558836534083875,1.0844132118711232
2018-10-26,1.0490328347582252,1.0565200031723034,1.0565200031723034,1.0569811136536604,1.0568274957074764,1.0565200031723034,1.0368915981533244,1.0565200031723034
2018-10-29,1.0367002781259633,1.034776093076367,1.034776093076367,1.0361334727552025,1.0428931682276945,1.034776093076367,1.0220107811983228,1.034776093076367
2018-10-30,1.047550350049763,1.0518290792682632,1.0518290792682632,1.0523259928206232,1.0561432752815865,1.0518290792682632,1.03381957431841,1.0518290792682632
2018-10-31,1.0632708923158207,1.0765522884822138,1.0765522884822138,1.0751302302260863,1.0741444338036692,1.0765522884822138,1.0508486416918312,1.0765522884822138
2018-11-01,1.0722356480885773,1.0907524988928248,1.0907524988928248,1.087663718033269,1.0821107248992987,1.0907524988928248,1.0605708467113861,1.0907524988928248
2018-11-02,1.0616127004419917,1.073763282903605,1.073763282903605,1.0726822350341667,1.067704114876628,1.073763282903605,1.0490270579905014,1.073763282903605
2018-11-05,1.0600054970689,1.0711008006617255,1.0711008006617255,1.0703578665608244,1.0656225369217511,1.0711008006617255,1.0472642702546788,1.0711008006617255
2018-11-06,1.0651487343589738,1.0792148724309558,1.0792148724309558,1.0775157945412253,1.0709947664080024,1.0792148724309558,1.0528373778729612,1.0792148724309558
2018-11-07,1.0864727059173787,1.1130671879001155,1.1130671879001155,1.1072239539259197,1.095560745525962,1.1130671879001155,1.0759745834459975,1.1130671879001155
2018-11-08,1.080613689162154,1.1059670318413788,1.1059670318413788,1.1006888924902853,1.0882792079368255,1.1059670318413788,1.0687882454191389,1.1059670318413788
2018-11-09,1.063961721005498,1.0873293510276352,1.0873293510276352,1.0835043977029342,1.0699396011223348,1.0873293510276352,1.0507770989725422,1.0873293510276352
2018-11-12,1.0379828166092964,1.0544279947211912,1.0544279947211912,1.052340562036765,1.0376591281659737,1.0544279947211912,1.0282640598340327,1.0544279947211912
2018-11-13,1.0386016773177393,1.0553153870949554,1.0553153870949554,1.0531137655405478,1.0381710996160267,1.0553153870949554,1.028888998578072,1.0553153870949554
2018-11-14,1.0326565966615482,1.047264271873503,1.047264271873503,1.0453194558322174,1.0311332015506158,1.047264271873503,1.0234137819400704,1.047264271873503
2018-11-15,1.046264085751857,1.0655853392248364,1.0655853392248364,1.0629350535960942,1.0487205165421658,1.0655853392248364,1.03596566756479,1.0655853392248364
2018-11-16,1.0435174320090226,1.0618452727766496,1.0618452727766496,1.0593315967455352,1.0452129025449675,1.0618452727766496,1.0334397566873534,1.0618452727766496
2018-11-19,1.018067808154351,1.0273587133140465,1.0273587133140465,1.0261205849888833,1.0112072445164668,1.0273587133140465,1.0100029024969126,1.0273587133140465
2018-11-20,1.0043777204442466,1.0089746894149354,1.0089746894149354,1.00919674129921,0.9931122423431973,1.0089746894149354,0.9973706482235978,1.0089746894149354
2018-11-21,1.010138135204531,1.0166452175575769,1.0166452175575769,1.01616912339941,1.0006621794066457,1.0166452175575769,1.0026973077600023,1.0166452175575769
2018-11-23,1.004672688079454,1.0092913028773454,1.0092913028773454,1.0087265327646844,0.9934238782136593,1.0092913028773454,0.9976584485755369,1.0092913028773454
2018-11-26,1.0221914891668757,1.0326207212500278,1.0326207212500278,1.0320428966721147,1.0163865265691814,1.0326207212500278,1.0138577967521838,1.0326207212500278
2018-11-27,1.024804184487136,1.0361072324904446,1.0361072324904446,1.0355274569620572,1.019818225136301,1.0361072324904446,1.0162733904170662,1.0361072324904446
2018-11-28,1.0496337031459764,1.0694525392509264,1.0694525392509264,1.0688541046569133,1.0526392985645416,1.0694525392509264,1.0391875632642047,1.0694525392509264
2018-11-29,1.0470752960561243,1.0659657228899226,1.0659657228899226,1.0653692394171206,1.0492072996737436,1.0659657228899226,1.036835370934474,1.0659657228899226
2018-11-30,1.0528069428587055,1.073699614407791,1.073699614407791,1.0730988032738158,1.0563072640450137,1.073699614407791,1.0421205962612874,1.073699614407791
2018-12-03,1.0666980927742085,1.0924641236788508,1.0924641236788508,1.0918528124702342,1.074704857183098,1.0924641236788508,1.054927564932703,1.0924641236788508
2018-12-04,1.0307257712376163,1.0505606929882385,1.0505606929882385,1.0499728297229507,1.0334826151709888,1.0505606929882385,1.0141474383450395,1.0505606929882385
2018-12-06,1.036397984091419,1.0579780727505592,1.0496440221866123,1.057386058934888,1.040203521515316,1.0579780727505592,1.0188941701705623,1.0579780727505592
2018-12-07,1.0094455544869883,1.0230480713682297,1.0497105412900691,1.02247560336729,1.0108769033243759,1.0230480713682297,0.9953658109691782,1.0230480713682297
2018-12-10,1.0178168713241027,1.0337614654178369,1.049909280645804,1.0331830025126043,1.0208322657814928,1.0337614654178369,1.0027187992227813,1.0337614654178369
2018-12-11,1.0204870757716946,1.0371849184036135,1.0499766596969533,1.0366045398334753,1.0238599666098172,1.0371849184036135,1.0050625598330878,1.0371849184036135
2018-12-12,1.0275793629637457,1.0463136178313732,1.0500441835835461,1.0457281311060478,1.0327756966469175,1.0463136178313732,1.011274134428031,1.0463136178313732
2018-12-13,1.0278385842181492,1.0466305364143702,1.0501113745575974,1.0460448723506062,1.0330050954860543,1.0466305364143702,1.011507961283043,1.0466305364143702
2018-12-14,1.008129185684591,1.0211460513359354,1.0501787103700446,1.020574647650189,1.0080540964001568,1.0211460513359354,0.9942869214101814,1.0211460513359354
2018-12-17,0.9901672713538271,0.998007740157557,1.0503783819880743,0.9974492839990247,0.9852021059504404,0.998007740157557,0.9785728407557703,0.998007740157557
2018-12-18,0.9950874542213749,1.0042834603903072,1.0504446101594276,1.0037214925209212,0.9910734548645898,1.0042834603903072,0.9828988071032005,1.0042834603903072
2018-12-19,0.9758444415005165,0.9796233094309966,1.0505111237559865,0.9790751406661861,0.9693722312077703,0.9796233094309966,0.9660229420959533,0.9796233094309966
2018-12-20,0.9647096203780302,0.9654229973135232,1.0505775571861946,0.9648827746311287,0.955213278006061,0.9654229973135232,0.9562390534148087,0.9654229973135232
2018-12-21,0.9411591907089394,0.9355014486594051,1.0506438541710574,0.934977969206994,0.927050739962997,0.9355014486594051,0.9355113203463555,0.9355014486594051
2018-12-24,0.9228039184863586,0.9123028253116694,1.0508430234390032,0.9117923271354116,0.9043935231080032,0.9123028253116694,0.9193253157642225,0.9123028253116694
2018-12-26,0.9682378918263241,0.969266194520105,1.050978468248672,0.9683375063640259,0.9502817512221146,0.969266194520105,0.959542156794384,0.969266194520105
2018-12-27,0.9708587911104221,0.9730171436025604,1.051045297013765,0.9712518291433935,0.9524898349296006,0.9730171436025604,0.9621597838902125,0.9730171436025604
2018-12-28,0.9705140485026041,0.9725086092909477,1.0511115672352624,0.9708467352689275,0.9520799421783771,0.9725086092909477,0.9618259817400177,0.9725086092909477
2018-12-31,0.976408920131561,0.9807096404274637,1.0513080382302098,0.9779368692304626,0.9580032734552164,0.9807096404274637,0.9675575785377899,0.9807096404274637
2019-01-02,0.9792465024040031,0.984651391583636,1.051442698798613,0.98133711513294,0.9609140813065542,0.984651391583636,0.970316980958164,0.984651391583636
2019-01-03,0.9636322998847887,0.9524821212721898,1.0515097541082745,0.9536122930835836,0.9526285769464341,0.9524821212721898,0.9481448770708408,0.9524821212721898
2019-01-04,0.9788877036546073,0.9932338234538616,1.0515768981360698,0.9885169988404212,0.9633148474996623,0.9932338234538616,0.9765593341877837,0.9932338234538616
2019-01-07,0.9833366225852573,1.0050586700949298,1.0517779336451876,0.9980938545883524,0.9671917533519367,1.0050586700949298,0.9847537735049648,1.0050586700949298
2019-01-08,0.9866827079755573,1.0141502465179417,1.0518462770171417,1.0054175522602462,0.9697739969235298,1.0141502465179417,0.9910085014060803,1.0141502465179417
2019-01-09,0.9897112095860987,1.0224147427365469,1.0519143433753375,1.0123044422169214,0.9730501601594267,1.0224147427365469,0.9966808771733665,1.0224147427365469
2019-01-10,0.9908034178286423,1.0253394252694938,1.0519819918741602,1.01475997322897,0.9741794205895439,1.0253394252694938,0.9986958545248122,1.0253394252694938
2019-01-11,0.9892168626682303,1.0215883744801761,1.0520495039437698,1.011632202141152,0.9723734261051172,1.0215883744801761,0.9961575767451467,1.0215883744801761
2019-01-14,0.9844919837274262,1.0125608733804272,1.0522512212675863,1.0040746986585984,0.9667431241106555,1.0125608733804272,0.9900529337725981,1.0125608733804272
2019-01-15,0.994871550160943,1.0323324840022048,1.052319116713804,1.020671038232324,0.977854369640154,1.0323324840022048,1.00360457743759,1.0323324840022048
2019-01-16,0.9947558458008222,1.0321419870490747,1.0523864532578944,1.0205123038456647,0.977644655342023,1.0321419870490747,1.003118300289633,1.0321419870490747
2019-01-17,0.9985267184285566,1.040279756517226,1.052453568755094,1.02755715969055,0.9814908028979015,1.040279756517226,1.0110272368307955,1.040279756517226
2019-01-18,1.0041813282458638,1.0505784916891443,1.0525204913176798,1.036485197649271,0.9879733281831857,1.0505784916891443,1.0210363730256362,1.0505784916891443
2019-01-22,0.9926278680708577,1.0295355452883348,1.0527878859359863,1.0175972825840118,0.9750605772437615,1.0295355452883348,1.000585151302726,1.0295355452883348
2019-01-23,0.9934004898093229,1.0308702444425935,1.0528549706678707,1.0187776890900146,0.9756467885450263,1.0308702444425935,1.0018823189054566,1.0308702444425935
2019-01-24,0.9974680251327619,1.0375459777648581,1.0529207065295187,1.0250647388245175,0.9799037079794947,1.0375459777648581,1.0083703315504635,1.0375459777648581
2019-01-25,1.0056371567026126,1.0499430272133528,1.0529870949988258,1.0372742283692789,0.9885217697310873,1.0499430272133528,1.0204187777210671,1.0499430272133528
2019-01-28,0.9961121923295926,1.036973571543707,1.0531867084720639,1.0244612644527444,0.9781881697522208,1.036973571543707,1.0078140213113287,1.036973571543707
2019-01-29,0.9889398944012672,1.027182963855952,1.0532541569146054,1.01478879197437,0.9709446292906609,1.027182963855952,0.9982987241276319,1.027182963855952
2019-01-30,1.0081798958410453,1.0533122704415117,1.0533216096766969,1.040602817710886,0.9889652198574247,1.0533122704415117,1.0236932783059682,1.0533122704415117
2019-01-31,1.0205194953691932,1.0690786648250277,1.0533883618399507,1.0561789719825443,1.001813373985469,1.0690786648250277,1.0390163239083525,1.0690786648250277
2019-02-01,1.0169949850283302,1.0645650159820157,1.0534551182334901,1.05171978562727,0.9982002571896651,1.0645650159820157,1.0346295982327007,1.0645650159820157
2019-02-04,1.027397531653762,1.0777889422211926,1.0536549896904046,1.064784149626296,1.0091666401813841,1.0777889422211926,1.04748166953553,1.0777889422211926
2019-02-05,1.0348696672244473,1.0873249776325542,1.0537224681227273,1.0742051215425295,1.0173392045982097,1.0873249776325542,1.0567495529792563,1.0873249776325542
2019-02-06,1.031973408490762,1.0840824611548492,1.0537899508765205,1.0710017298439218,1.0142224019050465,1.0840824611548492,1.053598215606502,1.0840824611548492
2019-02-07,1.019362904031281,1.0695238357614134,1.0538571558811822,1.0566187714074307,1.0006019583096057,1.0695238357614134,1.039448976700942,1.0695238357614134
2019-02-08,1.021189106018495,1.0716218449174029,1.053924647260682,1.0586914656127215,1.0022323765131584,1.0716218449174029,1.0414879901360656,1.0716218449174029
2019-02-11,1.0203245422329705,1.0706048780010398,1.0541279936810592,1.0576867695995984,1.001309265127186,1.0706048780010398,1.0404996201856196,1.0706048780010398
2019-02-12,1.0340646391662554,1.086435042587232,1.0541958691749724,1.0733259246113536,1.0150926220849599,1.086435042587232,1.0558846427815962,1.086435042587232
2019-02-13,1.0347318040011995,1.087198149175238,1.0542636079675747,1.0740798234198807,1.0157354076735867,1.087198149175238,1.0566262909202297,1.087198149175238
2019-02-14,1.0358942618571625,1.088532950036359,1.0543313511128254,1.0753985183369952,1.0169824705920274,1.088532950036359,1.05792355736984,1.088532950036359
2019-02-15,1.0398656848029373,1.0931102673751851,1.0543990139550772,1.0799206049527172,1.0212589157798075,1.0931102673751851,1.0623721611922046,1.0931102673751851
2019-02-19,1.0417615034548249,1.0952717416132638,1.0546700474609074,1.0820559984591571,1.0232783139162525,1.0952717416132638,1.0644728550802813,1.0952717416132638
2019-02-20,1.0416022305982364,1.0950808378326844,1.0547380989794397,1.0818673981574638,1.0230999584531382,1.0950808378326844,1.0642873194870233,1.0950808378326844
2019-02-21,1.038140456904944,1.0910759267150096,1.0548064935855324,1.0779108110078741,1.0193582945900292,1.0910759267150096,1.0603950259037938,1.0910759267150096
2019-02-22,1.0451399683210942,1.0991498242736224,1.054874836174092,1.0858872874860983,1.026901485897367,1.0991498242736224,1.0682418866044845,1.0991498242736224
2019-02-25,1.048625171420309,1.1031550405118842,1.0550798905090684,1.0898441760746358,1.030643434825148,1.1031550405118842,1.0721344767283534,1.1031550405118842
2019-02-26,1.0496216815761135,1.1042995478336,1.0551484484385436,1.0909748735679525,1.0317127124098184,1.1042995478336,1.073246800665984,1.1042995478336
2019-02-27,1.04902274689339,1.1036003131551324,1.0552168131829016,1.0902840759791717,1.0310594392031527,1.1036003131551324,1.0725672283678227,1.1036003131551324
2019-02-28,1.046828299032916,1.101057336476482,1.0552848999809394,1.087771783308293,1.028683615205151,1.101057336476482,1.0700957598338692,1.101057336476482
2019-03-01,1.0534372066989512,1.1086861648055713,1.0553528499682605,1.0953085608412798,1.0358109921775986,1.1086861648055713,1.0775100665888502,1.1086861648055713
2019-03-04,1.0536205570922468,1.1088770685861506,1.055556471949048,1.0954971611429731,1.035989347640713,1.1088770685861506,1.0776956021821082,1.1088770685861506
2019-03-05,1.0543414050331619,1.1097033351356589,1.0556250608462603,1.0963134578137013,1.0367613027724876,1.1097033351356589,1.0784986342330556,1.1097033351356589
2019-03-06,1.0489038114646054,1.1034095110814153,1.0556937954195054,1.0900955761571274,1.0308811787615952,1.1034095110814153,1.0723817916214444,1.1034095110814153
2019-03-07,1.0371915500934181,1.089868259431792,1.055762251997837,1.0767177156523564,1.0182300086182547,1.089868259431792,1.0592213180538494,1.089868259431792
2019-03-08,1.0357653717784352,1.0882151160916014,1.0558306565115028,1.075084519433004,1.016685528225361,1.0882151160916014,1.0576146608706762,1.0882151160916014
2019-03-11,1.0553939120370848,1.1108477407505122,1.0560347945993767,1.0974440548273687,1.0378304853356004,1.1108477407505122,1.0796108593238067,1.1108477407505122
2019-03-12,1.0606786778856547,1.116950864437901,1.056103273289837,1.1034735371415478,1.043532443926493,1.116950864437901,1.0855423640359194,1.116950864437901
2019-03-13,1.0679398143561423,1.1253431044755833,1.0561715585991251,1.1117645149220097,1.0513730527082836,1.1253431044755833,1.093698615470173,1.1253431044755833
2019-03-14,1.0662983403904842,1.123435897393311,1.0562398483235909,1.1098803205387628,1.0495912084651717,1.123435897393311,1.0918450387814278,1.123435897393311
2019-03-15,1.0753132693339984,1.1338620712637195,1.0563081424635197,1.1201806903454707,1.0593320583505115,1.1338620712637195,1.1019780301165736,1.1338620712637195
2019-03-18,1.0776631609943337,1.1365622867515206,1.056512796939284,1.122848324554132,1.0618547856761502,1.1365622867515206,1.1046023159265936,1.1365622867515206
2019-03-19,1.0809684549843146,1.1403842272238771,1.0565815893154022,1.126624148814672,1.0654255057576167,1.1403842272238771,1.1083167839731842,1.1403842272238771
2019-03-20,1.0848766269171033,1.1449059109090125,1.056650470978467,1.131091273062239,1.0696499741535355,1.1449059109090125,1.112711318552335,1.1449059109090125
2019-03-21,1.1003216756950405,1.1628033691787725,1.05671935713213,1.1487727774252032,1.0863710126190136,1.1628033691787725,1.1301055028257558,1.1628033691787725
2019-03-22,1.078327019530083,1.1372633521535096,1.0567879650401313,1.1235409307765998,1.0625097692708478,1.1372633521535096,1.10528366746859,1.1372633521535096
2019-03-25,1.0764764593950225,1.1350977079340756,1.0569931367405019,1.1214014176045397,1.0604864752505523,1.1350977079340756,1.1031789208584442,1.1350977079340756
2019-03-26,1.0810467906013788,1.1403842272238767,1.0570619603928304,1.1266241488146718,1.0654255057576167,1.1403842272238767,1.108316783973184,1.1403842272238767
2019-03-27,1.0747316532280777,1.1330591972925448,1.0571300248053956,1.1193875039940762,1.0585819581769234,1.1330591972925448,1.1011977328479643,1.1330591972925448
2019-03-28,1.0769929475524194,1.135670826103263,1.0571978672555253,1.121967620428217,1.061021921726125,1.135670826103263,1.1037359230257373,1.135670826103263
2019-03-29,1.0844221653880817,1.1442692259508733,1.0572645254072044,1.1304622704577638,1.06905513920463,1.1442692259508733,1.112092537085209,1.1442692259508733
2019-04-01,1.097518157226087,1.1594275150045628,1.057464100373028,1.1454376569063935,1.0832170570880106,1.1594275150045628,1.1268245771936722,1.1594275150045628
2019-04-02,1.101311439082999,1.1638220651117952,1.060414716912065,1.1497791815923644,1.087322748537263,1.1638220651117952,1.1310955531731575,1.1638220651117952
2019-04-03,1.1070790535121928,1.1705099015506761,1.0665083289827462,1.1563863214102381,1.093570986061264,1.1705099015506761,1.1375953285968525,1.1705099015506761
2019-04-04,1.1067014217893252,1.1700639169593918,1.0661019707959658,1.1559457181481574,1.0931543165323578,1.1700639169593918,1.1371618850292253,1.1700639169593918
2019-04-05,1.1119178889121448,1.1761147633195468,1.0716151903184585,1.1619235539226078,1.098807434042781,1.1761147633195468,1.1430425824451553,1.1761147633195468
2019-04-08,1.1145135503513914,1.1791084031051484,1.0743428406878304,1.1648810719194338,1.101604298561326,1.1791084031051484,1.1459520415032038,1.1791084031051484
2019-04-09,1.1109571443434227,1.1749679167399978,1.070570242789579,1.1607905453973577,1.097735970962292,1.1749679167399978,1.1419279850292907,1.1749679167399978
2019-04-10,1.116390860308456,1.1812732336696838,1.0763153227871742,1.1670197812543,1.103626832409163,1.1812732336696838,1.1480559973383118,1.1812732336696838
2019-04-11,1.1139862870852741,1.178470904492111,1.073761984789372,1.1642512654777644,1.1010087034399616,1.178470904492111,1.14533246926104,1.178470904492111
2019-04-12,1.1183776800643566,1.1835665200013328,1.0784048471647172,1.169285396386203,1.1057693784839118,1.1835665200013328,1.1502847967825218,1.1835665200013328
2019-04-15,1.1185609463686108,1.1837572203681876,1.078578603515963,1.1694737957285979,1.1059475439039115,1.1837572203681876,1.1504701346820203,1.1837572203681876
2019-04-16,1.122073810502857,1.1878334279963505,1.082292633940088,1.1735008191123308,1.1097558178787108,1.1878334279963505,1.1544317199279424,1.1878334279963505
2019-04-17,1.1256405686228557,1.191973507534052,1.0860648611581236,1.17759094371581,1.1136237653915155,1.191973507534052,1.1584553810143365,1.191973507534052
2019-04-18,1.1269612883034228,1.1935022633816224,1.087457784739765,1.1791012533240963,1.1150520344197907,1.1935022633816224,1.1599411484635969,1.1935022633816224
2019-04-22,1.1298888036558339,1.1968777107283828,1.0905333184918449,1.1824359719243092,1.1182056098645645,1.1968777107283828,1.1632216787081615,1.1968777107283828
2019-04-23,1.1429771848444419,1.2120997699847484,1.1044028747934838,1.1974743591130357,1.1324271062643931,1.2120997699847484,1.178015695810217,1.2120997699847484
2019-04-24,1.1397034046081407,1.2082784397535657,1.1009210755246772,1.1936991377303914,1.1288569563122706,1.2082784397535657,1.1743018208449048,1.2082784397535657
2019-04-25,1.1439210262771167,1.213182541241034,1.1053894401883444,1.198544065459241,1.133438705763762,1.213182541241034,1.17906801969185,1.213182541241034
2019-04-26,1.1448570952442652,1.214265414204182,1.106376098253259,1.1996138722850955,1.1344504002846885,1.214265414204182,1.1801204424203626,1.214265414204182
2019-04-29,1.1468989982088125,1.2166214536698838,1.1085228000541187,1.2019414833606028,1.1366515746603119,1.2166214536698838,1.1824102303893678,1.2166214536698838
2019-04-30,1.1388164768311444,1.2071955667904175,1.099934417459762,1.1926293309045366,1.1278452617913441,1.2071955667904175,1.1732493981163918,1.2071955667904175
2019-05-01,1.1354867129341923,1.2033106697702833,1.096394699407207,1.188791309741094,1.1242157233658885,1.2033106697702833,1.1694737438512466,1.2033106697702833
2019-05-02,1.1310068787873446,1.198088124096883,1.0916361848044724,1.1836317802303573,1.1193364614183867,1.198088124096883,1.1643980554238587,1.198088124096883
2019-05-03,1.1474336147476027,1.2171951820802451,1.1090455518287203,1.2025082890621757,1.1371875912652285,1.2171951820802451,1.182967825637939,1.2171951820802451
2019-05-06,1.1410581817965193,1.2097431202778728,1.1022556169722997,1.195146145159633,1.1302253617594262,1.2097431202778728,1.1757253147599336,1.2097431202778728
2019-05-07,1.1208298049395151,1.1861775385708773,1.080783872790949,1.1718649099424483,1.1082087719037694,1.1861775385708773,1.152822393879016,1.1861775385708773
2019-05-08,1.118261301906124,1.1831841021990002,1.0780564077616848,1.1689075929049206,1.105412097428339,1.1831841021990002,1.149913132514727,1.1831841021990002
2019-05-09,1.112787865383319,1.1768151167735001,1.0722533163102868,1.1626154567875309,1.0994617524865775,1.1768151167735001,1.1437232420589933,1.1768151167735001
2019-05-10,1.114055271416037,1.1782800007115317,1.0735880430980174,1.1640626651760708,1.1008303479768473,1.1782800007115317,1.1451469336677815,1.1782800007115317
2019-05-13,1.078879393503718,1.1373903840245507,1.0363315306090548,1.123666429858547,1.062628451195957,1.1373903840245507,1.1054071272213757,1.1373903840245507
2019-05-14,1.0896651329257743,1.149873680892295,1.04770566769664,1.1359991010515362,1.0742912070999175,1.149873680892295,1.1175393955459925,1.149873680892295
2019-05-15,1.103682610878712,1.1661151480297194,1.0625040559494991,1.1520445957649685,1.0894651045688968,1.1661151480297194,1.1333241549236075,1.1661151480297194
2019-05-16,1.1137859073349308,1.177833914413385,1.0731815922411827,1.1636219614343408,1.1004135834263837,1.177833914413385,1.1447133912532743,1.177833914413385
2019-05-17,1.1034300816483877,1.1657968055506498,1.0622139986804857,1.151730094462731,1.0891676870944438,1.1657968055506498,1.1330147641900443,1.1657968055506498
2019-05-20,1.0864912148304229,1.1461165276912377,1.044282343231906,1.132287282327586,1.0707810157504722,1.1461165276912377,1.113887892961791,1.1461165276912377
2019-05-21,1.0968302502760023,1.1580898663512966,1.0551918326687462,1.1441161485590992,1.081967333565964,1.1580898663512966,1.1255245430314285,1.1580898663512966
2019-05-22,1.0923886390976516,1.152931192587435,1.0504915148599223,1.1390197202681085,1.0771477451564675,1.152931192587435,1.1205109304445127,1.152931192587435
2019-05-23,1.0771774540104757,1.1352889168352422,1.0344167819533512,1.1215903193451808,1.0606651157783384,1.1352889168352422,1.1033647529923407,1.1352889168352422
2019-05-24,1.076688230692069,1.13471559525233,1.0338944008589654,1.121023915562205,1.0601294792596512,1.13471559525233,1.1028075531312882,1.13471559525233
2019-05-28,1.0730260825576106,1.1304481787230007,1.0300061507333247,1.116807990437831,1.0561425647570655,1.1304481787230007,1.098660135751469,1.1304481787230007
2019-05-29,1.0649968436875064,1.1211493237145753,1.0215335130364112,1.1076213370637118,1.0475839644848801,1.1211493237145753,1.089622763231279,1.1211493237145753
2019-05-30,1.0690785866044594,1.1258625214214641,1.0258279360087244,1.112277664490868,1.0519703399856017,1.1258625214214641,1.094203426484966,1.1258625214214641
2019-05-31,1.0535586300176043,1.1079018014833393,1.009463053163086,1.0945336617860533,1.0351884111974932,1.1079018014833393,1.0767477594523513,1.1079018014833393
2019-06-03,1.03245839380747,1.083507919089589,0.987236604061977,1.0704341203051548,1.0151500255030408,1.083507919089589,1.053039829582892,1.083507919089589
2019-06-04,1.0552662279323621,1.114016214632446,1.0150341914693273,1.100574297341302,1.0340106420104023,1.114016214632446,1.0734988418542248,1.114016214632446
2019-06-05,1.0621746333849107,1.1222956617598125,1.0225779972150204,1.1087538431907153,1.0413506323942732,1.1222956617598125,1.0811551113550877,1.1222956617598125
2019-06-06,1.0701145778881782,1.1312124040864922,1.030702473519064,1.1175629945224996,1.0496242590126141,1.1312124040864922,1.0897449882223023,1.1312124040864922
2019-06-07,1.089690862389785,1.153058326165338,1.0506073524274193,1.1391453198297046,1.0698945545748104,1.153058326165338,1.1107900934673618,1.153058326165338
2019-06-10,1.1017298701760998,1.1664972607114648,1.0628522173423682,1.1524220978073025,1.0823642124957633,1.1664972607114648,1.123736390304087,1.1664972607114648
2019-06-11,1.1031575466032069,1.1680893799342618,1.0643028743676501,1.1539950062370883,1.0838415008931068,1.1680893799342618,1.1252701464204693,1.1680893799342618
2019-06-12,1.09712230759932,1.1613381801201537,1.0581515288533283,1.1473252675977148,1.0775772280856921,1.1613381801201537,1.1187664286966057,1.1613381801201537
2019-06-13,1.1032801460948407,1.1682167169258897,1.0644188972752555,1.1541208067579836,1.083959653766077,1.1682167169258897,1.125392815556646,1.1682167169258897
2019-06-14,1.0988401291053236,1.1632490486494698,1.0598926138278397,1.1492130792483357,1.0793502761506781,1.1632490486494698,1.1206072495676032,1.1632490486494698
2019-06-17,1.1051182333371026,1.1702550241536958,1.0662760978274262,1.1561345194091488,1.0858509490753374,1.1702550241536958,1.1273564035423635,1.1702550241536958
2019-06-18,1.1203312875444715,1.1872606149477494,1.0817707161959709,1.172934917727601,1.101630019895105,1.1872606149477494,1.1437386119345572,1.1872606149477494
2019-06-19,1.1243191668913006,1.191718935257658,1.0858329080129658,1.1773394431536686,1.1057667860186235,1.191718935257658,1.148033501378893,1.191718935257658
2019-06-20,1.1342248956051664,1.202801118390047,1.0959304224366773,1.1882879066982148,1.1160496720765867,1.202801118390047,1.1587094394109154,1.202801118390047
2019-06-21,1.1326355354885103,1.2010177902660837,1.0943055457098794,1.1865260965277877,1.1143949656271792,1.2010177902660837,1.1569914836331812,1.2010177902660837
2019-06-24,1.1326796332606441,1.2010559303394546,1.0943402969801286,1.1865637763962666,1.1144303548662877,1.2010559303394546,1.1570282255869082,1.2010559303394546
2019-06-25,1.1142675530949158,1.1804382203300157,1.075554501643851,1.1661948433337335,1.095299687174688,1.1804382203300157,1.1371663092304032,1.1804382203300157
2019-06-26,1.1191785235716367,1.1859276448101501,1.0805561824682757,1.1716180314441735,1.1003931895810906,1.1859276448101501,1.142454505146432,1.1859276448101501
2019-06-27,1.1232328890927543,1.1904600077158296,1.084685838084581,1.176095706054915,1.1045986580141316,1.1904600077158296,1.14682072297027,1.1904600077158296
2019-06-28,1.1246049325228937,1.1919917130624071,1.0860814490977881,1.17760892957303,1.1060198898567273,1.1919917130624071,1.148296279831949,1.1919917130624071
2019-07-01,1.138988559817674,1.208077466993616,1.1007379594979767,1.1935005899434192,1.1209454666005032,1.208077466993616,1.1637923702787893,1.208077466993616
2019-07-02,1.1432667021074194,1.2128646055894134,1.1050997535995464,1.1982299660756,1.1253873351507886,1.2128646055894134,1.1684040243535239,1.2128646055894134
2019-07-03,1.151419398685577,1.2219926947759991,1.1134167982757972,1.2072479141185823,1.1338570653394424,1.2219926947759991,1.177197500633658,1.2219926947759991
2019-07-05,1.1492050010914192,1.2195033176137928,1.1111486060341467,1.204788574222873,1.1315472332956595,1.2195033176137928,1.1747993778085284,1.2195033176137928
2019-07-08,1.1415816437617874,1.2109497704924668,1.1033550544929291,1.1963382357186574,1.1236106066049352,1.2109497704924668,1.1665593823193385,1.2109497704924668
2019-07-09,1.1469994574909814,1.2170137370378613,1.1088802284523875,1.2023290333678647,1.1292372125092676,1.2170137370378613,1.1724010590263119,1.2170137370378613
2019-07-10,1.157828584149422,1.2291416701286504,1.1199305763713043,1.214310628666279,1.1404904243179323,1.2291416701286504,1.1840844124402587,1.2291416701286504
2019-07-11,1.157035022197368,1.2282482770500092,1.1191165626169874,1.2134280154270278,1.1396614667810558,1.2282482770500092,1.183223768916156,1.2282482770500092
2019-07-12,1.1633601319748896,1.2353337873205714,1.1255725145988003,1.2204280306735757,1.1462359380656693,1.2353337873205714,1.1900495421117552,1.2353337873205714
2019-07-15,1.1669002854447403,1.2392912013335413,1.1291783063998555,1.2243376938269526,1.1499079255155629,1.2392912013335413,1.1938618872304751,1.2392912013335413
2019-07-16,1.1612111780651047,1.2329077735335916,1.12336205580079,1.2180312895993655,1.1439848993444581,1.2329077735335916,1.1877124599190838,1.2329077735335916
2019-07-17,1.1558055779879388,1.2268440104019216,1.1178370671814395,1.2120406929094567,1.1383584821827344,1.2268440104019216,1.181870979169197,1.2268440104019216
2019-07-18,1.1570618941518882,1.228248277050009,1.1191165626169877,1.2134280154270276,1.1396614667810558,1.228248277050009,1.183223768916156,1.228248277050009
2019-07-19,1.1490350060002308,1.2192479316825002,1.110915911528558,1.2045362698235373,1.1313102669505892,1.2192479316825002,1.1745533536863717,1.2192479316825002
2019-07-22,1.1577048827376566,1.228950156106897,1.1197560786596268,1.2141214254866899,1.1403127231519559,1.228950156106897,1.1838999188432773,1.228950156106897
2019-07-23,1.1648842917802023,1.236993236486226,1.1270845191998289,1.2220674566311829,1.1477757002664524,1.236993236486226,1.1916481600237838,1.236993236486226
2019-07-24,1.1726304123673716,1.2456744257197665,1.1349943716588133,1.2306438970952411,1.1558307629440594,1.2456744257197665,1.20001111858478,1.2456744257197665
2019-07-25,1.1621054466276066,1.233865547056083,1.1242347296992876,1.2189775064566093,1.1448735939169499,1.233865547056083,1.1886351238610777,1.233865547056083
2019-07-26,1.1734394235581742,1.2465676153846832,1.1358082000730223,1.231526309375194,1.1566595317383275,1.2465676153846832,1.2008715661517961,1.2465676153846832
2019-07-29,1.169637294496528,1.242291350358332,1.1319118876526837,1.2273016425213328,1.1526916902494868,1.242291350358332,1.1967520582999176,1.242291350358332
2019-07-30,1.1648594444731537,1.2369294662835495,1.127026415075972,1.222004455891086,1.1477165294586626,1.2369294662835495,1.1915867274771517,1.2369294662835495
2019-07-31,1.1496048212794086,1.2198225754546226,1.1114394973336454,1.205103979841954,1.131843464819823,1.2198225754546226,1.175106932455859,1.2198225754546226
2019-08-01,1.1441952826243078,1.213758303788641,1.105914045364025,1.199112880753799,1.1262165758015776,1.213758303788641,1.1692649618132556,1.213758303788641
2019-08-02,1.1282414254992679,1.1958856619932876,1.0896294147851489,1.1814558934252584,1.1096329896127444,1.1958856619932876,1.1520474863396666,1.1958856619932876
2019-08-05,1.0904931795498525,1.1536290033698293,1.0511273241004015,1.1397091111417992,1.070424071963177,1.1536290033698293,1.1113398510736607,1.1536290033698293
2019-08-06,1.1029408050801988,1.1697783240899897,1.0658417532843387,1.1556635712929864,1.0831461837417555,1.1697783240899897,1.1219146220691747,1.1697783240899897
2019-08-07,1.1074256521520915,1.1760977782735387,1.0715997144194398,1.1619067738211781,1.0887445642725009,1.1760977782735387,1.1261752108401855,1.1760977782735387
2019-08-08,1.128507872561313,1.2016942426073907,1.094921894239019,1.1871943866751307,1.1123696191261878,1.2016942426073907,1.1503473132742592,1.2016942426073907
2019-08-09,1.1184709878871908,1.1903960340994288,1.0846275486206165,1.1760325043555198,1.1019089042865162,1.1903960340994288,1.1395318634359157,1.1903960340994288
2019-08-12,1.1064182102020157,1.1767362939551997,1.0721814970184382,1.1625375850593407,1.0892645499170452,1.1767362939551997,1.1264557873278669,1.1767362939551997
2019-08-13,1.1261775292919103,1.2025241706039427,1.0956780818796414,1.1880143006132329,1.1066852827673312,1.2025241706039427,1.1434159713477696,1.2025241706039427
2019-08-14,1.098591687979012,1.1665868644571709,1.0629338596599411,1.1525106203783162,1.0763389534737264,1.1665868644571709,1.1089020826187233,1.1665868644571709
2019-08-15,1.097566495026153,1.1652463680117597,1.0617124683482497,1.1511862986008423,1.0752370740985384,1.1652463680117597,1.107627870345854,1.1652463680117597
2019-08-16,1.1131679502687788,1.1839489378036652,1.0787532865677483,1.1696631998674853,1.0916368099997364,1.1839489378036652,1.1254056451729486,1.1839489378036652
2019-08-19,1.1298435724426787,1.2027795565352346,1.09591077638523,1.188266605012568,1.1089547743759467,1.2027795565352346,1.1433051372421934,1.2027795565352346
2019-08-20,1.1215755399710767,1.1934600550337577,1.087419326667355,1.1790595542696458,1.1006505174933499,1.1934600550337577,1.1344464616143268,1.1934600550337577
2019-08-21,1.130987136230457,1.2040561810711075,1.097073970903011,1.1895278255702961,1.11038055997879,1.2040561810711075,1.144518635910559,1.2040561810711075
2019-08-22,1.1275349002580715,1.2001625372608133,1.0935262832258121,1.1856811631570157,1.1067898418192883,1.2001625372608133,1.1408175229786732,1.2001625372608133
2019-08-23,1.0938256376895485,1.1621825504911556,1.0589208756416195,1.148159449646015,1.0717646996039443,1.1621825504911556,1.1047155508839486,1.1621825504911556
2019-08-26,1.109444700095209,1.1797363412731279,1.0749149856012126,1.1655014332740714,1.0879528047311466,1.1797363412731279,1.1214013509293999,1.1797363412731279
2019-08-27,1.1072359786357504,1.1772468624040588,1.0726467006895077,1.1630419928987126,1.0856664110179013,1.1772468624040588,1.1190349705194589,1.1772468624040588
2019-08-28,1.1109827963574574,1.181459662348321,1.0764851869961518,1.1672039604514248,1.0895266306589777,1.181459662348321,1.1230394581184358,1.181459662348321
2019-08-29,1.1270353598674654,1.1995240215791523,1.092944500626814,1.1850503519188529,1.1061786758643208,1.1995240215791523,1.1402105802890616,1.1995240215791523
2019-08-30,1.1244887387483873,1.196651616373439,1.0903273129618072,1.1822126056639652,1.1035297973676494,1.196651616373439,1.1374802082852395,1.196651616373439
2019-09-03,1.1141871855569714,1.1850341500246466,1.0797420760439054,1.170735317725273,1.0933685560885207,1.1850341500246466,1.1264371963832298,1.1850341500246466
2019-09-04,1.129386804815283,1.2021409391467113,1.095328901116178,1.187635693294756,1.109090726670383,1.2021409391467113,1.1426980978748678,1.2021409391467113
2019-09-05,1.1489374834351367,1.2241629158042375,1.1153941918880035,1.20939194887486,1.1294081198299162,1.2241629158042375,1.1636311432595976,1.2241629158042375
2019-09-06,1.1478653567111785,1.2229501631779036,1.1142891941641333,1.2081938295368781,1.128289238800403,1.2229501631779036,1.1624783581957363,1.2229501631779036
2019-09-09,1.1456108731513004,1.2203968123992963,1.1119627124585179,1.2056712879417733,1.125933526938115,1.2203968123992963,1.1600512641812917,1.2203968123992963
2019-09-10,1.1425006269576103,1.2168862983393716,1.108764112874729,1.2022031323673203,1.1226947398184681,1.2168862983393716,1.1567143361987156,1.2168862983393716
2019-09-11,1.1526392139977797,1.228312047252686,1.1191746667408449,1.2134910161671248,1.1332360929596532,1.228312047252686,1.1675751106094994,1.228312047252686
2019-09-12,1.157169938440286,1.2334185453961763,1.1238274448119678,1.2185358983980363,1.1379473290154893,1.2334185453961763,1.1724291052829607,1.2334185453961763
2019-09-13,1.153269130627983,1.2290141297232986,1.119814368123592,1.2141846271860857,1.1338838316167088,1.2290141297232986,1.168242476870472,1.2290141297232986
2019-09-16,1.1484122824440441,1.2235246035363017,1.1148125946291132,1.2087613385959963,1.128819215322937,1.2235246035363017,1.1630243939254155,1.2235246035363017
2019-09-17,1.1536236429131963,1.2293973611805302,1.120163548887056,1.2145632345045627,1.134237399523385,1.2293973611805302,1.1686067584974957,1.2293973611805302
2019-09-18,1.1531737810672882,1.2288862841973591,1.1196978818657168,1.2140583242669445,1.1337658818134466,1.2288862841973591,1.16812095298375,1.2288862841973591
2019-09-19,1.1549880802334314,1.230928964820245,1.1215590672302092,1.2160763575430285,1.135650451303277,1.230928964820245,1.1700626281953057,1.230928964820245
2019-09-20,1.1434473807267638,1.21790743523709,1.1096945202168673,1.2032119480460641,1.1236368368946432,1.21790743523709,1.1576849804490652,1.21790743523709
2019-09-23,1.1439333101817049,1.2184445491770155,1.11018391077203,1.2037425810738973,1.1241323762033366,1.2184445491770155,1.1581955354576405,1.2184445491770155
2019-09-24,1.1295827313067144,1.2022627839677744,1.0954399198408675,1.1877560679145907,1.1092031402458076,1.2022627839677744,1.1428139177764538,1.2022627839677744
2019-09-25,1.1415658431221893,1.215758369236215,1.1077364019758933,1.2010888130568362,1.1216541166536498,1.215758369236215,1.155642180348479,1.215758369236215
2019-09-26,1.1375969554316645,1.2112812331567766,1.1036570661989087,1.196665698895652,1.1175235276802211,1.2112812331567766,1.1513864273703527,1.2112812331567766
2019-09-27,1.1242628090023037,1.1962507896290266,1.0899621002790019,1.1818166153661638,1.1036564967926423,1.1962507896290266,1.1370992014136636,1.1962507896290266
2019-09-30,1.1329533709490367,1.2076354489699626,1.1003352154433026,1.1930639053876602,1.1141599408482918,1.2076354489699626,1.1443824701130136,1.2076354489699626
2019-10-01,1.1244374253111304,1.197785647888336,1.091360584063883,1.1833329537534063,1.105072551272379,1.197785647888336,1.1347052626798366,1.197785647888336
2019-10-02,1.1068247032070049,1.1771902116817459,1.0725950834694309,1.162986025734065,1.0860712789883868,1.1771902116817459,1.1151944679963264,1.1771902116817459
2019-10-03,1.1165039513429074,1.1901104412300278,1.084367331108991,1.1757503575003492,1.0979914343643642,1.1901104412300278,1.1234429031813842,1.1901104412300278
2019-10-04,1.1288342950966967,1.2076354489699628,1.1003352154433026,1.1930639053876602,1.1141599408482918,1.2076354489699628,1.1350383653508416,1.2076354489699628
2019-10-07,1.1257272085999466,1.2039897664900112,1.0970134573577504,1.1894622123593177,1.1107964478507328,1.2039897664900112,1.1312713318008625,1.2039897664900112
2019-10-08,1.1098383570415937,1.1859526646982823,1.0805789793015597,1.1716427494378958,1.0941554853131656,1.1859526646982823,1.114323632797371,1.1859526646982823
2019-10-09,1.1185893260083413,1.197529855129595,1.0911275188780782,1.183080247435474,1.104236262289272,1.197529855129595,1.1216186933660985,1.197529855129595
2019-10-10,1.1251144038089749,1.2068038936636136,1.099577545081816,1.1922423837751692,1.112551189605816,1.2068038936636136,1.127713937823738,1.2068038936636136
2019-10-11,1.1377332737669654,1.2223462278294328,1.1137389193834937,1.2075971813794697,1.1268525684969037,1.2223462278294328,1.141899364373703,1.2223462278294328
2019-10-14,1.137562151063295,1.2222184840103558,1.1136225257956727,1.2074709789399778,1.1267348044400767,1.2222184840103558,1.1417800278203718,1.2222184840103558
2019-10-15,1.151161385192422,1.237760818176175,1.1277839000973506,1.2228257765442783,1.141062920956042,1.237760818176175,1.1562994668309934,1.237760818176175
2019-10-16,1.148480739802506,1.2346906948301068,1.1249865618473722,1.2197926978511957,1.1382326456221354,1.2346906948301068,1.1534313989975045,1.2346906948301068
2019-10-17,1.151335579950518,1.2379526373185155,1.1279586758191906,1.2230152811628152,1.1412397545636663,1.2379526373185155,1.1564786616873495,1.2379526373185155
2019-10-18,1.1409393813118507,1.2260558839257854,1.1171189669330108,1.2112620761072077,1.1302724142044807,1.2260558839257854,1.1453648750792846,1.2260558839257854
2019-10-21,1.1504587355366083,1.236929262869826,1.1270262297358646,1.2220042549317878,1.1402963294523643,1.236929262869826,1.1555226390761866,1.236929262869826
2019-10-22,1.1418509815685534,1.2270791566676125,1.118051320346283,1.212273001858586,1.131215745554591,1.2270791566676125,1.1463208026772684,1.2270791566676125
2019-10-23,1.1439237642146958,1.2294456719401332,1.1202075671627043,1.2146109623379686,1.1333973809640303,1.2294456719401332,1.1485315693356406,1.2294456719401332
2019-10-24,1.1543866337556536,1.2414065006561268,1.1311056581829029,1.226427469572621,1.1444237908740134,1.2414065006561268,1.1597052142467301,1.2414065006561268
2019-10-25,1.1630544607314608,1.2513203770610166,1.140138671696341,1.2362217233859194,1.1535631630390084,1.2513203770610166,1.1689666239091347,1.2513203770610166
2019-10-28,1.1738475191371773,1.2636647423548282,1.1513862214901653,1.248417139377996,1.1649431464030482,1.2636647423548282,1.1804985635197565,1.2636647423548282
2019-10-29,1.1653065579121527,1.253878711475878,1.1424696942346024,1.238749188483839,1.1559216320560723,1.253878711475878,1.171356585423863,1.253878711475878
2019-10-30,1.170617368162427,1.2599551879653383,1.1480062666107025,1.2447523451299074,1.1615233944566634,1.2599551879653383,1.1770331478273546,1.2599551879653383
2019-10-31,1.1711226608979575,1.260530543685497,1.1485305011061682,1.2453207585058688,1.1620538015183446,1.260530543685497,1.1775706373832429,1.260530543685497
2019-11-01,1.1811229737984845,1.2719794817634211,1.1589621837445956,1.2566315516657085,1.172608311350293,1.2719794817634211,1.188266080962392,1.2719794817634211
2019-11-04,1.187997909434363,1.2798468126846567,1.1661304904314895,1.2644039539762504,1.179861020815067,1.2798468126846567,1.1956156354288292,1.2798468126846567
2019-11-05,1.188614798925428,1.2805505224650664,1.1667716745351007,1.2650991726695997,1.180509754500726,1.2805505224650664,1.1962730316171255,1.2805505224650664
2019-11-06,1.1861063281079702,1.2776718114338892,1.1641487413267462,1.2622551966764568,1.1778559377296767,1.2776718114338892,1.1935837785872747,1.2776718114338892
2019-11-07,1.1898483372267603,1.281957128370987,1.1680533013818906,1.2664888062191038,1.1818064717825096,1.281957128370987,1.1975870638882826,1.281957128370987
2019-11-08,1.194315099468351,1.2870741023212966,1.1727156244685755,1.271544037853891,1.1865236911002124,1.2870741023212966,1.202367271957277,1.2870741023212966
2019-11-11,1.1928179504542535,1.2853473232127848,1.1711422722918006,1.2698380943684622,1.1849318135868268,1.2853473232127848,1.2007541381973563,1.2853473232127848
2019-11-12,1.1960564241536307,1.2890567758954126,1.1745221345012093,1.2735027881369014,1.1883514717720198,1.2890567758954126,1.2042194588765789,1.2890567758954126
2019-11-13,1.1963383749240988,1.289376643977417,1.1748135818210326,1.2738187966338783,1.1886463507200467,1.289376643977417,1.2045182753258046,1.289376643977417
2019-11-14,1.1954491772524654,1.2883535746493144,1.1738814137478684,1.2728080718417984,1.1877032068923195,1.2883535746493144,1.2035625377541797,1.2883535746493144
2019-11-15,1.2037076220603795,1.2978196357393985,1.1825064010135544,1.2821599137593296,1.1964297485300772,1.2978196357393985,1.2124056043876685,1.2978196357393985
2019-11-18,1.2046089852919486,1.2988433153086747,1.1834391251070424,1.2831712414293048,1.1973734549249544,1.2988433153086747,1.2133619120383696,1.2988433153086747
2019-11-19,1.2062841570218574,1.3007616084389402,1.1851869749954953,1.2850663880943227,1.1991418847623891,1.3007616084389402,1.2151539556151083,1.3007616084389402
2019-11-20,1.1994856709298294,1.2929583528409678,1.17807705044262,1.2773572879628254,1.191948244848412,1.2929583528409678,1.2078642594516955,1.2929583528409678
2019-11-21,1.1969791404624064,1.2900802520509644,1.1754546732545894,1.2745139148475781,1.1892949906445132,1.2900802520509644,1.2051755765009213,1.2900802520509644
2019-11-22,1.1977075015069432,1.2909120107710383,1.1762125289561838,1.2753356374193674,1.1900617696705746,1.2909120107710383,1.2059525942820872,1.2909120107710383
2019-11-25,1.211046854002561,1.3061985521781165,1.1901408380720573,1.2904377287057358,1.2041540767893102,1.3061985521781165,1.2202330751465078,1.3061985521781165
2019-11-26,1.2132231445413553,1.308692404442265,1.1924131077960838,1.2929014897060134,1.2064531012108095,1.308692404442265,1.2225627983054934,1.308692404442265
2019-11-27,1.221195975263278,1.317839105984656,1.2007471110922165,1.3019378255248137,1.2148852327064992,1.317839105984656,1.2311075235556537,1.317839105984656
2019-11-29,1.2159655541524679,1.3118267048184589,1.195268920850135,1.29599797105779,1.209342539856705,1.3118267048184589,1.2254908194551866,1.3118267048184589
2019-12-02,1.2042731169751157,1.2983951948732815,1.183030820849128,1.282728528094589,1.1969603431141413,1.2983951948732815,1.2129432839699155,1.2983951948732815
2019-12-03,1.195410782611904,1.2882256274165127,1.1737648348199392,1.2726816684430076,1.1875852553131083,1.2882256274165127,1.2034430111744894,1.2882256274165127
2019-12-04,1.2011034689320517,1.2947493089796054,1.1797088774234679,1.279126634106948,1.1935992856737867,1.2947493089796054,1.2095373465278205,1.2947493089796054
2019-12-05,1.2033372098405821,1.2973078468081911,1.1820400853018371,1.281654300164166,1.1959579422132338,1.2973078468081911,1.2119274980689074,1.2973078468081911
2019-12-06,1.2154400322913193,1.31118696865445,1.1946860262104886,1.295365954063836,1.2087527819606516,1.31118696865445,1.2248931865567354,1.31118696865445
2019-12-09,1.2102667249674064,1.305238947932103,1.1892664961125876,1.2894897032148047,1.20326943994523,1.305238947932103,1.219336625798831,1.305238947932103
2019-12-10,1.209322365136028,1.3041519049875996,1.1882760385754587,1.2884157767233295,1.2022673203278975,1.3041519049875996,1.2183211249373609,1.3041519049875996
2019-12-11,1.2153455866635703,1.3110594282490977,1.1945698179627753,1.2952399525836424,1.2086352054262082,1.3110594282490977,1.2247740400297629,1.3110594282490977
2019-12-12,1.223874734236656,1.3208452557143233,1.20348615987823,1.3049077025185005,1.2176565322508004,1.3208452557143233,1.2339158280992975,1.3208452557143233
2019-12-13,1.2276656908574886,1.3251947496815466,1.207449194737447,1.3092047147198413,1.221666229615622,1.3251947496815466,1.2379790667165091,1.3251947496815466
2019-12-16,1.2392584017775565,1.33849821068706,1.219570623140471,1.3223476538046022,1.2339303810177833,1.33849821068706,1.2504069806089106,1.33849821068706
2019-12-17,1.2399292747834056,1.3392655889632834,1.2202698186978844,1.3231057727583988,1.234637809209472,1.3392655889632834,1.2511238550475137,1.3392655889632834
2019-12-18,1.2408233077143687,1.3402894719462846,1.2212027281314808,1.3241173013876728,1.235581703126733,1.3402894719462846,1.2520803527245739,1.3402894719462846
2019-12-19,1.2481170379143784,1.3486681849712778,1.2288369798498757,1.3323949153747805,1.243305843863583,1.3486681849712778,1.2599076334570543,1.3486681849712778
2019-12-20,1.2528490160562678,1.3541048235898672,1.2337905649162757,1.337765954547246,1.248317754606929,1.3541048235898672,1.2649864679489156,1.3541048235898672
2019-12-23,1.2559685180898215,1.3576813454034395,1.2370493073651094,1.34129932141408,1.2516148669145162,1.3576813454034395,1.2683276064026572,1.3576813454034395
2019-12-24,1.2565847709125864,1.3583864790799216,1.2376917888494763,1.3419959468225189,1.2522649132568593,1.3583864790799216,1.268986332775465,1.3583864790799216
2019-12-26,1.2670126959277759,1.3703729379252203,1.2486132327232824,1.3538377749287889,1.263314950987161,1.3703729379252203,1.2801839210077641,1.3703729379252203
2019-12-27,1.266013223942695,1.3692191752790335,1.247561983630731,1.352697933787388,1.2622513240280464,1.3692191752790335,1.2791060915006052,1.3692191752790335
2019-12-30,1.258223771526685,1.3602452736957287,1.2393854267563407,1.3438323128927097,1.2539784927971256,1.3602452736957287,1.2707227936422525,1.3602452736957287
2019-12-31,1.2604560187941367,1.36280930369488,1.241721638817626,1.3463654048509888,1.256342212440927,1.36280930369488,1.2731180758950273,1.36280930369488
2020-01-02,1.2802431164041648,1.3855643834160274,1.262454895338668,1.3688459177430832,1.2773195913916187,1.3855643834160274,1.2943755645494421,1.3855643834160274
2020-01-03,1.26922444394295,1.3728729943079712,1.250891155320603,1.3563076651876727,1.2656196948413572,1.3728729943079712,1.2825194399706938,1.3728729943079712
2020-01-06,1.2769199419041168,1.3817186435378874,1.2589508552569022,1.3650465812446124,1.273774293209492,1.3817186435378874,1.290782926209818,1.3817186435378874
2020-01-07,1.2767558404697932,1.381526112447511,1.2587754308446844,1.3648563732685306,1.2735968032735254,1.381526112447511,1.2906030662612062,1.381526112447511
2020-01-08,1.2857784806816153,1.391909976263193,1.2682366726776464,1.375114943541139,1.2831694459055574,1.391909976263193,1.3003035318256364,1.391909976263193
2020-01-09,1.296021736607417,1.4037043108455645,1.2789830628194505,1.3867669655899242,1.2940423687446596,1.4037043108455645,1.3113216401620413,1.4037043108455645
2020-01-10,1.2929102230925251,1.4001150756742018,1.275712736613867,1.3832210387669304,1.2907335362881047,1.4001150756742018,1.3079686250608742,1.4001150756742018
2020-01-13,1.3069391436296196,1.4162678544276812,1.2904303165796402,1.399178915226193,1.3056244074769021,1.4162678544276812,1.3230583331742787,1.4162678544276812
2020-01-14,1.3021055658475666,1.4106911654596737,1.2853491248488853,1.393669515576673,1.3004833875725281,1.4106911654596737,1.317848665534378,1.4106911654596737
2020-01-15,1.3026093321917864,1.4112681484896294,1.285874842065215,1.3942395366270228,1.3010152948132774,1.4112681484896294,1.318387675301137,1.4112681484896294
2020-01-16,1.314345693307219,1.4247930253344188,1.2981980131757922,1.4076012199082601,1.3134835643298597,1.4247930253344188,1.3310224328851008,1.4247930253344188
2020-01-17,1.320462327123378,1.4318439552717912,1.3046224573392453,1.4145670720740535,1.3199836527085254,1.4318439552717912,1.3376093165604621,1.4318439552717912
2020-01-21,1.3199196520218555,1.4312028969185724,1.3040383579888972,1.4139337488446593,1.3193926759169794,1.4312028969185724,1.337010448490679,1.4312028969185724
2020-01-22,1.323200799737634,1.434984459766587,1.3074839232665905,1.4176696826844364,1.3228788107871172,1.434984459766587,1.3405431335140992,1.434984459766587
2020-01-23,1.3272038086265006,1.4395995103513348,1.311688919636796,1.4222290472500403,1.327133318623576,1.4395995103513348,1.344854451542735,1.4395995103513348
2020-01-24,1.3167098302784144,1.4274851042732342,1.3006508968350605,1.4102608157449794,1.3159653293140634,1.4274851042732342,1.3335373367307455,1.4274851042732342
2020-01-27,1.2911569602612012,1.3979994712310304,1.2737851068206583,1.3811309615823149,1.2887832097386915,1.3979994712310304,1.305992255916092,1.3979994712310304
2020-01-28,1.3098004605360618,1.4194730444869135,1.2933507206613275,1.402345430893516,1.308579197673441,1.4194730444869135,1.3260525785100163,1.4194730444869135
2020-01-29,1.31180487193274,1.421780468072425,1.2954531261763764,1.4046250126966688,1.310706357830479,1.421780468072425,1.328208142511155,1.421780468072425
2020-01-30,1.316199303407667,1.4268441476268772,1.3000668901547658,1.4096275929952342,1.3153744462837087,1.4268441476268772,1.3329385636741413,1.4268441476268772
2020-01-31,1.2965850951879956,1.4042174219659813,1.2794505832418692,1.387273885420528,1.2945153939569949,1.4042174219659813,1.3118009816521345,1.4042174219659813
2020-02-03,1.3150075371749634,1.4254340836876376,1.29878211252614,1.4082345431376548,1.3140745411214059,1.4254340836876376,1.3316213009548845,1.4254340836876376
2020-02-04,1.3433002598736472,1.458060322931499,1.328509461137941,1.440467108390351,1.344151912536561,1.458060322931499,1.362100293736354,1.458060322931499
2020-02-05,1.3474665374047827,1.4628679046066235,1.3328898819203647,1.445216680932037,1.3485839103089865,1.4628679046066235,1.3665914717136018,1.4628679046066235
2020-02-06,1.3584020858781627,1.475495421805141,1.344395425144519,1.4576918322677013,1.3602249248308342,1.475495421805141,1.378387928015684,1.475495421805141
2020-02-07,1.3529143553821004,1.4691495238373882,1.3386133697953784,1.4514225050306973,1.3543747890333198,1.4691495238373882,1.372459675699951,1.4691495238373882
2020-02-10,1.3682923559771853,1.4869051010342085,1.3547913371421032,1.46896384028292,1.3707432428427702,1.4869051010342085,1.389046696507583,1.4869051010342085
2020-02-11,1.3685172094564353,1.4871610972066747,1.355024587668016,1.469216747560151,1.3709792397623837,1.4871610972066747,1.389285844680143,1.4871610972066747
2020-02-12,1.3810500942283055,1.5016476124347233,1.3682239541391423,1.4835284659253043,1.3843340213468809,1.5016476124347233,1.4028189518753715,1.5016476124347233
2020-02-13,1.3793915309788474,1.4997248442025155,1.3664720267683133,1.481628898155718,1.3825614660170091,1.4997248442025155,1.4010227277187388,1.4997248442025155
2020-02-14,1.3831076249268008,1.5040195181709475,1.3703851124684259,1.4858717518260987,1.3865206260994827,1.5040195181709475,1.405034754232252,1.5040195181709475
2020-02-18,1.3836200324568926,1.5045962977871785,1.3709106443446475,1.4864415719171498,1.3870523458178483,1.5045962977871785,1.4055735739726523,1.5045962977871785
2020-02-19,1.3960888966352867,1.5190185342782396,1.3840514433416473,1.50068978714396,1.4003478703291652,1.5190185342782396,1.4190466328384974,1.5190185342782396
2020-02-20,1.3839109516597699,1.5049167761103568,1.3712026476847945,1.486758183292022,1.3873477873330253,1.5049167761103568,1.4058729605009541,1.5049167761103568
2020-02-21,1.358928147007032,1.4760080243912463,1.3448624822166677,1.4581982497000578,1.3606974812372106,1.4760080243912463,1.3788667944398798,1.4760080243912463
2020-02-24,1.3096834169529226,1.4190880840130227,1.2929999645069459,1.4019651154210016,1.3082243115627,1.4190880840130227,1.325692953625972,1.4190880840130227
2020-02-25,1.27621487799399,1.3805007038615749,1.2578411313602784,1.3638433374445176,1.2726515029383885,1.3805007038615749,1.289645143386455,1.3805007038615749
2020-02-26,1.2823998287327285,1.3876154040016233,1.264323679647588,1.3708721903504077,1.2792103795842757,1.3876154040016233,1.2962916003253024,1.3876154040016233
2020-02-27,1.222048309453959,1.318132326868732,1.2010142788578924,1.3022275083536794,1.2172730564594643,1.318132326868732,1.2313814465518749,1.318132326868732
2020-02-28,1.2227832270863646,1.3191579388683925,1.2019487636824064,1.3032407451369912,1.21781235189378,1.3189178661211156,1.232339559452985,1.3191579388683925
2020-03-02,1.267155091162168,1.3872310537689063,1.2639734795135302,1.3704924777557892,1.2519591143539741,1.3752039572470922,1.2959325455203348,1.3872310537689063
2020-03-03,1.2384872007356247,1.342746506326273,1.2234414512959606,1.3298532159575756,1.221323861587794,1.3308685479926332,1.2543756811126154,1.342746506326273
2020-03-04,1.2749612869772715,1.3987686802307755,1.2744859704390437,1.379243248184897,1.2564874880869608,1.3835869878326839,1.3067108405919239,1.3987686802307755
2020-03-05,1.2476298470061233,1.3562713831710622,1.2357646224065377,1.3441139555627848,1.2295547441224304,1.3414825758037254,1.2670104386965793,1.3562713831710622
2020-03-06,1.2347000856275152,1.3333877459759393,1.2149142309372423,1.3257094356204626,1.2187074849773019,1.320584230028884,1.2456328533833978,1.3333877459759393
2020-03-09,1.176113797217056,1.2407646286480103,1.1305208174721229,1.2511149589902348,1.1544552607796839,1.2363594714794772,1.1591055860715116,1.2407646286480103
2020-03-10,1.212950504758912,1.3083250392555563,1.1920783835610438,1.2986943520225382,1.1838029719204968,1.2868125898731149,1.2029413799190272,1.3083250392555563
2020-03-11,1.179316318460851,1.2513407184334822,1.140157205707141,1.2626957924409252,1.1477752755466288,1.2397357414590198,1.16626898948201,1.2513407184334822
2020-03-12,1.1106127001168216,1.1366035797376246,1.0356146350713278,1.191505706854702,1.0738753984390073,1.1509650998238083,1.0914158458270986,1.1366035797376246
2020-03-13,1.1703899797918225,1.232880414387629,1.1233371275562654,1.245802145931867,1.1645189200923813,1.2086102725834063,1.1561324453310415,1.232880414387629
2020-03-16,1.081315780894067,1.085196659831594,0.9887752976385579,1.1762802539681434,1.053699760957759,1.1019656351488825,1.0591945033197585,1.085196659831594
2020-03-17,1.1334250303097027,1.1674994801327927,1.0637653880544637,1.2123412513264051,1.1333954098588885,1.1518682590739542,1.115427485054022,1.1674994801327927
2020-03-18,1.1115201874539204,1.1319884274460146,1.0314095460310682,1.1984647221103906,1.0989216779220883,1.1288907194000743,1.091678463067473,1.1319884274460146
2020-03-19,1.1157591873439623,1.138783259504059,1.037600646998555,1.201167253825753,1.1055180247268626,1.1337241390868027,1.0962652200617642,1.138783259504059
2020-03-20,1.0879854826117075,1.0941706631217611,0.996951947183002,1.1835348201883304,1.0622086161814879,1.1002175933389695,1.0662020760588768,1.0941706631217611
2020-03-23,1.0884830156097653,1.094960213493971,0.9976713448121871,1.183847891687898,1.0629751028334677,1.1007931213389588,1.0667395820784051,1.094960213493971
2020-03-24,1.1420395238416987,1.1797513938887532,1.0749287007692039,1.2181481278556474,1.1452894304124677,1.1689323322502922,1.124563380782895,1.1797513938887532
2020-03-25,1.1373757878389212,1.1710150795358336,1.0669686211409524,1.2149430958970087,1.140907459779414,1.162415199237787,1.118733388926099,1.1710150795358336
2020-03-26,1.166340388829216,1.2326813740580636,1.123155772260591,1.2374960125664107,1.1667922437322413,1.206729694497566,1.159971601409173,1.2326813740580636
2020-03-27,1.1514678021408982,1.1902857838606726,1.0845270942820826,1.2226232484389719,1.156547234125095,1.1769734993684808,1.1320446293475648,1.1902857838606726
2020-03-30,1.1736280524524216,1.2335806661347197,1.12397516087804,1.2380343956174489,1.1870127256498246,1.208055153778922,1.160868504782706,1.2335806661347197
2020-03-31,1.1682798976912696,1.2230461744559376,1.1143766746951067,1.234323390070175,1.1806426581487486,1.1994306097280805,1.1539293082563418,1.2230461744559376
2020-04-01,1.1417901467576714,1.1710794599796837,1.0670272812851327,1.215818990692069,1.1498559660515772,1.155403442328177,1.1196089279302444,1.1710794599796837
2020-04-02,1.1559895912280773,1.1948466246878024,1.088682697513507,1.224580434942814,1.1701368658963613,1.1747958433980077,1.1355153217717555,1.1948466246878024
2020-04-03,1.1458701531815596,1.177888429291591,1.0732312633901253,1.2184141568889222,1.1554957132677228,1.1593652610931942,1.1242345794467463,1.177888429291591
2020-04-06,1.1964053015833345,1.262101304467207,1.1499616974201106,1.2493426102314344,1.2379707704258403,1.2415380707734733,1.180500075658792,1.262101304467207
2020-04-07,1.1961064646275978,1.2615874813987535,1.1494935283073136,1.2491636000811752,1.237346429404106,1.2410320000284365,1.1801648955507003,1.2615874813987535
2020-04-08,1.2117737449129606,1.2883737126080548,1.1738997624185594,1.2587507341207962,1.2562744733933442,1.2652678437741758,1.1977069059035135,1.2883737126080548
2020-04-09,1.2129489867284813,1.2902365754983545,1.1755971071275837,1.259416486643953,1.2577246745223685,1.2669995504008118,1.1990793613512356,1.2902365754983545
2020-04-13,1.224201242426691,1.3041759078071085,1.1882979087082022,1.2648460749825101,1.270501625221659,1.2806878367999608,1.2120338582240184,1.3041759078071085
2020-04-14,1.270281360456518,1.3608958924940062,1.2399782370917645,1.2884543661993118,1.319490107187399,1.336386300524943,1.2647464880670747,1.3608958924940062
2020-04-15,1.2576719325659516,1.3452865335059163,1.225755793224502,1.280377369544801,1.3065532536269875,1.321058064451403,1.250239954488679,1.3452865335059163
2020-04-16,1.2775265775470264,1.3698248396441648,1.2481138338022881,1.2938993662018188,1.326509913978307,1.345154438275521,1.2730445912596737,1.3698248396441648
2020-04-17,1.2881039119728614,1.3829286500789388,1.2600533508893141,1.3013122755699464,1.337031235061825,1.358022250461812,1.2852225971740754,1.3829286500789388
2020-04-20,1.2749002638569764,1.3665483530744438,1.245128468012748,1.292050426113165,1.3237870500852895,1.3419369608845026,1.26999959354522,1.3665483530744438
2020-04-21,1.234186429051684,1.3161238197515865,1.199184230631543,1.2619183715677604,1.2771270910286336,1.2924205681062604,1.2231376316683047,1.3161238197515865
2020-04-22,1.2682638890106386,1.355178949762856,1.2347692533565466,1.2842957610514325,1.3149638273499988,1.3307723193314267,1.2594334562021225,1.355178949762856
2020-04-23,1.265740848015398,1.352288339028787,1.2321354777518745,1.2823735170895358,1.312158995888504,1.327933768192823,1.2567470715973583,1.352288339028787
2020-04-24,1.2843595490310686,1.3736143356274402,1.251566627344193,1.2959534989613328,1.3328521405940983,1.3488756858344821,1.2765663534773612,1.3736143356274402
2020-04-27,1.2939961237448137,1.384663057202125,1.261633653320139,1.3033561945401375,1.3435729898308093,1.3597254210950271,1.2868344657453796,1.384663057202125
2020-04-28,1.271263495470514,1.358583180151654,1.237871012733908,1.284657557188968,1.3182670367320648,1.3341152398887686,1.2625971724368104,1.358583180151654
2020-04-29,1.3133118190851365,1.4067599918171827,1.281767241921761,1.3195656950222874,1.3650141948607457,1.3814243922404548,1.307370217675842,1.4067599918171827
2020-04-30,1.3128087276070985,1.4061819917186036,1.2812405980048913,1.3191370950962822,1.3644533469948832,1.3808568018628928,1.3068330541802269,1.4061819917186036
2020-05-01,1.278295931134499,1.3665483530744436,1.245128468012748,1.2882491619375813,1.3259958420488012,1.3419369608845024,1.2699995935452197,1.3665483530744436
2020-05-04,1.2921961511265734,1.3824791057474728,1.2438925459762311,1.3000278881105225,1.3414538474370625,1.3575808023765004,1.2848048138464983,1.3824791057474728
2020-05-05,1.305860805419606,1.3981524383519635,1.2438962926388315,1.311839834035564,1.3566620717328555,1.3729718599083347,1.2993708012061258,1.3981524383519635
2020-05-06,1.3133596827116067,1.4067599918171827,1.2438999712281407,1.3196136303275603,1.3650141948607457,1.3814243922404548,1.307370217675842,1.4067599918171827
2020-05-07,1.3291341782148722,1.424874492531139,1.2439032072433178,1.3365307772961195,1.3825911452653594,1.399212652700714,1.3242049008337717,1.424874492531139
2020-05-08,1.346124868261304,1.4444023118039293,1.2439064432669136,1.3548421631019667,1.4015394738054692,1.4183887780011282,1.3423530494034677,1.4444023118039293
2020-05-11,1.3573492550368864,1.4573137945620513,1.2439171727638798,1.366953069520429,1.4140678065303502,1.4310677263120066,1.354352315889714,1.4573137945620513
2020-05-12,1.3308421273414819,1.4268018375721507,1.2439213620256586,1.3383330060721488,1.3844612960762148,1.401105286460136,1.3259960759599205,1.4268018375721507
2020-05-13,1.3153061201766405,1.408944146685559,1.2439252789843716,1.3215825811032358,1.3671335346318867,1.3835692107092459,1.3094000586169525,1.408944146685559
2020-05-14,1.3292333862779278,1.4249384661475397,1.2439288555272336,1.3365851729712521,1.3826532204558621,1.3992754741590083,1.3242643546150037,1.4249384661475397
2020-05-15,1.3372820917178931,1.4341886035689126,1.2439323639906288,1.3452617557283868,1.3916288587723005,1.4083590175777791,1.332860955488256,1.4341886035689126
2020-05-18,1.3605232038408344,1.4609104543343634,1.243943093711178,1.3703267184449972,1.4175577349274102,1.4345996106198937,1.3576948660736723,1.4609104543343634
2020-05-19,1.3573434498583006,1.4572495158250633,1.2439471128615256,1.3668927763857874,1.4140183090075316,1.4310046052283152,1.3542925785451372,1.4572495158250633
2020-05-20,1.3826243584804634,1.48634815425613,1.2675425407983327,1.394187154076191,1.442245189295888,1.459579180240031,1.3813353530631647,1.48634815425613
2020-05-21,1.3685794700941787,1.4701604900488743,1.253737865924481,1.3790032058016026,1.4273762790209614,1.443683054163532,1.3662913724258097,1.4701604900488743
2020-05-22,1.3729861997025816,1.4752353573581822,1.258065660987189,1.3837634060218662,1.4322195902253232,1.4486665236460594,1.3710076924927994,1.4752353573581822
2020-05-26,1.3695302001438001,1.4712528217502185,1.2546693952543704,1.38002780748839,1.428353179697643,1.4447557130857587,1.3673065291991522,1.4712528217502185
2020-05-27,1.3765020016395377,1.4792821717031337,1.2615167429710772,1.3875592976899835,1.436148405213342,1.4526404552900516,1.3747685931310232,1.4792821717031337
2020-05-28,1.3748299913413387,1.4773553351964333,1.2598735564575996,1.3857519346586813,1.4342777525216932,1.4507483209062915,1.3729778906104484,1.4773553351964333
2020-05-29,1.3936202215527869,1.4990025220663008,1.2783340565548331,1.406056887956087,1.4552937381768996,1.4720056442161433,1.3930956701711044,1.4990025220663008
2020-06-01,1.3975204634112555,1.5034990841564424,1.2821686788270612,1.410274640765636,1.4595363317875232,1.4764212236957115,1.3972745431791345,1.5034990841564424
2020-06-02,1.4062643856987838,1.5135840315037588,1.2907690190285346,1.419734271068874,1.469295505530315,1.486324542201413,1.4066469733629636,1.5135840315037588
2020-06-03,1.412165257274243,1.5203927974019416,1.2965754651169363,1.426120859515986,1.4759050421825144,1.493010682941494,1.4129746893956838,1.5203927974019416
2020-06-04,1.4029276973746525,1.5097296465423216,1.287482038859558,1.416118877202563,1.465553902565069,1.482539574307966,1.4030649066740102,1.5097296465423216
2020-06-05,1.4288735870968228,1.5396638068473676,1.3130095853506503,1.444196970242776,1.4946121684311084,1.5119346235325393,1.430884172150418,1.5396638068473676
2020-06-08,1.4392166998741258,1.5516112102575346,1.3231982090799572,1.4554035750421455,1.5062099824724442,1.5236668554631771,1.4419874729891307,1.5516112102575346
2020-06-09,1.448942928753059,1.5628526663363205,1.332784808127815,1.4659480047662827,1.5171225056944069,1.5347058540996643,1.4524347027697637,1.5628526663363205
2020-06-10,1.4651632726996726,1.5816093441789811,1.3487803116183956,1.4835416750154111,1.535330350042184,1.5531247261460444,1.4698661922467702,1.5816093441789811
2020-06-11,1.3974492577445834,1.5032419692084908,1.2819494138227816,1.4100334682270694,1.4592560592015538,1.476168739360945,1.3970355938008279,1.5032419692084908
2020-06-12,1.4078096085388359,1.5151898811529696,1.292138471224961,1.4212405500290866,1.4708543668971321,1.4879014706672453,1.4081393672451148,1.5151898811529696
2020-06-15,1.4237878198660514,1.5336255721381402,1.3078602403984902,1.4385331362071254,1.488750616687073,1.5060051367956975,1.4252725480836976,1.5336255721381402
2020-06-16,1.4465937328561749,1.5599618521885266,1.3303195513174384,1.4632364355164167,1.5143162787877598,1.5318671032107953,1.4497481291227696,1.5599618521885266
2020-06-17,1.4508724900372196,1.5649081620238587,1.3345377138780066,1.4678760494673972,1.5191178561424004,1.5367243305259397,1.4543449745006063,1.5649081620238587
2020-06-18,1.4545390014038737,1.5691476091660495,1.3381530711459557,1.4718526297383805,1.5232332541000317,1.540887425670742,1.4582848981303305,1.5691476091660495
2020-06-19,1.4543174318102043,1.5688909010455472,1.3379341530799742,1.4716118388019324,1.5229840574384415,1.5406353408365054,1.4580463268364834,1.5688909010455472
2020-06-22,1.4705863550245586,1.587705856920319,1.3539793554817308,1.4892601735544624,1.541248474562404,1.5591114413337646,1.4755319769122914,1.587705856920319
2020-06-23,1.4822612042365413,1.6012190374759414,1.36550325798512,1.5019354695054232,1.5543662500162514,1.5723812509280597,1.4880904303139098,1.6012190374759414
2020-06-24,1.4537589352201281,1.5682085497062255,1.3373522508198044,1.4709717966495437,1.5223534269187802,1.5399652785730775,1.4574121846770465,1.5682085497062255
2020-06-25,1.4666678096320762,1.5831374897853774,1.3500834985999213,1.4849750679710891,1.5368442528887265,1.5546253500107052,1.4712863719971867,1.5831374897853774
2020-06-26,1.4343622098014457,1.5457513693848213,1.3182009965714312,1.4499070735352315,1.5005513568856195,1.5179125497086061,1.4365416389578338,1.5457513693848213
2020-06-29,1.4489548052812817,1.562610095469681,1.3325779461676859,1.4657204745034347,1.5169171093624019,1.5344676519088345,1.4522092699108793,1.562610095469681
2020-06-30,1.4754465771911927,1.5932397272992889,1.358698583679056,1.4944509163643418,1.5466510863221743,1.5645456472889188,1.4806748707705384,1.5932397272992889
2020-07-01,1.4915100565230512,1.6118361151269294,1.37455739348026,1.5118942353789846,1.5647036887915111,1.5828071161266,1.497957394970563,1.6118361151269294
2020-07-02,1.5009521026420385,1.6227752984108927,1.3838862173727706,1.52215513472946,1.5753229944865172,1.593549285869525,1.5081237079979026,1.6227752984108927
2020-07-06,1.5353716588558635,1.662670425398084,1.4179083746190482,1.5595765648274553,1.6140515300837903,1.6327259058133758,1.545200182419154,1.662670425398084
2020-07-07,1.5255066942661821,1.651216707097631,1.4081407605142557,1.54883303419826,1.602932735122625,1.6214784677755212,1.5345556870718573,1.651216707097631
2020-07-08,1.5442489218602158,1.672965905950408,1.4266882553896905,1.5692336742267503,1.6240459558488654,1.6428359658431937,1.5547682713106943,1.672965905950408
2020-07-09,1.5563825304161836,1.6870584087938196,1.4387061980293039,1.5824523715937204,1.6377263734648053,1.656674664191772,1.5678651169824205,1.6870584087938196
2020-07-10,1.5662939845295425,1.6985764058312607,1.4485286283851666,1.5932561953575577,1.6489075675594385,1.6679852233133186,1.5785693496742939,1.6985764058312607
2020-07-13,1.5362427880794705,1.6636358269352496,1.4187316591999897,1.5604821066534318,1.6149887018794782,1.6336739205703383,1.5460973768411808,1.6636358269352496
2020-07-14,1.5463856524308284,1.6754114474549537,1.428773788233004,1.5715275799584825,1.6264199861720126,1.6452374634023132,1.5570410315169347,1.6754114474549537
2020-07-15,1.5493219824330855,1.6788217802554908,1.4316820852498118,1.5747264551130138,1.6297305958940107,1.6485863764676003,1.5602104190185127,1.6788217802554908
2020-07-16,1.5394632282935952,1.6673682653687625,1.4219146446141682,1.5639831152848773,1.6186119983984577,1.6373391381800106,1.549566112713446,1.6673682653687625
2020-07-17,1.5411258684182823,1.6692985599087817,1.4235607801031778,1.5657937219341822,1.6204858483258024,1.639234668318273,1.551360028951925,1.6692985599087817
2020-07-20,1.5819089267463897,1.7166580552286868,1.4639484745049394,1.610216692292421,1.6664604832970036,1.6857412241058054,1.5953735025121316,1.7166580552286868
2020-07-21,1.5665338630984316,1.6987697505765356,1.448693510811248,1.5934375517641293,1.6490952586238716,1.6681750859400553,1.5787490343135975,1.6987697505765356
2020-07-22,1.5716809319457627,1.704753470407558,1.4537963660314877,1.5990502511159697,1.6549040058063098,1.674051039605918,1.5843099950627655,1.704753470407558
2020-07-23,1.5333902172886988,1.6602252907209878,1.4158231887140327,1.5572830406978413,1.6116778946918675,1.6303248077547865,1.5429278002973732,1.6602252907209878
2020-07-24,1.5198093882150572,1.6444604219404069,1.4023790694662845,1.5424956724243681,1.596374013544902,1.6148438626037713,1.528276743934393,1.6444604219404069
2020-07-27,1.545104102424643,1.6738025465998734,1.427401733999343,1.5700184389823848,1.6248581319120055,1.6436575386825085,1.5555458020013384,1.6738025465998734
2020-07-28,1.526765868352486,1.652503909147185,1.4092384732888439,1.5500404232995615,1.6041822975168751,1.622742487451471,1.5357519463012264,1.652503909147185
2020-07-29,1.5431795975940932,1.6715502481337408,1.425480996847537,1.567905794256695,1.6226716939204857,1.6414458038749935,1.5534526319132873,1.6715502481337408
2020-07-30,1.5507157732903705,1.6803017168091463,1.4329441600430348,1.5761146282177105,1.631167256955858,1.6500396595194924,1.5615857957604968,1.6803017168091463
2020-07-31,1.5765282669678806,1.7102879510277016,1.4585161146362597,1.6042415663290257,1.6602766501841173,1.6794858448118666,1.589453456047701,1.7102879510277016
2020-08-03,1.596390295691266,1.7333882238395717,1.4782157915990548,1.6259095069913416,1.6827014375068514,1.702170084138651,1.6109216587760242,1.7333882238395717
2020-08-04,1.6019183363875293,1.7398232170187191,1.4837034881262514,1.6319454984925557,1.6889482621500425,1.708489183767076,1.6169020097117208,1.7398232170187191
2020-08-05,1.6056208778715282,1.7441341640851222,1.487379819800058,1.6359891453357744,1.6931331508702303,1.7127224911299717,1.6209083816851746,1.7441341640851222
2020-08-06,1.625456813245595,1.7672348437244414,1.5070798437011508,1.6576574676002083,1.7155583331241886,1.7354071299572855,1.6423769624979572,1.7672348437244414
2020-08-07,1.6079572052858155,1.7468365154170322,1.4896843574439274,1.638523937404484,1.6957564815288295,1.7153761733984598,1.6234198077063766,1.7468365154170322
2020-08-10,1.6015498327449678,1.7393728590323547,1.4833194274304646,1.631523064947947,1.6885110732845443,1.7080469366807052,1.616483470215225,1.7393728590323547
2020-08-11,1.5732552184333684,1.7064269551202134,1.4552234967199422,1.6006199714282974,1.656528555398203,1.6756943850348116,1.5858652454862827,1.7064269551202134
2020-08-12,1.6101637201336072,1.749346233951703,1.4918246198037362,1.6408780408703278,1.6981928122526382,1.717840692166138,1.6257522107360785,1.749346233951703
2020-08-13,1.61358947102925,1.7533361941606165,1.4952272171604917,1.6446206036424573,1.7020661002367126,1.7217587936111058,1.629460274071109,1.7533361941606165
2020-08-14,1.611821988663885,1.7512768336123097,1.4934710154964697,1.6426889337212216,1.7000669583784016,1.719736521929798,1.6275464105379025,1.7512768336123097
2020-08-17,1.629278767057822,1.771610883182731,1.5108116855026235,1.6617621707823045,1.719806410840293,1.7397043574049322,1.6464438279849065,1.771610883182731
2020-08-18,1.6439060760839406,1.7886626488922794,1.5253532573212367,1.6777566419554912,1.7363595581830908,1.7564490226065004,1.6622908600139115,1.7886626488922794
2020-08-19,1.6335914713609512,1.7766301168383487,1.5150920367530922,1.6664701869129337,1.7246788748222985,1.7446331951900245,1.651108445002081,1.7766301168383487
2020-08-20,1.6547282964240515,1.8012751134751732,1.5361090384330525,1.6895870708172351,1.7486032160043776,1.7688343380280545,1.6740122344225388,1.8012751134751732
2020-08-21,1.665424378208876,1.8137578001017438,1.546754146227835,1.7012957686033423,1.760720890765056,1.7810922127806363,1.685612999888635,1.8137578001017438
2020-08-24,1.675124568173456,1.825082859221359,1.5564120410959135,1.7119186175627255,1.7717147887264801,1.7922133087759757,1.696137926025664,1.825082859221359
2020-08-25,1.6874091963713773,1.8394320701852727,1.5686489018015084,1.7253781058661437,1.7856444079450664,1.8063040919587907,1.7094733429912372,1.8394320701852727
2020-08-26,1.7209957199980448,1.8786844098025854,1.6021228965370877,1.7621966046177242,1.8237489522076633,1.844849501065726,1.745952443966723,1.8786844098025854
2020-08-27,1.7159926614017156,1.8728287389112275,1.5971292401461157,1.7567040145325197,1.81806450962813,1.8390992901915846,1.7405104853011344,1.8728287389112275
2020-08-28,1.7241324557205868,1.882352772912835,1.6052512391693452,1.765637510915587,1.8273100470587873,1.8484517973419712,1.749361631536641,1.882352772912835
2020-08-31,1.7370522653047973,1.897474345789226,1.6181467622335228,1.779821470839998,1.841989443207046,1.8633010322804089,1.7634148418482813,1.897474345789226
2020-09-01,1.7647447737233892,1.9299054095642905,1.6458036425280398,1.8102416468793385,1.8734721756288097,1.8951480160059753,1.7935546006939218,1.9299054095642905
2020-09-02,1.7803314808974366,1.9481796917589556,1.6613877639318735,1.8273828324170676,1.8912120913011656,1.913093180299272,1.8105377765232598,1.9481796917589556
2020-09-03,1.6961395786314868,1.8494060553457952,1.5771546145822268,1.7347336541917011,1.7953267393099968,1.816098446695018,1.71874265063878,1.8494060553457952
2020-09-04,1.6750581613359807,1.8247616689501445,1.5561381333097133,1.7116173426905765,1.7714029905247541,1.7918979031077826,1.6958394283450111,1.8247616689501445
2020-09-08,1.5999649095423616,1.737056383536097,1.481343960762164,1.6293502224881453,1.6862623348923635,1.7057721806646315,1.614330657303713,1.737056383536097
2020-09-09,1.6438033209289675,1.7880829197770414,1.5248588702467147,1.6772128589373636,1.7357967811882091,1.7558797343516876,1.661752089659345,1.7880829197770414
2020-09-10,1.6132365049884678,1.7524350713604395,1.494458748830621,1.6443001891600224,1.7011913275744928,1.7208738999378357,1.6286228169936598,1.7524350713604395
2020-09-11,1.6027943652336787,1.7402735750050837,1.4840875488220386,1.63299039626451,1.6893854510155406,1.708931430853447,1.6173205492082168,1.7402735750050837
2020-09-14,1.6288310756263442,1.7705812029085781,1.5099335846706128,1.6610672216596931,1.718806839911138,1.738693221564279,1.6454868962183038,1.7705812029085781
2020-09-15,1.6503642538896834,1.7956759472905928,1.5313341266389129,1.683868411521287,1.7431677775618781,1.7633360122378847,1.668808658008568,1.7956759472905928
2020-09-16,1.625817743021735,1.7670418040997533,1.5069152214787929,1.6579210398965523,1.7153709382581734,1.7352175669559464,1.6421975614219984,1.7670418040997533
2020-09-17,1.602127561852454,1.7394367309418934,1.483373896743237,1.633141273354487,1.6885730774867878,1.7081096582638675,1.6165428294753432,1.7394367309418934
2020-09-18,1.583055474300857,1.717236563861578,1.4644418207645689,1.6134138874364286,1.6670220754982128,1.68630931385903,1.5959111386133218,1.717236563861578
2020-09-21,1.5865975013594824,1.7213550815444671,1.4679540506234638,1.6170872512891705,1.6710201617492222,1.6903536574713807,1.5997386766375052,1.7213550815444671
2020-09-22,1.6140924582126719,1.7533361941606165,1.495227217160492,1.6457808132361365,1.7020661002367123,1.721758793611106,1.6294602740711097,1.7533361941606165
2020-09-23,1.568121941355915,1.6997985154889288,1.4495708310320896,1.5987284105372077,1.6500939409577724,1.6691853229045177,1.5797051153901682,1.6997985154889288
2020-09-24,1.5749327724413078,1.7077133435148693,1.456320515617935,1.6053941358316703,1.6577773279300045,1.6769576057097024,1.5870607485467338,1.7077133435148693
2020-09-25,1.6090854726302344,1.747415634291097,1.490178224111003,1.640095813244295,1.696318666126875,1.7159448624024787,1.6239580109342555,1.747415634291097
2020-09-28,1.6402579866453104,1.7837083042148238,1.521128242729285,1.6705173834305607,1.7315500857313901,1.7515839051558948,1.6576865474680031,1.7837083042148238
2020-09-29,1.6333588917067072,1.7756645118874586,1.5142685787030021,1.6639065919738885,1.7237415055609986,1.7436849806827974,1.6502110615378252,1.7756645118874586
2020-09-30,1.6437938808870516,1.7878264150702636,1.5246401256498823,1.6739005893017276,1.7355477770511754,1.755627849267716,1.6615137074077275,1.7878264150702636
2020-10-01,1.6681295436940602,1.8162028330719775,1.548839245398276,1.6975670424756821,1.7630944274241727,1.7834932109640935,1.6878852874893018,1.8162028330719775
2020-10-02,1.6243603814944356,1.765111611266596,1.5052691727243575,1.6554163345975936,1.713497187063635,1.7333221366928162,1.640403739704634,1.765111611266596
2020-10-05,1.6566719702321961,1.802754134667068,1.5373703326151058,1.6894100312081501,1.7500389884709704,1.770286722203755,1.6753867604744899,1.802754134667068
2020-10-06,1.6290950638927046,1.7705812029085781,1.509933584670613,1.6608467167331795,1.7188068399111385,1.738693221564279,1.645486896218304,1.7705812029085781
2020-10-07,1.6553814002640947,1.8012104279107366,1.5360538752436852,1.689488328616646,1.7485404219396865,1.7687708174438337,1.6739521189935038,1.8012104279107366
2020-10-08,1.6636000984212753,1.8107977235807087,1.5442298231722398,1.6984809615075196,1.75784737117575,1.7781854469265876,1.6828620573624384,1.8107977235807087
2020-10-09,1.6873110345624198,1.8384674823030058,1.5678263110971633,1.7244344723758656,1.784708026011828,1.8053568762028878,1.7085769047381296,1.8384674823030058
2020-10-12,1.7358962654868986,1.8952217422025066,1.6162257648779936,1.7776684855781442,1.8398027090171085,1.861088997847497,1.7613213881968859,1.8952217422025066
2020-10-13,1.7358414741722639,1.895157260051794,1.6161707751577747,1.777608003005234,1.8397401124180286,1.8610256770135405,1.7612614618100797,1.895157260051794
2020-10-14,1.7223186193230489,1.8793282142410874,1.602671926393531,1.7627607715347018,1.8243739308704015,1.8454817106539658,1.7465507626236376,1.8793282142410874
2020-10-15,1.7115386937011818,1.8667169701405415,1.5919171860966088,1.7509317540101241,1.812131457842788,1.833097593734001,1.7348305224683882,1.8667169701405415
2020-10-16,1.7027881296516472,1.856484446135995,1.5831909940275684,1.7413339137966277,1.8021981476847013,1.8230493564111534,1.7253209421469315,1.856484446135995
2020-10-19,1.676860473579129,1.8261770216462252,1.5573451316481433,1.7129063413417598,1.7727769562547162,1.7932877654505863,1.6971547841790742,1.8261770216462252
2020-10-20,1.680222306362813,1.8301018894632521,1.5606922188772332,1.7165877648253678,1.776587055242874,1.7971419468108032,1.7008023540006094,1.8301018894632521
2020-10-21,1.6790105496216567,1.8286865367671716,1.5594852205388032,1.7152602009695013,1.7752130895129128,1.795752084468,1.6994869981665466,1.8286865367671716
2020-10-22,1.678956113034642,1.8286226648576331,1.5594307512260313,1.7152002907868709,1.7751510853106696,1.795689362884838,1.6994276389064293,1.8286226648576331
2020-10-23,1.6820421944229058,1.8322259355759962,1.562503583730623,1.7185800645929672,1.778648991165877,1.7992277390763323,1.702776332962852,1.8322259355759962
2020-10-26,1.6585151096133475,1.8047492164783874,1.5390717180280578,1.692807619849832,1.7519757311958142,1.7722458728013717,1.6772408866631203,1.8047492164783874
2020-10-27,1.6705950826975453,1.8188419227355235,1.5510898341368202,1.7060262101772663,1.7656563462773665,1.786084770900215,1.6903379213770762,1.8188419227355235
2020-10-28,1.609844426141181,1.7479302710144495,1.4906171010578597,1.6395129332778833,1.6968182541258416,1.7164502305725413,1.6244362877753282,1.7479302710144495
2020-10-29,1.6361018674951773,1.7784956241070693,1.51668292231816,1.6681824360243924,1.7264898319521462,1.746465104868934,1.6528421512904106,1.7784956241070693
2020-10-30,1.5973973514446345,1.7333882238395724,1.4782157915990553,1.6258728729076768,1.6827014375068525,1.7021700841386516,1.6109216587760253,1.7333882238395724
2020-11-02,1.6001181742375532,1.7372492197470606,1.481508409515373,1.6294943862086542,1.6864495322927668,1.7059615439157063,1.612953425187596,1.7372492197470606
2020-11-03,1.621011108393284,1.7672993258751544,1.50713483342137,1.6576806007621612,1.7156209297232692,1.7354704507912424,1.6324846856407231,1.7672993258751544
2020-11-04,1.6844265148171946,1.846189270704258,1.5744113734606497,1.7316773081810606,1.7922040181180448,1.8129395960067327,1.7048669347517373,1.846189270704258
2020-11-05,1.7255844048461533,1.8943208228160533,1.6154574700172706,1.7768234467282398,1.8389281338205001,1.8602043039244907,1.7493141065643965,1.8943208228160533
2020-11-06,1.7267959801887578,1.8957361755121338,1.6166644683557005,1.7781510105841063,1.8403020995504613,1.861594166267294,1.7506211166585668,1.8957361755121338
2020-11-09,1.693645372353001,1.856999693100521,1.5836303913818717,1.7418172019896299,1.8026983280805033,1.82355532383201,1.714849839531082,1.856999693100521
2020-11-10,1.6651384479443774,1.8237317852622665,1.5552598590085531,1.7106127734901684,1.770403222129987,1.7908865675168641,1.6841285278206244,1.8237317852622665
2020-11-11,1.7001354443959948,1.8645280350496358,1.5900504845847023,1.7488785900760944,1.8100065303894808,1.830948081133986,1.7218019009834022,1.8645280350496358
2020-11-12,1.6926385814983964,1.8557769732016796,1.5825876683275024,1.7406703226654545,1.8015113622853332,1.8223546249900167,1.7137207165537816,1.8557769732016796
2020-11-13,1.7065900055972858,1.8720569872399242,1.5964710981949797,1.7559405505528387,1.817315325095295,1.8383414376867564,1.7287545259640755,1.8720569872399242
2020-11-16,1.7191011578107303,1.8866635165655137,1.6089273973740026,1.7696410934959552,1.8314947383133635,1.8526849049546021,1.742242952786738,1.8866635165655137
2020-11-17,1.7139782810480033,1.88067928820018,1.6038241084808906,1.764028043614418,1.825685497466895,1.8468084519130774,1.7367168059111422,1.88067928820018
2020-11-18,1.7020768576422185,1.8667798249814564,1.5919707880636356,1.7509907102089548,1.81219247471697,1.8331593165658384,1.7238813206072112,1.8667798249814564
2020-11-19,1.7145907763572121,1.881387574789394,1.6044281280575525,1.7646923979326312,1.8263730727287122,1.8475039823352735,1.7373708744865806,1.881387574789394
2020-11-20,1.703570848686937,1.8685173850173749,1.5934525615340105,1.7526204961326126,1.8138792259767182,1.8348655833281589,1.7254858736719427,1.8685173850173749
2020-11-23,1.703627199548162,1.8685824774092614,1.5935080716616763,1.752681551095803,1.813942414972635,1.8349295034129098,1.7255459833629654,1.8685824774092614
2020-11-24,1.7261161969760082,1.8948358663668545,1.6158966939024249,1.7773065441244824,1.8394281167506905,1.8607100715950824,1.7497897244946117,1.8948358663668545
2020-11-25,1.7360851712030385,1.9064831328263077,1.6258293639024486,1.7882313758035655,1.850734800241902,1.872147572009939,1.7605454144891646,1.9064831328263077
2020-11-27,1.751114723946585,1.924049331845483,1.6408096391987692,1.8047080116042356,1.8677873381180528,1.889397405631304,1.776766953825506,1.924049331845483
2020-11-30,1.7544715273573326,1.9279741996625102,1.6441567264278591,1.8083894350878438,1.8715974371062107,1.8932515869915212,1.780391380351378,1.9279741996625102
2020-12-01,1.775598221230214,1.9526836784500474,1.6652287178280385,1.8315662807083566,1.89558437488737,1.9175160506635078,1.8032093947490848,1.9526836784500474
2020-12-02,1.7777424215316797,1.955193193570994,1.6673688067186985,1.8339201403360983,1.8980205081455666,1.9199803696809217,1.8055268111807865,1.955193193570994
2020-12-03,1.7801066239558585,1.9579604338810659,1.6697286810210845,1.8365157394587208,1.9007068303344703,1.922697772283896,1.8080822244203802,1.9579604338810659
2020-12-04,1.7869224337935585,1.9659393372302694,1.6765330083888508,1.8439997423685173,1.9084524189745578,1.9305329764225074,1.8154503576402468,1.9659393372302694
2020-12-07,1.7964297075659756,1.9770713567251963,1.686026281034571,1.854441285854598,1.9192589220699667,1.9414645094165073,1.8257302418617996,1.9770713567251963
2020-12-08,1.802143492358285,1.9837640750934689,1.6917337629734936,1.8607188808511084,1.925755935643865,1.948036692630493,1.8319106451556184,1.9837640750934689
2020-12-09,1.7638077209051357,1.9388493076232107,1.6534309075384495,1.8185900022660837,1.8821545411333618,1.9039308354010205,1.790434019136177,1.9388493076232107
2020-12-10,1.7704623323166695,1.9466347645202768,1.6600702657455593,1.8258925574571494,1.8897123399762097,1.9115760770377626,1.7976235138680359,1.9466347645202768
2020-12-11,1.7667790965064598,1.9423242242813228,1.6563942810100505,1.8218493833166396,1.8855278461872462,1.9073431691753966,1.793642937422856,1.9423242242813228
2020-12-14,1.7788229900905614,1.9564161168835605,1.6684117032422172,1.835067210457034,1.8992076714063497,1.9211812682731806,1.8066561220008721,1.9564161168835605
2020-12-15,1.7966882852576844,1.9773290819143219,1.6862460664462973,1.8546830253494793,1.9195091110006743,1.9417175930020685,1.825968238669692,1.9773290819143219
2020-12-16,1.8059723812023856,1.988203783047573,1.6955199006185893,1.8648832109341988,1.9300658200966008,1.9523964419110373,1.8360105017689217,1.988203783047573
2020-12-17,1.817065282828082,2.0012015132249443,1.706604232298526,1.8770747423027179,1.9426834777874686,1.9651600843342107,1.8480132800094065,2.0012015132249443
2020-12-18,1.8119055677840659,1.9951530061226228,1.7014461271543444,1.8714014006450304,1.9368118378075325,1.9592205102089946,1.842427774813926,1.9951530061226228
2020-12-21,1.8087215583929868,1.9914205676891101,1.6982631417401661,1.8679004708963534,1.9331885412885532,1.9555552925993227,1.8389810475621393,1.9914205676891101
2020-12-22,1.8133429171056308,1.9968358478666113,1.7028812374236502,1.8729798622402563,1.9384454708175882,1.960873044150071,1.8439817981696416,1.9968358478666113
2020-12-23,1.8047629545091475,1.9867794801476077,1.694305269637605,1.8635472520208933,1.9286831658797008,1.9509977905565807,1.8346952265922356,1.9867794801476077
2020-12-24,1.8122454941478148,1.9955464082660863,1.7017816164884236,1.8717704015788108,1.9371937363016032,1.9596068272212082,1.8427910627590431,1.9955464082660863
2020-12-28,1.8294076996365876,2.0156593471178184,1.718933725529663,1.8906358128142968,1.9567185436429904,1.979357534158454,1.8613643937566398,2.0156593471178184
2020-12-29,1.8309468822152728,2.0174640336828693,1.7204727438191931,1.8923285616687446,1.9584704585547776,1.9811297185081738,1.8630309349402383,2.0174640336828693
2020-12-30,1.8310022507527983,2.017528719247306,1.7205279070085606,1.8923892350384146,1.9585332526194694,1.9811932390923948,1.8630906689456916,2.017528719247306
2020-12-31,1.835234734715396,2.0224922175423705,1.7247607277122152,1.8970448667784257,1.9633516110237208,1.9860673453049185,1.867674220728941,2.0224922175423705
2021-01-04,1.8108885618073964,1.9939345579119976,1.7004070469521024,1.8702585280528135,1.935629018790218,1.9580240061225624,1.8413025965350982,1.9939345579119976
2021-01-05,1.824915652924869,2.010373031241741,1.714425609286616,1.8856773866162138,1.9515868073121143,1.9741664242756178,1.8564827354744753,2.010373031241741
2021-01-06,1.8011644388216546,1.9825242684417566,1.6906764685106117,1.8595559745990948,1.9245523827372657,1.9468192147662526,1.8307657433844244,1.9825242684417566
2021-01-07,1.842104646041424,2.030485970093473,1.7315777183278551,1.9045427978516998,1.9711116146535015,1.9939171312128636,1.875056066472072,2.030485970093473
2021-01-08,1.864358564639598,2.0565937148242206,1.7538421366579522,1.9290311804002416,1.996455931053194,2.0195546782054064,1.8991653121700558,2.0565937148242206
2021-01-11,1.8390478227116074,2.0268757833084723,1.7284989878721992,1.9011565369557646,1.9676069949674784,1.990371963512365,1.8717222327337373,2.0268757833084723
2021-01-12,1.8363002742353,2.023652489427746,1.7257501957378558,1.8981331714972909,1.9644779548759341,1.9872067208156043,1.8687456759714174,2.023652489427746
2021-01-13,1.8479522722380644,2.0373192473454753,1.7374050674487063,1.9109522334093494,1.9777450769654574,2.000627341859859,1.8813662691299429,2.0373192473454753
2021-01-14,1.8386679178066083,2.0264246116672093,1.728114233299817,1.900733349742153,1.9671690162395317,1.9899289174249353,1.8713055974378379,2.0264246116672093
2021-01-15,1.8249842831367604,2.010373031241741,1.7144256092866164,1.8856773866162144,1.9515868073121148,1.9741664242756185,1.856482735474476,2.010373031241741
2021-01-19,1.8500019220603805,2.0397042732669393,1.739438993220206,1.91318932541999,1.9800603612689638,2.0029694137151868,1.8835687257775642,2.0397042732669393
2021-01-20,1.8904332594563849,2.087149507471782,1.7798998048682524,1.957691715699033,2.026118227995724,2.0495601642393524,1.9273821160355051,2.087149507471782
2021-01-21,1.9046420049582136,2.103845909404375,1.7941383260836408,1.9733525045540743,2.0423264029139396,2.0659558657282333,1.9428004396255587,2.103845909404375
2021-01-22,1.899488115767797,2.0977864179609225,1.7889708536054154,1.9676688598713483,2.0364440997909425,2.060005505088715,1.937204790919718,2.0977864179609225
2021-01-25,1.9142406654999098,2.1151266243320173,1.8037584046772468,1.9839335204716924,2.0532772533718955,2.0770334161658357,1.9532176369225407,2.1151266243320173
2021-01-26,1.9168723720941354,2.1182213607387674,1.8063975643094505,1.9868363023778655,2.0562814951965045,2.080072416695213,1.9560754770450912,2.1182213607387674
2021-01-27,1.8666666060459185,2.0591719837840965,1.7560408581209592,1.931449529332853,1.998958807688328,2.0220865128123386,1.9015462194629,2.0591719837840965
2021-01-28,1.877044085840076,2.0713560590628877,1.7664313132050753,1.9428778736614951,2.0107866029302386,2.0340511541761255,1.9127976265656037,2.0713560590628877
2021-01-29,1.8399416297168607,2.0277781265909973,1.7292684970169645,1.9020029113829888,1.9684829524233725,1.9912580556872255,1.8725555033255368,2.0277781265909973
2021-02-01,1.8831382344417265,2.0784472649177403,1.7724786212068013,1.9495292395107855,2.0176704516385136,2.041014648158946,1.9193460138741512,2.0784472649177403
2021-02-02,1.9120027204454495,2.1123551123337285,1.801394887522733,1.9813339146171107,2.050586784405135,2.0743118188073,1.950658278984474,2.1123551123337285
2021-02-03,1.9048758501304401,2.1039746702920756,1.7942481320549293,1.9734732789031348,2.042451398646487,2.0660823076458814,1.9429193441081125,2.1039746702920756
2021-02-04,1.9260421628599569,2.12885745757301,1.815467919170018,1.9968126833631412,2.066606577129274,2.090516958543517,1.9658974005581664,2.12885745757301
2021-02-05,1.9321798131085677,2.1360778311430124,1.8216253800813305,2.0035852051550123,2.073615816501321,2.097607293944515,1.9725650680348363,2.1360778311430124
2021-02-08,1.944342184695485,2.150388596912968,1.8338294551177727,2.0170083296091335,2.087508114719194,2.1116603243272736,1.9857803714489155,2.150388596912968
2021-02-09,1.9439588386245799,2.1499372218579804,1.8334445270762412,2.0165849515987615,2.0870699385256346,2.1112170784895787,1.9853635483102314,2.1499372218579804
2021-02-10,1.9397974296158926,2.1450386125410774,1.829267043031103,2.0119901840251804,2.0823145716516875,2.106406692611541,1.98083991837522,2.1450386125410774
2021-02-11,1.949820137155485,2.1568347778469703,1.8393266924481617,2.023054678932561,2.0937657999710577,2.117990410220265,1.9917331092879866,2.1568347778469703
2021-02-12,1.9600598176713944,2.1688902956517864,1.8496075150301385,2.0343624397089024,2.1054687969460333,2.129828809416669,2.0028657997509214,2.1688902956517864
2021-02-16,1.9550793441327234,2.1630240472467466,1.8446048382434206,2.0288600519481474,2.0997740861546634,2.1240682115287552,1.9974486016903037,2.1630240472467466
2021-02-17,1.9462650547600313,2.1526446585330063,1.8357534014488346,2.019124456473953,2.08969820582454,2.1138757545146882,1.9878637357711986,2.1526446585330063
2021-02-18,1.938270481707013,2.143233315734852,1.8277275043341261,2.0102968627804527,2.0805620643430633,2.1046339090110266,1.9791728136632685,2.143233315734852
2021-02-19,1.9303278845417016,2.133885641432512,1.8197559030630408,2.001528988472823,2.0714877295982177,2.095454585340262,1.97054068634687,2.133885641432512
2021-02-22,1.8833192066653919,2.078575822391716,1.7725882537089412,1.9496498230630865,2.017795249905449,2.0411408903263295,1.919464730513921,2.078575822391716
2021-02-23,1.8780509516880504,2.0723871632331137,1.7673106283211295,1.9438450224377801,2.0117875561186795,2.0350636882686337,1.9137498016399577,2.0723871632331137
2021-02-24,1.8925968024265418,2.0894708648974314,1.7818794347961286,1.9598690883238032,2.028371705562599,2.051839714261783,1.9295257778915953,2.0894708648974314
2021-02-25,1.8306046034154577,2.0166261725510553,1.7197582243946474,1.891542669814432,1.957657097697964,1.9803069471672712,1.8622572105111093,2.0166261725510553
2021-02-26,1.837807378198693,2.025071300157145,1.7269601430518187,1.8994639788980778,1.9658552775213036,1.988599978912911,1.870055879392924,2.025071300157145
2021-03-01,1.889749968874209,2.085989032172681,1.7789101633734632,1.9566032201834083,2.0249916866778985,2.048420588978402,1.9263104729502452,2.085989032172681
2021-03-02,1.8612738398231345,2.0525331700528544,1.75037934550651,1.925222495477735,1.9925141225016731,2.015567263418538,1.89541559450696,2.0525331700528544
2021-03-03,1.8105243625330418,1.9929677324787587,1.6995825480871194,1.8693516710526805,1.9346904647352454,1.9570745931137477,1.8404097797806311,1.9929677324787587
2021-03-04,1.7826832661452896,1.9603491212495714,1.6717657292372656,1.838756265811041,1.903025669018997,1.9250434396439924,1.8102880622381228,1.9603491212495714
2021-03-05,1.8044795235877629,1.989873199485733,1.6969435619240645,1.8664490799432674,1.9316864203762487,1.954035792334635,1.8288302380594676,1.989873199485733
2021-03-08,1.7578293816792079,1.933531869447262,1.6488962505156133,1.8136023841637265,1.8769925925638142,1.8987091637276647,1.7765000342369865,1.933531869447262
2021-03-09,1.8134526824963906,2.0097926918853277,1.7139307018046477,1.8851330434600226,1.9510234379203963,1.9735965367700117,1.825014703779389,2.0097926918853277
2021-03-10,1.8086038846883783,2.0040552043679885,1.7090378309892185,1.879751430048328,1.945453722861574,1.967962380799746,1.8192572097388908,2.0040552043679885
2021-03-11,1.8461966870148057,2.050212016040929,1.7483998890477828,1.9230453136497252,1.9902608424004102,2.0132879131463723,1.8611578082012168,2.050212016040929
2021-03-12,1.832680263450852,2.033579689431599,1.7342160106143152,1.907444625774074,1.9741148691500499,1.996955132990918,1.8460591821589774,2.033579689431599
2021-03-15,1.8503495922254427,2.0553044786374186,1.7527426891918754,1.927821910535557,1.9952043940028215,2.018288661026809,1.8657806844941436,2.0553044786374186
2021-03-16,1.8595149553519916,2.066585193565061,1.7623627677854816,1.9384029264531752,2.0061552444607775,2.0293662114644118,1.8760211818209598,2.066585193565061
2021-03-17,1.8664248479749743,2.075094396494414,1.7696193292245737,1.9463843365162115,2.0144156259519725,2.037722164543478,1.8837457338914896,2.075094396494414
2021-03-18,1.8148308917749985,2.0115330997133904,1.715414903843108,1.8867655005383197,1.9527129536987156,1.9753056000360394,1.8260455531892827,2.0115330997133904
2021-03-19,1.8206048935313768,2.0186245089819677,1.7214623853139828,1.8930713314480054,1.9595969998726028,1.9822692937691246,1.8324830492277897,2.0186245089819677
2021-03-22,1.8514173300795622,2.0564802099658674,1.753745340872836,1.9270562824952338,1.996345745241565,2.019443217557623,1.8668479992524065,2.0564802099658674
2021-03-23,1.8441278228321303,2.0475082408129466,1.7460941371198708,1.9188929573933338,1.9876361294825253,2.01063283262603,1.8587033535702766,2.0475082408129466
2021-03-24,1.816059863663038,2.0129769303309213,1.7166461878623918,1.8875682553063178,1.9541145646143905,1.9767234274159213,1.8273562452574754,2.0129769303309213
2021-03-25,1.8132217562264479,2.0094910293316786,1.7136734470567472,1.8844176380298967,1.9507305964174453,1.9733003071272437,1.8241917862587982,2.0094910293316786
2021-03-26,1.834830827001738,2.039633688704486,1.7393787994255188,1.9126057176786548,1.9799918407015167,2.002900100373285,1.8427989541422534,2.039633688704486
2021-03-29,1.8341784150784806,2.0390533493480736,1.7388838919435496,1.912061521739249,1.9794284713097978,2.0023302128676774,1.8417217807165913,2.0390533493480736
2021-03-30,1.8258644381419051,2.02879072011228,1.7301320264404638,1.9024380469636077,1.9694659362410998,1.9922524125056325,1.8324523284008767,2.02879072011228
2021-03-31,1.8510282284244013,2.0598365364225115,1.7566075818305962,1.9315503361524893,1.9996039278435138,2.022739096927593,1.860493652634478,2.0598365364225115
2021-04-01,1.8794456909044581,2.094949203329572,1.786551305915789,1.9644761933107155,2.033689849431428,2.0572193883946333,1.8922082536489415,2.094949203329572
2021-04-05,1.9132402211475896,2.1367751333910943,1.822220032323949,2.0036972129604287,2.074292728620077,2.098292037852409,1.9299864345963225,2.1367751333910943
2021-04-06,1.9120433497000309,2.135290823442359,1.8209542279440232,2.002305345533214,2.072851822047567,2.096834460169823,1.9286457703303317,2.135290823442359
2021-04-07,1.9162071778811889,2.1404538706013008,1.8253572218828031,2.0071468391658813,2.0778638942174257,2.1019045213921617,1.9333091580786366,2.1404538706013008
2021-04-08,1.9342131626503376,2.16278646001636,1.8444022262774413,2.0280885594573044,2.0995434463195686,2.123834903219415,1.95348048726856,2.16278646001636
2021-04-09,1.9447668913474416,2.1758895585030977,1.8555764149765368,2.0403755996370334,2.1122633911975766,2.136702016279779,1.9653155193856033,2.1758895585030977
2021-04-12,1.9424804382179586,2.173048885838429,1.8531539183113779,2.037711843487786,2.1095057839226543,2.133912503831195,1.9627497558561307,2.173048885838429
2021-04-13,1.962902052001514,2.1984153909565696,1.874786215062682,2.0614985278297655,2.1341305356313462,2.158822160858636,1.9856613903122253,2.1984153909565696
2021-04-14,1.9416740490143538,2.17201676459958,1.852273735849579,2.036744002549635,2.108503843406152,2.1328989709873625,1.9618175192540148,2.17201676459958
2021-04-15,1.9681761597998233,2.204934190590271,1.880345380879248,2.0676113379489873,2.14045871610678,2.165223557596178,1.9915493261395802,2.204934190590271
2021-04-16,1.970252176479588,2.20751652782464,1.8825475717252338,2.0700328477459577,2.142965542054158,2.1677593872084064,1.9938817549263081,2.20751652782464
2021-04-19,1.954012651929489,2.1873132732791656,1.8653184423818583,2.0510878477818046,2.123353059980936,2.1479199911535685,1.975633691946662,2.1873132732791656
2021-04-20,1.9411862004234612,2.171370926023832,1.8517229713016468,2.0361383866689433,2.1078768900872915,2.1322647638964742,1.961234182397153,2.171370926023832
2021-04-21,1.9561532317940957,2.1899600926642475,1.8675756229480631,2.0535698237942652,2.125922482527394,2.1505191415997538,1.9780243625550042,2.1899600926642475
2021-04-22,1.9349162088275396,2.1635610594798083,1.8450627967966624,2.028814917023816,2.100295395370975,2.1245955522279507,1.9541801240405063,2.1635610594798083
2021-04-23,1.9568551385902322,2.190799377692133,1.868291356656652,2.0543568383214255,2.1267372256434935,2.151343311192511,1.978782424876709,2.190799377692133
2021-04-26,1.9683300256227922,2.205063561719145,1.8804557072579837,2.067732651870285,2.140584304236164,2.16535059876462,1.9916661772390967,2.205063561719145
2021-04-27,1.9606507069141457,2.1955112532098116,1.8723095960230494,2.0587752591908255,2.1313113190854054,2.1559703263274197,1.983038303601858,2.1955112532098116
2021-04-28,1.954680629642282,2.188088279570063,1.8659793598393777,2.0518145868386353,2.124105403963568,2.1486810396626344,1.9763336961748963,2.188088279570063
2021-04-29,1.961016285008192,2.195963035092248,1.8726948710028788,2.0591989041895706,2.131749890210189,2.156413971665644,1.983446363809445,2.195963035092248
2021-04-30,1.9494401328080515,2.181569479936362,1.8604201940228116,2.0457017767194134,2.1177772234881345,2.1422796429250925,1.9704457603475412,2.181569479936362
2021-05-03,1.9400902069666222,2.169951505053258,1.8505125035802377,2.0348073669475366,2.1064989750450858,2.130870906548374,1.959952127409064,2.169951505053258
2021-05-04,1.9086462877444632,2.130901155264518,1.817210763709571,1.9981890649961036,2.0685905141354426,2.0925238494544316,1.92468091698511,2.130901155264518
2021-05-05,1.9028670680465223,2.123736923882518,1.81110118028337,1.9914710204865087,2.0616357752723737,2.085488645126531,1.918210011757181,2.123736923882518
2021-05-06,1.915783870570541,2.1397437532885646,1.8247516410838007,2.0064809478148597,2.077174541765098,2.101207193217582,1.9326677631283042,2.1397437532885646
2021-05-07,1.9297842860608434,2.1571063351693707,1.8395582737620173,2.0227621916297656,2.0940294165633975,2.1182570768238356,1.9483500625784775,2.1571063351693707
2021-05-10,1.8858927472066989,2.1026305123996196,1.7931018479186338,1.9716791120151835,2.04114654588081,2.0647623578957743,1.899146195818648,2.1026305123996196
2021-05-11,1.8835463930678011,2.0997257644116876,1.790624708471554,1.9689552711407652,2.038326736938032,2.0619099241137637,1.8965225579238487,2.0997257644116876
2021-05-12,1.8443406949247976,2.045378092288463,1.7442775681920122,1.917992360976525,1.985568269591155,2.008541047852556,1.8615920744068386,2.045378092288463
2021-05-13,1.8549452399393815,2.0611920854835457,1.7577635802392333,1.9328214618938855,2.0009198386834766,2.024070232692532,1.8716673233361518,2.0611920854835457
2021-05-14,1.8856654411465898,2.1066971595827235,1.7965698431445452,1.975492489239369,2.045094278400698,2.0687557651905895,1.9005920466186428,2.1066971595827235
2021-05-17,1.8770839141028675,2.0939162684358235,1.7856704295773946,1.9635075893919283,2.032687119052477,2.0562050565497425,1.892520934765528,2.0939162684358235
2021-05-18,1.8675784839296699,2.0797810487102364,1.7736160584165004,1.9502527082740477,2.0189652336579664,2.0423244106455463,1.8835781159602718,2.0797810487102364
2021-05-19,1.8692215850165903,2.082168922423845,1.7756524127560849,1.9524918656987533,2.0212832824800437,2.0446692790045815,1.8851756483793158,2.082168922423845
2021-05-20,1.9030042860926115,2.12244606038592,1.8100003450641005,1.9902605517057619,2.060382658497103,2.0842210299458146,1.9216421803954256,2.12244606038592
2021-05-21,1.8931292402132736,2.110698510960217,1.799982154773642,1.979244637267428,2.0489786244590578,2.072685052650389,1.911006062515188,2.110698510960217
2021-05-24,1.922981455980825,2.1461988844264512,1.8302565110567435,2.0125340546992287,2.0834409155039006,2.107546068122227,1.9431477580549568,2.1461988844264512
2021-05-25,1.925475044922531,2.149167300910197,1.8327879463474461,2.0153175988084993,2.086322531183309,2.110461023737135,1.9458353336926195,2.149167300910197
2021-05-26,1.9317638574348757,2.1566543498732087,1.8391728253130388,2.0223383558858608,2.0935906479730018,2.117813231735347,1.952614035569921,2.1566543498732087
2021-05-27,1.9249885749132518,2.148586351312611,1.8322925184580303,2.014772830633616,2.085758569394754,2.109890536980733,1.9453093475334224,2.148586351312611
2021-05-28,1.930681542758514,2.1553638932040604,1.838072337032067,2.0211282685954326,2.0923379261289554,2.1165460160551595,1.9514456685552335,2.1553638932040604
2021-06-01,1.924664253017172,2.1481986447534376,1.8319618862601217,2.0144092703600416,2.0853821999378255,2.109509812975935,1.9449583217563111,2.1481986447534376
2021-06-02,1.9281888800685523,2.1523946630654165,1.835540207864769,2.018343961505525,2.0894555205870984,2.1136302614391926,1.9487573562422777,2.1523946630654165
2021-06-03,1.9093779238299562,2.12999738808592,1.816440040280763,1.9973415842534537,2.0677131744202635,2.0916363590277185,1.9284790796208735,2.12999738808592
2021-06-04,1.939755681183934,2.1661427864730043,1.8472644672352014,2.0312358545853093,2.1028016289215175,2.127130782589386,1.961204774499163,2.1661427864730043
2021-06-07,1.9451747852798473,2.1725973073697173,1.8527688168006975,2.0372883892342006,2.109067410263483,2.1334690582432363,1.9670486354296557,2.1725973073697173
2021-06-08,1.9460422380810039,2.1736306490909145,1.8536500400773899,2.0382573746433077,2.110070535573659,2.1344837895886575,1.9679842130517575,2.1736306490909145
2021-06-09,1.94647496049033,2.1741460994691653,1.8540896109008425,2.0387407228769057,2.110570913435074,2.134989956759779,1.9684508968498688,2.1741460994691653
2021-06-10,1.9654916252547254,2.1968021167064102,1.873410431242319,2.059985727971572,2.132564435860677,2.157237941508138,1.9889634362144448,2.1968021167064102
2021-06-11,1.9703102136047574,2.2025465202903876,1.8783092000088129,2.0653723712694414,2.1381408647503153,2.1628788889874087,1.994164363782978,2.2025465202903876
2021-06-14,1.9880119882612652,2.2236529317732865,1.8963085323735493,2.085164279740767,2.1586300941418797,2.183605176218166,2.0132739050520483,2.2236529317732865
2021-06-15,1.9758394625225175,2.209130412315975,1.8839238759530448,2.0715462198396306,2.1445322342216655,2.1693442058097014,2.0001253560850567,2.209130412315975
2021-06-16,1.969074114352856,2.201062210341653,1.8770433956288874,2.0639805038422265,2.1366999581778052,2.1614213113048226,1.992820483879735,2.201062210341653
2021-06-17,1.9925150531467841,2.229010442452989,1.9008773628187305,2.0901881257456987,2.1638309434370386,2.188866198693698,2.018124543518763,2.229010442452989
2021-06-18,1.9778552108196108,2.2115178792021353,1.8859598833543316,2.0737849957740178,2.1468498881125186,2.171688674668207,2.002286945563523,2.2115178792021353
2021-06-21,1.9893801556656034,2.225262544576404,1.897681193749232,2.086673646186094,2.16019263953153,2.185185800063898,2.014731232950413,2.225262544576404
2021-06-22,2.006766284229609,2.246005659147086,1.9153707102139343,2.106124883802958,2.180329195339634,2.2055553333216387,2.0335118487011616,2.246005659147086
2021-06-23,2.007687233011476,2.2471049069150677,1.9163081374948878,2.1071556706436687,2.1813962995081755,2.20663478375287,2.0345070970219954,2.2471049069150677
2021-06-24,2.0193251351719894,2.2609982677220515,1.928156253837674,2.120183755767173,2.194883398289733,2.2202779265921633,2.0470860118186796,2.2609982677220515
2021-06-25,2.016998149105279,2.2582190260022257,1.9257861448554996,2.1175776046560264,2.1921854256297073,2.217548738723563,2.0445697131866374,2.2582190260022257
2021-06-28,2.039996605957177,2.285682930035182,1.9492070820016807,2.1433310623352697,2.2188462452661994,2.2445180207318387,2.069435266857511,2.285682930035182
2021-06-29,2.0469177896346085,2.2939541389067006,1.9562606845364954,2.151087142001628,2.2268755919910745,2.2526402660010345,2.076923939548435,2.2939541389067006
2021-06-30,2.0438905908595237,2.2903354087452645,1.9531746683765832,2.147693785618162,2.223362678749337,2.249086708789412,2.073647576182847,2.2903354087452645
2021-07-01,2.044647555102035,2.291239989578761,1.9539460856819866,2.148542029341449,2.224240808326965,2.2499749982171853,2.0744665749398323,2.291239989578761
2021-07-02,2.0666518961451343,2.317540773934197,1.976375126234442,2.173204806199969,2.2497725195926725,2.2758021082110673,2.098279051279372,2.317540773934197
2021-07-06,2.0750268651267603,2.327557475976895,1.984917267536441,2.1825976700780494,2.2594963187361734,2.2856384105029126,2.1073480766425896,2.327557475976895
2021-07-07,2.0791314017672273,2.332468086703552,1.9891049862613674,2.1872024489680584,2.2642633360812425,2.290460581646576,2.1117940962046275,2.332468086703552
2021-07-08,2.06735873460606,2.3183808726169812,1.9770915538196268,2.1739925837077663,2.2505880525712207,2.2766270768048837,2.0990396685193873,2.3183808726169812
2021-07-09,2.079460479041242,2.33285599667645,1.989435791928425,2.1875661999867915,2.2646399030037827,2.2908415054016387,2.1121453061505617,2.33285599667645
2021-07-12,2.0870749440908645,2.3419668974033034,1.9972054751101265,2.196109675670629,2.273484387775982,2.299788319764122,2.1203942277438546,2.3419668974033034
2021-07-13,2.0870751047745784,2.3419668974033034,1.9972054751101265,2.196109675670629,2.273484387775982,2.299788319764122,2.1203942277438546,2.3419668974033034
2021-07-14,2.0905847780089197,2.3461673908172247,2.0007876130360507,2.2000485632096165,2.277562052668724,2.303913162733206,2.1241973139439327,2.3461673908172247
2021-07-15,2.0768187962084985,2.329689048397451,1.9867350507483421,2.1845964886020703,2.261565560886829,2.2877315935282407,2.1092779817414082,2.329689048397451
2021-07-16,2.061048793449148,2.3108201878856485,1.9706438790221126,2.1669027768827482,2.2432484532298975,2.269202559210797,2.0921942975280694,2.3108201878856485
2021-07-19,2.045216774325572,2.2918864383956836,1.9544973706373663,2.149148217457618,2.2248683540426617,2.2506098045588674,2.0750518634601143,2.2918864383956836
2021-07-20,2.067491137630117,2.318510040332131,1.9772017067292134,2.1741137068839045,2.250713443234993,2.276753918223061,2.099156615722149,2.318510040332131
2021-07-21,2.0824559627000228,2.3364096344459995,1.9924662979606715,2.190898517919291,2.268089627249604,2.29433114252851,2.115362735492709,2.3364096344459995
2021-07-22,2.095361970766418,2.3518540249034023,2.005637116564241,2.2053810348822522,2.283082401324487,2.30949738113726,2.1293459375666624,2.3518540249034023
2021-07-23,2.11830214726733,2.3793175221089093,2.029057706772124,2.231134111071177,2.309742826029754,2.3364662636450055,2.1542111228998895,2.3793175221089093
2021-07-26,2.119866831565342,2.3811915727540645,2.0306558780414474,2.232891446223559,2.3115620767153144,2.338306562835038,2.155907870268476,2.3811915727540645
2021-07-27,2.097969424321979,2.354955880790515,2.0082823476166576,2.208289707816006,2.2860935544455234,2.312543372925907,2.132154327952376,2.354955880790515
2021-07-28,2.1055254166466657,2.364002299366656,2.0159970410781405,2.216772717284354,2.294875442618643,2.3214268664544337,2.140344868028699,2.364002299366656
2021-07-29,2.109033266041416,2.368202996194302,2.0195793524732135,2.2207117955685005,2.298953304976997,2.325551909173783,2.1441481383976004,2.368202996194302
2021-07-30,2.098728172471791,2.355860461624012,2.0090537649220614,2.2091379515392933,2.2869716840231518,2.3134316623536804,2.1329733267093616,2.355860461624012
2021-08-02,2.098890320170035,2.3560541114898745,2.0092189075518667,2.209319540930921,2.2871596712860036,2.3136218246058147,2.133148655429094,2.3560541114898745
2021-08-03,2.110818625817774,2.370335789097206,2.0213981765000084,2.222711758563478,2.301023731921326,2.3276462907007005,2.1460791485093593,2.370335789097206
2021-08-04,2.1136780202214376,2.373760462565331,2.0243187030918177,2.2259231440649985,2.3043482629689875,2.3310092861596594,2.1491798148175683,2.373760462565331
2021-08-05,2.1262480858572927,2.3888175532910094,2.0371592364357767,2.240042482244704,2.3189650625181666,2.3457952002641407,2.1628123594520563,2.3888175532910094
2021-08-06,2.117511908339208,2.378348459124701,2.0282312997465017,2.230225401132401,2.308802099853046,2.3355146533832762,2.1533337426259345,2.378348459124701
2021-08-09,2.121180265918697,2.382742602404484,2.031978580302231,2.2343458780630163,2.31306775200864,2.3398296586044944,2.157312157545745,2.382742602404484
2021-08-10,2.11098724726155,2.370529642376793,2.0215634925989634,2.2228935387002657,2.301211916649791,2.327836652703099,2.146254661397915,2.370529642376793
2021-08-11,2.1075879600284324,2.3664579098505722,2.018091160644328,2.219075392847098,2.2972592474895968,2.323838251651663,2.1425681540629533,2.3664579098505722
2021-08-12,2.1147106238110482,2.374988064393564,2.0253655894057627,2.227074291101211,2.3055399679388526,2.3322147790080088,2.150291273665872,2.374988064393564
2021-08-13,2.1216695310755243,2.3833239588295196,2.032474355129945,2.2348910277282186,2.31363210872842,2.340400544861426,2.1578385120425887,2.3833239588295196
2021-08-16,2.1225332795460363,2.3843581142056154,2.0333562722832332,2.2358607761179625,2.314636023901045,2.3414160752079067,2.1587748263399833,2.3843581142056154
2021-08-17,2.105005778180135,2.363356460790909,2.015446276530209,2.2161671014036632,2.294248489299784,2.320792659363546,2.139760132014886,2.363356460790909
2021-08-18,2.08601144836869,2.340609924446197,1.9960482624174471,2.19483721471312,2.272167094676734,2.29845578574733,2.1191656375239645,2.340609924446197
2021-08-19,2.09546058306986,2.3519185070541155,2.00569210628446,2.2054415010977424,2.2831449979235665,2.3095607019712165,2.129404319083632,2.3519185070541155
2021-08-20,2.1158105393140683,2.376280555199959,2.0264678123782236,2.2282862858432315,2.3067946644390207,2.333483992190845,2.151461482368792,2.376280555199959
2021-08-23,2.145480185930743,2.4118222216522964,2.056777382898563,2.261614424542365,2.3412970410031484,2.368385556966447,2.1836405641796803,2.4118222216522964
2021-08-24,2.151623823589955,2.4191884428628687,2.063059221189676,2.268521878995118,2.3484478632191705,2.37561911330734,2.190309869775972,2.4191884428628687
2021-08-25,2.153940770167371,2.421966870927796,2.0654286362952545,2.2711272671256277,2.351145046016747,2.3783475021748806,2.192825431732721,2.421966870927796
2021-08-26,2.1411177118886635,2.406587369448555,2.0523131543502013,2.256705597868474,2.3362152634721687,2.363244983900617,2.1789009795133842,2.406587369448555
2021-08-27,2.1606302359761704,2.4299801511964647,2.072262279949194,2.278641481930028,2.358924006345303,2.386216464108251,2.200080578355766,2.4299801511964647
2021-08-30,2.183362604561922,2.457249184881211,2.0955170336506757,2.304212205746688,2.3853956539252694,2.4129943853628033,2.224769698293968,2.457249184881211
2021-08-31,2.1816945013986286,2.45524657676208,2.0938092298792124,2.3023343196536454,2.3834516049727736,2.4110278440053876,2.2229565562290885,2.45524657676208
2021-09-01,2.1850864007234,2.4593179024608514,2.0972812148955495,2.306152084016494,2.3874038792017434,2.415025845556294,2.2266426952264036,2.4593179024608514
2021-09-02,2.18411733690879,2.458154375955882,2.0962889713635264,2.3050610217054532,2.3862743758997347,2.413883274041371,2.2255892495574234,2.458154375955882
2021-09-03,2.190415357060991,2.4657146538597656,2.1027362992227427,2.3121504470401524,2.3936135803098333,2.4213073921349277,2.2324342522110943,2.4657146538597656
2021-09-07,2.1933223736347065,2.4692044197197767,2.1057123359422176,2.31542287099264,2.397001300353411,2.4247343076786376,2.235593852542743,2.4692044197197767
2021-09-08,2.1861655194825986,2.4606103932672463,2.0983834378680113,2.3073640787585155,2.388658575701912,2.41629505873913,2.227812903929324,2.4606103932672463
2021-09-09,2.1791138411748325,2.4521445174612424,2.0911638253576466,2.2994254559747325,2.3804402543861234,2.4079816524664754,2.2201479816745513,2.4521445174612424
2021-09-10,2.1636087996006816,2.4335341957934635,2.075293132919739,2.2819741813528465,2.362374125522348,2.3897065007356524,2.2032983760355616,2.4335341957934635
2021-09-13,2.1622081883112254,2.4318533881867213,2.0738597573419226,2.2803980541017737,2.3607424671684147,2.3880559642972243,2.201776589049061,2.4318533881867213
2021-09-14,2.1564450616116573,2.4249395590997596,2.067963714438086,2.2739148168832437,2.3540308084740125,2.3812666525453503,2.1955168749156733,2.4249395590997596
2021-09-15,2.1714765220717775,2.442968524342503,2.08333863204828,2.290820941839928,2.371532580618008,2.3989709180192422,2.2118401260578198,2.442968524342503
2021-09-16,2.1728768227631923,2.444648721708071,2.0847714872186494,2.2923964968555226,2.373163646575105,2.400620855206876,2.213361360537851,2.444648721708071
2021-09-17,2.148752497493413,2.4156986770028577,2.060083184470202,2.2652494550426305,2.3450601431755924,2.3721921977636304,2.187150269444325,2.4156986770028577
2021-09-20,2.1071259324844256,2.365782576284751,2.017515243069797,2.218442118918312,2.2966036616569614,2.3231750807723723,2.14195671356977,2.365782576284751
2021-09-21,2.10955700711437,2.3686938335118715,2.0199979335296434,2.221172063637827,2.2994297894993307,2.326033906562858,2.1445925377681,2.3686938335118715
2021-09-22,2.12802990606438,2.390817720445445,2.038864958577453,2.2419180793958358,2.3209067418833156,2.3477593446183778,2.1646232914910586,2.390817720445445
2021-09-23,2.1464393381924705,2.4128783457106535,2.057678034719938,2.2626047734093104,2.3423222824618946,2.3694226603415305,2.1845967687099868,2.4128783457106535
2021-09-24,2.1483272897655907,2.415141933638504,2.059608399409511,2.2647273855417005,2.3445196797948937,2.3716454812887444,2.1866461993750943,2.415141933638504
2021-09-27,2.132251330770069,2.3958650251950635,2.0431692485704773,2.246651039032877,2.32580645611981,2.3527157479400187,2.1691930725023196,2.3958650251950635
2021-09-28,2.0756821436450203,2.3280672307708565,1.9853519812237224,2.183075677447188,2.2599911675604445,2.2861389846666182,2.1078096037136502,2.3280672307708565
2021-09-29,2.0724919097550507,2.3242505790553407,1.9820971795818767,2.1794967260237486,2.256286120277998,2.2823910704473,2.104354044083042,2.3242505790553407
2021-09-30,2.0660115084463335,2.3157110674810153,1.97481477123959,2.171489053492309,2.247996316410579,2.274005354578771,2.098311108133776,2.3157110674810153
2021-10-01,2.0756190793273017,2.330072483268408,1.9870620400941224,2.184956043227301,2.2619377835659,2.288108122777477,2.10742080285665,2.330072483268408
2021-10-04,2.0370448359237514,2.281165111210816,1.9453543322033864,2.139094612347817,2.214460534018363,2.2400815673495935,2.062554582168271,2.281165111210816
2021-10-05,2.058581564936352,2.3119586945024877,1.9716147858488144,2.1679703775392,2.2443536682616005,2.2703205614431443,2.08142619177305,2.3119586945024877
2021-10-06,2.0690012062033762,2.3267737228958385,1.9842488909055165,2.1818627289793704,2.2587354837322144,2.284868772732458,2.0907633194260735,2.3267737228958385
2021-10-07,2.0839954856463727,2.3481219932973403,2.0024544780883606,2.201881433445071,2.2794594997367312,2.3058325630281176,2.1041920105016043,2.3481219932973403
2021-10-08,2.0744763680094023,2.336412482238146,1.9924687265287568,2.1909011883515213,2.2680923917681746,2.294333939032218,2.0930676611051107,2.336412482238146
2021-10-11,2.059292747393683,2.3184925467518123,1.977186788382403,2.1740973028002073,2.2506964611923395,2.2767367397002842,2.0770141441252643,2.3184925467518123
2021-10-12,2.052488099677849,2.310406444369721,1.9702910427731375,2.166514801228787,2.242846808174602,2.2687962671720987,2.069770235128456,2.310406444369721
2021-10-13,2.0680606453424004,2.32890773628109,1.986068755747205,2.183863836445303,2.260807095470217,2.286964352760964,2.0863445584051643,2.32890773628109
2021-10-14,2.104147110640586,2.371799147432303,2.0226461135575917,2.2240839792392877,2.3024442995357752,2.3290832941060065,2.124768692115394,2.371799147432303
2021-10-15,2.1167079477517285,2.38674273329963,2.0353898511164337,2.238096881620119,2.316950913273325,2.3437577475627034,2.1381558557937383,2.38674273329963
2021-10-18,2.136875219782259,2.410743315256779,2.055857302532504,2.2606027122175805,2.34024968339583,2.367326081561699,2.1596567004965066,2.410743315256779
2021-10-19,2.1521968116465375,2.428986881979023,2.0714152300948454,2.2777100733172975,2.357959781760738,2.3852410835650035,2.1760001414855576,2.428986881979023
2021-10-20,2.1495352537088053,2.42581627225298,2.0687113664700814,2.2747369285197094,2.3548818852627638,2.3821275761868383,2.1731597608875184,2.42581627225298
2021-10-21,2.161973243129251,2.440631097232606,2.081345298057635,2.2886290892147207,2.369263503267766,2.396675587725887,2.186431574535802,2.440631097232606
2021-10-22,2.1447613564945547,2.4201231289276133,2.063856311929124,2.269398353001977,2.3493552177074095,2.376536965774309,2.168059576619993,2.4201231289276133
2021-10-25,2.165566751399969,2.444900954726631,2.084986588963352,2.29263302085302,2.373408503934281,2.400868545535284,2.190256712736446,2.444900954726631
2021-10-26,2.172027325787222,2.4525991471358246,2.09155152890556,2.2998517714057067,2.380881590029478,2.408428094308407,2.197153113822787,2.4525991471358246
2021-10-27,2.1768042803519245,2.4582920870474663,2.096406409977368,2.3051901561782797,2.3864080601192197,2.414018504970671,2.2022531158627765,2.4582920870474663
2021-10-28,2.1997083277326523,2.4855920396183584,2.119687530989491,2.3307898732591488,2.4129097224722464,2.44082678826548,2.2267096911936446,2.4855920396183584
2021-10-29,2.209960497906157,2.4978188317793255,2.130114414594888,2.34225518329273,2.4247789854927277,2.4528333771848847,2.237663023905965,2.4978188317793255
2021-11-01,2.2171188048411534,2.5063577331124764,2.1373963025297273,2.3502622835886915,2.4330681969633092,2.4612184938026185,2.2453125713971103,2.5063577331124764
2021-11-02,2.225902537976725,2.516837811619916,2.1463336065530463,2.3600896649395957,2.4432418227714914,2.4715098271977847,2.2547011162608803,2.516837811619916
2021-11-03,2.248290729711646,2.5435557975245984,2.169118432330009,2.385143660119785,2.4691785360079015,2.497746624984867,2.278636338612279,2.5435557975245984
2021-11-04,2.2755965893966685,2.57616057662051,2.1969234552777337,2.4157178202093346,2.5008299040625177,2.5297641954366132,2.307845225845134,2.57616057662051
2021-11-05,2.2776537425125642,2.5786184246553963,2.199019483004559,2.4180225939688302,2.503215881055205,2.532177777886756,2.3100470811582863,2.5786184246553963
2021-11-08,2.274731024533454,2.5751256075895155,2.19604084424785,2.4147473088389537,2.499825199027444,2.5287478660890734,2.3069180521437915,2.5751256075895155
2021-11-09,2.2598956960947763,2.5573997287964936,2.1809243956695994,2.3981253941695866,2.482617650645685,2.511341228509804,2.2910383802329473,2.5573997287964936
2021-11-10,2.228427940925438,2.519814568066372,2.1488721540788562,2.362881029600397,2.4461315345410015,2.4744329725735517,2.2573678340174537,2.519814568066372
2021-11-11,2.234281324126525,2.526800202198133,2.1548294315922742,2.36943159986015,2.452912898596524,2.4812927961689164,2.263625892046443,2.526800202198133
2021-11-12,2.2565567979187984,2.553388816973942,2.1775039309905013,2.3943642811190418,2.47872402370355,2.5074025527875565,2.2874452176851743,2.553388816973942
2021-11-15,2.256069876429872,2.552806850307732,2.1770076357553405,2.393818559218362,2.4781590745869333,2.50683106727983,2.2869238647057046,2.552806850307732
2021-11-16,2.27129137170202,2.5709853246380896,2.1925100531900164,2.4108648818671115,2.4958059839559246,2.5246821491983837,2.303208992883351,2.5709853246380896
2021-11-17,2.2724286917873187,2.572343924904994,2.193668653635888,2.412138868785896,2.497124856780071,2.5260162812172946,2.304426090593898,2.572343924904994
2021-11-18,2.294737345597571,2.598997021831515,2.2163981427543336,2.4371320162602768,2.5229985784861766,2.552189358669891,2.3283031823614273,2.598997021831515
2021-11-19,2.3068598453108153,2.6134880121615063,2.22875591145675,2.4507205106617254,2.5370658312364935,2.566419367787304,2.34128488977297,2.6134880121615063
2021-11-22,2.281486404729477,2.583147431234619,2.202881773606045,2.4222695349400434,2.5076124529117134,2.5366252175335666,2.314104377239337,2.583147431234619
2021-11-23,2.2716337094086203,2.5713732346109874,2.192840858857074,2.411228632885845,2.496182550878465,2.525063072953446,2.3035565007938184,2.5713732346109874
2021-11-24,2.2785651957455126,2.5796542073412887,2.199902787911038,2.4189938683198484,2.504221375952728,2.5331949062353543,2.310974983769771,2.5796542073412887
2021-11-26,2.237636370660149,2.530747242111146,2.1581954269586,2.3731328189306833,2.456744521336416,2.485168750308001,2.2671618351480247,2.530747242111146
2021-11-29,2.283646966170029,2.5856699648339423,2.205032964522238,2.424634965660188,2.5100612239690934,2.5391023205679306,2.3163641809088236,2.5856699648339423
2021-11-30,2.251870885205411,2.547696080476024,2.1726492233878423,2.3890260870916276,2.4731977510794207,2.501812341875557,2.28234539787272,2.547696080476024
2021-12-01,2.2155735800682015,2.5043530908560983,2.1356867640667745,2.3483824900440564,2.431122173354691,2.4592499549425546,2.2435167190333667,2.5043530908560983
2021-12-02,2.230702293005679,2.522401787230132,2.1510785081844173,2.36530711728119,2.4486430996630735,2.476973596192136,2.2596855860432736,2.522401787230132
2021-12-03,2.1939509923142704,2.478540092612362,2.113673702533514,2.324177120077473,2.4060639846271337,2.433901846083775,2.220392226988036,2.478540092612362
2021-12-06,2.210608033608271,2.498400798445534,2.130610709830049,2.34280090519341,2.425343934609344,2.453404862692611,2.2381843768854344,2.498400798445534
2021-12-07,2.273681137321112,2.573637839607461,2.194772090892392,2.413352198744031,2.498380935539526,2.527286892651985,2.305585239948112,2.573637839607461
2021-12-08,2.283319663349195,2.58515268373217,2.2045918324764457,2.424149900720157,2.509559068917169,2.538594355644426,2.3159007762856882,2.58515268373217
2021-12-09,2.2514878344847156,2.547114317223539,2.1721531016218307,2.388480555936107,2.4726329994284164,2.5012410561180958,2.281824227120786,2.547114317223539
2021-12-10,2.27467630113431,2.5748019763536045,2.1957648548318622,2.4144438332905502,2.499511031238371,2.5284300634177024,2.306628128134586,2.5748019763536045
2021-12-13,2.243541430800403,2.5376043187689317,2.164043071969879,2.3795628382497758,2.4634010871250034,2.491902331735983,2.273304725374489,2.5376043187689317
2021-12-14,2.2215405977109515,2.511339742056483,2.1416449089259375,2.354934014029606,2.4379045247382747,2.4661107772892437,2.2497756882000344,2.511339742056483
2021-12-15,2.269525089273262,2.568591551926465,2.1904686682451118,2.408620192832786,2.493482208631092,2.5223314880816674,2.301064539243925,2.568591551926465
2021-12-16,2.214231615949961,2.502541488224409,2.1341418478261795,2.346683713655571,2.4293635446120874,2.45747097908383,2.241893800600946,2.502541488224409
2021-12-17,2.2037646533591806,2.4900555469782444,2.123493964525014,2.334975394289076,2.4172427104016134,2.4452099083270107,2.2307083100082186,2.4900555469782444
2021-12-20,2.1835108961595804,2.4659011842452636,2.1028953704323334,2.3123253603512044,2.3937946562762553,2.421490563127791,2.209069701288506,2.4659011842452636
2021-12-21,2.229811606388066,2.521089158464997,2.149959111766209,2.3640762387684013,2.447368854067293,2.4756846077330805,2.258509671755781,2.521089158464997
2021-12-22,2.2555406664438253,2.5517920192354766,2.176142198171203,2.3928669316187485,2.477173918647471,2.5058345132085096,2.2860147315303903,2.5517920192354766
2021-12-23,2.2716527465746457,2.571030889312409,2.1925489102793825,2.4109076087827885,2.495850216253066,2.5247268932577094,2.303249811851334,2.571030889312409
2021-12-27,2.3072243208654823,2.6135221856672457,2.228785054273775,2.4507525558484837,2.53709900545935,2.5664529258317987,2.3413155039989575,2.6135221856672457
2021-12-28,2.2970930124620956,2.6014093051920804,2.2184553133917935,2.439394063104096,2.525340323181723,2.5545581970607083,2.330464218706596,2.6014093051920804
2021-12-29,2.296768115013555,2.601020784978008,2.218123987317289,2.4390297398498846,2.524963163862346,2.554176674054851,2.3301161641135213,2.601020784978008
2021-12-30,2.290265350089576,2.5932481431455945,2.2114955576665634,2.431741176568904,2.517417805353069,2.5465440166847944,2.3231530677491357,2.5932481431455945
2021-12-31,2.276714747216459,2.57705396969915,2.197685331779945,2.416555572948863,2.5016971730314728,2.5306414985998202,2.3086455691816696,2.57705396969915
2022-01-03,2.297481543504849,2.601863121211763,2.2188423230631122,2.439819615554434,2.525780868962629,2.5550038399015813,2.3308707683386114,2.601863121211763
2022-01-04,2.2692476956186445,2.568115360397071,2.1900625769674087,2.4081736584149294,2.4930199416328405,2.5218638727116622,2.3006379445829888,2.568115360397071
2022-01-05,2.203197262928987,2.489220533638576,2.122781873668554,2.3341923854102613,2.416432114063371,2.4443899334898154,2.2299602659744115,2.489220533638576
2022-01-06,2.2017303770007888,2.4874709721929036,2.1212898655183907,2.332551786295354,2.4147337123325006,2.442671881461869,2.2283929269403617,2.4874709721929036
2022-01-07,2.179133061165519,2.460524959502894,2.0983105808254496,2.30728396579162,2.38857564014477,2.4162111636278936,2.2042534275215093,2.460524959502894
2022-01-10,2.1804927386717337,2.4621443361647937,2.0996915687202815,2.3088024880045923,2.3901476638838073,2.417801375486338,2.205704140932749,2.4621443361647937
2022-01-11,2.211527877815923,2.4991310537170097,2.131233464074798,2.343485680315201,2.426052836157283,2.454121966143411,2.238838573738386,2.4991310537170097
2022-01-12,2.219837315437352,2.5090413703817185,2.1396848810118936,2.3527787844749812,2.4356733607855827,2.4638537990467415,2.2477166992748248,2.5090413703817185
2022-01-13,2.167223263853225,2.4462746076091584,2.0861580261262467,2.293921122913591,2.3747419892137325,2.402217459073794,2.19148729528463,2.4462746076091584
2022-01-14,2.1800005948688352,2.4614964634517995,2.0991390694808594,2.3081949646723077,2.3895187359088252,2.4171651708928015,2.2051237462317315,2.4614964634517995
2022-01-18,2.1285844458658176,2.400219909625989,2.0468830495804577,2.2507347021477515,2.33003399741224,2.3569922013601206,2.1502293411676443,2.400219909625989
2022-01-19,2.109064061211577,2.3738564738433627,2.024400580530124,2.226013175780175,2.304441466737963,2.3311035682846657,2.1330548662035853,2.3738564738433627
2022-01-20,2.0880658063458837,2.343023835116559,1.9981068208080965,2.1971007875182114,2.274510419097176,2.300826222140264,2.1136643042523255,2.343023835116559
2022-01-21,2.043956780361542,2.2780553221884405,1.942702335854159,2.1361785003528504,2.211441679738447,2.2370277853006164,2.0726409433276047,2.2780553221884405
2022-01-24,2.0510911526894144,2.2884831233686462,1.9515950583061965,2.1459568601978214,2.221564556884284,2.2472677828777172,2.079290120325505,2.2884831233686462
2022-01-25,2.014869604151241,2.2354336376361066,1.9063549981352865,2.0962112856400617,2.170066315074718,2.1951737128067608,2.0455531613014886,2.2354336376361066
2022-01-26,2.0124699525301866,2.23193573522711,1.9033720226498536,2.0929312318812032,2.166670696406651,2.1917388072524573,2.043315600920587,2.23193573522711
2022-01-27,1.9970316257541605,2.209458518653828,1.8842036816903085,2.0718538917815374,2.144850746254206,2.1696664029868984,2.0289143327968486,2.209458518653828
2022-01-28,2.044761437858837,2.2787678804658724,1.943309998282949,2.136846680645784,2.2121334017781216,2.2377275104783747,2.0734692760812257,2.2787678804658724
2022-01-31,2.0945849363284204,2.351638609769003,2.0054534127354966,2.205179035758582,2.2828732852411235,2.309285845606787,2.119892078492733,2.351638609769003
2022-02-01,2.105444767277738,2.367638116280962,2.0190976286465645,2.2201820962611993,2.298404942971807,2.324997202688303,2.129991576042522,2.367638116280962
2022-02-02,2.1184811513603967,2.3868763761167204,2.0355038203472966,2.2382222011897612,2.3170806481805655,2.343888983486708,2.1421098946772545,2.3868763761167204
2022-02-03,2.0530457973025094,2.2901027034442705,1.9529762196701772,2.147475573155953,2.2231367780889335,2.2488581944864263,2.0813183983901986,2.2901027034442705
2022-02-04,2.072780454092026,2.318992334273264,1.9776130020813847,2.1745659636565406,2.2511816342016107,2.277227526101012,2.099701281672162,2.318992334273264
2022-02-07,2.060085289257475,2.3003376684135124,1.9617044933690049,2.157073106589933,2.2330724578343673,2.2589088288124524,2.087888344849668,2.3003376684135124
2022-02-08,2.0777225584612404,2.326182195784569,1.9837444426203539,2.1813080420562043,2.258161253731822,2.2842878989622837,2.1043134039384257,2.326182195784569
2022-02-09,2.111270215962998,2.3754760539189865,2.0257817418941046,2.227531888738307,2.306013687942613,2.3326939798933757,2.135532651050466,2.3754760539189865
2022-02-10,2.074871051455371,2.3217133996678414,1.979933498886958,2.177117561652136,2.2538231316965365,2.279899585393867,2.1017066170830345,2.3217133996678414
2022-02-11,2.024731045502524,2.2480650196953924,1.9171269118779548,2.108433161946251,2.182328337197944,2.207577605002946,2.0550438514467615,2.2480650196953924
2022-02-14,2.0266559699340427,2.250849550172059,1.9195015310580021,2.1109358054200635,2.185031443963888,2.2103119863784326,2.056843874476278,2.250849550172059
2022-02-15,2.0650524394397856,2.306814971647386,1.9672282714791842,2.1622995421895483,2.2393603553249037,2.265269476495966,2.092649770304233,2.306814971647386
2022-02-16,2.0646599881682595,2.3062321913262775,1.9667312823674277,2.1617371880199583,2.238794616345838,2.2646971919871803,2.092286101540739,2.3062321913262775
2022-02-17,2.017877642740217,2.237635794619114,1.908232975141875,2.099598264097205,2.1722040777928213,2.197336209173992,2.0487290640572007,2.237635794619114
2022-02-18,2.000348019386267,2.2121151018976923,1.8864691887756628,2.077257067761824,2.147429647150052,2.172275141445797,2.032378089299238,2.2121151018976923
2022-02-22,1.9850583502190011,2.1898968309958837,1.8675216740427376,2.057125970430848,2.125861070721988,2.150457019267388,2.018110996537261,2.1898968309958837
2022-02-23,1.946323707717757,2.133802241805407,1.819684780711969,2.006538615637321,2.0714067686971998,2.0953726877316767,1.9819306410905166,2.133802241805407
2022-02-24,1.996157291028553,2.2055076138800462,1.8808343904101525,2.070840243837195,2.1410153716676823,2.1657866535927823,2.028556505900784,2.2055076138800462
2022-02-25,2.019744511201531,2.239708783886972,1.9100007992388772,2.09936376925517,2.1742164498471523,2.199371864123045,2.050581479118056,2.239708783886972
2022-02-28,2.0243393829133116,2.246380143814157,1.9156900669171595,2.104900960239773,2.1806927295317653,2.2059230735592217,2.0548716283785997,2.246380143814157
2022-03-01,2.000729133424126,2.211984917113919,1.8863581685203314,2.0747208747256565,2.147409340455953,2.1721473012762953,2.032852832367029,2.211984917113919
2022-03-02,2.0263103310159036,2.249101209208734,1.9180105637227325,2.108991309696568,2.1834347839837567,2.2085951328520754,2.056735618998137,2.249101209208734
2022-03-03,2.004261934761654,2.216972825055941,1.9161101274781187,2.0797263067235257,2.1522444439380637,2.1770453775206007,2.0361749618447864,2.216972825055941
2022-03-04,1.9821369452022204,2.1848444409031487,1.9161261145086437,2.0504978841263344,2.1210541038923707,2.145495622189126,2.0155242762157997,2.1848444409031487
2022-03-07,1.9264536536485777,2.1042647382634185,1.9161740764005477,1.9748110425750098,2.0428270659510446,2.066367151523554,1.9635049319045073,2.1042647382634185
2022-03-08,1.9196360829908634,2.0944837927275843,1.916192941808101,1.9656623293512392,2.0333316921476112,2.0567623597886664,1.9571220606802737,2.0944837927275843
2022-03-09,1.9722880099568774,2.1698811239045317,1.9162123304812573,2.036176772398536,2.106527666982913,2.1308017929567393,2.006444805248877,2.1698811239045317
2022-03-10,1.9556062993792285,2.1457849374967997,1.9162311962654353,2.015233881745562,2.083135010685997,2.1071395763332657,1.990853855123541,2.1457849374967997
2022-03-11,1.9247127211828485,2.101284930611093,1.9162503237870052,1.9754530663984193,2.039934258970625,2.063441009893815,1.9619589209039705,2.101284930611093
2022-03-14,1.89656634582321,2.0609313090885517,1.91630974747862,1.93925824559939,2.000758831679369,2.023814152853,1.9356025951901532,2.0609313090885517
2022-03-15,1.941894410186375,2.1255757839533103,1.916333215826772,1.9991132761559451,2.063515898561982,2.087294387520747,1.978109041189194,2.1255757839533103
2022-03-16,1.9967685054529158,2.2044067388022666,1.9163559003717547,2.0671093719789546,2.1400452464486515,2.164705605159432,2.0294693782843902,2.2044067388022666
2022-03-17,2.0151896041484245,2.231093195579629,1.916374767569429,2.0890668878192873,2.165952545662399,2.190911441655463,2.046673443166294,2.231093195579629
2022-03-18,2.0466196076565897,2.276759780176175,1.9163948380726965,2.126351139880643,2.210285814821467,2.235755575863809,2.0760041575548533,2.276759780176175
2022-03-21,2.0423026438183314,2.2704297484789446,1.9164663447737122,2.121041627702408,2.2041405994194823,2.229539547372045,2.0719870839484975,2.2704297484789446
2022-03-22,2.0728881874178806,2.315049566048467,1.9164935773054925,2.158508424950381,2.2474576637371793,2.2733557667174895,2.1004998508061825,2.315049566048467
2022-03-23,2.0464016407039383,2.2817794206592414,1.9165187203782472,2.13082211497353,2.2151588981620236,2.2406848131494304,2.0696829020664755,2.2817794206592414
2022-03-24,2.0890582196429546,2.332495750970102,1.9165440205512736,2.1742126653514853,2.26439447691826,2.2904877476825956,2.115685035642392,2.332495750970102
2022-03-25,2.087421483491366,2.330550505521321,1.916571254186808,2.172434125650973,2.262506026296801,2.288577535899867,2.1139206051241692,2.330550505521321
2022-03-28,2.117801246548695,2.3666096564891554,1.9166510766913034,2.2045260545762075,2.297512367577365,2.3239872653492393,2.1466279770749597,2.3666096564891554
2022-03-29,2.1520799671138153,2.4073381695062177,1.9166801399350948,2.240392494582462,2.337051740753317,2.363982262128167,2.1835706833921424,2.4073381695062177
2022-03-30,2.129726178208507,2.3807479274206123,1.9167076367025175,2.216724684723463,2.311237847075902,2.3378709075074084,2.159452063990059,2.3807479274206123
2022-03-31,2.1049016164082044,2.3512386983863496,1.9167334619511336,2.190540242985629,2.282590191355411,2.3088931365860996,2.132685784027848,2.3512386983863496
2022-04-01,2.101135585741575,2.3467635964441578,1.9167596533292766,2.1865467622370907,2.2782457478050504,2.3044986307594724,2.1286266528555267,2.3467635964441578
2022-04-04,2.1418257324994356,2.395080865286554,1.9168441855444274,2.2303331023396415,2.3251523098688796,2.351945710669036,2.1724527231111543,2.395080865286554
2022-04-05,2.0971016030603233,2.341899770874169,1.9168791500859028,2.1807507920645146,2.273523930089929,2.2997224021767235,2.1242149307891007,2.341899770874169
2022-04-06,2.054283151529658,2.2910534591932605,1.9169138544104367,2.133403277089392,2.2241621649960255,2.2497918272243216,2.0780948979032243,2.2910534591932605
2022-04-07,2.0588795336766013,2.29650148898043,1.9169484028432773,2.1384764213038965,2.229451130069176,2.25514173856771,2.0830365210936006,2.29650148898043
2022-04-08,2.0318136545979684,2.2643981247157687,1.9169833692857472,2.108582128679254,2.1982850794124236,2.2236165525188114,2.05391723659318,2.2643981247157687
2022-04-11,1.9921631757664506,2.210828306675587,1.9170901506127382,2.0586985151383246,2.1462793254687123,2.171011521270377,2.0193221158486305,2.210828306675587
2022-04-12,1.9856561929197263,2.201488972335957,1.9171287706557343,2.0500018317824433,2.1372126692538167,2.161840387360471,2.013363079411693,2.201488972335957
2022-04-13,2.016346199977356,2.2462389746892524,1.917167495758146,2.091672531908269,2.180656117383888,2.2057844468754175,2.0420234371387496,2.2462389746892524
2022-04-14,1.9813084575797095,2.1948737545967743,1.917206638749989,2.0438418152421036,2.1307905943128493,2.1553443089973916,2.00934917854922,2.1948737545967743
2022-04-18,1.9825049798437733,2.196560461201531,1.9173646785865335,2.0454124575087156,2.132428054581921,2.1570006381935003,2.0104797640232177,2.196560461201531
2022-04-19,2.0161967349669863,2.245654973885796,1.9174082557750638,2.091128716912195,2.180089167500565,2.2052109638650426,2.041948316225052,2.245654973885796
2022-04-20,1.9938563236617648,2.2129039403218647,1.917449853822704,2.060631321902495,2.1482943573772513,2.173049772972872,2.0211155087275587,2.2129039403218647
2022-04-21,1.9625079578532203,2.1671163245591547,1.9174917133644223,2.0179944078111616,2.103843590767617,2.1280867873569425,1.9918552460960577,2.1671163245591547
2022-04-22,1.9234557965465444,2.1103687773125674,1.9175325313503042,1.9651517284852569,2.0487528869537357,2.0723612574710732,1.9553572221874789,2.1103687773125674
2022-04-25,1.9422671360610975,2.1374781312234674,1.917657805393838,1.990395654697985,2.075070736082993,2.098982374767721,1.9729782213662812,2.1374781312234674
2022-04-26,1.8865525923325144,2.0567985524449366,1.917701389244451,1.9152677361111712,1.996746738060611,2.0197558267221094,1.9208623280784944,2.0567985524449366
2022-04-27,1.8848447041278054,2.0543346019983106,1.9177436712531006,1.9129733330991747,1.9943547269367237,2.0173362517640214,1.9192642600352399,2.0543346019983106
2022-04-28,1.9357380184564095,2.127296053822633,1.9177847552757903,1.9809142184585324,2.0651859421576817,2.0889836755105553,1.966991614124771,2.127296053822633
2022-04-29,1.8695376848381855,2.0315703686595543,1.9178270391225172,1.891775534413835,1.97225513502016,1.994981999874764,1.905046095879803,2.0315703686595543
2022-05-02,1.89329171795754,2.065489200416673,1.917947170636599,1.9212225395816958,2.0051836474354108,2.028289957037419,1.9273463745511357,2.065489200416673
2022-05-03,1.8948388510072023,2.0676937983643766,1.917993991114691,1.9230408768135656,2.007323878308084,2.030454850407828,1.9288004954629852,2.0676937983643766
2022-05-04,1.9435492801824004,2.1376077057660665,1.9180375826060145,1.9843939258372454,2.0751965274712467,2.099109615686429,1.9744659504005238,2.1376077057660665
2022-05-05,1.8691552185597655,2.029948754446684,1.9180796113731844,1.8962046903072556,1.970680866657275,1.9933895907634067,1.9048692194819983,2.029948754446684
2022-05-06,1.8521432013213301,2.005628406114393,1.9181222666172726,1.877642165184453,1.947070593233427,1.969507249348072,1.8889066684520641,2.005628406114393
2022-05-09,1.79708773966474,1.927154442352189,1.9182478920229047,1.8179407021983038,1.8708878134572522,1.8924465934241932,1.8372088768609847,1.927154442352189
2022-05-10,1.8136930631838817,1.9505667518176644,1.9182938342429476,1.8351374741735762,1.8936165597897907,1.9154372496572523,1.8528457923507615,1.9505667518176644
2022-05-11,1.7728165285355524,1.8927169055972255,1.9183400380557136,1.7927710681375202,1.837455740539573,1.8586292730861789,1.814393031787112,1.8927169055972255
2022-05-12,1.7696410566850582,1.8882420070687582,1.9183873890213348,1.7895200299946046,1.8331114944639193,1.8542349670098166,1.8114036636668913,1.8882420070687582
2022-05-13,1.8195024315507258,1.9582199897937111,1.9184367201479064,1.8415956709914927,1.9010463481597346,1.922952653621844,1.858408892863953,1.9582199897937111
2022-05-16,1.8035056736139865,1.9355208488468416,1.9185905001825538,1.8257924303828368,1.879009948149358,1.9006623218173375,1.8433740723932535,1.9355208488468416
2022-05-17,1.8390253663093128,1.9856533817679707,1.918644781279679,1.860712522117186,1.927678774496979,1.9498919730903925,1.876811785553861,1.9856533817679707
2022-05-18,1.770415286772148,1.8881769146768719,1.9186972426526834,1.793793145475016,1.8330483025577322,1.8541710469250658,1.8123338061143246,1.8881769146768719
2022-05-19,1.7632158112002807,1.8780591160130253,1.9187495493173534,1.7870837001886422,1.8232259106397808,1.8442354687515918,1.8055506529423644,1.8780591160130253
2022-05-20,1.7590619204140432,1.872222566011784,1.9188007121955926,1.78322611202532,1.8175597688765763,1.8385040344023458,1.8016372483223662,1.872222566011784
2022-05-23,1.781328585714594,1.9033527990177432,1.9189565517613052,1.804146445136343,1.8477811005358322,1.869073615184218,1.822650752330025,1.9033527990177432
2022-05-24,1.7525512736052025,1.8628832316721544,1.9190111033857122,1.7772570949112465,1.8084931126616808,1.8293329004924401,1.795538734440164,1.8628832316721544
2022-05-25,1.771207377133955,1.888955379001089,1.919065760627377,1.7951467573403446,1.8338040382607883,1.8549354911886344,1.813144811606912,1.888955379001089
2022-05-26,1.808521773724577,1.9412925098699216,1.9191195347607435,1.8305779171436622,1.8846130954810825,1.906330035832098,1.8483257110558668,1.9412925098699216
2022-05-27,1.8534035436348977,2.00465608851059,1.919173154262309,1.8739296268240218,1.9461266641347579,1.9685524430821058,1.8905716101516037,2.00465608851059
2022-05-31,1.8497157059705056,1.999337429852295,1.9193886882721218,1.8702692340819342,1.9409632929751544,1.9633295729071594,1.8871241241361842,1.999337429852295
2022-06-01,1.839330511680555,1.9845506759666698,1.9194463739398286,1.8599020419907644,1.9266082641112288,1.948809126904659,1.8773713483537946,1.9845506759666698
2022-06-02,1.8776321174776427,2.038899161744793,1.919504581469306,1.898047107530874,1.979369951232703,2.0021788021669265,1.9133777345729723,2.038899161744793
2022-06-03,1.8405103859990448,1.9858478452887316,1.9195639348986049,1.8604930802920767,1.9278675603167128,1.9500829343435864,1.8785457733344333,1.9858478452887316
2022-06-06,1.8452121400921557,1.9924624527867403,1.9197459061224063,1.8654826865137688,1.9342890428335593,1.9565784134558708,1.8829792366937061,1.9924624527867403
2022-06-07,1.857325854195291,2.0096498954506266,1.9198099455809137,1.8787011667199784,1.9509746681875462,1.9734563120840916,1.8943681911455452,2.0096498954506266
2022-06-08,1.8471805754461528,1.9951869762146364,1.9198744028620793,1.8666394668753532,1.9369340190569013,1.9592538685032272,1.8848439849773932,1.9951869762146364
2022-06-09,1.8095878760003674,1.941746529303329,1.9199391221027062,1.8223972735443261,1.8850538590267367,1.9067758784232356,1.8495235849306015,1.941746529303329
2022-06-10,1.7610889058853045,1.8732605862486476,1.9200064408622344,1.7650071317416958,1.8185674823055529,1.8395233600038585,1.8038797900521968,1.8732605862486476
2022-06-13,1.6988988896503134,1.786160660079144,1.9202410995790766,1.6961039147163632,1.7340105901113512,1.753992094348891,1.7452341529714586,1.786160660079144
2022-06-14,1.7012623898639014,1.7894030748499865,1.9203320098387915,1.6986265778904628,1.7371583369382941,1.757176113570547,1.7474766250960638,1.7894030748499865
2022-06-15,1.7335737257994164,1.834087781397671,1.9204204415969703,1.7335993231057516,1.7805383956874716,1.8010560532504782,1.7780471744645683,1.834087781397671
2022-06-16,1.680425298854457,1.7600889195776586,1.9204978971940607,1.6758226237936595,1.7087000594616573,1.7283899031532264,1.7278522113863672,1.7600889195776586
2022-06-17,1.695973832002498,1.781491298029916,1.920576755665371,1.6931856574573985,1.7294775582159636,1.7494068270193355,1.7425807657718209,1.781491298029916
2022-06-21,1.7285638166192232,1.8264371878000447,1.9208876591511945,1.7293193626673966,1.7731111744887167,1.7935432460393297,1.7734403338982152,1.8264371878000447
2022-06-22,1.7266648626150414,1.8237732816620926,1.9209683479349813,1.7272219939526365,1.770525045728011,1.7909273165708974,1.7716520562383975,1.8237732816620926
2022-06-23,1.746228827851698,1.8509345060727767,1.9210498175106243,1.7485683563117955,1.7968932509075106,1.8175993701850808,1.7901440900523764,1.8509345060727767
2022-06-24,1.7917264133003667,1.9143542269014475,1.9211332595395294,1.7986696393733952,1.8584613225802726,1.8798769085081863,1.8331031915508589,1.9143542269014475
2022-06-27,1.78179867862202,1.900319086728386,1.921389046770079,1.7880784634403752,1.844835962758101,1.8660945397342947,1.8237687993237488,1.900319086728386
2022-06-28,1.7405549649816705,1.8424218451101047,1.9214797526639613,1.7430051138013227,1.7886291319011909,1.809240021351512,1.7848991459355883,1.8424218451101047
2022-06-29,1.7417875569503998,1.8441113995070069,1.9215687549324378,1.7443369942522622,1.790269356816159,1.8108991470513287,1.7860697117929623,1.8441113995070069
2022-06-30,1.7253846782711268,1.8212389500667396,1.9216523231392175,1.7261221828132332,1.7680647083555594,1.7884386280211728,1.7705862221295094,1.8212389500667396
2022-07-01,1.7340592629393343,1.8332600909520904,1.9217360504426213,1.7357014958310293,1.7797348711053622,1.8002432694228176,1.7787901299666051,1.8332600909520904
2022-07-05,1.756698557391002,1.8646454047687544,1.9220765928883787,1.7617268925416465,1.8102038360469885,1.8310633370368075,1.800201647170826,1.8646454047687544
2022-07-06,1.7652811915089373,1.8766010464347693,1.9221726083761455,1.7716577697585332,1.8218104119411906,1.8428036588531715,1.808308336419614,1.8766010464347693
2022-07-07,1.794016047157902,1.916758373713028,1.9222693008918617,1.8048921383030534,1.860795276140351,1.8822377568884097,1.835422779428175,1.916758373713028
2022-07-08,1.7957479895370416,1.9191625205246083,1.9223654811528856,1.8068126384540883,1.8631292297004287,1.8845986052686328,1.8370618204899865,1.9191625205246083
2022-07-11,1.7666547294839132,1.8781610262890724,1.9226711099897047,1.773717008638953,1.8233248454679047,1.8443355436342805,1.8096762092603913,1.8781610262890724
2022-07-12,1.7536701180202123,1.8599664822744681,1.9227812577387515,1.7587877736998099,1.8056615228403798,1.826468681444804,1.7974355398365267,1.8599664822744681
2022-07-13,1.750949182665684,1.856132947219807,1.922902234987605,1.7553714892257597,1.8019399145153756,1.8227041879535033,1.7948762093109283,1.856132947219807
2022-07-14,1.7557273341898108,1.8627605731961931,1.9230206447496867,1.7614988028714302,1.8083740354134596,1.8292124510827381,1.7993955962869579,1.8627605731961931
2022-07-15,1.7799608955808766,1.896549830410713,1.923137361444567,1.7934512378701835,1.841176756440457,1.8623931673266862,1.8222762609025587,1.896549830410713
2022-07-18,1.768589473276592,1.8804998772950419,1.9234906463549595,1.7782737783478966,1.825595409647089,1.846632272179488,1.811581709695125,1.8804998772950419
2022-07-19,1.8099604394474962,1.9383316196939877,1.9236182053602948,1.8329617218600993,1.8817386536483987,1.9034224709769905,1.8506163436512146,1.9383316196939877
2022-07-20,1.8350145548008923,1.9690666198329614,1.923742067487638,1.8620259326503033,1.911576291952275,1.9336039369942655,1.8794053086352716,1.9690666198329614
2022-07-21,1.8596736336385111,1.9973327875959177,1.9238650107843098,1.8887555195830874,1.9390171797393,1.9613610340470962,1.906384378420621,1.9973327875959177
2022-07-22,1.829026148388171,1.9623086056590775,1.9239877044548184,1.8556352917658128,1.90501558976711,1.926967633945264,1.8729550201654446,1.9623086056590775
2022-07-25,1.8192549507630609,1.951132241972178,1.9243617033461662,1.8450664878421021,1.8941655394747912,1.9159925553935275,1.8622875714195106,1.951132241972178
2022-07-26,1.7856594741642982,1.9127944504608694,1.9244906065741438,1.8088127820123558,1.856947086528266,1.8783452234773428,1.8256954885707253,1.9127944504608694
2022-07-27,1.8566023779968142,1.9936286236701306,1.9246147823848572,1.8852527181952967,1.9354211653278424,1.957723581724238,1.9028488833408403,1.9936286236701306
2022-07-28,1.873674713400727,2.0131225745577677,1.9247351019156338,1.903686955877753,1.9543459563826266,1.9768664486055554,1.9214551785344527,2.0131225745577677
2022-07-29,1.9058028867832297,2.049836107477785,1.9248549134828776,1.9384046996492066,1.9899875737950776,2.012918774656939,1.9564969632936142,2.049836107477785
2022-08-01,1.9047446323550288,2.0486011827554647,1.925209287606667,1.937236906830685,1.988788704849885,2.0117060907990547,1.9553182707823924,2.0486011827554647
2022-08-02,1.8994136481214092,2.042493075431822,1.9253376298820513,1.9314608431254363,1.9828589343530563,2.0057079898462384,1.94948829569971,2.042493075431822
2022-08-03,1.9480456503727468,2.098116151608571,1.9254641784467572,1.9840601860078402,2.0368579979875556,2.060329300268035,2.002578578982291,2.098116151608571
2022-08-04,1.9566167153171887,2.107927812616827,1.9255881594366442,1.9933384740331055,2.046383190471721,2.069964254292915,2.011943466690869,2.107927812616827
2022-08-05,1.941599212185227,2.090708027170722,1.9257137972365148,1.9770547755881835,2.0296661666393474,2.0530545953725836,1.9955077829740249,2.090708027170722
2022-08-08,1.9357231727933968,2.0839504198242875,1.9260984871132298,1.9706645194155425,2.023105859403596,2.046418691824112,1.9890578828067877,2.0839504198242875
2022-08-09,1.915135290226964,2.060362767728168,1.9262323968032597,1.9483591187495999,2.000206889873766,2.0232558508627547,1.9665442928036982,2.060362767728168
2022-08-10,1.965390247613047,2.1178688447539566,1.9263645145875525,2.0027391004264454,2.056033976869433,2.079726249486237,2.0214318346229914,2.1178688447539566
2022-08-11,1.9549117183474487,2.1058479072823304,1.9264943245108368,1.9913716347036075,2.0443640115943373,2.067921807834857,2.009958269700712,2.1058479072823304
2022-08-12,1.990700249617149,2.14685001175904,1.9266246581742172,2.0301448184343576,2.0841689882509815,2.1081854687200035,2.0490933462098466,2.14685001175904
2022-08-15,2.0058474695489377,2.164199575161469,1.9270177207306871,2.0465512399592036,2.101012000946316,2.125222568309307,2.065652898452825,2.164199575161469
2022-08-16,2.0014402132245084,2.159131318798212,1.9271531354601614,2.041758499740742,2.0960917211508256,2.120245590710387,2.0608154247895736,2.159131318798212
2022-08-17,1.9799891261059293,2.1345042225691566,1.927287015521082,2.018470160299862,2.072183655869071,2.0960620258956637,2.0373097216696427,2.1345042225691566
2022-08-18,1.9844733716952223,2.1396373679105753,1.927420750427535,2.023324262058286,2.0771669300960416,2.10110272382907,2.0422091295959612,2.1396373679105753
2022-08-19,1.9481105859917192,2.0979206710191876,1.9275552668859774,1.9838753319642568,2.0366682247942873,2.060137340263517,2.00239199958791,2.0979206710191876
2022-08-22,1.8999232422955594,2.0426883526074815,1.927969373579773,1.9316455048130963,1.9830485100716169,2.005899750100491,1.949674680942795,2.0426883526074815
2022-08-23,1.898454518536323,2.040999001624304,1.9281102585787464,1.9300479888589173,1.9814084826313558,2.0042408241509393,1.9480622544388093,2.040999001624304
2022-08-24,1.9036325555151892,2.046911424944838,1.9282516682315118,1.9356390061646571,1.9871482824602094,2.010046765348973,1.9537054559758165,2.046911424944838
2022-08-25,1.9352826725601306,2.0831052357983872,1.9283939626135291,1.969865280548642,2.022285351996698,2.045588729473674,1.9882511841765576,2.0831052357983872
2022-08-26,1.8607246976632805,1.9977225282923372,1.9285375531575608,1.889124073534708,1.9393955412775938,1.9617437555545418,1.9067563723016117,1.9977225282923372
2022-08-29,1.8435115286736883,1.9780341138839395,1.9289750222302267,1.8705059435882907,1.9202819644030757,1.942409927420031,1.8879644684700934,1.9780341138839395
2022-08-30,1.8264812960979557,1.9560062382283985,1.929124721948298,1.8496755281525281,1.8988972309252532,1.9207787714895186,1.872724647735728,1.9560062382283985
2022-08-31,1.81833533054174,1.9446345973658397,1.9292737652925867,1.8389220625411582,1.8878576049143734,1.9096119326835295,1.8651468270498641,1.9446345973658397
2022-09-01,1.818969418606445,1.9454793745642907,1.9294229743240756,1.83972091669621,1.8886777173718572,1.9104414955334377,1.8657572744946576,1.9454793745642907
2022-09-02,1.7994710312821844,1.9179926881941742,1.9295699845109204,1.8137284376666665,1.8619935526614222,1.8834498414954994,1.8473476888503126,1.9179926881941742
2022-09-06,1.7897816699560047,1.9042177141749337,1.9301632797508053,1.8007022868056122,1.848620762989292,1.8699229533103465,1.8382307706039267,1.9042177141749337
2022-09-07,1.8172943763447458,1.9426852836425657,1.9303161552969137,1.8370787157152821,1.8859652047987776,1.9076977258955035,1.864268634572863,1.9426852836425657
2022-09-08,1.8244899972469912,1.9527575176320917,1.930469916380037,1.846603411680018,1.8957433623823983,1.917588560009652,1.8710791517884777,1.9527575176320917
2022-09-09,1.8548393996274035,1.9954485662645298,1.930624614431341,1.8869737266530984,1.9371879715298903,1.959510747343821,1.8997579147488157,1.9954485662645298
2022-09-12,1.8740715386562494,2.019165996316973,1.9310929443253748,1.9094018503989647,1.9602129299226807,1.98280102897415,1.9217680609585364,2.019165996316973
2022-09-13,1.7773664751002403,1.9084413967534644,1.9312571901726556,1.8046963652249468,1.8527211278020053,1.8740705678096232,1.816384452383657,1.9084413967534644
2022-09-14,1.7887422398795045,1.9235812768650735,1.9314201673741116,1.819013224340371,1.8674189727569956,1.8889377802718974,1.8259722294209253,1.9235812768650735
2022-09-15,1.766031073781305,1.8915466664393423,1.9315814646657141,1.788720051547608,1.8363196685511534,1.857480109812517,1.804731630908377,1.8915466664393423
2022-09-16,1.757858796960505,1.8799799518148488,1.9317414918769653,1.7777821166045031,1.8250906642964193,1.84612171050254,1.797051394830967,1.8799799518148488
2022-09-19,1.7683661993895328,1.8946200444050048,1.9322162592933836,1.7916263572130735,1.839303313896717,1.8604981365640856,1.8069799024271238,1.8946200444050048
2022-09-20,1.7576904479251305,1.8795177958324552,1.9323852178023528,1.7773450839437088,1.8246420017624911,1.8456678779008082,1.7969447438904191,1.8795177958324552
2022-09-21,1.7338071258339467,1.8458631985036504,1.932551472362027,1.745519988567071,1.7919700089914183,1.8126193963321888,1.774467891965566,1.8458631985036504
2022-09-22,1.7176243822001267,1.8231447332529396,1.9327146614807185,1.7240365247671376,1.7699148488838925,1.7903100882525218,1.7592250204013522,1.8231447332529396
2022-09-23,1.6964048488129986,1.793460771829207,1.9328767345916815,1.6959662170395757,1.7410975623902305,1.7611607318537097,1.7392190115300106,1.793460771829207
2022-09-26,1.6911742811837809,1.7860396289129803,1.9333718177028703,1.6889484958407417,1.7338930926607847,1.753873242941308,1.7343149679897176,1.7860396289129803
2022-09-27,1.6917254097811052,1.7867560520511805,1.9335412364116928,1.6896259734073424,1.7345885985782563,1.754576763374098,1.7348475332783302,1.7867560520511805
2022-09-28,1.7173363939324071,1.8222985321584162,1.9337096436528034,1.723236324120613,1.7690933541034608,1.7894791271507595,1.759049798125025,1.8222985321584162
2022-09-29,1.6797468260851531,1.7697657172864751,1.9338774496199114,1.6735592524454201,1.718094326215192,1.7378924227525137,1.7235989467068689,1.7697657172864751
2022-09-30,1.658134898776168,1.739757107558209,1.934043319046267,1.6451819446621243,1.688961870089422,1.7084242649310062,1.7031852410979438,1.739757107558209
2022-10-03,1.687800590472667,1.78057227482197,1.9345363889410847,1.6837783532981254,1.7285853674904854,1.7485043553227586,1.7312855324472718,1.78057227482197
2022-10-04,1.7281664463147752,1.8365543762227177,1.934709245572461,1.7367172043875283,1.782932973982548,1.8034782249620096,1.769434691854327,1.8365543762227177
2022-10-05,1.7275050043435511,1.8355779903444214,1.934880988715149,1.7357697174944722,1.781985095389742,1.8025194236907456,1.768823321740343,1.8355779903444214
2022-10-06,1.7172055302389315,1.8211268691044606,1.9350524904785005,1.7221439759226196,1.7679558997920937,1.7883285656252426,1.7591224536242172,1.8211268691044606
2022-10-07,1.6675133634977684,1.751734514492761,1.935224264090862,1.6567783615584613,1.7005895757772551,1.7201859600257088,1.712248486937973,1.751734514492761
2022-10-10,1.654951417587745,1.7342238474204135,1.93573844415388,1.6406623079803724,1.683590163114108,1.7029906582266465,1.7004037977400588,1.7342238474204135
2022-10-11,1.6377076688838075,1.7103986080939086,1.935912691451626,1.618263906962909,1.6604605431266952,1.6795945089559488,1.6840972895752364,1.7103986080939086
2022-10-12,1.6373184528501967,1.7098123697394816,1.9360968517381443,1.6176967165305538,1.659891421021598,1.6790188286926606,1.6837412947094075,1.7098123697394816
2022-10-13,1.6665400531607255,1.7499121309336658,1.9362835908512521,1.6556361145402752,1.6988203998787244,1.7183963974029473,1.7114318408233486,1.7499121309336658
2022-10-14,1.6285092719271261,1.6973143253767005,1.936472652326911,1.605872000739192,1.6477582788216218,1.6667458727950828,1.6754731411022055,1.6973143253767005
2022-10-17,1.669494861623622,1.7533616208761973,1.9370491629613757,1.658899764197102,1.702169175957225,1.7217837623942174,1.7143510354202025,1.7533616208761973
2022-10-18,1.6795700394107125,1.7672273174166295,1.937248788300692,1.6718072010371057,1.7156300393486035,1.7353997391974918,1.7238940767049153,1.7672273174166295
2022-10-19,1.6749571502794338,1.7607825603786993,1.937451500604287,1.6658301861038474,1.7093734482119638,1.7290710515563543,1.7195474828055675,1.7607825603786993
2022-10-20,1.6685046086735287,1.7517992000571985,1.9376540808368439,1.6573600874159542,1.7006523727340286,1.7202494806099302,1.7134603338861696,1.7517992000571985
2022-10-21,1.698279967428583,1.7928753471296792,1.937856426719153,1.6962116590845042,1.7405292301839608,1.760585850591481,1.741638038759151,1.7928753471296792
2022-10-24,1.712607626182396,1.8125989521124406,1.938467884891261,1.714440160690856,1.759676970182761,1.7799542355218103,1.7552148588627028,1.8125989521124406
2022-10-25,1.7395759768796069,1.8500944073899939,1.9386744044188373,1.748943494944177,1.7960776803682843,1.816774401591265,1.780686842533101,1.8500944073899939
2022-10-26,1.7104071589800007,1.809214351148071,1.938879157361017,1.712136372190396,1.7563911885357406,1.7766305908650264,1.7532007737026911,1.809214351148071
2022-10-27,1.6867843304876284,1.776275770130017,1.939083931928162,1.6827542858266493,1.7244143067327256,1.7442852302286673,1.7309131650034406,1.776275770130017
2022-10-28,1.726056083319285,1.8306307651473288,1.939290772612254,1.7327058654402023,1.7771823130448186,1.79766129749941,1.7680453679931913,1.8306307651473288
2022-10-31,1.7109352769913762,1.809344332518119,1.9399121938005297,1.713697250924734,1.756517374873408,1.7767582312842636,1.75382424618494,1.809344332518119
2022-11-01,1.6976939541450244,1.7908572795674753,1.94012321121967,1.6968980853092774,1.738570083617455,1.7586041282139373,1.7413376369268307,1.7908572795674753
2022-11-02,1.653511757585176,1.7294714925715309,1.9403329741679294,1.638662244807762,1.6789765615383319,1.6983238927890338,1.6996122476284312,1.7294714925715309
2022-11-03,1.629005795577707,1.6956865070452287,1.9405427597954155,1.6081971695062653,1.646177987480178,1.6651473713006477,1.6764261928923814,1.6956865070452287
2022-11-04,1.6489622088354192,1.7229620499691636,1.940751954697414,1.6323971229047618,1.672657173444919,1.6919316845636752,1.695356424810635,1.7229620499691636
2022-11-07,1.6628674162603225,1.7419047496630122,1.9413750717949376,1.650122591122907,1.6910468080441814,1.7105332282272578,1.708567160515555,1.7419047496630122
2022-11-08,1.672120826481462,1.7545985797357642,1.9415882928928632,1.6620381736305208,1.703370019649486,1.7229984437547505,1.7173390777655841,1.7545985797357642
2022-11-09,1.642839383616648,1.71410907784516,1.9418016907245033,1.6236696360835274,1.664062679254065,1.6832381535370176,1.6896549176074604,1.71410907784516
2022-11-10,1.7350118166961923,1.8405909181745754,1.9420131693267497,1.739454121322193,1.7868516620649737,1.807442069217628,1.776984303060663,1.8405909181745754
2022-11-11,1.7629592105519927,1.8745054782434765,1.9422250800681506,1.763862024945996,1.819776027511381,1.8407458316247216,1.8091937581607975,1.8745054782434765
2022-11-14,1.7483860228286454,1.8581015852469227,1.9428617182317676,1.7515618144706264,1.8038510747281207,1.82463737101669,1.7933614113560752,1.8581015852469227
2022-11-15,1.7711406235096436,1.8838145039381338,1.9430771479412627,1.77152397726545,1.828813259994958,1.8498872027451652,1.8181784377879355,1.8838145039381338
2022-11-16,1.7484279004554206,1.8581015852469225,1.9432923458799338,1.751711306210567,1.8038510747281205,1.82463737101669,1.7933614113560752,1.8581015852469225
2022-11-17,1.744811880296328,1.8540003577306283,1.9435069539640601,1.7485925914563725,1.7998695896889219,1.8206100061768513,1.7894030792469422,1.8540003577306283
2022-11-18,1.7448807256675158,1.8540650432950654,1.9437227109215744,1.748676052746407,1.799932386645695,1.8206735267610725,1.7894655110300344,1.8540650432950654
2022-11-21,1.7280427520925346,1.8349923622311681,1.9443644462675749,1.7338347418803155,1.7814165657087653,1.8019443426782527,1.7710573623568553,1.8349923622311681
2022-11-22,1.7514498696120646,1.8614215006468546,1.9445835205557391,1.7545265043563252,1.8070740594183674,1.827897495089253,1.7965656539090538,1.8614215006468546
2022-11-23,1.767985771569386,1.8801040341868824,1.9448027217901045,1.7692531877763091,1.8252111238675885,1.846243558164097,1.8145972486200603,1.8801040341868824
2022-11-25,1.7570764231495364,1.8677354626598381,1.9452386408161475,1.759340840006114,1.8132036743185125,1.8340977433100942,1.8026596241832074,1.8677354626598381
2022-11-28,1.7328770330983376,1.8403299383658551,1.945893930717683,1.7369846518458254,1.7865983020161045,1.8071857896278298,1.7762089660937685,1.8403299383658551
2022-11-29,1.7205589006167934,1.8263995562609858,1.9461159909385504,1.7252149037528364,1.7730746416679526,1.7935062922403342,1.762763947850055,1.8263995562609858
2022-11-30,1.794297728055197,1.909657403999393,1.9463380765003373,1.7957947207171687,1.8539016315994628,1.8752646748928774,1.8431209167650657,1.909657403999393
2022-12-01,1.7963796867264838,1.9120009335210293,1.9465571172395766,1.7975204147208228,1.856176737696904,1.8775659976941763,1.8453827927808044,1.9120009335210293
2022-12-02,1.7896653639600524,1.9043845134291433,1.9467769504411971,1.7910945839432308,1.8487826922488972,1.8700867485275219,1.8380317448112444,1.9043845134291433
2022-12-05,1.7614667212039354,1.8724223182893858,1.9474289171702939,1.7637170599038023,1.817753689038688,1.8387001891624268,1.8071831798883224,1.8724223182893858
2022-12-06,1.72717050079941,1.8336252185878288,1.947649463238865,1.7310522654863805,1.7800893382041305,1.8006018211482184,1.7697378528783567,1.8336252185878288
2022-12-07,1.720553804603362,1.8261391866934404,1.9478681393629977,1.7248897155917242,1.7728218740432047,1.7932506119013307,1.762512650106791,1.8261391866934404
2022-12-08,1.7397060673964508,1.8477512846958066,1.9480851492051912,1.74264945362698,1.7938029692202573,1.8144734782904965,1.7833717370822422,1.8477512846958066
2022-12-09,1.7292896265445805,1.83596854469574,1.9483033618602894,1.7326659078787656,1.7823642468268648,1.8029029441992521,1.7719995325677333,1.83596854469574
2022-12-12,1.7469848267262331,1.8590126753196077,1.9489573776738045,1.7542331959814972,1.8047355639400329,1.8255320524529388,1.7872152398919923,1.8590126753196077
2022-12-13,1.7612006622665712,1.878997056697364,1.9491795313812774,1.7730911982315287,1.824136466512995,1.8451565172228013,1.800725146500947,1.878997056697364
2022-12-14,1.7495231979161565,1.8650668780062192,1.9494002757066775,1.759946165811694,1.81061300363955,1.8314772195855704,1.7868350288201196,1.8650668780062192
2022-12-15,1.7030004754439947,1.8024445389781572,1.9496206862606469,1.7008534079238826,1.7498190328175796,1.769982702300664,1.7443626738450986,1.8024445389781572
2022-12-16,1.690212854332522,1.7852589270377923,1.9498385581022322,1.6846364281478514,1.733135184735954,1.7531066014248267,1.7327788774024773,1.7852589270377923
2022-12-19,1.6715665859263475,1.760169674826343,1.950492319722101,1.660961280755911,1.708778456920271,1.7284692040083713,1.7159069681987846,1.760169674826343
2022-12-20,1.6705784666190104,1.7587994799771336,1.9507137255095546,1.6596683141606012,1.7074482672950333,1.727123686224364,1.7150303842608436,1.7587994799771336
2022-12-21,1.6897627749419075,1.7843130532181928,1.9509338742439424,1.6837438665878468,1.732216927349173,1.7521777626932895,1.732503503095668,1.7843130532181928
2022-12-22,1.657143925926155,1.7406594508407343,1.9511542017318575,1.6425507109782171,1.6898378678889399,1.7093103571058663,1.7028919514349106,1.7406594508407343
2022-12-23,1.6601274724645378,1.7445743513852536,1.9513737844774643,1.6462449560930232,1.6936384660966781,1.7131547507031057,1.7056304150498036,1.7445743513852536
2022-12-27,1.6417421026130858,1.7199090133759645,1.952252773341681,1.622969829838943,1.6696932755700387,1.688933632838591,1.6889805879435436,1.7199090133759645
2022-12-28,1.6246585988438196,1.6972015324663845,1.9524799188182764,1.6015422100397112,1.647648779096682,1.6666351112732258,1.6734301429854384,1.6972015324663845
2022-12-29,1.655983341522057,1.7385716123709771,1.9527048854782434,1.6405805492896395,1.68781098749799,1.70726012038748,1.7020414360961396,1.7385716123709771
2022-12-30,1.6552372641888757,1.7375272863086493,1.9529280822129342,1.6395950845479055,1.6867971523531016,1.7062346025277573,1.7013841315995497,1.7375272863086493
2023-01-03,1.646556684359043,1.7257819744339176,1.9538200974064168,1.62851177335732,1.6753947653057666,1.6947008224852447,1.693566573427473,1.7257819744339176
2023-01-04,1.6527942028563711,1.734003346942898,1.9540506055169922,1.6362697648779017,1.6822458087624927,1.7027741289395533,1.6992740467312284,1.734003346942898
2023-01-05,1.6323961562545288,1.7068588024576345,1.954286164442427,1.6106551675929965,1.6581722740650486,1.676118454847087,1.6807148824684843,1.7068588024576345
2023-01-06,1.6680319644902402,1.7539704381540595,1.9545214955342674,1.655111451486514,1.7037954394160455,1.722381614936904,1.71324861837175,1.7539704381540595
2023-01-09,1.6766883821262597,1.7653243820225741,1.9552261208068153,1.6658254533348524,1.7131557428791209,1.7335310754698514,1.7211971495956295,1.7653243820225741
2023-01-10,1.6879432190279051,1.7802667474075529,1.9554652553100793,1.6799256225982535,1.7258924823395039,1.7482043304249593,1.7314585022496196,1.7802667474075529
2023-01-11,1.7110560971036668,1.8110660262835145,1.9557039066070248,1.7089889625817825,1.7524394825191763,1.7784489175259257,1.7524903107047995,1.8110660262835145
2023-01-12,1.7191745454050584,1.8208540912997115,1.9559384852366224,1.7182253431636878,1.7617160141933688,1.7880607005200837,1.7614360510408094,1.8208540912997115
2023-01-13,1.7297832467985093,1.8333827494280517,1.9561737588386368,1.7300478488849353,1.7734788942040254,1.800363718832521,1.7735558744818363,1.8333827494280517
2023-01-17,1.7330110068144826,1.837101559142013,1.9571161626132123,1.7335570554311726,1.7770126419687926,1.804015553174448,1.7771533321410915,1.837101559142013
2023-01-18,1.7115848166914867,1.8132193639726075,1.957353733011148,1.7110209317590317,1.7538804350169315,1.780563473829593,1.7540504598404578,1.8132193639726075
2023-01-19,1.6956634382765678,1.7954058138642635,1.957591075693436,1.6942114062763909,1.737703617230978,1.7630707438861741,1.7368182008100475,1.7954058138642635
2023-01-20,1.7396427727569255,1.844540195638559,1.957829114235898,1.7405764282672598,1.7821620361400816,1.8113202206096264,1.784349231339281,1.844540195638559
2023-01-23,1.7762951430650007,1.8855187041232098,1.9585429415358981,1.7792452662262184,1.817615440681497,1.8515607104640508,1.823990530720509,1.8855187041232098
2023-01-24,1.7728698139734584,1.8816684891431277,1.9587828922621895,1.7756120608051935,1.8143480232801783,1.8477798374510328,1.8202659558066931,1.8816684891431277
2023-01-25,1.7691529135890298,1.8774922019624394,1.9590214351066202,1.77167116158187,1.8101032543417044,1.8436787647634654,1.8162259490677055,1.8774922019624394
2023-01-26,1.801847641160182,1.9140989426770183,1.9592599043180614,1.8062146375951047,1.8453960669717875,1.8796262219258049,1.851638140035592,1.9140989426770183
2023-01-27,1.818853875436922,1.9331527062645235,1.959498659293166,1.8241944744393257,1.863765932604865,1.8983368292339942,1.870070141946895,1.9331527062645235
2023-01-30,1.7840440474117523,1.894066352246521,1.960213095311686,1.7873111434978213,1.8260825075901637,1.8599544163431736,1.8322592523209666,1.894066352246521
2023-01-31,1.809388006886721,1.9224513136246704,1.9604530965789366,1.814096244093029,1.8534486457351036,1.887828167550675,1.8597179567376312,1.9224513136246704
2023-02-01,1.8460592418566308,1.9635600068930943,1.9606905581081617,1.85288792923444,1.8930818220482364,1.9281964975746013,1.899485192717805,1.9635600068930943
2023-02-02,1.9088473661453178,2.0340318781414854,1.9609275343809116,1.9193877963779535,1.961024241917107,1.9973991778296765,1.9676574285901576,2.0340318781414854
2023-02-03,1.8767159091373433,1.9978824114799087,1.9611652075842947,1.8852758210930827,1.9280837383095042,1.9619007592627125,1.9326875899260678,1.9978824114799087
2023-02-06,1.8625519593328306,1.9809823924089458,1.9618799427382045,1.869328337323556,1.9144069441200828,1.94530510775872,1.916339051623571,1.9809823924089458
2023-02-07,1.8969279301158393,2.0220253830443093,1.962120148088111,1.9080580230275734,1.9500968963601764,1.985608918447101,1.9560427289764646,2.0220253830443093
2023-02-08,1.8669290373100949,1.9860720072132905,1.962361153991241,1.8741310863112712,1.9174055639641678,1.950303059135449,1.9212625823145364,1.9860720072132905
2023-02-09,1.8522664543070888,1.9685188266724922,1.96260362885283,1.857567255193535,1.9034678785500063,1.933066009531034,1.9042821964820171,1.9685188266724922
2023-02-10,1.8414702642238447,1.9555992073653843,1.9628472644889767,1.8453758240274856,1.891943150836715,1.9203790712095614,1.891784169692282,1.9555992073653843
2023-02-13,1.867799411021135,1.986920039031336,1.9635798951785333,1.8749313205357139,1.9190560390548719,1.9511358179895948,1.9220829411911053,1.986920039031336
2023-02-14,1.8801103901370242,2.0016014246075953,1.9638249373363492,1.8887852195880428,1.9319393266851508,1.9655527933549044,1.936285244361259,2.0016014246075953
2023-02-15,1.8929575083434613,2.0169355648262406,1.964069135975395,1.903255082091136,1.9450303656215753,1.980610767320107,1.9511190015095634,2.0169355648262406
2023-02-16,1.8613649214534376,1.9790894242873993,1.9643144962902164,1.8675420625112118,1.9132588872183698,1.9434462317940566,1.9145078547645278,1.9790894242873993
2023-02-17,1.8497000369927223,1.9651258857454128,1.9645606585635793,1.8543655505008736,1.9015716748022409,1.929734175113391,1.9009999738719976,1.9651258857454128
2023-02-21,1.8108201478373676,1.9186015054720382,1.9655472623709136,1.8104634225694494,1.8626333077938235,1.8840476940381865,1.855993775375687,1.9186015054720382
2023-02-22,1.812050850433432,1.9200365892994093,1.9657943508363327,1.811817620807263,1.8638031551545138,1.88545693215668,1.8573820296031265,1.9200365892994093
2023-02-23,1.8261645728306923,1.9368068304140487,1.9660412131079865,1.8276426412917823,1.879565482598054,1.9019251429917003,1.8736050248585494,1.9368068304140487
2023-02-24,1.7989701045660815,1.9043759700527088,1.9662887752876266,1.797039680604426,1.8491122605979085,1.8700783590163985,1.842232447077779,1.9043759700527088
2023-02-27,1.8105116996887123,1.9180132329803645,1.9670257801562314,1.8099083068637434,1.8618863015679428,1.88347001627225,1.8554246993692016,1.9180132329803645
2023-02-28,1.8084537315516427,1.9155342299181148,1.9672738266367034,1.8075690277816412,1.8595936961342123,1.8810356597945634,1.8530265910389672,1.9155342299181148
2023-03-01,1.7955370788822642,1.9001347938938586,1.9675226765344063,1.7930375497385993,1.8459287696769782,1.865913565994345,1.8381296688152542,1.9001347938938586
2023-03-02,1.8087901165071374,1.91586070894617,1.9677714549584893,1.8078771054813847,1.8603097612148158,1.8813562589696424,1.8533424164160104,1.91586070894617
2023-03-03,1.8421021077748374,1.9554682089267132,1.9680200073934642,1.8452522090501433,1.8962440487808454,1.9202504320390004,1.8916574459895927,1.9554682089267132
2023-03-06,1.8440144180036713,1.9576866390076924,1.9687673983052583,1.8473456018186183,1.8982709619438154,1.9224289084274182,1.8938034843459999,1.9576866390076924
2023-03-07,1.8226515378223336,1.933674259054514,1.9690226150042127,1.824686630964025,1.8749873563431843,1.8988489889130613,1.8705746754464205,1.933674259054514
2023-03-08,1.8312680578376865,1.943332139286938,1.9692798199046122,1.833800164363478,1.8843521204652065,1.9083329317377171,1.8799174001047612,1.943332139286938
2023-03-09,1.8012941653922085,1.9096610654464372,1.969535257440294,1.8020268923145417,1.851702961782034,1.875268270397645,1.8473450794430981,1.9096610654464372
2023-03-10,1.7774000082136518,1.8828432034029536,1.9697884113904829,1.7767205646781028,1.8257320142014568,1.8489333952305227,1.8214023368362413,1.8828432034029536
2023-03-13,1.7881426295146965,1.8968067419449401,1.9824269644237218,1.789897076688441,1.8377951700226298,1.8626454519111884,1.8305159418206578,1.8968067419449401
2023-03-14,1.8243092359629207,1.9403950485167873,2.027982809608558,1.8310286167581218,1.8774992285927024,1.9054487376635956,1.8720317419395893,1.9403950485167873
2023-03-15,1.8327776155530242,1.9505744815392014,2.038621733469345,1.8406343066822741,1.887071633963607,1.9154448401673185,1.8818525368068375,1.9505744815392014
2023-03-16,1.8754211575567143,2.001992996027537,2.092361235411313,1.8891547208790123,1.933136560750085,1.9659373126147344,1.9314594925239852,2.001992996027537
2023-03-17,1.8676283610945001,1.99253161345312,2.082472774177239,1.8802266099455731,1.924418454749142,1.9566463285459204,1.9223314500073434,1.99253161345312
2023-03-20,1.8737950940481403,1.999602884762957,2.0898632365830205,1.8868993233886782,1.931152939280029,1.9635902470027857,1.929153588807378,1.999602884762957
2023-03-21,1.8989933740877498,2.0281619682894023,2.1197114525399092,1.9138487320904158,1.958734394835779,1.9916349844369958,1.9567064888846466,2.0281619682894023
2023-03-22,1.8747070251881037,2.0005833389157464,2.090887947591733,1.8878245162315217,1.932099830752039,1.9645530432793468,1.9300994999489989,2.0005833389157464
2023-03-23,1.895640200619274,2.024306261138755,2.1156817020896725,1.9102103440538813,1.9550106753644207,1.987848718166827,1.9529866246337289,2.024306261138755
2023-03-24,1.902219110774958,2.0317564922176055,2.1234682301820165,1.917240657967156,1.9622058718486184,1.9951647713671017,1.9601743718272988,2.0317564922176055
2023-03-27,1.8899957877788862,2.017836077385244,2.108919459814751,1.9041048390860051,1.9487619774512068,1.9814950617425837,1.9467443960875301,2.017836077385244
2023-03-28,1.8805623560111298,2.00711800481997,2.0977175826861076,1.8939908689444567,1.938410803477831,1.9709700205375469,1.936403938833765,2.00711800481997
2023-03-29,1.9128447441942358,2.0437155919169396,2.1359671533405673,1.928525707265175,1.9737555904009847,2.0069084889379685,1.9717121327895761,2.0437155919169396
2023-03-30,1.9298979491578476,2.063060847371861,2.1561856369632992,1.946780606628855,1.9924386235259959,2.025905338375683,1.9903758231011057,2.063060847371861
2023-03-31,1.960115360147513,2.0973708437214715,2.1920443569945265,1.9791567896154203,2.0255741279814683,2.059597415297638,2.0234770218912175,2.0973708437214715
2023-04-03,1.955674499705135,2.092273092368141,2.1867164975361573,1.9743463626788023,2.0206508816785553,2.0545914739103153,2.018558872696163,2.092273092368141
2023-04-04,1.9494807401961964,2.0852150429504057,2.1793398538472983,1.967686125902665,2.0138344417831613,2.047660539220665,2.011749489959241,2.0852150429504057
2023-04-05,1.9313838660421432,2.064629167188874,2.1578247493859486,1.9482605312799595,1.9939532569801857,2.027445412917651,1.991888888433449,2.064629167188874
2023-04-06,1.943651908435642,2.0785487683663373,2.1723726693706342,1.9613955823662201,2.007396365575546,2.0411143235411098,2.0053180791847183,2.0785487683663373
2023-04-10,1.9426760926407518,2.077372426796715,2.1711432287558243,1.9602855429035306,2.006260292259647,2.0399591677595015,2.004183182061898,2.077372426796715
2023-04-11,1.930958483809072,2.0640404878697516,2.1572094975894314,1.9477050316768083,1.993384729195954,2.026867335651185,1.9913209492542265,2.0640404878697516
2023-04-12,1.9149212218497913,2.0458072952474646,2.1381532743577014,1.9304995159794818,1.9757756910247763,2.0089625209113873,1.9737301419740747,2.0458072952474646
2023-04-13,1.9502238807319876,2.0858688146614153,2.180023136250203,1.9683030490970423,2.01446583373151,2.0483025365718825,2.012380228218405,2.0858688146614153
2023-04-14,1.9467885087720778,2.0819472014639824,2.1759245048109985,1.9646024696743911,2.0106784642939832,2.044451551215903,2.008596779899046,2.0819472014639824
2023-04-17,1.9483868134373832,2.083712018939003,2.1777689846266806,1.966267816791509,2.0123828689436007,2.0461845845137128,2.0102994199539634,2.083712018939003
2023-04-18,1.948517169364886,2.0838426105502252,2.1779054710307455,1.9663910478714066,2.01250899017286,2.0463128241837443,2.0104254106080965,2.0838426105502252
2023-04-19,1.9476699480719015,2.082862359811161,2.176880972617678,1.9654660469772858,2.0115622951513634,2.045350227657448,2.0094796957136007,2.082862359811161
2023-04-20,1.933710570270977,2.0669816469143942,2.160283418019923,1.9504804182566158,1.9962252071614708,2.0297555247306023,1.9941584864319646,2.0669816469143942
2023-04-21,1.9356244510674068,2.069138442636806,2.162537569643445,1.9525156505621486,1.9983081719493794,2.0318734767887716,1.9962392946964056,2.069138442636806
2023-04-24,1.9318718814763782,2.064825054605707,2.1580294789920456,1.9484453778998052,1.9941424388240745,2.0276377724226977,1.9920778744146481,2.064825054605707
2023-04-25,1.8975925453520082,2.025874377542043,2.1173206019166764,1.9116900767562628,1.9565251123680973,1.98938859295853,1.954499493718947,2.025874377542043
2023-04-26,1.9084374493819987,2.038160769924331,2.13016159146797,1.9232839715489156,1.9677907989471373,2.001453708705535,1.966353016305056,2.038160769924331
2023-04-27,1.9572858656308723,2.0935804323764353,2.188082849746322,1.9755800171188342,2.0165334260458696,2.055875268862485,2.019820152967366,2.0935804323764353
2023-04-28,1.9700076423503772,2.1080232136536856,2.203177565729847,1.9892087603195747,2.0302675235459193,2.0700579371671295,2.0337540913236665,2.1080232136536856
2023-05-01,1.967926526759707,2.1056052347088294,2.200650441298195,1.986927065854247,2.027938733192681,2.067683505768897,2.0314213017509597,2.1056052347088294
2023-05-02,1.9517904971495783,2.087241043647871,2.1814573064711102,1.969597935179578,2.010251916242201,2.0496500518585385,2.013704111322425,2.087241043647871
2023-05-03,1.939786637510172,2.073582218865403,2.1671819341032648,1.956708962355667,1.9970969053362324,2.036237221074613,2.000526509385172,2.073582218865403
2023-05-04,1.9333587387606481,2.0662629862252238,2.159532317606276,1.9498022634197352,1.9900476469455348,2.0290498070449,1.9934651453399848,2.0662629862252238
2023-05-05,1.9720442988773768,2.1101802127898224,2.205431929949015,1.991244184573831,2.029940923175227,2.0721760889755645,2.035835095835233,2.1101802127898224
2023-05-08,1.9766893827806307,2.1154081489269254,2.210895850620159,1.996177458692901,2.0348592007862516,2.077309870532389,2.0408788431901703,2.1154081489269254
2023-05-09,1.9649242290647426,2.1020105073669013,2.1968934510604434,1.983534948028785,2.0219717047202654,2.0641535190885265,2.027953222561183,2.1020105073669013
2023-05-10,1.985061937824051,2.12488478753069,2.220800256527605,2.005119965780534,2.043974994948801,2.0866158358710662,2.0500216042411736,2.12488478753069
2023-05-11,1.991167569115336,2.131812041923479,2.2280402012167544,2.0116567795280513,2.0506384784682834,2.09341833114042,2.0567048000768375,2.131812041923479
2023-05-12,1.9844621279099894,2.1241653131866207,2.220048305731378,2.0044410431487627,2.0432829162170907,2.0859093191843034,2.0493274781606936,2.1241653131866207
2023-05-15,1.9946217082519253,2.135667952487851,2.2320701642626357,2.0152953595133085,2.054347566519826,2.097204797160854,2.06042486057488,2.135667952487851
2023-05-16,1.996762590856771,2.1380857280189822,2.234597076098643,2.0175768620299137,2.056673279781096,2.0995790288088214,2.062757453900462,2.1380857280189822
2023-05-17,2.019522804923736,2.163965242550678,2.2616447696244593,2.0419977302090837,2.081567373284241,2.1249924560042057,2.0877251906025083,2.163965242550678
2023-05-18,2.054837318055824,2.204157353575851,2.303651117921026,2.079924494406542,2.120229078809051,2.164460711334733,2.1265012675009713,2.204157353575851
2023-05-19,2.0504960889454136,2.199190193833743,2.298459744866722,2.0752372985498213,2.115451054904713,2.1595830096174415,2.12170910896005,2.199190193833743
2023-05-22,2.0570253681344415,2.2065753325207074,2.306178242352678,2.0822061888718695,2.1225549877386083,2.1668351427329653,2.128834057073678,2.2065753325207074
2023-05-23,2.032503516441467,2.1786039112447617,2.276944215214082,2.05581132002967,2.095648641570235,2.1393674838138974,2.1018481149400077,2.1786039112447617
2023-05-24,2.0227093272434398,2.1674291748676593,2.265265060862501,2.045266425005926,2.0848994085464128,2.1283940032642796,2.091067082891027,2.1674291748676593
2023-05-25,2.06904249650381,2.2201686580838396,2.320385158922846,2.095033354207109,2.1356307166968493,2.1801836539316097,2.14194846743674,2.2201686580838396
2023-05-26,2.1188078970138617,2.276895050303064,2.379672131624428,2.148562478370892,2.190197123275765,2.235888409789935,2.196676295628879,2.276895050303064
2023-05-30,2.1279189036259076,2.287220737793498,2.3904639117539417,2.1583061794265803,2.200129636868951,2.2460281327340827,2.206638192178871,2.287220737793498
2023-05-31,2.116550269993402,2.2742154813083144,2.376871609193356,2.1460339378483244,2.1876195849289104,2.23325709955111,2.1940911322536567,2.2742154813083144
2023-06-01,2.139577004686687,2.300487584328575,2.4043296123139473,2.1708252670620767,2.2128913182262884,2.2590560447576484,2.219437625906601,2.300487584328575
2023-06-02,2.1546951934905234,2.3177409330392464,2.4223617623238995,2.1871061657627275,2.2294877066755303,2.2759986624716797,2.2360831107865065,2.3177409330392464
2023-06-05,2.156176553578937,2.319374345248147,2.424068905352937,2.188647514005058,2.2310589230214837,2.2776026570983987,2.237658975198792,2.319374345248147
2023-06-06,2.155851507568667,2.318982773828205,2.423659658736387,2.1882780127140884,2.2306822615686865,2.277218137838569,2.237281199483518,2.318982773828205
2023-06-07,2.1214496368414584,2.2796397116897005,2.3825406846618877,2.151152442484686,2.192837275474513,2.2385836401135117,2.1993242580840433,2.2796397116897005
2023-06-08,2.146248909319483,2.3079380188211505,2.412116353001936,2.1778557729240737,2.220058060580364,2.266372297708188,2.2266255693472954,2.3079380188211505
2023-06-09,2.1539868778457048,2.316760478886457,2.4213370513151875,2.186180972919884,2.2285445855313837,2.2750358661951187,2.2351371996448854,2.316760478886457
2023-06-12,2.1882890563885344,2.355906636539505,2.462250232805365,2.2231207367858277,2.2662001647235797,2.3134770056638043,2.272904173827537,2.355906636539505
2023-06-13,2.204130435690641,2.3740096443780194,2.4811703948243196,2.240203405300702,2.2836138596083195,2.3312539802341004,2.2903693829478056,2.3740096443780194
2023-06-14,2.2192221750220815,2.3912625862612416,2.499202119642982,2.2564839201039075,2.300209856720987,2.3481961984476016,2.307014475333461,2.3912625862612416
2023-06-15,2.2441249967156893,2.4197565773958005,2.528982304993483,2.283371905214419,2.327618874719094,2.3761770157970608,2.334504576330788,2.4197565773958005
2023-06-16,2.230853448598016,2.404529432796319,2.5130678202029877,2.2690030077394034,2.3132486604834273,2.3612241104711673,2.3198139090611907,2.404529432796319
2023-06-20,2.22791934435313,2.4010870623341503,2.5094700641033114,2.2657546595071545,2.309886232321708,2.357843736739167,2.316492818967902,2.4010870623341503
2023-06-21,2.199365670996667,2.3683657271740173,2.47527171605923,2.234877596043952,2.2784077562700737,2.325711709385664,2.2849243102226158,2.3683657271740173
2023-06-22,2.223803704463624,2.3963096875971357,2.504477042785756,2.2612465518086027,2.305290317286065,2.353152402018978,2.3118837589944357,2.3963096875971357
2023-06-23,2.2030758856267956,2.372554219178184,2.4796492729846227,2.23883001219063,2.2824371561891295,2.3298247670891223,2.288965234769735,2.372554219178184
2023-06-26,2.175337085638601,2.3407488560201277,2.4464082431298007,2.2088172938252124,2.2518398606452656,2.2985922151782243,2.258280426827502,2.3407488560201277
2023-06-27,2.210552734182253,2.3809956853372305,2.488471779654862,2.246795692229045,2.2905579889432888,2.338114203329995,2.297109294202541,2.3809956853372305
2023-06-28,2.2146307413301645,2.3856426718767474,2.4933285271639973,2.251180760796422,2.2950284683348103,2.3426774981304175,2.301592559768999,2.3856426718767474
2023-06-29,2.210475306097939,2.380865297139733,2.488335505846442,2.24667265309787,2.2904325532991665,2.337986163410228,2.2969834997955325,2.380865297139733
2023-06-30,2.24257035456428,2.4175792368871996,2.526706681209819,2.2813172860879045,2.3257519822725254,2.3740388889621413,2.332403947106739,2.4175792368871996
2023-07-03,2.247594585848417,2.4232723802125666,2.5326568081209895,2.286689546935519,2.331228882128508,2.3796294993746705,2.3378965116361345,2.4232723802125666
2023-07-05,2.247573642844772,2.423206270752057,2.5325877145363775,2.2866271636006803,2.331165283713002,2.3795645805385957,2.337832731320569,2.423206270752057
2023-07-06,2.2314841731358865,2.4047517639973557,2.5133001872429293,2.2692128076931843,2.3134117371025207,2.361442437510644,2.320028407168615,2.4047517639973557
2023-07-07,2.2245306741578608,2.3967679787187612,2.504956020773853,2.2616790122805783,2.3064712635255415,2.3536024393656767,2.3123259037666486,2.3967679787187612
2023-07-10,2.22527119477473,2.3975529522821666,2.5057764273677576,2.2624197424010206,2.3070611627946875,2.35437327563772,2.3130832214213197,2.3975529522821666
2023-07-11,2.2356355045780942,2.4093981402956994,2.5181562969651305,2.273597300414394,2.3183359553271115,2.3660051330602725,2.3245110839936993,2.4093981402956994
2023-07-12,2.2622258648618803,2.439829240330053,2.5499610306425953,2.30231321321005,2.347616924789942,2.3958881721818663,2.3538700463606643,2.439829240330053
2023-07-13,2.298389464016601,2.481253835112851,2.593255495951981,2.34140299471763,2.3874758945109154,2.4365667143670997,2.3938351845883976,2.481253835112851
2023-07-14,2.2979524578560167,2.480730858426788,2.592708912548786,2.3409094945518722,2.386972683507794,2.4360531564361785,2.3933306332304913,2.480730858426788
2023-07-17,2.318203754667344,2.503897240699168,2.6169210053621117,2.3627701506692484,2.409263502147805,2.4588023145990383,2.4156808257817204,2.503897240699168
2023-07-18,2.3360694410008316,2.524380799357204,2.6383291742140464,2.382099195084496,2.4289728933587353,2.4789169665188355,2.43544271500373,2.524380799357204
2023-07-19,2.3355758996711256,2.5237919166243565,2.637713709821884,2.381543503532622,2.428406267200028,2.4783386895021042,2.434874579577383,2.5237919166243565
2023-07-20,2.28492879883298,2.4656129469974415,2.576908591619635,2.3266436735408837,2.372426147155025,2.4212075170025087,2.378745350666922,2.4656129469974415
2023-07-21,2.278499366549208,2.4582188581065925,2.5691807399253004,2.3196663374750415,2.3653115147304993,2.413946594875332,2.3716117676798016,2.4582188581065925
2023-07-24,2.281980757269916,2.4621453532334168,2.573284473659984,2.3233715236670345,2.3690896096325798,2.4178023742376675,2.375399925930156,2.4621453532334168
2023-07-25,2.296554316923691,2.4788328049621255,2.5907251825856545,2.3391184210214635,2.3851463661720795,2.4341892867148953,2.391499451308819,2.4788328049621255
2023-07-26,2.289384079154725,2.470586819392463,2.582106980330223,2.3313372037054494,2.3772120341438696,2.4260918104785403,2.3835439853629623,2.470586819392463
2023-07-27,2.284267467947029,2.4646975852365385,2.57595191121731,2.325779904289266,2.371545381105221,2.420308640810699,2.3778622386052426,2.4646975852365385
2023-07-28,2.323440470696009,2.509590790851984,2.622871557464572,2.368142795414308,2.4147418669775838,2.464393324512098,2.4211737828053654,2.509590790851984
2023-07-31,2.3246384986572033,2.5108997581700754,2.6242396104398966,2.369377985444121,2.4160013624288035,2.465678717466387,2.422436633053567,2.5108997581700754
2023-08-01,2.31958297000425,2.5050750061648634,2.6181519341464363,2.363881533772996,2.410396754465219,2.459958868632502,2.4168170966344147,2.5050750061648634
2023-08-02,2.2717019812248194,2.450103870975602,2.5606994492652237,2.31200873513637,2.3575032301103063,2.4059777578095387,2.363782684882328,2.450103870975602
2023-08-03,2.2682944445122666,2.4461769690213284,2.5565952903392506,2.3083031650469317,2.3537247437566484,2.4021215789466734,2.3599941341377235,2.4461769690213284
2023-08-04,2.258319793578944,2.43472477632381,2.5446261555279426,2.297496451965586,2.3427053818446595,2.390875639035805,2.3489454210104914,2.43472477632381
2023-08-07,2.2763695220390985,2.4553391300067924,2.5661710233795874,2.3169489194094535,2.359827532707933,2.4111187303758985,2.3688334971337586,2.4553391300067924
2023-08-08,2.2581748547268408,2.4344629828601914,2.544352544932878,2.2972494139596233,2.3394613238820203,2.3906185604449472,2.348692850960851,2.4344629828601914
2023-08-09,2.2348294100924937,2.4076969913164925,2.516378359586321,2.271992033247443,2.313739839327645,2.364334621595361,2.3228698692888496,2.4076969913164925
2023-08-10,2.2387350256386696,2.4121470733705532,2.521029314511135,2.2761912954513615,2.318016262886711,2.368704558139412,2.327163167638485,2.4121470733705532
2023-08-11,2.225321505085066,2.3967679787187612,2.5049560207738533,2.2616790122805774,2.303237316816265,2.353602439365678,2.3123259037666486,2.3967679787187612
2023-08-14,2.2488777554182486,2.4236649687011314,2.5330671177157646,2.2870600079701005,2.3290846877706053,2.3800150173858254,2.338275268587032,2.4236649687011314
2023-08-15,2.226439138643981,2.3979461510119053,2.5061873747494676,2.26279077928177,2.304369512512846,2.3547593928996697,2.313462567113592,2.3979461510119053
2023-08-16,2.2042715802987547,2.372554219178184,2.4796492729846227,2.238830012190628,2.2799684668276705,2.329824767089123,2.2889652347697336,2.372554219178184
2023-08-17,2.1816318564140333,2.3466387004172264,2.4525639500296483,2.2143751690875613,2.256541833321333,2.3043759840968603,2.263962762326595,2.3466387004172264
2023-08-18,2.1790739705552236,2.3436942867529886,2.4494866280688368,2.211596711328192,2.2538396531822764,2.3014845990132042,2.26112208519486,2.3436942867529886
2023-08-21,2.2121664127159946,2.38145417987258,2.488950970238604,2.2472283446497414,2.2875254403342344,2.338564440426959,2.2975516352218786,2.38145417987258
2023-08-22,2.209209997151434,2.3780510682592677,2.4853942450984055,2.2440170425209507,2.2841996031985254,2.335222618496074,2.2942684208236797,2.3780510682592677
2023-08-23,2.2420113473854735,2.4155499815701402,2.524585827055688,2.279402405631428,2.32017596171071,2.372046180320031,2.3304461857895578,2.4155499815701402
2023-08-24,2.1969301686836364,2.3639154417062316,2.4706205485387716,2.2306781418913086,2.2705801267661725,2.321341573091348,2.280630815625854,2.3639154417062316
2023-08-25,2.212973850291451,2.3822389500222605,2.489771164236864,2.2479688828214615,2.288180161480181,2.3393350769487373,2.2983087566294245,2.3822389500222605
2023-08-28,2.2287053348482906,2.4001708869183482,2.508512533318407,2.2648901224606446,2.3054040853280213,2.3569440615462973,2.315608921917722,2.4001708869183482
2023-08-29,2.2745292350305544,2.4525901969319377,2.5632980058335835,2.314354924372484,2.3557537050630413,2.408419305296759,2.366181413488972,2.4525901969319377
2023-08-30,2.2864850585600944,2.4662677357770733,2.577592937000765,2.3272615564788723,2.368891208772743,2.42185051310505,2.3793770701617083,2.4662677357770733
2023-08-31,2.292955998300371,2.4736628417365454,2.5853218516733247,2.334239852288327,2.375994331130956,2.4291124339835513,2.3865116343844526,2.4736628417365454
2023-09-01,2.2906915502103944,2.4710451105140874,2.58258595831832,2.3317696641774237,2.3734799567222677,2.4265418478252387,2.3839861301351744,2.4710451105140874
2023-09-05,2.293508245119673,2.4741866320775068,2.5858692854590997,2.334734120248975,2.3764974404714154,2.4296267909155316,2.3870169707308584,2.4741866320775068
2023-09-06,2.2745170823754512,2.4523941061013796,2.5630930636318405,2.314169885803915,2.355565356556555,2.4082267460414464,2.3659922312606474,2.4523941061013796
2023-09-07,2.259228446742915,2.4348555713487556,2.5447628545276526,2.2976198749942047,2.3387193020152965,2.3910040784561004,2.3490716079117475,2.4348555713487556
2023-09-08,2.262218772391978,2.4382586829620676,2.548319579667851,2.300831177122995,2.341780718294598,2.3943459003869854,2.352354822309946,2.4382586829620676
2023-09-11,2.2873589697485834,2.4669878203623163,2.5783455255839267,2.3279410549568107,2.369281082781696,2.422557629042607,2.3800717849835618,2.4669878203623163
2023-09-12,2.2635099215016097,2.439632742672045,2.549755663249563,2.302127790744034,2.3435940757222813,2.3956952134260248,2.353680471638089,2.439632742672045
2023-09-13,2.271642636319278,2.448925698682456,2.559468095289609,2.310896968135175,2.3524646740277078,2.4048208042755452,2.3626460215353813,2.448925698682456
2023-09-14,2.289141980770917,2.4689507628051413,2.580397073557801,2.329793360129723,2.3717009685257815,2.424485219098377,2.381965569738051,2.4689507628051413
2023-09-15,2.2522748375223993,2.4266750849984287,2.536213108069898,2.2899004651668613,2.3310904924037925,2.382970921805025,2.341179333540081,2.4266750849984287
2023-09-18,2.2545404769351975,2.429204534664391,2.5388567349149893,2.2922873475321643,2.333520309277007,2.385454816348394,2.3436196665371885,2.429204534664391
2023-09-19,2.250037713680469,2.4240274519584486,2.533445963155085,2.287402060593739,2.3285471472954895,2.3803709723577806,2.3386249809634547,2.4240274519584486
2023-09-20,2.21954391800588,2.3890962300937715,2.4969379760241464,2.2544396662084094,2.2949918354697822,2.3460688581269835,2.3049244434541496,2.3890962300937715
2023-09-21,2.1812875151796036,2.3453167146207576,2.4511822909330463,2.213127694339502,2.2529367565216036,2.30307780712562,2.262687352262403,2.3453167146207576
2023-09-22,2.1813307604557974,2.345645227786059,2.451525632899658,2.213437691526471,2.253094596625438,2.3034004038033475,2.262326541683263,2.345645227786059
2023-09-25,2.1892983000106567,2.356785790657421,2.463169071182886,2.2239503391648214,2.2629541567981164,2.314340326308471,2.27013676576846,2.356785790657421
2023-09-26,2.1643794872225777,2.321396074257394,2.426181893468205,2.190555292358793,2.2315082076065393,2.2795879749807093,2.2463715643621547,2.321396074257394
2023-09-27,2.168309036337302,2.326835560668128,2.4318669136101083,2.195688193149348,2.2365708700051794,2.2849294968129743,2.2501520302080458,2.326835560668128
2023-09-28,2.1821727563228963,2.3463002199794163,2.4522101908764324,2.2140557664131837,2.255280438805865,2.3040435996561537,2.263423913973693,2.3463002199794163
2023-09-29,2.1834512135709243,2.348003606509594,2.4539904668073365,2.215663145016082,2.2567626687253632,2.3057163083739796,2.264670248692031,2.348003606509594
2023-10-02,2.197528275671852,2.3675998745007276,2.4744712934559505,2.2341549091034283,2.2748983455758967,2.324959649638515,2.2781900292541937,2.3675998745007276
2023-10-03,2.1682830693293407,2.32604916320865,2.4310450188466888,2.1949461193878474,2.2399170793730008,2.284157262289077,2.2503003329621687,2.32604916320865
2023-10-04,2.190790654300864,2.357703796796744,2.4641285153285946,2.224816603749832,2.269996146968367,2.315241799253724,2.2718331222387755,2.357703796796744
2023-10-05,2.1859575390915302,2.3507566078589406,2.4568677362662394,2.2182609790275016,2.263297882447798,2.308419728458415,2.2672440895128743,2.3507566078589406
2023-10-06,2.213878147066167,2.390144421016867,2.49803348138263,2.255428777975872,2.301083592639232,2.3470981712417385,2.2939331528643456,2.390144421016867
2023-10-09,2.2226894519798797,2.4023341918799486,2.510773488002567,2.2669314971252987,2.312811261000216,2.359068405612941,2.3024172664031726,2.4023341918799486
2023-10-10,2.2321238290135015,2.41563887336781,2.5246787313525356,2.2794862872231954,2.325620143824744,2.3721334711857684,2.311441339150192,2.41563887336781
2023-10-11,2.24591174410785,2.432874728498162,2.5426925981370214,2.2957506783337043,2.342213705192345,2.389058910377023,2.3272403007495237,2.432874728498162
2023-10-12,2.2384594865879692,2.4244204472744633,2.53385669794115,2.2877729055257667,2.3340744725727016,2.380756889869465,2.319153100965995,2.4244204472744633
2023-10-13,2.212027819333969,2.393945816703035,2.502006468795663,2.259015915703478,2.3047354784399725,2.350831104191194,2.2900016664159466,2.393945816703035
2023-10-16,2.2324412140875527,2.4210126571454844,2.5302950831011177,2.2845571885763576,2.3271966889237268,2.377410473682489,2.30773196383455,2.4210126571454844
2023-10-17,2.225614718674832,2.41308277650392,2.5220072544779555,2.2770742595752353,2.319268360042284,2.3696234093577053,2.2994808076685156,2.41308277650392
2023-10-18,2.19907522218194,2.381428549743275,2.4889241831873394,2.2472041591106957,2.2922378101378054,2.338539271893588,2.2693167836133,2.381428549743275
2023-10-19,2.1823405384260455,2.3591453898633046,2.4656351806644348,2.226176944346769,2.27328368059261,2.316657429380693,2.25386861040074,2.3591453898633046
2023-10-20,2.153481746088101,2.323951764293835,2.428852945151496,2.192966936109309,2.2405799903037886,2.2820976373082433,2.2195693385426423,2.323951764293835
2023-10-23,2.158617382645856,2.3309644524509743,2.4361821800115284,2.19958436832031,2.2471795141852153,2.2889840276888327,2.2238741973457277,2.3309644524509743
2023-10-24,2.1752955560883036,2.353640404233235,2.4598817047248533,2.220982236067542,2.2673319387252477,2.311251587963147,2.239112652414754,2.353640404233235
2023-10-25,2.1275127754715326,2.296032823758848,2.3996737676893,2.166621590037536,2.2118689172851935,2.254681513957506,2.183636513458751,2.296032823758848
2023-10-26,2.095039461066979,2.252254121940733,2.35391893298078,2.1253103859635187,2.1705072050727487,2.2116912619572022,2.1539291761785937,2.252254121940733
2023-10-27,2.1031158418917273,2.2630675955428656,2.36522051746691,2.135514380055958,2.1808848332759823,2.222309986036452,2.1612596720606283,2.2630675955428656
2023-10-30,2.1221787645010193,2.2885616410663587,2.391865342245525,2.1595715054058355,2.205453068590976,2.247344886479952,2.178578609261711,2.2885616410663587
2023-10-31,2.1303282224550992,2.2995065199346123,2.4033042635183,2.1698994983730624,2.216000486782473,2.258092649230293,2.1859646540788806,2.2995065199346123
2023-11-01,2.159856868605269,2.3394187336746737,2.4450180802074004,2.2075621411282484,2.2544632979594805,2.2972860481963915,2.212616485574408,2.3394187336746737
2023-11-02,2.191165464069341,2.381887044278625,2.4894033737710815,2.247636811531395,2.295389381949824,2.338989508990553,2.2408263883816857,2.381887044278625
2023-11-03,2.2141041013820293,2.4098714840329483,2.518651007030955,2.2740439650918396,2.322357573420609,2.3664699519265713,2.266481279367997,2.4098714840329483
2023-11-06,2.222612365483743,2.4197018591038715,2.528925116764989,2.283320271008042,2.331830960755488,2.376123282975817,2.27572673549088,2.4197018591038715
2023-11-07,2.242571318582883,2.442574511957864,2.5528302214669916,2.3049037531700107,2.3538729986532085,2.3985840017562388,2.297238438437089,2.442574511957864
2023-11-08,2.2439578606454873,2.4441471034630946,2.554473798398185,2.3063877087442886,2.355388481871408,2.400128271053768,2.2987174588870647,2.4441471034630946
2023-11-09,2.22758202194252,2.425338046586338,2.5348157168955705,2.2886387862133337,2.3372624714280903,2.3816579633141894,2.2810275631493906,2.425338046586338
2023-11-10,2.2751367453735996,2.4798653330284237,2.591804318079478,2.3400927527372866,2.389809612412942,2.435203219059257,2.332310411531373,2.4798653330284237
2023-11-13,2.268450654664639,2.472131950044867,2.5837218568493485,2.3327952462021786,2.3823570653958,2.4276091134903157,2.325037173985493,2.472131950044867
2023-11-14,2.3148194108629823,2.5253480316178907,2.639340066505837,2.38301191126037,2.4336406176050063,2.4798667790281814,2.375086835739543,2.5253480316178907
2023-11-15,2.3164898762194195,2.527248932874699,2.641326772807998,2.384805672072895,2.4354724880841263,2.4817334452531736,2.3768746311224205,2.527248932874699
2023-11-16,2.3183875139459027,2.529411017353952,2.6435864519182894,2.386845895045216,2.437556056978998,2.4838565908182297,2.3789080690169753,2.529411017353952
2023-11-17,2.3189171997208637,2.5300009171554225,2.644202979288676,2.3874025463407023,2.4381245347092753,2.484435866586285,2.379462869082287,2.5300009171554225
2023-11-20,2.345765975856134,2.5608034506509783,2.6763959126138395,2.4164689575037923,2.467808481516361,2.514683649691489,2.408432615389235,2.5608034506509783
2023-11-21,2.3328474130342305,2.5459271947265094,2.660848155310902,2.4024311715752305,2.4534724532927656,2.5000753135724563,2.3944415142938893,2.5459271947265094
2023-11-22,2.3419271487332316,2.556347062771454,2.671738367224033,2.4122637448894744,2.4635139263043158,2.510307520889228,2.40424138786135,2.556347062771454
2023-11-24,2.3388256313875124,2.5527421647432935,2.667970747204033,2.408862029627883,2.460039939291906,2.5067675466956145,2.400850985531188,2.5527421647432935
2023-11-27,2.336938166000784,2.5505143776309804,2.665642399700419,2.406759807218169,2.4578930537394905,2.5045798817950136,2.39875575438798,2.5505143776309804
2023-11-28,2.3427687248254387,2.5571989594502678,2.67262871778513,2.4130676261396466,2.4643348865575594,2.511144074998406,2.4050425956798085,2.5571989594502678
2023-11-29,2.3406199804077272,2.554708972046887,2.6700263344951614,2.4107179818265245,2.461935322455375,2.5086989320064172,2.4027007654730874,2.554708972046887
2023-11-30,2.3350504320482584,2.5482857768637692,2.663313201814226,2.4046568170135645,2.4557453840798606,2.5023914178933535,2.396659758003303,2.5482857768637692
2023-12-01,2.3413948509166183,2.5555608687257005,2.670916685056258,2.4115218630766964,2.4627562827086176,2.5095354861155954,2.4035019732915455,2.5555608687257005
2023-12-04,2.3208117150975944,2.531836319192895,2.646121229793159,2.3891344996645563,2.439893284557655,2.4862382132259966,2.3811890625268783,2.531836319192895
2023-12-05,2.326359444706564,2.538193201501778,2.652765056293837,2.3951330891939544,2.4460193181952135,2.4924806087527203,2.3871677028169067,2.538193201501778
2023-12-06,2.3136038706232327,2.523512832994142,2.6374220285969967,2.3812801498852383,2.431872063783431,2.4780646321387345,2.3733608336053176,2.523512832994142
2023-12-07,2.3443054561522274,2.5587719577829473,2.674272719907613,2.41455196561137,2.465850761829366,2.512688743796465,2.406521998750519,2.5587719577829473
2023-12-08,2.3542398287586463,2.5701759414277245,2.6861914695510647,2.425313186845463,2.476840612516462,2.5238873428945645,2.4172474318752144,2.5701759414277245
2023-12-11,2.3733789716283606,2.5921303847286685,2.7091369175117124,2.446030212473698,2.497997785422984,2.5454463889794674,2.4378955598232093,2.5921303847286685
2023-12-12,2.3913383594004465,2.612774640229173,2.7307130369231656,2.4655108963797843,2.517892349687877,2.565718843608493,2.457311457695108,2.612774640229173
2023-12-13,2.4202229819221794,2.6460022721499477,2.765440535527555,2.4968657202134925,2.549913328046816,2.598348049371199,2.4885620062015925,2.6460022721499477
2023-12-14,2.4182484472712753,2.643708375577125,2.7630430944393294,2.4947011144689397,2.5477027337832485,2.5960954656345225,2.486404599188996,2.643708375577125
2023-12-15,2.4293621158870917,2.656488249655402,2.7763998410252984,2.5067606768625756,2.5600185097695176,2.6086451755240456,2.498424055638442,2.656488249655402
2023-12-18,2.443938581199143,2.6732204524035326,2.79388732099286,2.522549802935972,2.5761430865486497,2.625076033059539,2.514160672525481,2.6732204524035326
2023-12-19,2.4558093211748004,2.686879277186001,2.808162693360706,2.5354387757598835,2.5893058943530334,2.638488863843465,2.5270067810722425,2.686879277186001
2023-12-20,2.421186682085026,2.6469530278989386,2.766434207572103,2.497762888542839,2.550829557326581,2.599281682109092,2.4894561908585824,2.6469530278989386
2023-12-21,2.447945217748198,2.6777514931200015,2.798622888984368,2.526825460731478,2.5805095835975957,2.629525470208999,2.5184221109581837,2.6777514931200015
2023-12-22,2.451438819464707,2.681757523013162,2.802809747616231,2.5306056988740004,2.5843701354665947,2.6334593519248894,2.522189777332758,2.681757523013162
2023-12-26,2.4657533245148793,2.6981746379018174,2.8199679169297487,2.5460974963761185,2.600191066727037,2.649580796300136,2.537630054460774,2.6981746379018174
2023-12-27,2.470535456041986,2.703667215294684,2.8257084245349877,2.551280495783268,2.605484182476337,2.6549744529515262,2.5427958169999365,2.703667215294684
2023-12-28,2.4694131465119624,2.702353162633477,2.8243350566685392,2.5500405070353906,2.6042178493254418,2.6536840662406167,2.541559952026861,2.702353162633477
2023-12-29,2.4592857029053787,2.6906576871212833,2.812111657465858,2.5390042232818377,2.5929470922288664,2.6421992250129915,2.5305603711457536,2.6906576871212833
2024-01-02,2.41985169174084,2.6451261692379013,2.764524886084708,2.4960389970653343,2.5490690406039516,2.5974877249805037,2.4877380324494203,2.6451261692379013
2024-01-03,2.3955629819550657,2.617136644140462,2.7352719379337107,2.4696270447868254,2.5220959484630785,2.5700022882878644,2.4614139172125435,2.617136644140462
2024-01-04,2.383877119155496,2.6036676043630873,2.7211949173026135,2.456917160121083,2.5091160336664013,2.556775824501041,2.448746301238519,2.6036676043630873
2024-01-05,2.3865778055655325,2.606755628116925,2.724422331788768,2.4598311336785947,2.5120919165710056,2.5598082332716787,2.4516505839252467,2.606755628116925
2024-01-08,2.4334503521807616,2.6606321940538713,2.780730839504445,2.510671056239009,2.56401196781132,2.6127144879195017,2.502321430442079,2.6606321940538713
2024-01-09,2.438030782277174,2.6658882012849756,2.786224098374594,2.5156308192817955,2.5690771043880973,2.617875835012875,2.507264699024014,2.6658882012849756
2024-01-10,2.453732939676124,2.6839562219628506,2.805107693942616,2.532680472616386,2.5864889891861043,2.635618452537617,2.5242576510934356,2.6839562219628506
2024-01-11,2.458596963596592,2.6895411491867063,2.8109447199706667,2.5379506167435872,2.591871101104213,2.641102795809248,2.529510268539374,2.6895411491867063
2024-01-12,2.4598111895483803,2.690920497653525,2.8123863310391477,2.5392522210314135,2.593200358859046,2.6424573023551736,2.5308075441403686,2.690920497653525
2024-01-16,2.459652576923433,2.6906576871212833,2.812111657465858,2.539004223281838,2.592947092228867,2.642199225012992,2.5305603711457536,2.6906576871212833
2024-01-17,2.4465000344691603,2.6754803788843398,2.7962492586083783,2.5246823532438554,2.5783209443360264,2.627295258501986,2.516286130706731,2.6754803788843398
2024-01-18,2.479480528005825,2.713456704206954,2.835939802544384,2.5605182200062315,2.6149181684237037,2.664587634197538,2.5520028197389815,2.713456704206954
2024-01-19,2.5261723266744984,2.7672671606833905,2.8921792166754487,2.611295759231807,2.666774510952866,2.7174289700092857,2.6026114903864253,2.7672671606833905
2024-01-22,2.529357467975366,2.7708812123291593,2.8959564034994716,2.6147061121859143,2.670257319171435,2.7209779329648165,2.6060105016831177,2.7708812123291593
2024-01-23,2.5393380803245313,2.7823789697009977,2.9079731597352505,2.625555821781118,2.681337538214965,2.7322686169350106,2.616824128887161,2.7823789697009977
2024-01-24,2.5527319091896103,2.797818885056458,2.924110019570375,2.6401254976199535,2.696216756711181,2.747430461037933,2.6313453510104314,2.797818885056458
2024-01-25,2.5557090700074623,2.801235625389321,2.9276809886187856,2.6433496603131568,2.699509418930312,2.750785666236563,2.634558791250795,2.801235625389321
2024-01-26,2.5412744729525016,2.7845473600057136,2.910239429310535,2.6276019951638374,2.6834271839407453,2.7343979547582755,2.6188634974031024,2.7845473600057136
2024-01-29,2.5660308558953226,2.8130623027539112,2.940041512012467,2.654509750992775,2.7109066133151734,2.762399346385014,2.6456817673188424,2.8130623027539112
2024-01-30,2.5498353770769144,2.7943372557454325,2.9204712325112214,2.6368401032842463,2.692861561941719,2.744011535504817,2.628070882762883,2.7943372557454325
2024-01-31,2.502446818804077,2.7396065555787006,2.863270035682352,2.585194188037711,2.6401183941533226,2.690266529494902,2.5765967240135508,2.7396065555787006
2024-02-01,2.5304358805392733,2.771866548411339,2.8969862168036626,2.6156359117980994,2.6712068730078027,2.721945523247733,2.6069372091025564,2.771866548411339
2024-02-02,2.5710485882523426,2.818712729197102,2.9459469938381955,2.6598417026086474,2.7163518458640232,2.7679480092419246,2.6509959867030672,2.818712729197102
2024-02-05,2.5679175751153167,2.8150333817457214,2.9421015638121397,2.6563697341145907,2.712806113041516,2.7643349264513777,2.6475355647784555,2.8150333817457214
2024-02-06,2.563042841844163,2.8093827518888057,2.936195869390766,2.6510375905499957,2.707360684465863,2.7587860638442017,2.642221154083863,2.8093827518888057
2024-02-07,2.5880963578667497,2.838291910435365,2.9664099624526328,2.6783173430032963,2.73522001378556,2.7871745714842127,2.6694101834915256,2.838291910435365
2024-02-08,2.5926645834078714,2.8435485279076436,2.971903859109717,2.683277681892251,2.7402857384427484,2.7923365178283808,2.6743540260045626,2.8435485279076436
2024-02-09,2.616907077402822,2.871537646177633,3.0011563820694245,2.709689250273315,2.7672584385300145,2.8198215550204906,2.7006777586207047,2.871537646177633
2024-02-12,2.607243804092228,2.860302699338036,2.9894142994069353,2.699087538427687,2.7564314861166634,2.8087889483924786,2.690111304411276,2.860302699338036
2024-02-13,2.568661376341857,2.8156904080763248,2.9427882477453644,2.6569897284885298,2.7134392796169644,2.764980119806833,2.6481534972649934,2.8156904080763248
2024-02-14,2.5952497690997287,2.8463735377155137,2.974856387426936,2.6859434657514645,2.7430081586903694,2.795110649506572,2.6770109443863075,2.8463735377155137
2024-02-15,2.602603690424253,2.8548491773803004,2.9837146101655283,2.693941393175273,2.751176007513644,2.8034336437919385,2.6849822734626447,2.8548491773803004
2024-02-16,2.580220604834804,2.8289623399545176,2.956659263196493,2.6695136148420904,2.7262292444410066,2.7780130255870192,2.660635733493056,2.8289623399545176
2024-02-20,2.5618064469479407,2.8076089842099,2.9343420353667056,2.6493637976890843,2.705651330738958,2.7570442415347385,2.6405529276805786,2.8076089842099
2024-02-21,2.5520933487553754,2.796373630542853,2.9225995275129257,2.6387617019460103,2.6948239862719996,2.7460112354061965,2.629986090850415,2.796373630542853
2024-02-22,2.623032948315752,2.8782395181635145,3.008160770783956,2.7160133848362116,2.773716933626384,2.8264027269963945,2.7069808612937574,2.8782395181635145
2024-02-23,2.615719751720457,2.8697640819124524,2.999302760641008,2.708015649361126,2.765549280829913,2.8180799324612926,2.6990097235277872,2.8697640819124524
2024-02-26,2.6144677947713384,2.8682525145246145,2.9977229624033024,2.7065892784036216,2.7640926056527766,2.8165955882432168,2.6975880961880154,2.8682525145246145
2024-02-27,2.6204555217872736,2.8751512909959525,3.0049331437021567,2.7130992193299774,2.770740854694977,2.8233701184754922,2.704076387296662,2.8751512909959525
2024-02-28,2.6072295062783133,2.8598421706654387,2.988932982866742,2.6986529665197616,2.7559876814334396,2.8083367137928654,2.689678177739597,2.8598421706654387
2024-02-29,2.628456449628243,2.8843496596244034,3.014546718767296,2.7217791405651184,2.779605186751244,2.832402825451859,2.712727442108191,2.8843496596244034
2024-03-01,2.6660422169870066,2.927778896663578,3.059936314157773,2.7627605767337404,2.8214573013615296,2.875049906497156,2.753572588157971,2.927778896663578
2024-03-04,2.657069330780944,2.9173325848344303,3.049018464810798,2.7529030500855614,2.8113903448655195,2.8647917316459552,2.743747844242755,2.9173325848344303
2024-03-05,2.611815604266171,2.864967179457872,2.9942893301415365,2.703489114585206,2.760926576748735,2.813369421715678,2.6944982424449595,2.864967179457872
2024-03-06,2.6274132990173236,2.8829703111575853,3.013105107698815,2.7204775362772926,2.7782759289964107,2.831048318905934,2.7114301665071965,2.8829703111575853
2024-03-07,2.6652863554712973,2.926728061362062,3.058838045055904,2.7617689696328838,2.8204446268944205,2.8740179966289587,2.752584278800245,2.926728061362062
2024-03-08,2.6287854136064577,2.8844812683042487,3.0146842681495856,2.7219033313886287,2.7797320160931367,2.832532063873215,2.7128512199158656,2.8844812683042487
2024-03-11,2.6195765703354295,2.873771535701685,3.0034911074423856,2.7117972311447063,2.7694112048865365,2.822015212429037,2.7027787290749323,2.873771535701685
2024-03-12,2.655240515623201,2.914967086630532,3.046546190055545,2.7506708783906593,2.8091107491671035,2.8624688358160526,2.7415230959808508,2.914967086630532
2024-03-13,2.635887083905936,2.892562488756948,3.0231302679325984,2.729529070239351,2.7875197689443385,2.840467742395044,2.7204515981899124,2.892562488756948
2024-03-14,2.6295975182211713,2.885269699900973,3.0155082888694547,2.7226473246373546,2.780491815983673,2.8333062958997606,2.7135927388997105,2.885269699900973
2024-03-15,2.5999448347341403,2.8509723152022897,2.979662749768215,2.6902830424715893,2.7474399326648955,2.7996266034942257,2.6813360891713365,2.8509723152022897
2024-03-18,2.623538532678898,2.8781636448442214,3.008081472608385,2.715941787962688,2.7736438156286614,2.8263282201476065,2.706909502526735,2.8781636448442214
2024-03-19,2.6297620541823,2.885334792292859,3.0155763194758425,2.7227087482285808,2.7805545445608075,2.8333702159845116,2.7136539582172623,2.885334792292859
2024-03-20,2.6593782689989784,2.919545522744844,3.0513312928323297,2.7549912602385267,2.813522920461276,2.8669648147772224,2.7458291097291463,2.919545522744844
2024-03-21,2.67134224542075,2.933360569267839,3.065769938655505,2.76802764968138,2.8268362768507806,2.880531053764549,2.758822144638031,2.933360569267839
2024-03-22,2.6742621614984996,2.936716488897034,3.069277341606073,2.7711944197065317,2.830070327055653,2.8838265336339903,2.761978383078558,2.936716488897034
2024-03-25,2.6651060820077825,2.9260584233805305,3.058138180192693,2.761137074438145,2.819799306657153,2.8733604187570836,2.7519544850709314,2.9260584233805305
2024-03-26,2.656934265693138,2.916584835982635,3.0482369632199213,2.7521974465813512,2.8106697503356908,2.8640574496723787,2.743044587332379,2.916584835982635
2024-03-27,2.6655433651325717,2.926518952053127,3.058619496732885,2.76157164634607,2.8202431113403774,2.8738126533566963,2.75238761174261,2.926518952053127
2024-03-28,2.660898136463591,2.9211244200755395,3.0529814602285175,2.7564811662232054,2.815044480510386,2.868515276332962,2.74731406080051,2.9211244200755395
2024-04-01,2.6663209249623554,2.927308807545924,3.0594450056222686,2.7623169832358543,2.821004283418539,2.874588283635096,2.7531304698990264,2.927308807545924
2024-04-02,2.6444964200024286,2.902044822945004,3.0330406265181042,2.7384769518912164,2.796657754418354,2.8497793007411376,2.729369722274261,2.902044822945004
2024-04-03,2.6501492403638056,2.9085583338218646,3.0398481516654026,2.7446233419370025,2.802934728694642,2.8561755039717935,2.7354956715471483,2.9085583338218646
2024-04-04,2.611702735283812,2.864084770720362,2.9933670902336953,2.7026564410266465,2.7600762124749605,2.8125029050667734,2.693668338071398,2.864084770720362
2024-04-05,2.6409348085535336,2.897834769086025,3.028640534454345,2.7345041891799444,2.792600587665401,2.845645069509606,2.7254101716012356,2.897834769086025
2024-04-08,2.641730874001356,2.8986901237981577,3.0295344991414064,2.7353113335584003,2.793424880374304,2.846485019373286,2.726214631695939,2.8986901237981577
2024-04-09,2.6510263987114984,2.909413688533997,3.040742116352464,2.7454304863154584,2.8037590214035455,2.8570154538354737,2.7363001316418516,2.909413688533997
2024-04-10,2.6290806528766573,2.8840191123218557,3.014201250844235,2.721467223890923,2.7792866431954852,2.832078231271484,2.7124165627612484,2.8840191123218557
2024-04-11,2.668949497818643,2.9300713693403293,3.062332267076485,2.7649238388372352,2.823666523437473,2.877301091981979,2.7557286559979954,2.9300713693403293
2024-04-12,2.6285807937756256,2.8833610689226292,3.013513503932786,2.7208462697733715,2.77865249648602,2.8314320391647048,2.7117976737228737,2.8833610689226292
2024-04-15,2.5875890145775835,2.8359266156451928,2.9639379002930255,2.6760853632571173,2.7329406141139496,2.784851875404576,2.667185626539989,2.8359266156451928
2024-04-16,2.5878353483219168,2.8361898330048834,2.9642129990576054,2.676333744904138,2.7331942727977356,2.7851103522472878,2.667433182155339,2.8361898330048834
2024-04-17,2.5578815634652186,2.8015844799270875,2.9280455901498943,2.643678852372384,2.699845604898392,2.751128237940775,2.6348868885307986,2.8015844799270875
2024-04-18,2.544044142077068,2.785597178238607,2.9113366354341794,2.628592642521081,2.684438878273838,2.7354288658751496,2.619850850208991,2.785597178238607
2024-04-19,2.4941003385782734,2.727965798358437,2.851103824708166,2.5742095384905324,2.628900368266902,2.6788354210885212,2.5656486056212606,2.727965798358437
2024-04-22,2.514656813980456,2.7554002074013195,2.8797765993440647,2.600097662705116,2.6553385032609036,2.705775739308394,2.5832638026363717,2.7554002074013195
2024-04-23,2.543190290205748,2.796518867942251,2.922751320803429,2.638898753333933,2.6949639494097313,2.746153857095298,2.610357267445199,2.796518867942251
2024-04-24,2.550521955562751,2.8059924553401463,2.9326525377762005,2.647838381190727,2.7040935057311937,2.7554568261800028,2.6184170999627296,2.8059924553401463
2024-04-25,2.540627123223545,2.7924402193493925,2.9184885655263146,2.635049989497449,2.6910334159718676,2.742148664534857,2.6088891947466952,2.7924402193493925
2024-04-26,2.571696839113766,2.835531993019381,2.9635254647418012,2.675712982735308,2.7325603221150736,2.784464359890774,2.6371801812098217,2.835531993019381
2024-04-29,2.580889245804227,2.8470452098342927,2.9755583782465975,2.6865772804334282,2.743655439195673,2.7957702248810965,2.6470968686755,2.8470452098342927
2024-04-30,2.5346551378767375,2.7933606664534114,2.919450560819764,2.6359185574671313,2.691920437257905,2.7430525344832892,2.597182597490437,2.7933606664534114
2024-05-01,2.5193058819181444,2.7731633109059515,2.8983415140402897,2.616859584904556,2.6724565438803976,2.723218931186132,2.583367452887191,2.7731633109059515
2024-05-02,2.5437328631976057,2.808558112649095,2.935334006646095,2.6502594304286493,2.7065659918042964,2.757976276270515,2.6065565268382334,2.808558112649095
2024-05-03,2.582770340157544,2.8650058280655553,2.9943297233140798,2.7035255848424953,2.7609638218414085,2.813407374266,2.64333730590601,2.8650058280655553
2024-05-06,2.6075142210712268,2.896387277021451,3.0271277038448026,2.7331382820700525,2.7912056609313805,2.8442236466249575,2.671497737871655,2.896387277021451
2024-05-07,2.6077706667674763,2.896847805694048,3.027609020384995,2.733572853977978,2.7916494656146047,2.8446758812245707,2.6719225088671736,2.896847805694048
2024-05-08,2.606344246946035,2.895137299683507,3.025821303606517,2.7319587571697883,2.7900010762236014,2.8429961812474747,2.670344814829491,2.895137299683507
2024-05-09,2.6117133110447015,2.9014530924200126,3.0324221857869134,2.7379185730572253,2.7960875124468445,2.8491982272207,2.676170218822355,2.9014530924200126
2024-05-10,2.6175272707459123,2.9082951164621744,3.0395730529008236,2.7443749602899805,2.8026810700108555,2.855917027129083,2.6824809949730826,2.9082951164621744
2024-05-13,2.6232727173224264,2.9150055318244914,3.0465863706324443,2.750707156699226,2.8091477982329742,2.8625065886161103,2.6886703811794206,2.9150055318244914
2024-05-14,2.639163933195677,2.9337558021348262,3.0661830119936657,2.768400606049355,2.827217156930068,2.8809191685291484,2.705964789670972,2.9337558021348262
2024-05-15,2.6779812098962084,2.9796109512541187,3.1141080230459486,2.8116712226834855,2.871407087199422,2.9259484712330073,2.748259522876655,2.9796109512541187
2024-05-16,2.6728877993694735,2.9735587827047536,3.107782664821422,2.8059601723405145,2.865574701713572,2.9200053016030236,2.742677274011968,2.9735587827047536
2024-05-17,2.671686551714775,2.972111494053904,3.1062700468075244,2.804594457179346,2.864179971006356,2.9185840784686397,2.741342359863067,2.972111494053904
2024-05-20,2.689272967748652,2.992834674079571,3.1279286533292225,2.824149617189794,2.8841505936710243,2.9389340362004255,2.7604564918022905,2.992834674079571
2024-05-21,2.694243910661843,2.9986903449709295,3.134048644160717,2.8296752450667517,2.8897936172646506,2.9446842470745676,2.7658575000390315,2.9986903449709295
2024-05-22,2.693765848180942,2.998098004204763,3.1334295656425906,2.829116290386594,2.88922278721273,2.944102574303334,2.765311151479425,2.998098004204763
2024-05-23,2.682391688573439,2.9846110640196195,3.1193338365947367,2.816389514233264,2.8762256220573406,2.930858532493204,2.752871402665008,2.9846110640196195
2024-05-24,2.7062701470262867,3.0128349217278503,3.1488316949287296,2.8430225914401874,2.9034245370758973,2.958574081490947,2.778903823336006,3.0128349217278503
2024-05-28,2.7159756086671867,3.024216733276641,3.160727271646881,2.8537628902635195,2.9143930208414073,2.9697509078101785,2.789401895899267,3.024216733276641
2024-05-29,2.6979942372114047,3.0029006022436335,3.138448948820121,2.833648199726746,2.8938509800444074,2.9488186780563646,2.769740852541344,3.0029006022436335
2024-05-30,2.670832498828706,2.970729297794941,3.1048254594000144,2.803290165609404,2.8628479688762734,2.917226775419007,2.7400674840174197,2.970729297794941
2024-05-31,2.666182386875057,2.9652033605512327,3.0990500861090022,2.7980756866117518,2.8575227047311924,2.911800359724182,2.734970607310597,2.9652033605512327
2024-06-03,2.6797124309822657,2.9811243493654787,3.1156897346444596,2.8130993211794926,2.8728655266177903,2.927434613203467,2.7496554134272975,2.9811243493654787
2024-06-04,2.6866315290121774,2.9892824602060943,3.124216095581268,2.820797616647351,2.8807273776007327,2.9354457973254084,2.757180089021931,2.9892824602060943
2024-06-05,2.737591860256675,3.0495456068557227,3.187199468761788,2.877664153250661,2.9388020823919234,2.994623611038623,2.8127641130330674,3.0495456068557227
2024-06-06,2.736725725274794,3.0484927374169595,3.1860990737034696,2.876670626662578,2.9377874476567785,2.9935897036677765,2.8117929934779426,3.0484927374169595
2024-06-07,2.734471393218655,3.045795674841891,3.183280268046931,2.8741255785498687,2.9351883282685867,2.990941214906175,2.809305343906576,3.045795674841891
2024-06-10,2.7449270224309275,3.0580979334947016,3.196137840058532,2.8857344453428833,2.9470438333201345,3.003021911173838,2.8206523956017806,3.0580979334947016
2024-06-11,2.7626666008180867,3.0790851445349583,3.21807239572739,2.9055387547952423,2.9672688987758034,3.023631144749395,2.840010057908576,3.0790851445349583
2024-06-12,2.7967203079271536,3.119413949583093,3.2602216082973707,2.943594508534275,3.0061331728464693,3.0632336322578992,2.877207539168041,3.119413949583093
2024-06-13,2.8110003613536154,3.136322105203041,3.277892983497824,2.959549670252705,3.022427312810667,3.0798372737724855,2.89280286367752,3.136322105203041
2024-06-14,2.8247212245036675,3.1525720140100386,3.2948763991911836,2.9748836859048606,3.038087110038596,3.095794523430028,2.907791050845348,3.1525720140100386
2024-06-17,2.8573342868446407,3.191190109633908,3.3352376823870418,3.0113251508869823,3.0753027986914554,3.1337171112111717,2.9434106504474333,3.191190109633908
2024-06-18,2.8581895159246766,3.192177479853335,3.3362696216476824,3.0122568699863934,3.0762543127958586,3.1346866989967372,2.9443213564599087,3.192177479853335
2024-06-20,2.837517211028834,3.1675719454790916,3.3105534146462574,2.989038176656752,3.0525423225587462,3.1105243077100875,2.9216263149710118,3.1675719454790916
2024-06-21,2.830390566327633,3.159084914645725,3.301683286551547,2.981029500104479,3.044363496234473,3.102190127409889,2.9137982583252504,3.159084914645725
2024-06-24,2.8001561468083414,3.123120147646126,3.2640951009485613,2.9470918142597125,3.0097047812070437,3.0668730820834056,2.880625970059534,3.123120147646126
2024-06-25,2.8302950603531847,3.158835122591861,3.301422219099535,2.9807937870731487,3.0441227753197206,3.101944834084657,2.913567861336515,3.158835122591861
2024-06-26,2.835815505173342,3.165358397327504,3.3082399488377914,2.9869493906576188,3.0504091588825784,3.1083506253280255,2.919584637420999,3.165358397327504
2024-06-27,2.8427232475210205,3.1735289164053233,3.3167792781089425,2.994659394997555,3.0582829675005367,3.1163739942161226,2.9271207578171907,3.1735289164053233
2024-06-28,2.8288688509538007,3.157055455914941,3.299562219801771,2.9791144276992823,3.0424077368155125,3.1001972190175136,2.9119263766016266,3.157055455914941
2024-07-01,2.844543203422677,3.1755718004419338,3.3189143761712865,2.996587136018442,3.0602516646885305,3.1183800861259776,2.929005022440861,3.1755718004419338
2024-07-02,2.8726561316804355,3.2089145645308577,3.3537622039107244,3.028050602829132,3.0923835942182754,3.151122350538587,2.9597588928036496,3.2089145645308577
2024-07-03,2.895204043278086,3.235667537596179,3.3817227831360035,3.0532956988230673,3.1181650394204037,3.177393505371223,2.984434635440817,3.235667537596179
2024-07-05,2.9236431295319236,3.2694053311383637,3.416983471617956,3.0851319300530107,3.150677653002632,3.210523684798165,3.015552863256475,3.2694053311383637
2024-07-08,2.930255205827565,3.2771808207629225,3.425109940146593,3.0924691699736937,3.158170777568108,3.21815913867193,3.0227246261997975,3.2771808207629225
2024-07-09,2.9326621592049817,3.280014170533504,3.428071184885256,3.095142823730533,3.160901234914675,3.22094146011098,3.025337980968602,3.280014170533504
2024-07-10,2.9614439422267513,3.3142133064031833,3.463814040289979,3.127414394663291,3.19385843728734,3.2545246731385933,3.056881730258568,3.3142133064031833
2024-07-11,2.900389041152027,3.2415319552776976,3.387851915580231,3.058829580495096,3.1238164921665823,3.1831523055067534,2.9898437113245575,3.2415319552776976
2024-07-12,2.9164382074154767,3.2605755481789704,3.407755119861486,3.0767998199031874,3.1421685215143866,3.2018529253017,3.0074086674201443,3.2605755481789704
2024-07-15,2.9238824191071098,3.2693390182641306,3.4169141654376993,3.0850693547694497,3.1506137482646768,3.2104585662118255,3.015491699235036,3.2693390182641306
2024-07-16,2.9249599711750016,3.27059143656677,3.418223116823724,3.086251183054384,3.1518206852940973,3.211688428592486,3.0166468737135714,3.27059143656677
2024-07-17,2.8442326271540694,3.1745832097401587,3.3178811613367754,2.9956542652266953,3.059298974423305,3.117409299838822,2.928093190710199,3.1745832097401587
2024-07-18,2.831597469388671,3.1595600891064963,3.302179909978176,2.98147789232043,3.0448214148475508,3.1026567440285704,2.9142365379390007,3.1595600891064963
2024-07-19,2.8080161622550115,3.1315544943248104,3.2729101667712266,2.955050776092837,3.0178328365891973,3.075155527065008,2.8884054332035998,3.1315544943248104
2024-07-22,2.847429171980343,3.1782080423133343,3.321669615729981,2.9990747914631,3.0627921720624616,3.1209688495583903,2.9314365737226256,3.1782080423133343
2024-07-23,2.838013158123311,3.167005234842231,3.3099611231793955,2.9885034075156396,3.0519961918840703,3.109967803472224,2.9211036064933116,3.167005234842231
2024-07-24,2.742295962026983,3.053404365212241,3.1912324081467,2.8813054205180344,2.9425207108551543,2.998412873562765,2.816323258697811,3.053404365212241
2024-07-25,2.713877217257777,3.0197322743031165,3.15604038805807,2.849531188725485,2.910071413930471,2.9653472134713685,2.7852656320444993,3.0197322743031165
2024-07-26,2.7400760830956883,3.05070242070778,3.188408500194682,2.878755765635982,2.939916886823677,2.995759590794806,2.8138311062536996,3.05070242070778
2024-07-29,2.745320009960682,3.0568306659901627,3.1948133691904244,2.884538604801199,2.945822586334052,3.0017774670238424,2.8194835248853143,3.0568306659901627
2024-07-30,2.7098891058514636,3.014856040495925,3.150944045257064,2.844929793947758,2.9053722593959104,2.9605588001224636,2.7807680126520253,3.014856040495925
2024-07-31,2.7853334343995875,3.104076758158578,3.2441921092629507,2.929121766800342,2.9913529478860403,3.0481726620387226,2.863061201583644,3.104076758158578
2024-08-01,2.7219069948085846,3.0288915874964357,3.165613144759377,2.85817425580589,2.918898108840457,2.9743415683968846,2.79371377179105,3.0288915874964357
2024-08-02,2.6611701134528047,2.9570013123460943,3.0904778045128825,2.7903359302198147,2.8496185119586825,2.9037460295450335,2.7274054058612665,2.9570013123460943
2024-08-05,2.586611187902196,2.868834684604552,2.9983314111391834,2.707138635647648,2.7646536343645183,2.8171672735012097,2.646084462202958,2.868834684604552
2024-08-06,2.606635801387035,2.8962467181377236,3.0269808002541367,2.733005645502748,2.7900702096714203,2.8428291249907134,2.6630969538756157,2.8962467181377236
2024-08-07,2.5851063021000575,2.8648809320386257,2.994199189588076,2.7034077283268294,2.759757437052764,2.8119201500450455,2.6430168486968317,2.8648809320386257
2024-08-08,2.6453014054191346,2.9525203114058876,3.0857945350500353,2.786107491810064,2.844180990675072,2.8979394097023343,2.6997212065860445,2.9525203114058876
2024-08-09,2.6571851316959116,2.9679396819751585,3.1019099227250186,2.800657780827919,2.8590345652607834,2.913073734595164,2.7130104317464,2.9679396819751585
2024-08-12,2.6624696938124615,2.974331144617232,3.1085898904853404,2.806689001640156,2.8651915005675344,2.9193470433356836,2.718852903858408,2.974331144617232
2024-08-13,2.716387844973102,3.0481326951243384,3.185722779411889,2.8763308774236083,2.9362849884679476,2.9917842831018153,2.7653711032129924,3.0481326951243384
2024-08-14,2.71697785489392,3.049120878998664,3.1867555690551095,2.8772633643179097,2.937236912077005,2.9927541992044677,2.7654380063727175,3.049120878998664
2024-08-15,2.7794738797790894,3.126151825798236,3.26726362644106,2.9499526180210682,3.011441297305001,3.0683611359746568,2.83530217916221,3.126151825798236
2024-08-16,2.7827597482619186,3.1301710775834986,3.271464303789846,2.9537453328305587,3.0153130672908737,3.0723060870393564,2.8389474894287536,3.1301710775834986
2024-08-19,2.816125914207901,3.1712887210558067,3.3144379622709854,2.9925454637157634,3.0549219463537947,3.1126636212423144,2.8762396462513937,3.1712887210558067
2024-08-20,2.810781918966518,3.1646334308128687,3.3074822579591494,2.9862652854103375,3.048510864295099,3.106131362072577,2.870203548204895,3.1646334308128687
2024-08-21,2.8227458689375715,3.1793937409142896,3.322908835744459,3.0001936605670276,3.0627295618751815,3.1206188100258028,2.883590594556997,3.1793937409142896
2024-08-22,2.7820530310021683,3.1289845653276434,3.270224233392788,2.9526256959317396,3.014170092731048,3.071141508894693,2.837871367419302,3.1289845653276434
2024-08-23,2.809544186400072,3.1629202804239074,3.3056917774372874,2.984648693268755,3.0468605759798493,3.10444988133636,2.868649785207535,3.1629202804239074
2024-08-26,2.7848241697802374,3.132213554792659,3.2735989766609,2.9556726899540005,3.0172805981592443,3.0743108065919973,2.840799939471081,3.132213554792659
2024-08-27,2.792428212437395,3.141570789540058,3.283378588924754,2.964502523141478,3.0262944799913267,3.083495061560733,2.8492865996042487,3.141570789540058
2024-08-28,2.7636259560042857,3.1059217206411085,3.246120351762748,2.930862741714158,2.991953512477583,3.048505008729473,2.8169542343300553,3.1059217206411085
2024-08-29,2.7599777583247467,3.101375423895291,3.2413688390978685,2.926572687764459,2.9875740368369006,3.0440427557664673,2.812830914098402,3.101375423895291
2024-08-30,2.789947395504304,3.1383418000750423,3.2800038456566427,2.9614555291192177,3.0231839745631306,3.0803257638634287,2.8463580275524696,3.1383418000750423
2024-09-03,2.7129982810762434,3.0430587431767915,3.180419793643981,2.871542908487533,2.931397219323376,2.9868041292803733,2.759939877086644,3.0430587431767915
2024-09-04,2.706615189521584,3.0351512380449384,3.1721553505417646,2.8640810938458947,2.9237798709539846,2.979042803925389,2.752768067212581,3.0351512380449384
2024-09-05,2.7089469257234415,3.037984994642969,3.1751170204717174,2.8667551315001796,2.926509646128497,2.9818241751123082,2.755338177912678,3.037984994642969
2024-09-06,2.6429438082477215,2.9566054692379344,3.0900640933877894,2.7899623980056716,2.8481162483615075,2.9019490484609944,2.681530007811674,2.9566054692379344
2024-09-09,2.6739659449944484,2.9946263421662462,3.129801195770042,2.825840301538294,2.8847419892967445,2.939267059661322,2.716013510173165,2.9946263421662462
2024-09-10,2.696485516494986,3.022302203300282,3.158726321436509,2.8519562688865814,2.911402316690227,2.966431299097014,2.7411144757551824,3.022302203300282
2024-09-11,2.7498028240174497,3.0879326244883956,3.2273192433049713,2.9138875644839293,2.9746245054189973,3.0308484627323193,2.8006388004147746,3.0879326244883956
2024-09-12,2.774398131519448,3.1182441172526585,3.2589989707431997,2.9424906114307077,3.0038237529859177,3.0605996109662965,2.828130184799546,3.1182441172526585
2024-09-13,2.785740481661315,3.13221355479266,3.2735989766609013,2.955672689954001,3.0172805981592457,3.0743108065919986,2.840799939471082,3.13221355479266
2024-09-16,2.7746364304980533,3.1183757259325042,3.25913652012549,2.942614802254218,3.0039505324373508,3.060728786700841,2.8282495489243735,3.1183757259325042
2024-09-17,2.776002014857943,3.1200231736884043,3.2608583322540294,2.9441693949584065,3.0055375290017303,3.0623457793964732,2.8297437221036197,3.1200231736884043
2024-09-18,2.7650954960943546,3.106514671648449,3.24674006806781,2.9314222722404835,2.992524705832957,3.049086998321741,2.8174920186018797,3.106514671648449
2024-09-19,2.8287476965627336,3.185060440455453,3.3288313252217856,3.005540968080707,3.0681883284254345,3.126180753786136,2.888730078002787,3.185060440455453
2024-09-20,2.823879085524413,3.1789981012198556,3.322495337215011,2.9998203203016067,3.062348439722112,3.1202304842086654,2.8832317642281127,3.1789981012198556
2024-09-23,2.8307831069505602,3.1874251250044523,3.331302749594458,3.0077723719807183,3.0704662436076693,3.1285017242870286,2.89087475798905,3.1874251250044523
2024-09-24,2.8432395201106098,3.202799947968027,3.3473715788231955,3.022280624228328,3.0852769052105935,3.1435923250904225,2.904819144404679,3.202799947968027
2024-09-25,2.845668971975086,3.2057691781066713,3.3504748374526923,3.025082499731852,3.0881371828807076,3.146506665426038,2.9075121245130218,3.2057691781066713
2024-09-26,2.8651553649699975,3.2298543801732724,3.3756472247943066,3.0478101882291293,3.11133860629167,3.1701466234611484,2.9293564973107373,3.2298543801732724
2024-09-27,2.8506977398970865,3.2119063735929383,3.3568890606568123,3.030873784640862,3.0940491810710893,3.152530407446031,2.9130783300928527,3.2119063735929383
2024-09-30,2.857825300509924,3.220616345868516,3.3659921935784003,3.0390928369930847,3.1024395509797422,3.1610793653709957,2.9209779474977378,3.220616345868516
2024-10-01,2.821622746359821,3.175745108935332,3.3190955076607938,2.9967506763300813,3.059214812230131,3.117037627412943,2.8802814225214193,3.175745108935332
2024-10-02,2.8252811657310906,3.180232212287278,3.3237851549929904,3.0009848732015096,3.063537266510123,3.121441781243411,2.8843510565701913,3.180232212287278
2024-10-03,2.823391174466133,3.1778567468108725,3.321302463051135,2.9987432960192013,3.0612489659941544,3.119110229113568,2.882196598688077,3.1778567468108725
2024-10-04,2.8539917922114038,3.215667289947901,3.3608197415364978,3.0344227245726736,3.0976720949467302,3.1562217987226764,2.9164893398361653,3.215667289947901
2024-10-07,2.8262654626604182,3.181222226885126,3.3248198579970163,3.0019190876343145,3.064490953666418,3.1224134942264516,2.885248962591106,3.181222226885126
2024-10-08,2.8647069962674574,3.2287325534818554,3.3744747598123475,3.046751591024092,3.110257943734249,3.1690455350901883,2.928339042676394,3.2287325534818554
2024-10-09,2.885250650542735,3.2541377072076787,3.4010266802941147,3.0707248347822014,3.134730884703708,3.1939810438848943,2.951380562005797,3.2541377072076787
2024-10-10,2.8823005233075585,3.2504422900720513,3.3971644552121067,3.0672377023390607,3.131171066629243,3.1903539409954567,2.948028957591996,3.2504422900720513
2024-10-11,2.8864318680642156,3.2555231580862367,3.4024746692319447,3.072032197531705,3.136065498063381,3.1953408830316974,2.952637113866996,3.2555231580862367
2024-10-14,2.908567758807001,3.282841621306071,3.431026264350215,3.0978109109744167,3.162381541846095,3.2221543314850174,2.977413932977111,3.282841621306071
2024-10-15,2.873220156479436,3.2389608057981842,3.385164706627925,3.056403348641664,3.1201108821521664,3.179084705816759,2.937615682998911,3.2389608057981842
2024-10-16,2.873570740770753,3.2393564454926187,3.3855782051573744,3.0567766889070853,3.120492004305237,3.1794730316338975,2.937974513327795,3.2393564454926187
2024-10-17,2.8754132194298108,3.2416000988754536,3.387923135121295,3.0588938833171606,3.1226533294200793,3.181675208375819,2.9400094225964812,3.2416000988754536
2024-10-18,2.8925957450684394,3.262847679483256,3.4101298132157027,3.0789438871344244,3.1431212546123612,3.2025300018098593,2.959280179410682,3.262847679483256
2024-10-21,2.8977476290527813,3.2691164836493685,3.4166815858021127,3.0848593628669447,3.149160032254176,3.208682919564397,2.96496574911534,3.2691164836493685
2024-10-22,2.9006534305921643,3.2726798852777015,3.420405836310541,3.08822192058913,3.152592678977822,3.2121804474125377,2.9681976204271123,3.2726798852777015
2024-10-23,2.860236050000884,3.2225300621899775,3.3679922934061954,3.040898690575134,3.104283045692385,3.1629577043363644,2.9227136162556526,3.2225300621899775
2024-10-24,2.881372784934446,3.2486607926716102,3.395302542553539,3.065556615426692,3.1294549392171156,3.1886053767247637,2.9464132064247113,3.2486607926716102
2024-10-25,2.897381959972829,3.2684568129403453,3.4159921381255045,3.0842368731596133,3.1485245673994684,3.2080354436646643,2.964367452582398,3.2684568129403453
2024-10-28,2.897901759444353,3.268984671555799,3.416543823824178,3.084734980094712,3.149033056853051,3.208553544176476,2.964846200501912,3.268984671555799
2024-10-29,2.9232715124555106,3.3003943950194206,3.449371355149551,3.1143743581947083,3.179290236812993,3.239382620989749,2.993333638843314,3.3003943950194206
2024-10-30,2.9031983156615926,3.2754513972759907,3.423302451973135,3.0908372219343043,3.155262493546247,3.214900724666271,2.9707112776153126,3.2754513972759907
2024-10-31,2.836539584356478,3.192769820619503,3.336888700165811,3.0128158246665513,3.0756148217937533,3.1337476167524874,2.895722195979507,3.192769820619503
2024-11-01,2.8556684893344326,3.2163930701174355,3.361578282797719,3.0351075976148456,3.0983712434516963,3.1569341619697466,2.9171475951644226,3.2163930701174355
2024-11-04,2.848189633480111,3.2070234271328335,3.3517857021995225,3.0262660555552907,3.089345408688335,3.1477377281450494,2.9086496812265956,3.2070234271328335
2024-11-05,2.881283900124089,3.2479346056746268,3.3945435761010265,3.064871358487075,3.128755398812764,3.1878926141709405,2.9457545821192523,3.2479346056746268
2024-11-06,2.952536575112865,3.336159206327693,3.486750559233539,3.1481233584451767,3.2137426997021077,3.2744862765921923,3.0257709781314586,3.336159206327693
2024-11-07,2.994870325256566,3.3886846983055467,3.5416470066753845,3.1976883575902035,3.2643408294532055,3.3260407714515843,3.073409624673633,3.3886846983055467
2024-11-08,2.9980865129829812,3.3926439430420388,3.5457849683089067,3.2014244475265325,3.268154794279615,3.32992682477024,3.0770005108028906,3.3926439430420388
2024-11-11,2.9965903726050027,3.390664320673793,3.5437159874921456,3.1995564025583683,3.2662478118664104,3.3279837981109126,3.075205067738262,3.390664320673793
2024-11-12,2.9916865512944555,3.384527125187526,3.537301764288025,3.1937651176493578,3.2603358136760288,3.321960056090919,3.069638862158431,3.384527125187526
2024-11-13,2.9882154111423422,3.380172444170324,3.5327505167206987,3.1896558793963306,3.256140922646242,3.3176858766085013,3.0656893301888903,3.380172444170324
2024-11-14,2.9693483427224434,3.356680803352237,3.50819848347108,3.1674882972715466,3.2335112804397315,3.2946285071257866,3.0443832951288017,3.356680803352237
2024-11-15,2.9049994642471653,3.2767052394747025,3.4246128915286733,3.0920203938602966,3.156470327454486,3.216131388078529,2.9718484653516843,3.2767052394747025
2024-11-18,2.9234583871142563,3.299470286468358,3.4484055331344914,3.1135023351480196,3.17840003735726,3.2384755957006695,2.992495507129113,3.299470286468358
2024-11-19,2.941792168250721,3.3221698342426764,3.472129718942631,3.13492246894707,3.200266651458856,3.260755514935601,3.0130831435770284,3.3221698342426764
2024-11-20,2.940281370707562,3.3202561179212156,3.4701296191148376,3.1331166153650223,3.1984231567462142,3.2588771759702335,3.0113474748191136,3.3202561179212156
2024-11-21,2.9499378032649535,3.332199961591201,3.4826125976000166,3.1443872685088476,3.2099287348756977,3.270600223273537,3.022180092002201,3.332199961591201
2024-11-22,2.9542753146388847,3.3375450640336997,3.488198973362658,3.1494311050921246,3.215077704961166,3.2758465150457474,3.0270278989698594,3.3375450640336997
2024-11-25,2.958621625116326,3.342823853601964,3.4937160429450422,3.15441236639184,3.2201627954466847,3.2810277198172444,3.0318155626536014,3.342823853601964
2024-11-26,2.9731087990171225,3.360772063596023,3.5124744196781816,3.17134896192883,3.237452416616959,3.2986441354857385,3.0480939143600874,3.360772063596023
2024-11-27,2.9518382373993006,3.3343111926392917,3.4848191277990668,3.146379504300522,3.211962496740335,3.2726724256674085,3.0240948991916565,3.3343111926392917
2024-11-29,2.975503894283637,3.3636094816410966,3.5154399163297434,3.1740264546601207,3.2401857188859466,3.301429100433433,3.0506673458550018,3.3636094816410966
2024-12-02,3.0050798937189738,3.400232292039923,3.5537158488441785,3.2085850946224395,3.2754646975805386,3.33737489397762,3.0838828580620334,3.400232292039923
2024-12-03,3.0134961152980893,3.4106576522554324,3.5646118008397227,3.2184228505521926,3.2855075112510645,3.3476075288259413,3.0933382678388885,3.4106576522554324
2024-12-04,3.047430720909898,3.452823486650837,3.608680964679347,3.2582120932048606,3.3261261190825064,3.3889938768775965,3.1315810944223212,3.452823486650837
2024-12-05,3.0397777551315737,3.443255311870981,3.5986808907316683,3.249183209192066,3.316909037418684,3.379602581357512,3.1229031196099486,3.443255311870981
2024-12-06,3.0645660027367834,3.4740712706723635,3.6308878553693997,3.2782622889708466,3.346594240224481,3.4098488699650127,3.1508520357251224,3.4740712706723635
2024-12-09,3.0429436097231735,3.447016838467118,3.602612209398288,3.2527327249700453,3.320532539143404,3.3832945715942864,3.126314682819064,3.447016838467118
2024-12-10,3.0335395334394417,3.4352713231786614,3.5903365116669463,3.241649221830737,3.309218011964689,3.3717661863329935,3.115661942021921,3.4352713231786614
2024-12-11,3.0829911357062962,3.4967710218604076,3.654612253773185,3.2996826147186207,3.368461050275771,3.4321289888533215,3.1714398566616397,3.4967710218604076
2024-12-12,3.0649160950239374,3.4742034895933833,3.6310260425386245,3.2783870556405246,3.346721607524993,3.4099786446596863,3.1509719533157523,3.4742034895933833
2024-12-13,3.0862962952643174,3.500796579471134,3.6588195215869646,3.303481279938511,3.3723388947021293,3.4360801291726903,3.1750908860748135,3.500796579471134
2024-12-16,3.1268350990751603,3.551209416504824,3.711507950660245,3.351052699650806,3.4209018909407387,3.485561024064576,3.220813434007326,3.551209416504824
2024-12-17,3.1143369730227097,3.5355713761815593,3.6951640226669284,3.336296065756176,3.4058376704349493,3.4702120717920937,3.206630319342043,3.5355713761815593
2024-12-18,3.0121240580214823,3.4080185625918875,3.561853584941999,3.21593250782542,3.282965259932845,3.345017225920258,3.0909447127299194,3.4080185625918875
2024-12-19,2.999947709629221,3.392841254354943,3.5459911860845184,3.2016106377874367,3.268484559049901,3.3301204885453686,3.077179464745831,3.392841254354943
2024-12-20,3.0238184375465034,3.4224700906592975,3.5769574425382578,3.2295695048212316,3.296988425631991,3.3592016000480776,3.1040517053857513,3.4224700906592975
2024-12-23,3.050719336122207,3.45581366840312,3.611806120660275,3.2610337394268116,3.3291094922822375,3.3919287815109835,3.134293076856564,3.45581366840312
2024-12-24,3.088394916469433,3.5026740881496083,3.6607817793899557,3.3052529666479407,3.374251818564676,3.4379229298370553,3.1767937158617565,3.5026740881496083
2024-12-26,3.0865481908451002,3.500294147571261,3.6582944103439115,3.3030071665937357,3.371959136281807,3.4355869853329315,3.174635199230421,3.500294147571261
2024-12-27,3.049241995561289,3.453764478541045,3.6096644321329374,3.2591000479955246,3.327135434049962,3.38991747339692,3.132434538690404,3.453764478541045
2024-12-30,3.012430097045342,3.407830608310315,3.5616571465660547,3.215755147205755,3.282885686211837,3.3448327462004452,3.0907742452626246,3.407830608310315
2024-12-31,2.9891733151015343,3.378881377260001,3.531401172162131,3.1884375808541057,3.25499785164337,3.3164186766283588,3.0645183810385417,3.378881377260001
2025-01-02,2.983913406583205,3.3722722619325576,3.524493727061701,3.182200974908706,3.2486310533482676,3.309931738775069,3.058524161904463,3.3722722619325576
2025-01-03,3.02838114468331,3.4274598293248415,3.5821724137091526,3.234278006986159,3.301795220195989,3.364099097371681,3.108577210767517,3.4274598293248415
2025-01-06,3.0601461491686783,3.466851710757261,3.623342410738443,3.2714496449089814,3.3397428351367338,3.4027627723290848,3.1443041662995377,3.466851710757261
2025-01-07,3.0104851440647407,3.4049881049221256,3.5586863350233693,3.2130728557564,3.280147400551939,3.3420427899183403,3.0881962015526865,3.4049881049221256
2025-01-08,3.0109945920796486,3.4055832934804373,3.559308389880526,3.213634497718674,3.280720767078407,3.342626975697748,3.0887360151991214,3.4055832934804373
2025-01-10,2.9680889526411347,3.3521796644532906,3.5034941670393827,3.163240855938262,3.2292751321640845,3.290210577212347,3.040300931366564,3.3521796644532906
2025-01-13,2.9594994443534275,3.3414066701823626,3.4922348890865997,3.153075059641617,3.218897119652715,3.2796367347437223,3.0305302305706534,3.3414066701823626
2025-01-14,2.9569722494189588,3.3382338229053485,3.488918822216497,3.1500810434667885,3.2158406018537242,3.27652254137831,3.0276525773727414,3.3382338229053485
2025-01-15,3.01890939081536,3.4150345053686224,3.5691862213323517,3.2225530112159846,3.2898254591219067,3.351903470526391,3.097307909065937,3.4150345053686224
2025-01-16,2.999692727140522,3.3911085762484183,3.5441802963807416,3.1999756185684887,3.2667767518162987,3.3284198410850174,3.07560799084278,3.3911085762484183
2025-01-17,3.045797179031816,3.448345536916502,3.604000884151176,3.2539865340259517,3.321915172852046,3.38459870744907,3.1275197623605955,3.448345536916502
2025-01-21,3.062176112714377,3.4685693362481658,3.625137568364495,3.273070459922462,3.341397485495414,3.404448645439584,3.14586198804612,3.4685693362481658
2025-01-22,3.097836749528332,3.512918410150186,3.671488521261486,3.314919888214598,3.3841205420800486,3.447977873180364,3.186084930783751,3.512918410150186
2025-01-23,3.103861965951574,3.520387355291704,3.679294608153166,3.32196786141035,3.391315645333244,3.4553087458557847,3.192858983234125,3.520387355291704
2025-01-24,3.087931251647179,3.500492679366516,3.658501903693394,3.3031945085469765,3.372150389094464,3.4357818470283195,3.174815260104968,3.500492679366516
2025-01-27,3.0062116722650853,3.3985771145624875,3.551985958081132,3.2070232078667953,3.2739714631579924,3.3357503144536853,3.0823816743159522,3.3985771145624875
2025-01-28,3.04667505946111,3.4488076928988955,3.6044839014565273,3.254422641523657,3.322360384317574,3.3850523199202978,3.1279389204619963,3.4488076928988955
2025-01-29,3.041499264866522,3.442330999906196,3.597714856120967,3.248310994196658,3.3161211532161596,3.378695356415058,3.1220648034071483,3.442330999906196
2025-01-30,3.053327115492194,3.457003231864846,3.6130493799920083,3.2621562555564703,3.3302554415121715,3.3930963544562935,3.135371966195031,3.457003231864846
2025-01-31,3.0493207103470032,3.45198013334846,3.60779954313534,3.2574162738010397,3.3254165102050632,3.388166113978957,3.130816204682706,3.45198013334846
2025-02-03,3.0272052269117156,3.424353294922063,3.578925653019308,3.231346566094894,3.2988025839717183,3.3610499910069827,3.105759700853522,3.424353294922063
2025-02-04,3.061051832616241,3.4663883342925206,3.622858117859222,3.2710123857189415,3.339296447936702,3.402307961937599,3.1438839012665314,3.4663883342925206
2025-02-05,3.073723201238268,3.482117910791876,3.639297713892771,3.285855396538733,3.35444931422471,3.4177467582294705,3.15815003580225,3.482117910791876
2025-02-06,3.088355060001317,3.500294147571262,3.658294410343912,3.303007166593737,3.3719591362818075,3.4355869853329324,3.1746351992304223,3.500294147571262
2025-02-07,3.0529379458681754,3.456144012291945,3.612151375987693,3.261345464152286,3.3294277244213304,3.392253018594292,3.134592686344539,3.456144012291945
2025-02-10,3.086662100716351,3.4979813335220475,3.6558771978607045,3.3008247096179844,3.3697311193966604,3.433316926443027,3.1725375638374067,3.4979813335220475
2025-02-11,3.0800063902278882,3.489653575635078,3.647173532155999,3.292966328915493,3.3617086909641256,3.4251431172123574,3.1649846005137423,3.489653575635078
2025-02-12,3.0816837123607175,3.491702765497153,3.6493152206833366,3.2949000203467804,3.363682749196401,3.4271544253264214,3.1668431386799027,3.491702765497153
2025-02-13,3.122057672960419,3.5419333438335614,3.7018131640587324,3.342299454003642,3.412071670355983,3.4764564307930343,3.2124003848259473,3.5419333438335614
2025-02-14,3.1340180723424753,3.5568045144149143,3.717355606470546,3.3563324412141395,3.4263976033761527,3.49105268983641,3.2258879774655775,3.5568045144149143
2025-02-18,3.1406107970616914,3.5648674276323966,3.725782472645513,3.36394090467983,3.434164897421312,3.49896655037098,3.233200736630781,3.5648674276323966
2025-02-19,3.141437633392898,3.565858866126317,3.7268186638190532,3.364876462753693,3.43511998575009,3.499939660927655,3.234099934071903,3.565858866126317
2025-02-20,3.129336047003564,3.550724071357824,3.7110006974513703,3.3505947099987297,3.4205400940770483,3.485084651108438,3.220373244205417,3.550724071357824
2025-02-21,3.0702637754133963,3.4770293130561556,3.633979421238426,3.281053607294633,3.349547285165885,3.4127522293649273,3.153534868960415,3.4770293130561556
2025-02-24,3.0373764662564726,3.435985712179618,3.591083147572052,3.242323345744448,3.310008509529679,3.372467368990986,3.1163098659885273,3.435985712179618
2025-02-25,3.0025823192491172,3.3926947964732013,3.545838117220148,3.2014724347071812,3.2683048147600426,3.3299767381143472,3.077046632953136,3.3926947964732013
2025-02-26,3.009213328186441,3.400890538852877,3.5544038083512746,3.209206240688718,3.2762000679103913,3.3380209723037204,3.084479863174772,3.400890538852877
2025-02-27,2.933194481007137,3.306443105535468,3.455693099248113,3.1200821454093983,3.185215461404112,3.2453195137910016,2.9988195918817264,3.306443105535468
2025-02-28,2.9702382294819167,3.3586567642734413,3.5102636375662337,3.1693528871627077,3.2355147551770003,3.296567940024341,3.031170269944687,3.3586567642734413
2025-03-03,2.9214208445073893,3.285161148008201,3.4334504924897065,3.099999702258018,3.164713786945746,3.2244309789363466,2.9850467312708693,3.285161148008201
2025-03-04,2.914868122666656,3.2752473733101732,3.423089218541239,3.0906446973655575,3.15522349828402,3.2147004723297234,2.97884188506422,3.2752473733101732
2025-03-05,2.943543277641632,3.3179435072857273,3.4677126192272762,3.1309343503379954,3.1954271194541,3.2566073167337075,3.0061252724913605,3.3179435072857273
2025-03-06,2.882691318018461,3.2266687178316076,3.372317764398572,3.044804079284781,3.1092329658051145,3.1670198519330244,2.9483390704107464,3.2266687178316076
2025-03-07,2.8987233196011712,3.2503963185702824,3.3971164085963443,3.0671943219277593,3.129488330883933,3.190308819332387,2.96361532013382,3.2503963185702824
2025-03-10,2.8144260827812237,3.124422809138755,3.2654565634588923,2.948321053879127,3.016314101231143,3.066664082275083,2.8835137186414723,3.124422809138755
2025-03-11,2.8094418938507375,3.1169540674109615,3.257650689162857,2.9412732726320976,3.010070513451391,3.0593334092530386,2.878786112979168,3.1169540674109615
2025-03-12,2.8333690435944874,3.152115757025662,3.2943995471595366,2.9744531449201124,3.0388400501755637,3.0938450925943943,2.9016158749785905,3.152115757025662
2025-03-13,2.79509022044102,3.0954078754553804,3.235131920661646,2.9209414880900844,2.9916066023334604,3.0381855246624125,2.8651728261105966,3.0954078754553804
2025-03-14,2.846005806168877,3.1702250706896398,3.3133262996434847,2.9915417638453863,3.0560998380495956,3.1116196337370132,2.9137460750627837,3.1702250706896398
2025-03-17,2.86012913385325,3.1907800275650255,3.3348090895668,3.0109381822622594,3.073835829820572,3.1317946074243403,2.9272652921511795,3.1907800275650255
2025-03-18,2.8235184199450973,3.1363853668714077,3.2779591007434066,2.9596093663054295,3.025001575909526,3.0784054976890163,2.892432483986242,3.1363853668714077
2025-03-19,2.8520287206289723,3.1783549070225297,3.321823109785643,2.999213378440806,3.062092397153386,3.119599180232425,2.9196236290607356,3.1783549070225297
2025-03-20,2.8448333083506996,3.167581505924152,3.31056340664157,2.9890471982467153,3.0524380073576647,3.1090249384570474,2.9127944668679437,3.167581505924152
2025-03-21,2.851969978477294,3.178024359719981,3.3214776418625807,2.9989014617666103,3.06185947879609,3.119274743495741,2.9196146366720552,3.178024359719981
2025-03-24,2.8993025499847813,3.2477637381459252,3.3943649957592568,3.0647101215601076,3.125413441831756,3.187724905334748,2.964757764153759,3.2477637381459252
2025-03-25,2.911833325448675,3.266297372839513,3.413735222758594,3.082199145520687,3.1430066054072765,3.205915923420581,2.976700649189767,3.266297372839513
2025-03-26,2.871595572294522,3.206195329859803,3.350920225328883,3.0254846323056617,3.085157475785622,3.1469249392496406,2.9384597885154355,3.206195329859803
2025-03-27,2.859362700207919,3.187926336421979,3.33182658526364,3.008245333633161,3.0685615748195496,3.1289936702065315,2.926838480799139,3.187926336421979
2025-03-28,2.802793320291774,3.1039951892549964,3.2441068584093204,2.9290447953625893,2.9937106594232423,3.0466140916013944,2.872997089829341,3.1039951892549964
2025-03-31,2.8029375702759447,3.1038627669202525,3.2439684586444506,2.9289198367441887,2.9936235555946604,3.0464841172533443,2.8732023195040783,3.1038627669202525
2025-04-01,2.820018472881319,3.1288834687064964,3.2701185733572413,2.9525302974166188,3.0150692063754896,3.0710422811666147,2.889512402567664,3.1288834687064964
2025-04-02,2.8355850456081035,3.151719507090052,3.2939854108431503,2.974079228808522,3.034918574308218,3.0934561678171253,2.9043724845348806,3.151719507090052
2025-04-03,2.721434759603152,2.982996569287114,3.117646464960681,2.8148660172221356,2.8877412510601674,2.9278522771712145,2.795633268263544,2.982996569287114
2025-04-04,2.5943182927519755,2.7977263318117473,2.924013288551919,2.6400381609511787,2.7407930898276374,2.7460069836602203,2.674183482343709,2.7977263318117473
2025-04-07,2.599244061962947,2.8044778367464427,2.931069550603822,2.6452643629297237,2.7455725915163294,2.7508142506060387,2.6789690062177756,2.8044778367464427
2025-04-08,2.566748145915616,2.7539734635366626,2.8782854534903093,2.60216778040261,2.7141315808505344,2.713228828874808,2.6452882311908077,2.7539734635366626
2025-04-09,2.780291214972712,3.0845350050456513,3.2237682582471856,2.8820364984566615,2.9225618266870006,2.949850858787463,2.8676394506196026,3.0845350050456513
2025-04-10,2.713867722813276,2.9533427130946297,3.0866540592426124,2.8125326022722454,2.8690928362802888,2.8413304384174,2.7823592969286475,2.9533427130946297
2025-04-11,2.7383847534778556,3.0077528332313204,3.1435202053350224,2.840855421062076,2.891583382026115,2.8814716272121075,2.818335710862279,3.0077528332313204
2025-04-14,2.7479684613452102,3.028139566956425,3.164827178659955,2.8518234375758773,2.9019896615718412,2.8976333192520514,2.831993331178515,3.028139566956425
2025-04-15,2.7496301341579166,3.03151521771691,3.162019103462777,2.8537090501998486,2.9038344835019783,2.9003627110451187,2.834298997525967,3.03151521771691
2025-04-16,2.7090816694516464,2.9401045478947276,3.162376204098018,2.806527679897667,2.8526197455621065,2.8157279439595237,2.774570281428528,2.9401045478947276
2025-04-17,2.7086317875202663,2.9395752653832012,3.1627330955833686,2.8063810136449456,2.8519868029067434,2.8151937512631386,2.774314581136775,2.9395752653832012
2025-04-21,2.6655034526208277,2.8668302457619013,3.1641627281635523,2.7691735570567664,2.7973592906602045,2.7454766176918133,2.726632053528476,2.8668302457619013
2025-04-22,2.7109352199614962,2.9420902726747133,3.1645204868385948,2.808567502780498,2.8509225060943586,2.8170229464412366,2.776830221003879,2.9420902726747133
2025-04-23,2.7508656838097734,3.0088116016680977,3.1648778699659914,2.8429475716282258,2.89793114947373,2.8808880133321475,2.8210057701349864,3.0088116016680977
2025-04-24,2.8011109142242394,3.093470766555585,3.1652343780059864,2.8855979921765598,2.95673772734691,2.961947782314644,2.8766635022630105,3.093470766555585
2025-04-25,2.8214488176214525,3.1279567157770147,3.165590593242381,2.9026280358200256,2.981541695098942,2.994967515981357,2.899208914483051,3.1279567157770147
2025-04-28,2.821204308884102,3.126963853387022,3.1666594795002245,2.9026084675787276,2.9809122447983274,2.9940168664436353,2.8988584186255784,3.126963853387022
2025-04-29,2.833385187439167,3.147615838609063,3.167015605304543,2.912918994106633,2.997236513463069,3.0137908053119604,2.9123580476541475,3.147615838609063
2025-04-30,2.833265795657788,3.147218571604831,3.1673717711591385,2.9128769050443655,2.996891556375588,3.013410428637678,2.9121990034471534,3.147218571604831
2025-05-01,2.857347197841624,3.188323400012487,3.1677275605643826,2.9332326171437515,3.030771104290898,3.052767631123882,2.9389218596420497,3.188323400012487
2025-05-02,2.8895901669631887,3.2356504508433113,3.1680853058806298,2.9564637146379527,3.070568167870367,3.0980825100512606,2.9816651504380194,3.2356504508433113
2025-05-05,2.8766807653356294,3.2164551113034525,3.169158784258075,2.946947731838613,3.0549331105459503,3.079703285655303,2.963976566387816,3.2164551113034525
2025-05-06,2.856249013640878,3.186536613855204,3.169516857854125,2.929833222912634,3.0318817623869174,3.0510568125335618,2.9364065483805675,3.186536613855204
2025-05-07,2.8649186168738674,3.1990467613346008,3.1698753885943156,2.9370637257078327,3.0415821028607155,3.063035074614987,2.947934700550539,3.1990467613346008
2025-05-08,2.8876647031259814,3.232076471701296,3.1702339598909375,2.9562192670946597,3.068081199066991,3.0946604833399767,2.9783717140121655,3.232076471701296
2025-05-09,2.885697663092726,3.2299581211728423,3.170592571748578,2.9531837075050826,3.065604232085767,3.09263219727445,2.9764196453190053,3.2299581211728423
2025-05-12,2.9962431395341103,3.361547273300646,3.171684904926645,3.073497013612943,3.1904931998444743,3.2186266632753653,3.0976795882689303,3.361547273300646
2025-05-13,3.0392454652490994,3.412779867644656,3.172049516261333,3.1203394980148795,3.239118797099413,3.2676810363892352,3.1448906339127047,3.412779867644656
2025-05-14,3.0564100864026913,3.43323271083027,3.172414169511101,3.1390397414861413,3.258530886769987,3.287264300007114,3.1637380127258345,3.43323271083027
2025-05-15,3.0595924134672,3.4370060354224368,3.1727766138433107,3.142489730709119,3.2621122037866277,3.2908771967341663,3.1672151468009386,3.4370060354224368
2025-05-16,3.0721472158973744,3.451965487560286,3.1731373483354095,3.1561673106248165,3.2763104364571274,3.305200628060359,3.1810003432511436,3.451965487560286
2025-05-19,3.074981173750264,3.4552750288602616,3.174220548721303,3.1591932580457245,3.2794515700345257,3.3083694598527655,3.1840500991218685,3.4552750288602616
2025-05-20,3.0653539595761887,3.4437573369434076,3.1745823651834346,3.148662514661174,3.268519961834191,3.2973414577784177,3.173436498819952,3.4437573369434076
2025-05-21,3.02527919861939,3.3959008001873325,3.1749431380961237,3.104906794201758,3.223098629728858,3.2515196047173185,3.1293365040788466,3.3959008001873325
2025-05-22,3.03062771517239,3.402255241531521,3.175303701603042,3.110716724839849,3.22912972203521,3.2576038786179327,3.1351921478185867,3.402255241531521
2025-05-23,3.0042310743855376,3.3707478794800694,3.175664139124046,3.081909221836366,3.199225628414807,3.2274360935643855,3.1061579845681773,3.3707478794800694
2025-05-27,3.0708336778384497,3.4500456688270864,3.1770972780190467,3.1544120007441454,3.2744883086941603,3.303362432949313,3.1792312224209103,3.4500456688270864
2025-05-28,3.058043825869218,3.4347550591455156,3.1774575015107542,3.140431640103111,3.259975769603009,3.288721923678558,3.165140862937052,3.4347550591455156
2025-05-29,3.0637219059513465,3.441506360666486,3.1778181835155532,3.146604424055165,3.266383527650572,3.295186184722809,3.1713622149560656,3.441506360666486
2025-05-30,3.0591945338360964,3.436078875665506,3.1781790735279913,3.141642019071474,3.2612322230339683,3.2899894563955203,3.166360765285342,3.436078875665506
2025-06-02,3.081998815928536,3.4632183348076535,3.179261989491512,3.1664559038223965,3.286990676746106,3.315975045685186,3.1913698881047696,3.4632183348076535
2025-06-03,3.1046958452445703,3.4902902605932185,3.1796232942164204,3.1912080421354734,3.312685033571477,3.3418959728878774,3.216316778659349,3.4902902605932185
2025-06-04,3.112863566340953,3.5000207595253405,3.179985057876843,3.200104736716084,3.321920391027434,3.351212766841261,3.2252834733017575,3.5000207595253405
2025-06-05,3.0908302146311106,3.4736758343916567,3.1803461939711113,3.176017302526075,3.296916041049366,3.325987930900159,3.2010065168272006,3.4736758343916567
2025-06-06,3.119289492367122,3.50763209427411,3.180707371077924,3.207063857834432,3.329144419066714,3.358500495667829,3.232297349464681,3.50763209427411
2025-06-09,3.12367405956283,3.512795548260501,3.1817931556102494,3.2117848565641385,3.334045128023609,3.3634444186068855,3.2370554934734384,3.512795548260501
2025-06-10,3.143141019823326,3.536029057062014,3.1821560024887705,3.233027491015352,3.3560963877005165,3.385690124179417,3.258465267047036,3.536029057062014
2025-06-11,3.133193425642173,3.5241143015546528,3.1825188907458006,3.222133708333591,3.3447879206960587,3.3742819401961093,3.2474857710192655,3.5241143015546528
2025-06-12,3.140137808072469,3.532387544563418,3.182882489529713,3.229698018936121,3.352640175450819,3.382203435381159,3.2551095983563347,3.532387544563418
2025-06-13,3.103051759901146,3.488039691143746,3.1832446240071532,3.1891503234959577,3.3105489855136816,3.339741089362913,3.214242869688624,3.488039691143746
2025-06-16,3.1437415674562117,3.5365583395735407,3.1843332833286353,3.233511419422802,3.356598737397406,3.3861969035478157,3.258953003050455,3.5365583395735407
2025-06-17,3.1149081100428178,3.5020723903521116,3.1846937412265235,3.2019805637405026,3.3238676235573448,3.353177169881103,3.2271740595163934,3.5020723903521116
2025-06-18,3.1144302247254694,3.501476794966351,3.1850546585769735,3.201436004794687,3.32330233535116,3.3526068970176635,3.2266252159276116,3.501476794966351
2025-06-20,3.1025014880733557,3.4871792510884974,3.185771925663289,3.1883636143631713,3.3097323293961405,3.338917232049952,3.213449970651552,3.4871792510884974
2025-06-23,3.132589710664565,3.523036208814035,3.186838826163396,3.2211479971270274,3.3437646872627336,3.3732496839883814,3.246492304140665,3.523036208814035
2025-06-24,3.1776993052826703,3.5769103337862855,3.2323849957456092,3.270405659968294,3.394897399492232,3.4248332795765095,3.2961375310835925,3.5769103337862855
2025-06-25,3.1853666861161702,3.586054594363981,3.2406484879582425,3.27876635083243,3.4035763496359546,3.4335887598712755,3.304564004679939,3.586054594363981
2025-06-26,3.2134219844963345,3.6195853127344773,3.270949552520472,3.309423829189064,3.435400840041507,3.465693875584876,3.335462699070244,3.6195853127344773
2025-06-27,3.223798647232038,3.631977683667305,3.2821482995191382,3.3207543005336575,3.4471626187632194,3.47755936854474,3.346882319669893,3.631977683667305
2025-06-30,3.2435160145200537,3.655501667267611,3.303406470547794,3.342262519060904,3.469489572278389,3.5000831989973915,3.3685597669609706,3.655501667267611
2025-07-01,3.2178029034710955,3.624687742603475,3.275560520146528,3.314089032944814,3.440243630124818,3.470579368927269,3.340164609104741,3.624687742603475
2025-07-02,3.2389206730257842,3.6499350472789738,3.298376023248535,3.337172901536592,3.464206212630013,3.4947532511897093,3.363430103828933,3.6499350472789738
2025-07-03,3.268941599452168,3.6858514018121076,3.330832941275857,3.3700115914084323,3.498294944866895,3.5291425746022247,3.3965271717196597,3.6858514018121076
2025-07-07,3.24585094947937,3.658085835225503,3.305741733373557,3.3446252502247162,3.4719422435117804,3.5025574976507867,3.37094108832432,3.658085835225503
2025-07-08,3.2475892280559986,3.6601411274993167,3.3075990614270436,3.3465044249475713,3.4738929511741055,3.5045254064664273,3.3728350485774117,3.6601411274993167
2025-07-09,3.269249486513246,3.68605074726226,3.3310130859207914,3.370193854990024,3.4984841465206045,3.5293334446179934,3.3967108693689108,3.68605074726226
2025-07-10,3.264845680183975,3.68074937877056,3.3262223412919343,3.365346759619176,3.493452540909409,3.524257470790477,3.391825636578325,3.68074937877056
2025-07-11,3.257951402984042,3.6724655582481134,3.3187364121895793,3.3577727778878272,3.485590246883228,3.5163258478086723,3.384192062019051,3.6724655582481134
2025-07-14,3.2691384684390083,3.6857850889378736,3.3307730156082567,3.369950960870067,3.4982320063576005,3.5290790811071835,3.396466064134297,3.6857850889378736
2025-07-15,3.2719819978491205,3.689165011386576,3.333827386445226,3.373041258494271,3.5014399397025326,3.5323153017010758,3.3995806765220022,3.689165011386576
2025-07-16,3.2751568493017698,3.692941997425786,3.337240576003534,3.3764945954156858,3.5050247318515884,3.535931704203928,3.403061184635562,3.692941997425786
2025-07-17,3.300126729763228,3.7228283555055413,3.364248302342657,3.4038199979276373,3.533390307126676,3.56454740440476,3.4306015860830334,3.7228283555055413
2025-07-18,3.297162968836065,3.719249901261585,3.3610145221450183,3.400548180654828,3.5299939443796817,3.561121092856388,3.427304025832401,3.719249901261585
2025-07-21,3.3133196140908763,3.7385335223579386,3.378440759226426,3.418179392425083,3.548296308432377,3.5795848454021852,3.4450739616987005,3.7385335223579386
2025-07-22,3.2972001749515507,3.7191835883873505,3.3609545964774177,3.4004875501164618,3.5299310058703863,3.5610575993613462,3.4272429182470376,3.7191835883873505
2025-07-23,3.3113777579364143,3.736147479367852,3.3762845381192013,3.415997808943384,3.546031680475224,3.577300248172626,3.442875213305117,3.736147479367852
2025-07-24,3.318033624764665,3.7440993286916777,3.383470471241421,3.4232682660164095,3.553578895829106,3.584914014148579,3.4502028750444147,3.7440993286916777
2025-07-25,3.325573436385639,3.753111777175803,3.391614847403118,3.431508439736799,3.5621327412058856,3.5935432865145507,3.4585078832563587,3.753111777175803
2025-07-28,3.33542218494384,3.7648406125388387,3.4022139700836456,3.4422322337312394,3.573264748708823,3.604773454993356,3.469316053109216,3.7648406125388387
2025-07-29,3.3305816433204236,3.7590091478807133,3.396944187756116,3.436900466019956,3.56773002114909,3.5991899227361523,3.4639423345288884,3.7590091478807133
2025-07-30,3.334804511467203,3.7640460785303747,3.401495964998835,3.4415057831703253,3.5725106449747526,3.6040127016447916,3.4685838867643453,3.7640460785303747
2025-07-31,3.318192999024348,3.7440993286916777,3.383470471241421,3.4232682660164095,3.5535788958291055,3.584914014148579,3.450202875044415,3.7440993286916777
2025-08-01,3.256690947336073,3.670345173582413,3.31682026139489,3.355834088526086,3.4835777590890786,3.514295614089924,3.382238118860082,3.670345173582413
2025-08-04,3.3133158880310356,3.738069332238299,3.3780212795532223,3.417754978656521,3.547855738867311,3.579140390936895,3.44464620860116,3.738069332238299
2025-08-05,3.2921629271497395,3.712688994986882,3.355085557473882,3.394549477021518,3.5237668932177018,3.5548391321537274,3.42125812381308,3.712688994986882
2025-08-06,3.3311768475533468,3.759407025126119,3.3973037417617196,3.437264249250152,3.5681076522048603,3.5995708837064,3.4643089800410665,3.759407025126119
2025-08-07,3.341810055796765,3.77213014677522,3.408801381814124,3.44889712935359,3.5801833512214007,3.611753065080183,3.4760333887812074,3.77213014677522
2025-08-08,3.3711731587885527,3.8073170596917763,3.4405991174978383,3.4810688833034034,3.613579759856036,3.645443960047242,3.508458273232941,3.8073170596917763
2025-08-11,3.361850705812863,3.7960520076209314,3.4304191068483827,3.4707691311110325,3.602887935792341,3.634657856503083,3.498077481584463,3.7960520076209314
2025-08-12,3.4016441742886707,3.8437635103913346,3.473535073223832,3.5143922455156784,3.6481716140414546,3.680340841889444,3.5420438269134094,3.8437635103913346
2025-08-13,3.4032674374897334,3.845685770089231,3.4752721822999852,3.5161497871953085,3.649996058559366,3.6821813741843576,3.5438151971026137,3.845685770089231
2025-08-14,3.400805581432711,3.842703724885934,3.47257736546862,3.5134232728013006,3.6471657562702045,3.6793261145607143,3.5410672302270867,3.842703724885934
2025-08-15,3.3867508380345273,3.825804926297319,3.4573062465680393,3.4979725286132655,3.63112686179719,3.663145790652542,3.5254949180748847,3.825804926297319
2025-08-18,3.3855474470400253,3.8242813574997276,3.455929426781755,3.496579514096818,3.6296808205866977,3.6616869983891664,3.5240909431841825,3.8242813574997276
2025-08-19,3.3423347178602736,3.772395398272158,3.4090410844845267,3.4491396515070543,3.5804351052585814,3.6120070390603485,3.47627781912266,3.772395398272158
2025-08-20,3.3236778680678074,3.7499975130514875,3.3888005468786844,3.428661036232552,3.559176948023958,3.5905614294314687,3.4556380761032686,3.7499975130514875
2025-08-21,3.3092152807590924,3.732635337998131,3.3731106835891644,3.4127866222089405,3.5426982562375255,3.573937430119295,3.439638760639849,3.732635337998131
2025-08-22,3.357290318565822,3.790220949790256,3.4251496921629863,3.465437735366242,3.5973535943584323,3.629074713776523,3.4927041378972965,3.790220949790256
2025-08-25,3.348239062376041,3.7792866484356837,3.4152685745672686,3.4554403919327155,3.586975690589565,3.618605298646282,3.48262813438931,3.7792866484356837
2025-08-26,3.3609150324036436,3.794461719121656,3.4289819937523656,3.4693151140897256,3.6013785699467293,3.6331351812140205,3.496612024215235,3.794461719121656
2025-08-27,3.365797926989264,3.800292776952332,3.4342514084377624,3.474646509834516,3.606912911380638,3.6387183239405796,3.501985367902401,3.800292776952332
2025-08-28,3.385651695664196,3.8240828257044734,3.4557500174210856,3.4963979944482126,3.6294923911846357,3.6614969074346857,3.5239079953212538,3.8240828257044734
2025-08-29,3.348785610523309,3.779817558257007,3.4157483475502057,3.455925808206137,3.587479584789749,3.6191136361372576,3.4831173699653752,3.779817558257007
2025-09-02,3.32245623255757,3.7481419730552745,3.3871237311122644,3.426964497057781,3.557415828141165,3.5887847801622406,3.453928188392588,3.7481419730552745
2025-09-03,3.347080919679635,3.777630453889623,3.413771903445783,3.453926116339536,3.5854037723604817,3.617019519392823,3.481101944327881,3.777630453889623
2025-09-04,3.375617643362986,3.811823080520114,3.4446711217576214,3.4851887841803513,3.617856489481514,3.6497584014649047,3.512610589892331,3.811823080520114
2025-09-05,3.380223183920262,3.817323387634517,3.4496416433892803,3.4902177711662974,3.623076910620595,3.6550248557775453,3.5176791454390055,3.817323387634517
2025-09-08,3.395805698707089,3.835943879988528,3.466468623794682,3.507242677552892,3.6407498895803396,3.6728536733729285,3.5348380054516753,3.835943879988528
2025-09-09,3.4048825611605116,3.846811868468866,3.4762898157227986,3.5171793904480526,3.6510648548399116,3.6832595950081277,3.5448529013742984,3.846811868468866
2025-09-10,3.4059526891764644,3.848070999424419,3.4774276681229455,3.5183306267440217,3.6522599142648713,3.6844651923526266,3.546013195709872,3.848070999424419
2025-09-11,3.4246339051142467,3.870469291472539,3.4976685733709205,3.538809613985017,3.673518457625319,3.705911191512151,3.5666533136224254,3.870469291472539
2025-09-12,3.4388932165040997,3.8875654013740597,3.513117998705773,3.554440761922178,3.6897446231229227,3.7222804377828695,3.5824074489580693,3.8875654013740597
2025-09-15,3.4666540935696584,3.920830868247618,3.543179360597599,3.584855718125347,3.721317359491294,3.754131579516304,3.6130617130069216,3.920830868247618
2025-09-16,3.463918091934568,3.9175176655005988,3.5401852830703633,3.5818264230060017,3.7181727507814806,3.7509592419480975,3.6100085830977413,3.9175176655005988
2025-09-17,3.4574319507943305,3.909698848752691,3.5331195689254775,3.5746775989762014,3.710751798572013,3.743472852492872,3.6028035114223314,3.909698848752691
2025-09-18,3.4867963403983078,3.944951667716032,3.56497686263466,3.6069096114978874,3.744210759590119,3.7772268514243277,3.6352891285662654,3.944951667716032
2025-09-19,3.5090344334006063,3.9716566351423372,3.5891096274974825,3.6313262360342398,3.7695568309223355,3.8027964219857466,3.6598978654889587,3.9716566351423372
2025-09-22,3.528651374934922,3.995168820746614,3.610357136904295,3.652823667533188,3.791872586788612,3.8253089560497098,3.681564440878346,3.995168820746614
2025-09-23,3.5066120060398425,3.9686322798843148,3.5863765758843353,3.628561037124956,3.766686371547489,3.7999006511750832,3.657110909724612,3.9686322798843148
2025-09-24,3.4950463933559774,3.9547000670559234,3.573786303414084,3.615822672604193,3.7534631065823283,3.7865607847260665,3.6442723185077908,3.9547000670559234
2025-09-25,3.4808850821335167,3.9376503354836214,3.558378789282339,3.6002339288472385,3.7372809594286482,3.7702359449488125,3.6285609209925846,3.9376503354836214
2025-09-26,3.4943751118438136,3.953837592863428,3.5730069020931436,3.615034103638941,3.7526445198356675,3.7857349797598836,3.64347754500491,3.953837592863428
2025-09-29,3.5096713161080366,3.9721484895285295,3.5895541068356986,3.6317759435243295,3.7700236570434265,3.8032673645348587,3.6603511113214986,3.9721484895285295
2025-09-30,3.5187408840491536,3.983028276004897,3.599385960385659,3.6417234434477885,3.780349819951892,3.813684582558747,3.6703768791458127,3.983028276004897
2025-10-01,3.5346503219679875,4.002135333988259,3.616652640781554,3.659193221760063,3.7984846053970167,3.8319792788048637,3.687984111379919,4.002135333988259
2025-10-02,3.5483491226487116,4.018588249692452,3.6315208239048933,3.6742362906717223,3.81410030596704,3.8477326771267446,3.703145540626858,4.018588249692452
2025-10-03,3.534310506961247,4.001670737041169,3.6162327934662164,3.658768436025007,3.7980436497061265,3.831534434808929,3.687555983389216,4.001670737041169
2025-10-06,3.5593591977100014,4.031724301202582,3.643391620721804,3.686246716765599,3.826567922694835,3.860310232104619,3.7152504659261605,4.031724301202582
2025-10-07,3.5417397876053642,4.010494824416273,3.624206951320557,3.6668363892591174,3.8064187188264422,3.8399833544865314,3.695687416067276,4.010494824416273
2025-10-08,3.579977294305221,4.056469987633105,3.6657538210744147,3.7088719506714543,3.8500544120591655,3.884003823082482,3.738053717381932,4.056469987633105
2025-10-09,3.5759211036160194,4.051560800802521,3.661317483461306,3.7043834309998998,3.845395031742206,3.879303356796192,3.73352988159926,4.051560800802521
2025-10-10,3.459100623101909,3.9109136355162706,3.53421734833318,3.5757882909244283,3.7119047702821675,3.7446359909971285,3.603922942403276,3.9109136355162706
2025-10-13,3.5282576308755766,3.993908469308712,3.6092181815777513,3.651671315337739,3.79067636898618,3.8241021901132783,3.6804030218632877,3.993908469308712
2025-10-14,3.5061583262311853,3.967305208744729,3.5851773272480583,3.6273476824246473,3.7654268291099378,3.798630002212966,3.6558880082310283,3.967305208744729
2025-10-15,3.5294683908198827,3.9953018533225313,3.6104773558816294,3.6529453005764125,3.7919988499330257,3.825436332570438,3.6816870309422347,3.9953018533225313
2025-10-16,3.5171884048141986,3.980507573129094,3.59710804973257,3.639418739056891,3.777957384347028,3.8112710506858822,3.6680540411156946,3.980507573129094
2025-10-17,3.5389489125016933,4.006646236745988,3.620729056746926,3.6633175862349265,3.8027659685323805,3.8362983945902602,3.692140926757251,4.006646236745988
2025-10-20,3.5809861247163695,4.057133116375449,3.666353077750421,3.7094782560551143,3.8506837971521164,3.8846387580328963,3.7386647932355626,4.057133116375449
2025-10-21,3.580126414833032,4.056072517215149,3.665394634710944,3.70850853940775,3.8496771671292183,3.8836232516428772,3.737687446762916,4.056072517215149
2025-10-22,3.5476830487948927,4.0169959270559294,3.630081872598214,3.672780413817949,3.8125890094923083,3.84620805418446,3.7016782087918223,4.0169959270559294
2025-10-23,3.5757755003309937,4.05076463948426,3.660598007807967,3.7036554925730134,3.8446393835048407,3.8785410453250497,3.732796215681743,4.05076463948426
2025-10-24,3.611736429457449,4.0940197543751395,3.6996868222638017,3.7432040860128626,3.885693439478992,3.919957112032368,3.7726559813170306,4.0940197543751395
2025-10-27,3.6723434209074437,4.166931369836924,3.765575645253885,3.8098679208960933,3.9548949096377286,3.989768794126416,3.839844333763408,4.166931369836924
2025-10-28,3.6989458276115936,4.198974727052814,3.794532610179624,3.8391654897541603,3.9853077240311148,4.0204497858039945,3.8693724187544043,4.198974727052814
2025-10-29,3.7146451416965673,4.217882439586025,3.811619145930585,3.8564530044848437,4.00325330782253,4.038553612034343,3.88679595333926,4.217882439586025
2025-10-30,3.6612122822977082,4.153397034253938,3.7533449267892376,3.7974933396055266,3.942049275728338,3.9768098886476477,3.8273723880587647,4.153397034253938
2025-10-31,3.6778573425576644,4.1734324724765814,3.7714505665315414,3.8158119454549264,3.9610652003035947,3.9959934938243453,3.8458351264879536,4.1734324724765814
2025-11-03,3.694487249623015,4.193401597824989,3.789496280606244,3.8340699207659594,3.9800181863695556,4.015113605506001,3.864236757331779,4.193401597824989
2025-11-04,3.623924328427469,4.108283531574703,3.712576723072056,3.7562456032254556,3.8992313969906274,3.933614445956592,3.7858001104606664,4.108283531574703
2025-11-05,3.6461448361322883,4.135020231542053,3.736738164021215,3.7806912411482654,3.9246075861371077,3.9592143999082765,3.8104380890499754,4.135020231542053
2025-11-06,3.5822391232908193,4.057995997395394,3.667132846713495,3.710267196986859,3.8515027700246005,3.8854649525297242,3.7394599416316057,4.057995997395394
2025-11-07,3.5716208652441264,4.045191103428986,3.6555613105924545,3.6985595516183194,3.8393494597174573,3.8732044754964123,3.727660179365956,4.045191103428986
2025-11-10,3.646061957370164,4.134688260343433,3.7364381680410794,3.780387716489942,3.9242925074648083,3.958896542902425,3.810132176229999,4.134688260343433
2025-11-11,3.6369429743480324,4.123675441291148,3.7264860955137857,3.770318583523258,3.913840081411929,3.94835194835781,3.7999838183417975,4.123675441291148
2025-11-12,3.634265910264468,4.12042448314387,3.723548267232825,3.7673461992773487,3.9107545499531717,3.9452392089782005,3.7969880470863626,4.12042448314387
2025-11-13,3.5644498892801315,4.036301923661996,3.6475283299969106,3.6904320837453217,3.830912610465318,3.8646932309157016,3.719468763782018,4.036301923661996
2025-11-14,3.567007424314984,4.039353129531673,3.6502856459908046,3.693221832443147,3.833808554144542,3.8676147107488976,3.7222804624950405,4.039353129531673
2025-11-17,3.5383970075188076,4.004854975486765,3.6191103284374453,3.6616798177660566,3.801065856529764,3.8345832911628523,3.690490272166127,4.004854975486765
2025-11-18,3.4978672089610257,3.956093451069744,3.575045477717964,3.6170966578428656,3.754785587529173,3.787894927183227,3.645556327586739,3.956093451069744
2025-11-19,3.5175434855443375,3.979711411810835,3.596388574079231,3.6386908006300045,3.777201736109662,3.8105087392147405,3.667320375198177,3.979711411810835
2025-11-20,3.4391896989723243,3.8855040066885076,3.5112551560202996,3.552556007701926,3.6877881235732373,3.720306686007563,3.580507865307552,3.8855040066885076
2025-11-21,3.463529962336605,3.914695096657425,3.5376345819549466,3.579245719477266,3.7154938098152854,3.74825667833707,3.607407574341616,3.914695096657425
2025-11-24,3.546960757633111,4.014806381723852,3.628103222640996,3.6707784901523897,3.8105108803080965,3.8441116002561593,3.699660533795358,4.014806381723852
2025-11-25,3.5675596120144055,4.039552474981825,3.6504657906357387,3.6934040960247376,3.8339977557982508,3.8678055807646663,3.7224641601442907,4.039552474981825
2025-11-26,3.5972509040377103,4.0752450744178494,3.682720505490175,3.726038204325404,3.8678741188319896,3.9019806623227473,3.7553550367960624,4.0752450744178494
2025-11-28,3.624742807781631,4.108283531574704,3.712576723072056,3.7562456032254556,3.8992313969906274,3.9336144459565925,3.7858001104606664,4.108283531574704
2025-12-01,3.61334692843369,4.09448475814968,3.700107037221271,3.7436292437144107,3.8861347812957048,3.9204023455589474,3.773084484200895,4.09448475814968
2025-12-02,3.6399844535877492,4.126528115365571,3.72906400214701,3.7729268125724778,3.916547595689091,3.9510833372365255,3.8026125691918913,4.126528115365571
2025-12-03,3.6483781571150398,4.136612554178575,3.738177115327895,3.7821471180020367,3.9261188826118385,3.9607390228505603,3.8119054208850107,4.136612554178575
2025-12-04,3.6452044160720622,4.132764373335739,3.734699588396396,3.7786286869443395,3.922466518443601,3.9570544524849334,3.808359306468147,4.132764373335739
2025-12-05,3.6592151118607825,4.149615573112787,3.749927693167472,3.7940359110526884,3.938460236195219,3.9731892013077075,3.823887756120426,4.149615573112787
2025-12-08,3.6526700415970046,4.141654366757628,3.7427333042762045,3.786756898750323,3.9309041399473874,3.965566476126933,3.8165514718384084,4.141654366757628
2025-12-09,3.656931704390824,4.1467628990383645,3.7473497865342473,3.791427682003468,3.935752721918056,3.9704578124289913,3.821259005270331,4.1467628990383645
2025-12-10,3.6710497896006564,4.1637463177364324,3.762697374998392,3.806955795222056,3.9518719305624406,3.986719158711204,3.836909295200174,4.1637463177364324
2025-12-11,3.659894830610902,4.150279515510029,3.750527685127743,3.794642960369335,3.9390903935398174,3.9738249153194105,3.8244995817603793,4.150279515510029
2025-12-12,3.594055221892625,4.070933110282821,3.678823866527604,3.722095731465637,3.863781571224509,3.8978520270224744,3.751381544174819,4.070933110282821
2025-12-15,3.5771354213481823,4.0504993879873235,3.6603583051375637,3.703412970419548,3.8443876294676573,3.8782870713448836,3.73255178534029,4.0504993879873235
2025-12-16,3.5838279951386185,4.058526500389267,3.6676122520542993,3.7107522412937866,3.8520062780989597,3.885972900490055,3.7399488023145087,4.058526500389267
2025-12-17,3.5213178074814278,3.983293527501833,3.5996256630560612,3.64196596560125,3.780601573989069,3.8139385565389112,3.670621309487264,3.983293527501833
2025-12-18,3.569363748255043,4.041011765042427,3.6517845229650843,3.6947383398352835,3.8353827891285657,3.8692028271862218,3.723808901915438,4.041011765042427
2025-12-19,3.6131782124390552,4.093688190003967,3.6993871939257974,3.742900933321031,3.8853787469325125,3.9196396445571593,3.7723504433902137,4.093688190003967
2025-12-22,3.629541077897826,4.113311512020479,3.717120412187859,3.760842737112977,3.904003526048162,3.9384286551910526,3.7904334150465635,4.113311512020479
2025-12-23,3.645561149739899,4.132575605399268,3.7345290024469064,3.7784560944915664,3.922287356061311,3.9568737102659184,3.8081853560411005,4.132575605399268
2025-12-24,3.6556199951933435,4.144665296709824,3.745454223698978,3.7895098227653357,3.933761857170044,3.968449392426329,3.8193260561284177,4.144665296709824
2025-12-26,3.6554407664996798,4.144400045212887,3.7452145210285757,3.7892673006118716,3.933510103132863,3.968195418446163,3.8190816257869655,4.144400045212887
2025-12-29,3.638846825740924,4.1243381632060405,3.7270849845476586,3.7709245169404246,3.9144690803790536,3.948986493777578,3.800594519302264,4.1243381632060405
2025-12-30,3.6309236893675494,4.11477283621833,3.718440982727868,3.762178840755989,3.905390490007598,3.939827849265831,3.7917800312835204,4.11477283621833
2025-12-31,3.602695164293545,4.080761247802773,3.6877053651650016,3.7310816980045782,3.8731095988782003,3.907262308330519,3.7604382131760437,4.080761247802773
2026-01-02,3.5961665015794297,4.072856183635616,3.6805617108880218,3.723854017078253,3.8656067879940665,3.8996933383786754,3.753153664150346,4.072856183635616
2026-01-05,3.623112442697162,4.1052066955757205,3.7097962456238127,3.7534324206385676,3.896311127384495,3.9306684256927955,3.782964793478454,4.1052066955757205
2026-01-06,3.653097164525628,4.141277644539584,3.7423928676614917,3.7864124577777645,3.930546587434457,3.9652057707501926,3.81620432077064,4.141277644539584
2026-01-07,3.656426760326011,4.14526333306028,3.745994657633782,3.7900566135101106,3.9343294621311715,3.9690220024736353,3.819877149076171,4.14526333306028
2026-01-08,3.6368676585311928,4.121680766307276,3.724683546138044,3.768494831807866,3.911946906497361,3.9464420796081865,3.7981457171698034,4.121680766307276
2026-01-09,3.670984014246217,4.162734131042597,3.7617826813726847,3.806030342587365,3.9509112495125844,3.98575000646787,3.835976561013774,4.162734131042597
2026-01-12,3.6739125558114334,4.16618809608707,3.764903963077772,3.809188338113303,3.9541894577574657,3.9890571216390476,3.839159403956915,4.16618809608707
2026-01-13,3.6688059323209425,4.160010828097048,3.759321684937601,3.803540398882933,3.9483265232474207,3.9831424883340816,3.8334670261891115,4.160010828097048
2026-01-14,3.6319358317930126,4.115569811191488,3.719161193665473,3.762907523115862,3.906146910496611,3.9405909397982617,3.792514446987363,4.115569811191488
2026-01-15,3.6442612161067434,4.130383619102491,3.7325481466368933,3.7764519390270497,3.9202069101221557,3.9547749191537496,3.8061654316856663,4.130383619102491
2026-01-16,3.6414129780757727,4.126929247230568,3.729426497289673,3.7732935715346185,3.9169283157514503,3.9514674144519275,3.8029822138493636,4.126929247230568
2026-01-20,3.5686713210328564,4.039243692947811,3.650186750257156,3.693121773456518,3.8337046862979105,3.867509927005545,3.722179616234533,4.039243692947811
2026-01-21,3.6141004266833927,4.093848480018988,3.6995320449260105,3.7430474881192914,3.885530880507128,3.9197931196310627,3.7724981512959395,4.093848480018988
2026-01-22,3.6388490171595453,4.123607501107115,3.7264246992776546,3.7702564651189205,3.9137755983993356,3.9482868967401887,3.7999212111837872,4.123607501107115
2026-01-23,3.649684085429723,4.136627606794198,3.7381907180867984,3.7821608807622806,3.9261331692673207,3.9607534354844023,3.8119192919319955,4.136627606794198
2026-01-26,3.6648616969309704,4.15482947370289,3.754639394737838,3.7988030336275336,3.943408824754276,3.9781814260466715,3.828692386881239,4.15482947370289
2026-01-27,3.6961532520021767,4.192493965785623,3.788676071008594,3.8332400635199804,3.9791567396564402,4.014244562638285,3.8634003706879456,4.192493965785623
2026-01-28,3.707694828865385,4.2063773593201,3.8012222264229427,3.845933792061578,3.9923336695227336,4.027537685409971,3.8761939747253584,4.2063773593201
2026-01-29,3.6868279250182208,4.181200842620777,3.7784706930519945,3.8229146456395897,3.9684382729108965,4.003431581479661,3.852993711411308,4.181200842620777
2026-01-30,3.6451683535748916,4.130980841798051,3.733087845287432,3.7769979858388383,3.9207737428316367,3.955346750139768,3.806715774847096,4.130980841798051
2026-02-02,3.6687890930362435,4.15934607204491,3.7587209576930656,3.802932605633301,3.9476955936511753,3.9825059952610906,3.8328544507628353,4.15934607204491
2026-02-03,3.615754546964824,4.095442023137859,3.7009720991590886,3.744504480872543,3.8870433353593317,3.921318911165281,3.7739666078104612,4.095442023137859
2026-02-04,3.5635475072136984,4.023898568388037,3.6363196566606666,3.679091569305417,3.8191404063463588,3.8528172206284377,3.726794667703107,4.023898568388037
2026-02-05,3.5244120766431513,3.9659732556757548,3.5839736669061915,3.626129864126425,3.7641626531624985,3.7973546788831145,3.689348471494871,3.9659732556757548
2026-02-06,3.5811362877990405,4.049806154013734,3.659731842943752,3.7027791395154046,3.8437296710637376,3.8776233111267815,3.744045344151547,4.049806154013734
2026-02-09,3.602242053347791,4.080827967504456,3.687765658474735,3.7311427005094395,3.87317292351332,3.9073261913562054,3.7644470375150254,4.080827967504456
2026-02-10,3.5896192956135846,4.061895845324289,3.670657064195823,3.7138328677891734,3.8552041721724706,3.8891989932871915,3.7523311336835183,4.061895845324289
2026-02-11,3.5970224749426127,4.072789870761381,3.6805017852204216,3.7237933865398887,3.8655438494847725,3.899629844883634,3.7594848549566438,4.072789870761381
2026-02-12,3.532241635478953,3.9899541065016124,3.605644700049665,3.648055801025358,3.7869232259779033,3.820315952249455,3.681893501422058,3.9899541065016124
2026-02-13,3.537942039212942,3.998456393364328,3.613328052977183,3.655829528763471,3.794992869571517,3.8284567531873166,3.6863878458963932,3.998456393364328
2026-02-17,3.535350360963761,3.9943380790951633,3.6096064116696915,3.652064111954393,3.7910841178562125,3.824513534473791,3.6841579226694345,3.9943380790951633
2026-02-18,3.5586432615452788,4.024164226712423,3.6365597269732013,3.679334463425374,3.819392546509363,3.8530715841392476,3.7105626746644766,4.024164226712423
2026-02-19,3.5455611910008415,4.008752789278413,3.6226327077091103,3.6652436287359054,3.8047653280485147,3.8383153842670974,3.696352244551816,4.008752789278413
2026-02-20,3.575306855597114,4.044225701891819,3.6546888958119856,3.6976768751303277,3.838433183137349,3.8722801192771876,3.729060766890745,4.044225701891819
2026-02-23,3.5341845689968148,3.995068741194088,3.610266696939696,3.6527321637758985,3.791777599835931,3.8252131315111804,3.6837345890090925,3.995068741194088
2026-02-24,3.5650792281980275,4.037981714200114,3.649046324362082,3.691967933395098,3.8325069239921854,3.866301602946536,3.7104343523288983,4.037981714200114
2026-02-25,3.604306268598885,4.096504656435403,3.7019323804092275,3.7454760573523713,3.8880518960113495,3.922336365208521,3.748184894400404,4.096504656435403
2026-02-26,3.5656117124864637,4.0470824442407345,3.657270478866535,3.700288823844478,3.8411445586727506,3.8750154034623474,3.7018405247047443,4.0470824442407345
2026-02-27,3.5563396841132895,4.034128651427887,3.6455643857249926,3.6884450387394847,3.8288499263140614,3.8626123582131755,3.692542813672671,4.034128651427887
2026-03-02,3.560259060736143,4.039443038397964,3.6503668949020907,3.6933040370381103,3.833893887951622,3.867700797021314,3.6962690732060715,4.039443038397964
2026-03-03,3.5302025182696033,3.9961980941933173,3.611287271499569,3.653764742760587,3.792849485123068,3.8262944685801066,3.668676652310358,3.9961980941933173
2026-03-04,3.5728104208708276,4.057112775002984,3.666334695643795,3.7094596577304624,3.8506644908609196,3.884619281500673,3.7079287099720593,4.057112775002984
2026-03-05,3.564374073174798,4.04488964428906,3.6552888877722567,3.6982839244469745,3.839063340481948,3.8729158332888898,3.700216362863103,4.04488964428906
2026-03-06,3.516034502316822,3.984041683181077,3.600301756937764,3.6426500119819583,3.781311659379215,3.8146549033940094,3.6434433154903085,3.984041683181077
2026-03-09,3.5604027861924523,4.037251052101188,3.6483860390920775,3.6912998815735922,3.8318134420124665,3.865602005909145,3.692103780146552,4.037251052101188
2026-03-10,3.5600708581268137,4.037317364975422,3.6484459647596785,3.6913605121119586,3.831876380521762,3.865665499404187,3.6911457836989925,4.037317364975422
2026-03-11,3.559575377657713,4.0367856414992,3.647965456492476,3.690874351905551,3.8313717140699293,3.865156382851922,3.690912794039966,4.0367856414992
2026-03-12,3.5131096588539408,3.967500892747837,3.5853541631138004,3.6275265983078016,3.76561255563123,3.7988173664529326,3.6466763470054078,3.967500892747837
2026-03-13,3.4973259360879716,3.943985045696517,3.5641033449277955,3.606025819110416,3.7433162853482607,3.7763013266131695,3.6316524463404107,3.943985045696517
2026-03-16,3.527458834422665,3.9882267171519246,3.604083691554989,3.6464764312958957,3.785302410950589,3.8186620051332207,3.660486284239122,3.9882267171519246
2026-03-17,3.5406566267100708,4.007690562808315,3.6216727941011033,3.6642724242225695,3.8037759198844334,3.8372983197545,3.6730978967665204,4.007690562808315
2026-03-18,3.496795794997402,3.95182420381689,3.5711874411793074,3.6131932414648693,3.7507520878961937,3.7838071926006167,3.6207937594187354,3.95182420381689
2026-03-19,3.4878149838007007,3.939335007951131,3.5599011953531017,3.6017742420949315,3.7388983527466406,3.7718489913473796,3.6118030097202602,3.939335007951131
2026-03-20,3.4369315850513535,3.8665295744536112,3.4941083269596054,3.5352074904663846,3.6697973205101206,3.7021389767515265,3.565182051780057,3.8665295744536112
2026-03-23,3.4683280378169337,3.91091363551627,3.5342173483331805,3.575788290924429,3.709657733802406,3.7446359909971267,3.5941414388861506,3.91091363551627
2026-03-24,3.449654725930073,3.884175308239123,3.5100544368154916,3.5513411651356477,3.6860990623504346,3.719034478922865,3.577045669470678,3.884175308239123
2026-03-25,3.467656126650212,3.9097163423330095,3.5331353775371768,3.574693593535403,3.708550560717177,3.743489602310581,3.593615239630257,3.9097163423330095
2026-03-26,3.4023025328281267,3.816399482497178,3.4488067281063297,3.4893730352605963,3.624897410857239,3.654140231684052,3.5336797520415213,3.816399482497178
2026-03-27,3.349828821676187,3.7418394022108696,3.3814282191952785,3.421201992147554,3.560040333338587,3.5827501714187893,3.485457016448433,3.7418394022108696
2026-03-30,3.3297939260144123,3.71323983935322,3.355583344921314,3.3950531196530984,3.536007548111628,3.5553665566462778,3.4671128599463588,3.71323983935322
2026-03-31,3.4189688526006776,3.8389470802191874,3.4691825580169393,3.5099885342045387,3.641128998242883,3.675729188590081,3.549376086827811,3.8389470802191874
2026-04-01,3.452424415814959,3.886370549155493,3.512038233762565,3.55334829633211,3.6811384242471323,3.7211363862801883,3.5801718374991873,3.886370549155493
2026-04-02,3.4556236912771054,3.890826530207568,3.516065018040047,3.557422445330414,3.68492110482264,3.7254029154285875,3.583149545761137,3.890826530207568
2026-04-06,3.4723430873470384,3.9142390430867686,3.5372224551243923,3.578828745038567,3.7053177985217483,3.7478200144846663,3.5986616514751493,3.9142390430867686
2026-04-07,3.4728338101933,3.914837893092124,3.5377636243434605,3.579376279716327,3.705837304788252,3.7483934035932616,3.5991520921681004,3.914837893092124
2026-04-08,3.5545245258128366,4.031234074126187,3.6429486119521197,3.6857984971414837,3.8071593808311213,3.8598408476780843,3.6741638556712855,4.031234074126187
2026-04-09,3.5757140214270753,4.0585037180521075,3.667591664094879,3.71073141117018,3.8326072835475418,3.8859510867739666,3.697915816969074,4.0585037180521075
2026-04-10,3.5804314852413612,4.064356744565045,3.672880931455432,3.716082893105595,3.838134530435232,3.891555264155325,3.7032488167204503,4.064356744565045
2026-04-13,3.615577511268936,4.106393004417851,3.7108682900822387,3.754517074932286,3.877831050847016,3.931804297051942,3.7415502600589123,4.106393004417851
2026-04-14,3.6778048290972953,4.18095227104926,3.778246063709025,3.8226873741123426,3.9482403465380527,4.003193578255916,3.809485122395378,4.18095227104926
2026-04-15,3.726613889335345,4.239483349833535,3.8311394725988213,3.876202937399477,4.003513583781796,4.059236131130789,3.862815861272837,4.239483349833535
2026-04-16,3.7436415646157997,4.259902426340859,3.8495917988720905,3.8948723076518164,4.022796133899267,4.078787063705181,3.8814207539204584,4.259902426340859
2026-04-17,3.7900770113791853,4.31563941420341,3.8999602415957457,3.945833205064729,4.075430799402922,4.132154320114137,3.932205649863849,4.31563941420341
2026-04-20,3.7787320403455467,4.301937872538766,3.887578422214633,3.9333057455455216,4.062491885944209,4.11903531754051,3.9197214558952247,4.301937872538766
2026-04-21,3.76513250989729,4.285576493010663,3.8727929585711096,3.9183463690947966,4.047041181274561,4.103369563613624,3.904813744002467,4.285576493010663
2026-04-22,3.824844398886898,4.357276169501012,3.9375865756484183,3.983902115795251,4.114750051694618,4.1720208339179266,3.9701430836272884,4.357276169501012
2026-04-23,3.8044482107123945,4.332733083140234,3.9154074610778022,3.9614621212029313,4.091573034231591,4.148521229200988,3.9477805890835316,4.332733083140234
2026-04-24,3.8734253762315443,4.415607496007685,3.9902994722511473,4.0372350435343005,4.169834654878317,4.227872127246386,4.0232918177172365,4.415607496007685
2026-04-27,3.875419272407186,4.417935362672523,3.992403120533422,4.039363435807495,4.172032952417162,4.230101021593793,4.025412859253163,4.417935362672523
2026-04-28,3.838506301623734,4.373505330108094,3.952252555598872,3.9987406031357366,4.130075896752221,4.187559990385372,3.984930323919351,4.373505330108094
2026-04-29,3.8607636431884442,4.400243250557792,3.9764150994744285,4.023187356958026,4.155325583775204,4.21316111292899,4.009292647034643,4.400243250557792
2026-04-30,3.8949036670032577,4.44128115585004,4.013500264308034,4.060708733010789,4.194079318070189,4.252454237624186,4.046684437117397,4.44128115585004
2026-05-01,3.9303544694876082,4.483915858880751,4.052028424511777,4.099690077548747,4.2343409722952625,4.293276270098754,4.085531153454697,4.483915858880751
2026-05-04,3.9233975188327808,4.47546849372369,4.044394703272149,4.091966565287194,4.226363787727528,4.28518805579789,4.077834315556763,4.47546849372369
2026-05-05,3.9716533925835473,4.533533348251079,4.096866794278078,4.145055854973301,4.281196750770028,4.340784206554252,4.13074025303608,4.533533348251079
2026-05-06,4.049860325228981,4.627714716416651,4.181976683240528,4.231166842045825,4.3701359812554665,4.430961329800186,4.216553842279363,4.627714716416651
2026-05-07,4.04530264304745,4.622194067929784,4.176987779502243,4.226119256735227,4.364922612223288,4.425675398955324,4.211523689598041,4.622194067929784
2026-05-08,4.1351815718386575,4.730542388361989,4.274900070445407,4.325183232994999,4.467240262001841,4.529417147832109,4.310245532844394,4.730542388361989
2026-05-11,4.146594310139004,4.744243930026632,4.28728188982652,4.337710692514206,4.480179175460554,4.542536150405736,4.322729726813018,4.744243930026632
2026-05-12,4.113286738651819,4.704003813362442,4.250917671214785,4.300918742754302,4.44217882485548,4.5040068953042605,4.286064843834764,4.704003813362442
2026-05-13,4.154477589874364,4.753688836089353,4.295817069575086,4.346346266616702,4.4890983777782445,4.5515794938467335,4.3313354766029635,4.753688836089353
2026-05-14,4.1824806744250935,4.7874766694078,4.326350483965067,4.377238827796939,4.521005579315496,4.583930792927611,4.3621213454673065,4.7874766694078
2026-05-15,4.122703103262378,4.71524445578633,4.26107562333629,4.31119617695709,4.45279381279646,4.514769627009755,4.296306783303071,4.71524445578633
2026-05-18,4.105957611749291,4.694958411854925,4.242743516040354,4.292648439747976,4.433636890657879,4.495346070956091,4.277823103619841,4.694958411854925
2026-05-19,4.082001016973413,4.666026064143756,4.2165979105019895,4.266195298662211,4.406314918258362,4.4676438201164395,4.251461322614863,4.666026064143756
2026-05-20,4.146092881227382,4.743312701995206,4.286440356985184,4.336859261211631,4.479299779608332,4.541644514760646,4.321881236062278,4.743312701995206
2026-05-21,4.153606523788251,4.752358510330174,4.294614879801748,4.34512993618445,4.487842097989356,4.5503057286394615,4.330123346959049,4.752358510330174
2026-05-22,4.170318809233844,4.772511521685661,4.312826768120349,4.363556040350338,4.506873392149048,4.569601908172397,4.348485813677887,4.772511521685661
2026-05-26,4.240569019181243,4.857247983788513,4.389401477334235,4.441031453320368,4.586893420316797,4.650735687977336,4.4256936531312245,4.857247983788513
2026-05-27,4.236023174269721,4.8517273353016455,4.38441257359595,4.435983868009769,4.581680051284619,4.645449757132473,4.420663500449903,4.8517273353016455
2026-05-28,4.269888101604218,4.892632614845424,4.421377887094353,4.4733839829857995,4.620308541784136,4.684615894837585,4.457934448250113,4.892632614845424
2026-05-29,4.284816030677763,4.9106571049862255,4.437666271775615,4.489863958460086,4.6373297882816065,4.701874050038884,4.474357507538688,4.9106571049862255
2026-06-01,4.309244657549628,4.940121989828516,4.464293120865448,4.516804003685245,4.665154656780102,4.73008619649209,4.501204511083081,4.940121989828516
2026-06-02,4.328069340961915,4.962868933000677,4.484849095420992,4.537601766210778,4.686635504436417,4.751866023413887,4.521930445266628,4.962868933000677
2026-06-03,4.3173735369705115,4.949899680744755,4.473129031878413,4.525743846379049,4.674388121136725,4.739448176000227,4.510113478624929,4.949899680744755
2026-06-04,4.29760467859479,4.9259550375618835,4.451490718884733,4.503851014497996,4.651776237486988,4.716521570861239,4.48829625708001,4.9259550375618835
2026-06-05,4.102142795038098,4.689504076242291,4.23781453796967,4.287661484975744,4.428486143523434,4.49012363360627,4.2728533720797905,4.689504076242291
2026-06-08,4.162908725698604,4.762734644424319,4.3039915923916485,4.354616941589521,4.497640696159269,4.560240707725549,4.339577587499734,4.762734644424319
2026-06-09,4.117535508975786,4.707928477765745,4.254464314867198,4.304507103512692,4.445885042324416,4.50776469743104,4.289640811625236,4.707928477765745
2026-06-10,4.0396108688250765,4.6138801421760895,4.169474644882081,4.218517749483393,4.357071439817865,4.417714950705832,4.203948435346344,4.6138801421760895
2026-06-11,4.168926178495225,4.769718244418835,4.3103025372384725,4.361002118409103,4.5042355887758045,4.566927390767766,4.345940712107514,4.769718244418835
2026-06-12,4.192195171582334,4.797786490627711,4.335667270887367,4.386665202663644,4.530741555587676,4.593802278518657,4.371515164866721,4.797786490627711
2026-06-15,4.317053447270255,4.948502635283893,4.471866548795342,4.524466513441938,4.673068835266682,4.738110527767267,4.508840557157894,4.948502635283893
2026-06-16,4.239325878011712,4.854454299694237,4.3868768788102255,4.438477159412639,4.584255232760132,4.6480607810420596,4.423148180879003,4.854454299694237
2026-06-17,4.198892431983079,4.805568286077733,4.342699529598193,4.393780177742577,4.538090216077545,4.60125322068524,4.378605567260848,4.805568286077733
2026-06-18,4.298648047195393,4.926021757263567,4.451551012194466,4.503912017002855,4.651839243568144,4.716585453886924,4.488357048903129,4.926021757263567
2026-06-22,4.288512144039374,4.9136566437698415,4.440376897218679,4.492606467413295,4.640162372649645,4.704746059480237,4.477090544806144,4.9136566437698415
2026-06-23,4.154715094841412,4.7518548579479525,4.294159738841689,4.3446694416660625,4.4873664789133185,4.5498234897016605,4.329664442830863,4.7518548579479525
2026-06-24,4.138020648657753,4.731679471082754,4.275927630205799,4.326399554217728,4.468314054665433,4.53050588598328,4.311281588610369,4.731679471082754
2026-06-25,4.169826120237199,4.7700323152096855,4.3105863569647775,4.361414789101059,4.50453217837734,4.5672281084252635,4.346226878494395,4.7700323152096855
2026-06-26,4.115462254998563,4.704379721925586,4.251257372545234,4.30138622485442,4.442533810337113,4.504366821619711,4.286407353862585,4.704379721925586
2026-06-29,4.212454813752113,4.82130315133393,4.3569188243576376,4.408191194696806,4.552949278277808,4.61631909741971,4.3929424291072365,4.82130315133393
2026-06-30,4.2803963393512054,4.903336245036249,4.431050551600934,4.479976844553483,4.630416407608503,4.694864446092437,4.467687087678674,4.903336245036249
2026-07-01,4.218561985120889,4.8285605462018175,4.363477192359647,4.41540768156278,4.559802726337133,4.623267934585628,4.399555022598917,4.8285605462018175
2026-07-02,4.149290275432077,4.744863121404452,4.287841441152215,4.3438659142236755,4.480763902628351,4.543129016046555,4.323293904586118,4.744863121404452
2026-07-06,4.2057682499976075,4.812913555674668,4.349337308300828,4.401363752352607,4.545026647755952,4.608286196470355,4.38529822803176,4.812913555674668
2026-07-07,4.131960694547439,4.72375569285293,4.268767064390724,4.327163189257135,4.4608313141614,4.522918997621795,4.304061818251186,4.72375569285293
2026-07-08,4.143076220536725,4.737139502279678,4.280861755266339,4.33903349815018,4.473470180367782,4.535733776762124,4.316256509696294,4.737139502279678
2026-07-09,4.208436485750948,4.815976559540374,4.352105285916564,4.411245142368199,4.5479191647377695,4.611218972692239,4.38808909166755,4.815976559540374
2026-07-10,4.220753993946807,4.830824947784567,4.365523488469249,4.42484568209351,4.561941091262195,4.625436062152503,4.40161823776651,4.830824947784567
2026-07-13,4.144907442560207,4.739136618228244,4.282666510494876,4.340862777823356,4.475356136784803,4.537645982695612,4.318076186889559,4.739136618228244
2026-07-14,4.188802022149201,4.792072192274983,4.330503369494004,4.389349681981884,4.525345315246779,4.58833093108705,4.3663085676256115,4.792072192274983
2026-07-15,4.17806858243395,4.7790878874034375,4.3187697031925225,4.377456569321656,4.513083717160485,4.575898671039546,4.354477885755526,4.7790878874034375
2026-07-16,4.112998846574952,4.700517302122027,4.247766978139097,4.305489002957768,4.438886372931697,4.500668617681531,4.282888100394902,4.700517302122027
2026-07-17,4.054441698465041,4.62987049507044,4.183924818900747,4.240779305853288,4.372171769206943,4.433025452685003,4.21851808539346,4.62987049507044
2026-07-20,4.058538891493699,4.634731269434559,4.188317407100086,4.245231584022997,4.376761992729159,4.437679564824606,4.222946992116852,4.634731269434559
2026-07-21,4.129891910492856,4.720692688987224,4.265999086774987,4.32396886393803,4.457938797179582,4.519986221399911,4.301270954615397,4.720692688987224
2026-07-22,4.1099308256348595,4.696588569444231,4.244216658065359,4.301890438320601,4.435176313628547,4.496906920248309,4.279308425785947,4.696588569444231
2026-07-23,4.036019292654504,4.607431520277391,4.16364714943952,4.22022608734572,4.350981748400839,4.411540500461037,4.1980727573690695,4.607431520277391
2026-07-24,3.993315414375179,4.555960931875546,4.117134169759594,4.173081052427997,4.302376014440328,4.362258251920178,4.151175201968717,4.555960931875546
2026-07-27,3.9817102022591544,4.54191155274176,4.104438016355178,4.160212373627135,4.289108624156079,4.3488062006455666,4.138374075019803,4.54191155274176
2026-07-28,3.9450574224775927,4.497765485736935,4.064544065629126,4.119776312275483,4.2474197285194695,4.306537061826956,4.098150275616098,4.497765485736935
2026-07-29,3.8689245542759285,4.406143875882296,3.9817473809644857,4.035854520628348,4.160897780123232,4.21881086539575,4.0146690165622685,4.406143875882296
2026-07-30,3.9736101931836374,4.551432942364946,4.113042312824655,4.168933592097494,4.298100052957046,4.357922775847715,4.106250059136476,4.551432942364946
2026-07-31,3.996831865123379,4.5809970931048625,4.139758866594822,4.196013191577967,4.326018662210429,4.386229967778161,4.131690618330415,4.5809970931048625
2026-08-03,4.060932728457751,4.661432168586369,4.212446495541583,4.269688557644882,4.4019767190607695,4.463245240079581,4.204236581577556,4.661432168586369
2026-08-04,4.186758174548778,4.81977144598735,4.355534651728702,4.414721109121384,4.551502827695189,4.614852514543447,4.347045863848339,4.81977144598735
2026-08-05,4.152247516208074,4.776158322941097,4.31612231219625,4.374773203477995,4.510317212340978,4.573093660869034,4.307710337615956,4.776158322941097
2026-08-06,4.138295656020945,4.758513402810483,4.300176937624629,4.358611150517116,4.493654408975934,4.556198937758985,4.291796040033324,4.758513402810483
2026-08-07,4.182582890031281,4.814311821617877,4.350600894310294,4.409720307896285,4.5463470861762625,4.60962501329525,4.342121722154184,4.814311821617877
2026-08-10,4.1712989348867895,4.799929250803121,4.337603641999344,4.396546438618273,4.532765049669659,4.595853936422853,4.329149801042895,4.799929250803121
2026-08-11,4.158566152187616,4.783815629191635,4.323042072414525,4.381786994883272,4.517548312703813,4.580425406658423,4.3146166114585345,4.783815629191635
2026-08-12,4.1863140939050885,4.818773091426792,4.354632457935499,4.41380665560377,4.55056004157839,4.613896606342026,4.346145428399945,4.818773091426792
2026-08-13,4.230502520267842,4.874504790532502,4.404996121311432,4.46485470035992,4.603189712697563,4.667258798852604,4.3964109347206675,4.874504790532502
2026-08-14,4.225269836583853,4.867846245669969,4.3989789225284905,4.458755735110204,4.596901782634949,4.660883350795282,4.390405463252095,4.867846245669969
2026-08-17,4.2190563809466495,4.859855747738461,4.391758063403682,4.451436753227777,4.589356036049759,4.653232579408108,4.383198677334441,4.859855747738461
2026-08-18,4.153940067089047,4.777556588884306,4.3173858982057185,4.3760539600957795,4.511637650761287,4.574432477693928,4.308971460939564,4.777556588884306
2026-08-19,4.146426915176913,4.76803479243367,4.308781234094107,4.3673323689874755,4.5026458377769,4.565315512961135,4.30038356702364,4.76803479243367
2026-08-20,4.119269475593892,4.733743306733001,4.277792678744068,4.335922716583333,4.47026301716361,4.532481974942458,4.26945540730677,4.733743306733001
2026-08-21,4.132568238018904,4.75045659200474,4.29289615283222,4.351231428649616,4.48604604049301,4.548484672876771,4.284529445241144,4.75045659200474
2026-08-24,4.095067921678232,4.703047768856609,4.250053712203365,4.307806810977152,4.441275993814537,4.503091498289863,4.24177050306193,4.703047768856609
2026-08-25,4.118366487534842,4.732345040789792,4.2765290927346,4.334641959965548,4.4689425787433,4.531143158117565,4.268194283983162,4.732345040789792
2026-08-26,4.121837367934531,4.736673278022789,4.28044043738247,4.338606455064939,4.473029906166538,4.535287374643614,4.272098005554259,4.736673278022789
2026-08-27,4.173337311395539,4.801527269023932,4.33904774029588,4.3980101604671695,4.53427412215001,4.5973840127941585,4.330591084841305,4.801527269023932
2026-08-28,4.148675416130914,4.770365506890653,4.31088745587131,4.369467211775746,4.504846824599695,4.567547134023052,4.302485683846726,4.770365506890653
2026-08-31,4.150528074142509,4.772562781944269,4.312873091029045,4.371479829317978,4.506921799260181,4.569650989033597,4.304467449069537,4.772562781944269
